name,project_age_days,days_since_last_push,stars_to_forks_ratio,build_tool_count,uses_legacy_build,uses_multiple_ides,uses_ci_and_submodules,avg_file_churn,new_file_ratio,dependency_error_rate,compiler_error_rate
01org/jndn-management,3951.0,3475.0,0.0,0.0,0,0,0,252.0,1.5277777777777777,0.0,0.0
0x-a6/deathray,3518.0,3511.0,0.0,0.0,0,0,0,64.0,0.0,0.0,0.0
0x0000-dot-ru/simplecaptcha,4851.0,4851.0,0.0,0.0,0,0,0,915.0,0.4005235602094241,0.0,0.0
0x010C/LP24-demineur,4240.0,4200.0,0.5,0.0,0,0,0,386.0,0.0,0.0,0.0
0x0961h/adventofcode,3662.0,3638.0,0.5,0.0,0,0,0,345.0,1.1261261261261262,0.0,0.0
0x7DD/Maratones,4512.0,4267.0,1.0,0.0,0,0,0,248.0,0.0,0.0,0.0
100apps/emailtools,4067.0,4067.0,1.0,0.0,0,0,0,8.0,0.0,0.0,0.0
12-Volt-Bolt/ProjectAurum,3989.0,3700.0,0.0,0.0,0,0,0,134.0,0.0,0.0,0.0
1393Designs/Javasana,4965.0,4965.0,0.5,0.0,0,0,0,44.0,0.0,0.0,0.0
14mRh4X0r/vanilla-irc,4163.0,3464.0,3.0,0.0,0,0,0,56.0,0.0,0.0,0.0
151henry151/parts-unlimited-to-bigcommerce,3886.0,3577.0,0.3333333333333333,0.0,0,0,0,108.0,0.0,0.0,0.0
19506jk/Nirvana,4236.0,3737.0,0.6666666666666666,0.0,0,0,0,200.0,0.0,0.0,0.0
1995parham/Contact-Manager-System,3960.0,3569.0,0.5,0.0,0,0,0,154.0,1.3191489361702127,0.0,0.0
1SI/tablero_avanzado,4311.0,4309.0,0.0,0.0,0,0,0,98.0,0.0196078431372549,0.0,0.0
1and1/Troilus,4018.0,3497.0,2.142857142857143,0.0,0,0,0,980.0,1.6236162361623616,0.0,0.0
1and1/foss-parent,4983.0,3467.0,2.25,0.0,0,0,0,158.0,0.02531645569620253,0.0,0.0
1orwell/Battleships,3633.0,3612.0,0.0,0.0,0,0,0,22.0,0.0,0.0,0.0
2Checkout/2checkout-java,4798.0,3709.0,1.1666666666666667,0.0,0,0,0,228.0,1.2394366197183098,0.0,0.0
32bitmicro/Freerouting,4264.0,4264.0,0.875,0.0,0,0,0,1006.0,0.0,0.0,0.0
3breadt/dd-plist,3930.0,3492.0,2.761904761904762,0.0,0,0,0,256.0,1.7941176470588236,0.0,0.0
3dbug/blender,3952.0,3740.0,0.0,0.0,0,0,0,12.0,0.0,0.0,0.0
3dcitydb/importer-exporter-postgis,4407.0,3912.0,0.5,0.0,0,0,0,2177.0,0.26979166666666665,0.0,0.0
3drobotics/droneapi-java,4277.0,3709.0,0.4444444444444444,0.0,0,0,0,176.0,2.341463414634146,0.0,0.0
3esmit/JObexFTP,5752.0,3585.0,1.3333333333333333,0.0,0,0,0,172.0,0.0,0.0,0.0
4242/delmgorb,4317.0,4235.0,0.3333333333333333,0.0,0,0,0,178.0,1.3333333333333333,0.0,0.0
4Space/4Space-1.7,4258.0,3711.0,0.8666666666666667,0.0,0,0,0,1953.0,0.5356679636835279,0.0,0.0
4data/hibernate-memcached,4324.0,3548.0,0.2,0.0,0,0,0,133.0,1.0,0.0,0.0
4finance/featuros,3827.0,3808.0,0.6666666666666666,0.0,0,0,0,220.0,0.0,0.0,0.0
4programmers/4Note,3965.0,3954.0,0.0,0.0,0,0,0,148.0,2.6875,0.0,0.0
4zero4/AdventureNotFound,4477.0,4464.0,0.0,0.0,0,0,0,56.0,0.0,0.0,0.0
52North/SOS,4294.0,3462.0,0.7567567567567568,0.0,0,0,0,8212.0,0.0,0.0,0.0
52North/SOS-Test-Suite,4561.0,3470.0,0.5,0.0,0,0,0,357.0,1.2342342342342343,0.0,0.0
52North/WPS-Extension-Skeleton,4598.0,3679.0,0.3333333333333333,0.0,0,0,0,89.0,1.1379310344827587,0.0,0.0
52North/aixm-bindings,4382.0,4345.0,0.5,0.0,0,0,0,576.0,0.013937282229965157,0.0,0.0
52North/epos,4612.0,3485.0,0.0,0.0,0,0,0,1419.0,1.0958605664488017,0.0,0.0
52North/iceland,3918.0,3461.0,0.6,0.0,0,0,0,1504.0,0.0,0.0,0.0
52North/matlab-control,3785.0,3692.0,0.0,0.0,0,0,0,939.0,5.2384615384615385,0.0,0.0
52North/terraintools,3508.0,3473.0,0.0,0.0,0,0,0,327.0,2.7681159420289854,0.0,0.0
52North/uncertml-api,4325.0,4325.0,0.4,0.0,0,0,0,250.0,0.0,0.0,0.0
5v3n/arduino-sketchbook,5252.0,5153.0,1.0,0.0,0,0,0,76.0,0.0,0.0,0.0
5waynewang/commons-jkit,3933.0,3518.0,0.5,0.0,0,0,0,631.0,1.0579710144927537,0.0,0.0
6WIND/lockable-resources-plugin,4389.0,4389.0,0.0,0.0,0,0,0,203.0,2.4565217391304346,0.0,0.0
6tail/nlf,4428.0,3465.0,0.7142857142857143,0.0,0,0,0,952.0,0.0,0.0,0.0
786228836/codeGenerator,3897.0,3889.0,0.2,0.0,0,0,0,276.0,0.0,0.0,0.0
8BITPLATOONTESTING/javatest,4275.0,4275.0,0.0,0.0,0,0,0,32.0,0.0,0.0,0.0
8BitPlus/BitPlus,3783.0,3539.0,1.6666666666666667,0.0,0,0,0,850.0,0.0,0.0,0.0
99soft/autobind,4879.0,4815.0,1.8,0.0,0,0,0,1000.0,0.16883116883116883,0.0,0.0
99soft/be3,5043.0,4164.0,1.0,0.0,0,0,0,229.0,0.9615384615384616,0.0,0.0
99soft/sli4j,5382.0,4903.0,1.0,0.0,0,0,0,454.0,0.9419354838709677,0.0,0.0
99soft/t2t,5364.0,4901.0,0.0,0.0,0,0,0,138.0,0.12121212121212122,0.0,0.0
99taxis/zendesk-java-api,4505.0,3480.0,0.2,0.0,0,0,0,161.0,1.196078431372549,0.0,0.0
9CR4/ChunkyPeripherals,3931.0,3623.0,2.0,0.0,0,0,0,398.0,1.7383177570093458,0.0,0.0
9zdata-darwin/loges,3511.0,3510.0,0.5,0.0,0,0,0,23867.0,1.5225796930342386,0.0,0.0
A110802/cos126-assignments-2009,4075.0,4193.0,0.0,0.0,0,0,0,4484.0,0.0,0.0,0.0
A24Group/ssGWT-lib,4941.0,3624.0,1.0,0.0,0,0,0,657.0,0.00303951367781155,0.0,0.0
AAROC/IDPPublic,4281.0,3532.0,0.0,0.0,0,0,0,509.0,0.6205128205128205,0.0,0.0
ACS-Community/ACS,4190.0,3503.0,0.625,0.0,0,0,0,28796.0,0.0,0.0,0.0
AHeise/cleansing-example,4344.0,4151.0,0.25,0.0,0,0,0,148.0,0.0,0.0,0.0
AIT-JEVis/JSON2JEVisClassesCreator,3711.0,3651.0,0.0,0.0,0,0,0,28.0,0.0,0.0,0.0
AIT-JEVis/JSON2JEVisStructureCreator,3713.0,3651.0,0.0,0.0,0,0,0,30.0,0.0,0.0,0.0
AJHealey/sankey-javafx,3607.0,3589.0,1.0,0.0,0,0,0,57.0,0.4583333333333333,0.0,0.0
AKSW/AutoSPARQL,5240.0,3568.0,1.2121212121212122,0.0,0,0,0,2497.0,1.5905172413793103,0.0,0.0
AKSW/CoyoteCache,4059.0,4054.0,0.5,0.0,0,0,0,294.0,2.625,0.0,0.0
AKSW/Tapioca,3911.0,3562.0,1.0,0.0,0,0,0,749.0,1.6995073891625616,0.0,0.0
AMEE/climatecraft,5163.0,5128.0,2.0,0.0,0,0,0,72.0,0.0,0.0,0.0
APJava/Project,3871.0,3871.0,0.5,0.0,0,0,0,28.0,0.0,0.0,0.0
AReallyGoodName/OfflineReverseGeocode,4203.0,3605.0,8.534883720930232,0.0,0,0,0,53.0,1.6666666666666667,0.0,0.0
ASKGLab/DHApplet,3614.0,3585.0,1.0,0.0,0,0,0,71.0,0.0,0.0,0.0
ATKata/sudoku,3871.0,3870.0,0.0,0.0,0,0,0,39.0,0.9285714285714286,0.0,0.0
ATLauncher/ATLauncher,4487.0,3486.0,1.2727272727272727,0.0,0,0,0,1067.0,1.804270462633452,0.0,0.0
AaronFoley/CharacterCards,4057.0,4046.0,0.3333333333333333,0.0,0,0,0,116.0,0.0,0.0,0.0
AbeelLab/LifeTiles,3888.0,3821.0,0.5,0.0,0,0,0,690.0,0.06567164179104477,0.0,0.0
Abnaxos/pegdown-doclet,4679.0,3481.0,8.11111111111111,0.0,0,0,0,526.0,1.2592592592592593,0.0,0.0
Abnaxos/pivote-java,4951.0,4913.0,0.5,0.0,0,0,0,503.0,0.7150537634408602,0.0,0.0
AbrarSyed/animated-octo-meme,3879.0,3865.0,2.0,0.0,0,0,0,102.0,0.16666666666666666,0.0,0.0
Abstrys/ConsoleKit,4517.0,4517.0,0.7142857142857143,0.0,0,0,0,46.0,1.2,0.0,0.0
AccelerationNet/access2csv,4388.0,3591.0,4.428571428571429,0.0,0,0,0,34.0,0.25,0.0,0.0
Achal-Aggarwal/workerbee,3829.0,3462.0,0.14285714285714285,0.0,0,0,0,420.0,1.403225806451613,0.0,0.0
AchieveMe/achieve-carminp-api,3825.0,3786.0,0.0,0.0,0,0,0,141.0,0.803921568627451,0.0,0.0
Acidity/LolDataServer,4402.0,4391.0,1.0,0.0,0,0,0,98.0,0.0,0.0,0.0
AcmeProject/WildernessTp,3511.0,3464.0,0.5,0.0,0,0,0,97.0,1.0,0.0,0.0
Aconex/scrutineer,5186.0,3871.0,7.217391304347826,0.0,0,0,0,457.0,2.4134615384615383,0.0,0.0
AdamBien/airfield,3717.0,3708.0,3.0,0.0,0,0,0,87.0,2.0454545454545454,0.0,0.0
AdamBien/cors,4288.0,3917.0,1.7142857142857142,0.0,0,0,0,62.0,1.5555555555555556,0.0,0.0
AdamBien/enhydrator,4316.0,3640.0,6.545454545454546,0.0,0,0,0,350.0,0.0,0.0,0.0
AdamBien/javaee7-essentials-archetype,4451.0,3756.0,3.16,0.0,0,0,0,61.0,0.7391304347826086,0.0,0.0
AdamBien/servicelink,3592.0,3588.0,1.5,0.0,0,0,0,96.0,1.2666666666666666,0.0,0.0
AddstarMC/BirthdayGift,4702.0,3845.0,0.5,0.0,0,0,0,32.0,0.0,0.0,0.0
Ademan/gitfreenet,3637.0,3627.0,0.5,0.0,0,0,0,51.0,0.12,0.0,0.0
Adobe-Consulting-Services/acs-aem-samples,3996.0,3464.0,0.9649122807017544,0.0,0,0,0,630.0,1.2081218274111676,0.0,0.0
Adobe-Marketing-Cloud/aem-scf-sample-components-customize,4147.0,3462.0,0.3333333333333333,0.0,0,0,0,166.0,0.0,0.0,0.0
Adobe-Marketing-Cloud/aem-touchui-dialogconversion-samples,3968.0,3960.0,0.3333333333333333,0.0,0,0,0,102.0,1.3548387096774193,0.0,0.0
Adobe-Marketing-Cloud/analytics-live-stream-api-samples,3975.0,3959.0,0.5,0.0,0,0,0,382.0,0.0,0.0,0.0
Adobe-Marketing-Cloud/cq-java-securecq-maven-plugin,4536.0,4471.0,2.0,0.0,0,0,0,79.0,1.5217391304347827,0.0,0.0
Adobe-Marketing-Cloud/experiencemanager-java-maintenancetask-sample,4088.0,3962.0,0.0,0.0,0,0,0,57.0,1.6875,0.0,0.0
Adobe-Marketing-Cloud/experiencemanager-java-msmrollout,4499.0,4473.0,0.5,0.0,0,0,0,124.0,0.0,0.0,0.0
AdobeAtAdobe/aaa-aem-boilerplate,3908.0,3569.0,0.8571428571428571,0.0,0,0,0,488.0,1.141025641025641,0.0,0.0
Adopt-a-JSR/JSR-353-JSON,4692.0,4649.0,0.5,0.0,0,0,0,56.0,0.9,0.0,0.0
AdrianBZG/N_Queens_Puzzle,3556.0,3547.0,2.5,0.0,0,0,0,78.0,0.0,0.0,0.0
Aenigma/sdk,3732.0,3720.0,0.0,0.0,0,0,0,134.0,1.2380952380952381,0.0,0.0
Aeronbroker/Aeron,4288.0,3461.0,2.1666666666666665,0.0,0,0,0,1682.0,0.0,0.0,0.0
Afforess/ns-dumps,4694.0,4248.0,0.0,0.0,0,0,0,66.0,1.5789473684210527,0.0,0.0
Afrozaar/wp-api-v2-client-java,3632.0,3484.0,0.6,0.0,0,0,0,374.0,1.1074380165289257,0.0,0.0
AgentME/DCPU-16-Assembler,4999.0,4619.0,2.5,0.0,0,0,0,150.0,1.2340425531914894,0.0,0.0
AgileMods/MateriaMuto,4012.0,3913.0,1.6666666666666667,0.0,0,0,0,1581.0,0.0012642225031605564,0.0,0.0
AgileVentures/MetPlus_resumeCruncher,3755.0,3464.0,0.16666666666666666,0.0,0,0,0,447.0,0.0502283105022831,0.0,0.0
Agnie-Software/3a,4225.0,4206.0,0.0,0.0,0,0,0,2456.0,0.0,0.0,0.0
Agnie-Software/gwt-youtube,4286.0,4273.0,1.1666666666666667,0.0,0,0,0,275.0,2.073529411764706,0.0,0.0
Ahoi-IT/coremedia-tools,3933.0,3927.0,2.0,0.0,0,0,0,52.0,0.0,0.0,0.0
Aino-io/agent-java,3542.0,3465.0,0.25,0.0,0,0,0,226.0,1.1666666666666667,0.0,0.0
AirVan21/DBMS.Basic,3724.0,3609.0,0.0,0.0,0,0,0,174.0,0.046511627906976744,0.0,0.0
AirVantage/av-sched,3952.0,3469.0,1.0,0.0,0,0,0,314.0,0.0,0.0,0.0
AkaFluffie/Citelic-742,3923.0,3932.0,0.0,0.0,0,0,0,3108.0,0.0,0.0,0.0
Alachisoft/TayzGrid,3829.0,3686.0,2.0,0.0,0,0,0,6473.0,0.11049543676662321,0.0,0.0
Alakeel/AI_Project,3924.0,3912.0,0.0,0.0,0,0,0,10.0,0.0,0.0,0.0
AlanHohn/webmvc,4473.0,4450.0,1.0,0.0,0,0,0,199.0,2.369565217391304,0.0,0.0
Alcaline/ProjetoFinalProg2,4123.0,4116.0,0.0,0.0,0,0,0,43.0,1.2142857142857142,0.0,0.0
Aldorus/LissoProjects,4415.0,3568.0,0.5,0.0,0,0,0,144.0,0.0,0.0,0.0
AlertProject/KESI,4752.0,4553.0,0.3333333333333333,0.0,0,0,0,281.0,1.1444444444444444,0.0,0.0
Alex-the-666/It-s-About-Time-Minecraft-Mod,4002.0,3845.0,0.6666666666666666,0.0,0,0,0,1258.0,1.5195530726256983,0.0,0.0
AlexBarnes86/demos,3621.0,3570.0,0.0,0.0,0,0,0,366.0,0.6099290780141844,0.0,0.0
AlexCzar/spring-security-acl-mongodb,4332.0,4331.0,0.6666666666666666,0.0,0,0,0,137.0,0.013157894736842105,0.0,0.0
AlexDGr8r/MeteorsMod,4658.0,3841.0,0.6666666666666666,0.0,0,0,0,754.0,0.5979381443298969,0.0,0.0
AlexFalappa/nb-springboot,3526.0,3461.0,3.5,0.0,0,0,0,510.0,1.6312056737588652,0.0,0.0
AlexIIL/CaveOres,3861.0,3496.0,0.6666666666666666,0.0,0,0,0,184.0,2.227272727272727,0.0,0.0
AlexIIL/CivCraft,3948.0,3701.0,0.3333333333333333,0.0,0,0,0,436.0,0.591715976331361,0.0,0.0
AlexIIL/TrainCraft-1.8.9,3628.0,3502.0,2.0,0.0,0,0,0,746.0,2.0,0.0,0.0
AlexMog/MMO-Rulemasters-World,3661.0,3639.0,2.3333333333333335,0.0,0,0,0,1396.0,0.0,0.0,0.0
AlexanderMisel/gnubridge,4141.0,3968.0,2.0,0.0,0,0,0,596.0,0.0,0.0,0.0
Alfresco/gytheio,4500.0,3687.0,5.5,0.0,0,0,0,1857.0,1.0525451559934318,0.0,0.0
Alfresco/java-api-bck,3780.0,3490.0,0.0,0.0,0,0,0,48.0,0.0,0.0,0.0
Alfresco/spring-social-alfresco,4841.0,3539.0,2.25,0.0,0,0,0,156.0,0.0,0.0,0.0
AlfrescoBenchmark/benchmark-cmis,4122.0,3492.0,1.6666666666666667,0.0,0,0,0,271.0,2.963636363636364,0.0,0.0
AlfrescoLabs/tika-ffmpeg,4166.0,3944.0,0.6666666666666666,0.0,0,0,0,93.0,0.96875,0.0,0.0
AlgiersJUG/sushi-shop,3966.0,3965.0,0.0,0.0,0,0,0,104.0,1.2121212121212122,0.0,0.0
AlgorithmX2/PacketLogger,4115.0,4106.0,0.5,0.0,0,0,0,76.0,1.5454545454545454,0.0,0.0
AlienVault-Labs/OTX-Java-SDK,3893.0,3468.0,1.0,0.0,0,0,0,154.0,1.183673469387755,0.0,0.0
AllenDowney/ThinkJavaCode,3625.0,3510.0,0.13,0.0,0,0,0,326.0,0.0,0.0,0.0
Alma-Sanchez/ChessAI2,3956.0,3924.0,1.0,0.0,0,0,0,58.0,0.0,0.0,0.0
AlmasB/FXTutorials,3959.0,3478.0,0.6571428571428571,0.0,0,0,0,334.0,0.0,0.0,0.0
AlmuraDev/Almura-API,4119.0,4093.0,0.5,0.0,0,0,0,2581.0,1.0568047337278106,0.0,0.0
AlmuraDev/Guide-Legacy,3983.0,3744.0,0.5,0.0,0,0,0,139.0,0.7647058823529411,0.0,0.0
AlonsoCampos/Sistema-Central,4138.0,3858.0,0.0,0.0,0,0,0,1016.0,0.0,0.0,0.0
Aloomaio/storm-graphite-metrics,4094.0,4037.0,0.8,0.0,0,0,0,75.0,3.5,0.0,0.0
AlvaroVega/TIDIdlc,4485.0,3953.0,0.6666666666666666,0.0,0,0,0,409.0,0.04477611940298507,0.0,0.0
AlvaroVega/TIDNamingJ,4481.0,4481.0,0.5,0.0,0,0,0,312.0,0.0,0.0,0.0
AmirHooshangi/DTO-code-generation,5245.0,4697.0,2.0,0.0,0,0,0,69.0,0.6296296296296297,0.0,0.0
Amperture/MCTea,4378.0,4369.0,0.0,0.0,0,0,0,64.0,0.0,0.0,0.0
Amunak/MineAuction,4468.0,4368.0,0.5,0.0,0,0,0,46.0,0.0,0.0,0.0
AnandSingh/eBayOrder,4356.0,3972.0,0.5,0.0,0,0,0,86.0,0.2,0.0,0.0
AndoxynPlugins/ClearCreativeInventory,4516.0,4510.0,0.5,0.0,0,0,0,32.0,0.0,0.0,0.0
AndreasKl/spring-boot-mvc-completablefuture,4060.0,3481.0,3.5,0.0,0,0,0,71.0,1.173913043478261,0.0,0.0
AndresJMM/Proyecto,3584.0,3504.0,0.0,0.0,0,0,0,3262.0,0.0,0.0,0.0
AndrewDeCHamplain/Bomberman,4312.0,3683.0,1.0,0.0,0,0,0,122.0,0.0,0.0,0.0
AndrewRosenberg/AuToBI,5667.0,3968.0,1.25,0.0,0,0,0,709.0,0.00847457627118644,0.0,0.0
Android-AOSP/external_tagsoup,3984.0,3984.0,0.0,0.0,0,0,0,146.0,0.6909090909090909,0.0,0.0
AndroidDeveloperLB/WebpifyYourAndroidApp,3549.0,3478.0,3.5,0.0,0,0,0,120.0,0.0,0.0,0.0
AndroidGears/Plugin,4277.0,3969.0,11.2,0.0,0,0,0,256.0,0.0,0.0,0.0
AnimeshShaw/TextMining-Algorithms,4228.0,4073.0,1.0,0.0,0,0,0,36.0,0.0,0.0,0.0
AnkitaB/mesp,4316.0,4246.0,0.0,0.0,0,0,0,296.0,0.0,0.0,0.0
Anntie/JavaChat,4236.0,4231.0,0.0,0.0,0,0,0,114.0,0.0,0.0,0.0
Ansku/numberfield,4016.0,3484.0,0.0,0.0,0,0,0,78.0,0.0,0.0,0.0
Antaresgames/game_machine,4464.0,4465.0,0.0,0.0,0,0,0,960.0,0.0,0.0,0.0
AnthonyGeo/Java,3504.0,3475.0,0.0,0.0,0,0,0,292.0,0.0,0.0,0.0
AntonOfTheWoods/openemm-patches,4504.0,4490.0,0.0,0.0,0,0,0,42.0,0.0,0.0,0.0
Antyradek/epikomat,4048.0,3979.0,0.5,0.0,0,0,0,152.0,0.2647058823529412,0.0,0.0
AnujaK/restfiddle,4232.0,3466.0,0.6206896551724138,0.0,0,0,0,41015.0,44.61022727272727,0.0,0.0
Anxuiz/BukkitSettings,4839.0,4633.0,0.13333333333333333,0.0,0,0,0,52.0,0.0,0.0,0.0
Appdynamics/AD-Capital,3779.0,3591.0,0.0,0.0,0,0,0,421.0,1.2045454545454546,0.0,0.0
Appdynamics/apache-monitoring-extension,4540.0,3524.0,0.3,0.0,0,0,0,91.0,0.8181818181818182,0.0,0.0
Appdynamics/cassandra-monitoring-extension,4539.0,3702.0,3.0,0.0,0,0,0,91.0,0.8181818181818182,0.0,0.0
Appdynamics/cloudstack-connector-extension,4438.0,4382.0,0.0,0.0,0,0,0,74.0,0.5333333333333333,0.0,0.0
Appdynamics/ehcache-monitoring-extension,4431.0,3969.0,0.2,0.0,0,0,0,53.0,0.391304347826087,0.0,0.0
Appdynamics/elasticsearch-monitoring-extension,4332.0,3759.0,0.3333333333333333,0.0,0,0,0,121.0,0.7954545454545454,0.0,0.0
Appdynamics/mongo-monitoring-extension,4539.0,3470.0,0.3333333333333333,0.0,0,0,0,93.0,0.7941176470588235,0.0,0.0
Appdynamics/oracle-monitoring-extension,4539.0,3745.0,1.0,0.0,0,0,0,56.0,0.0,0.0,0.0
Appdynamics/pagerduty-alerting-extension,4539.0,3540.0,0.0,0.0,0,0,0,176.0,0.9180327868852459,0.0,0.0
Appdynamics/solr-monitoring-extension,4317.0,3645.0,1.5,0.0,0,0,0,83.0,0.8333333333333334,0.0,0.0
Appdynamics/tibcoems-monitoring-extension,4351.0,3770.0,0.0,0.0,0,0,0,87.0,0.022727272727272728,0.0,0.0
Appdynamics/varnish-monitoring-extension,4424.0,3526.0,0.6,0.0,0,0,0,73.0,0.8846153846153846,0.0,0.0
Appdynamics/vertica-monitoring-extension,4226.0,3812.0,0.3333333333333333,0.0,0,0,0,84.0,0.0,0.0,0.0
Appdynamics/vmware-vsphere-monitoring-extension,4539.0,3471.0,0.5,0.0,0,0,0,66.0,0.9565217391304348,0.0,0.0
Appdynamics/websphere-mq-monitoring-extension,4437.0,3525.0,1.0,0.0,0,0,0,100.0,0.0,0.0,0.0
Appendium/flatpack,4361.0,3470.0,2.4285714285714284,0.0,0,0,0,913.0,1.3763837638376384,0.0,0.0
ApplETS/slack-eventbrite,3609.0,3608.0,0.0,0.0,0,0,0,111.0,1.3235294117647058,0.0,0.0
Approach/Renderable,4284.0,3579.0,0.16666666666666666,0.0,0,0,0,8.0,0.0,0.0,0.0
Appsamblea/miniversion_JPA,3967.0,3956.0,0.5,0.0,0,0,0,174.0,0.0,0.0,0.0
Appverse/appverse-web,4752.0,3568.0,0.7894736842105263,0.0,0,0,0,1926.0,0.0,0.0,0.0
Appverse/appverse-web-tools,4402.0,3695.0,0.25,0.0,0,0,0,891.0,0.4135135135135135,0.0,0.0
ArcBees/gsss,4134.0,3737.0,2.6666666666666665,0.0,0,0,0,110.0,0.8717948717948718,0.0,0.0
ArchmageInc/angular-pdfjs,3960.0,3615.0,1.0,0.0,0,0,0,102.0,0.0,0.0,0.0
Argamore/BILD-IT-Advanced,3623.0,3564.0,0.0,0.0,0,0,0,372.0,0.0,0.0,0.0
ArminKaric/Project-Royale,3565.0,3515.0,0.5,0.0,0,0,0,34.0,0.0,0.0,0.0
Arnauld/gutenberg,4151.0,3750.0,1.0,0.0,0,0,0,1130.0,2.620408163265306,0.0,0.0
Arnauld/jbehave-eclipse-plugin,5391.0,3720.0,3.142857142857143,0.0,0,0,0,662.0,0.012121212121212121,0.0,0.0
ArneBinder/MavenApacheLicenseUtil,3749.0,3695.0,0.0,0.0,0,0,0,116.0,1.2777777777777777,0.0,0.0
ArpNetworking/logback-steno,4056.0,3473.0,0.5,0.0,0,0,0,1228.0,2.2268041237113403,0.0,0.0
ArpNetworking/metrics-aggregator-daemon,3610.0,3461.0,1.0,0.0,0,0,0,1830.0,1.7311608961303462,0.0,0.0
ArpNetworking/metrics-client-java,3854.0,3466.0,0.3333333333333333,0.0,0,0,0,393.0,3.1298701298701297,0.0,0.0
ArpNetworking/metrics-vertx-extra,3741.0,3553.0,0.0,0.0,0,0,0,240.0,2.938775510204082,0.0,0.0
Arquisoft/ObservaTerra31,4327.0,4238.0,1.0,0.0,0,0,0,230.0,0.0,0.0,0.0
Arquisoft/Trivial4a,3968.0,3875.0,0.0,0.0,0,0,0,464.0,0.22966507177033493,0.0,0.0
Arquisoft/VoteCounting_2b,3563.0,3525.0,1.0,0.0,0,0,0,416.0,0.863013698630137,0.0,0.0
Arquisoft/VotingSystem_3a,3563.0,3517.0,0.0,0.0,0,0,0,603.0,1.0710659898477157,0.0,0.0
Arquisoft/VotingSystem_4a,3563.0,3527.0,0.5,0.0,0,0,0,488.0,1.0434782608695652,0.0,0.0
Arquisoft/censuses_3b,3605.0,3575.0,0.0,0.0,0,0,0,163.0,1.1132075471698113,0.0,0.0
Arquisoft/voters_1b,3605.0,3517.0,0.5,0.0,0,0,0,76.0,0.5161290322580645,0.0,0.0
ArtificerRepo/artificer,5032.0,3513.0,0.5277777777777778,0.0,0,0,0,7345.0,1.4622997172478793,0.0,0.0
Arunk0548/BallPoolGame,3778.0,3778.0,0.0,0.0,0,0,0,12.0,0.0,0.0,0.0
Asana/java-asana,3939.0,3462.0,3.0,0.0,0,0,0,336.0,1.2190476190476192,0.0,0.0
Ashel-Dionne/GoogleProblem,3813.0,3704.0,0.0,0.0,0,0,0,32.0,0.0,0.0,0.0
Asprise/java-ocr-api,3845.0,3839.0,1.2222222222222223,0.0,0,0,0,293.0,3.784313725490196,0.0,0.0
Asqatasun/Asqatasun,3716.0,3462.0,2.625,0.0,0,0,0,36066.0,0.9593042336724648,0.0,0.0
Asqatasun/Asqatasun-Sonar-Plugin,3539.0,3532.0,0.6666666666666666,0.0,0,0,0,248.0,0.0,0.0,0.0
Asqatasun/Web-Snapshot,3661.0,3531.0,0.5,0.0,0,0,0,368.0,0.0,0.0,0.0
AsyncHttpClient/async-http-client,5397.0,3465.0,3.314253647586981,0.0,0,0,0,2361.0,1.686427457098284,0.0,0.0
Athou/commafeed,4653.0,3468.0,5.213178294573644,0.0,0,0,0,18015.0,51.46290801186944,0.0,0.0
AuScope/IGSN,3792.0,3554.0,0.3333333333333333,0.0,0,0,0,426.0,0.0,0.0,0.0
AusDTO/citizenship-appointment-server,3668.0,3462.0,0.75,0.0,0,0,0,11810.0,36.98349834983498,0.0,0.0
AuthorizeNet/sample-code-java,3871.0,3464.0,0.17647058823529413,0.0,0,0,0,249.0,1.0987654320987654,0.0,0.0
Auto-ID-Lab-Japan/fosstrak-tdt,3896.0,3875.0,0.5,0.0,0,0,0,261.0,1.1686746987951808,0.0,0.0
AvatarQing/GoogleTranslateApiDemo,4357.0,4357.0,0.25,0.0,0,0,0,26.0,0.0,0.0,0.0
Avery246813579/HotPotato,4452.0,3762.0,0.3333333333333333,0.0,0,0,0,104.0,0.0,0.0,0.0
Avira/couchdoop,4247.0,3626.0,2.5,0.0,0,0,0,435.0,5.803571428571429,0.0,0.0
AwesomeSauwss/SteamAge,4196.0,4195.0,1.0,0.0,0,0,0,2845.0,0.04086021505376344,0.0,0.0
AydinSakar/sql-layer,4326.0,4327.0,0.03571428571428571,0.0,0,0,0,10264.0,0.0,0.0,0.0
Ayutac/gcs,4127.0,3893.0,0.4,0.0,0,0,0,1184.0,0.0033783783783783786,0.0,0.0
Ayutac/toolkit,4127.0,3918.0,0.5,0.0,0,0,0,772.0,0.0051813471502590676,0.0,0.0
AzayAblone/EncryptionDecryptionDemo,4246.0,4246.0,0.0,0.0,0,0,0,8.0,0.0,0.0,0.0
Azure-Samples/active-directory-java-native-headless,3708.0,3590.0,0.5,0.0,0,0,0,32.0,1.7777777777777777,0.0,0.0
Azure-Samples/storage-table-java-getting-started,3742.0,3493.0,0.5,0.0,0,0,0,41.0,1.3076923076923077,0.0,0.0
Azure/azure-documentdb-hadoop,4050.0,3520.0,1.3,0.0,0,0,0,86.0,0.0,0.0,0.0
Azure/azure-documentdb-java,4115.0,3461.0,0.6,0.0,0,0,0,532.0,2.341463414634146,0.0,0.0
Azure/azure-event-hubs,3800.0,3462.0,1.0303030303030303,0.0,0,0,0,744.0,0.0,0.0,0.0
Azure/azure-storage-java,4436.0,3485.0,1.0508474576271187,0.0,0,0,0,1301.0,1.447089947089947,0.0,0.0
B3Partners/b3p-combineImageTool,3868.0,3497.0,0.0,0.0,0,0,0,163.0,0.8947368421052632,0.0,0.0
B3Partners/b3p-commons-core,3868.0,3554.0,0.0,0.0,0,0,0,532.0,1.0867052023121386,0.0,0.0
B3Partners/b3p-commons-hibernate,3868.0,3731.0,0.0,0.0,0,0,0,49.0,1.1875,0.0,0.0
B3Partners/b3p-gt2-csv,3868.0,3578.0,0.0,0.0,0,0,0,65.0,1.0454545454545454,0.0,0.0
B3Partners/b3p-gt2-dxf,3868.0,3578.0,0.0,0.0,0,0,0,208.0,1.3333333333333333,0.0,0.0
B3Partners/b3p-mapfile,3868.0,3731.0,0.0,0.0,0,0,0,70.0,1.1304347826086956,0.0,0.0
B3Partners/b3p-zoeker,3868.0,3553.0,0.0,0.0,0,0,0,108.0,0.8947368421052632,0.0,0.0
B3Partners/datastorelinkerEntities,3868.0,3493.0,0.0,0.0,0,0,0,210.0,0.46511627906976744,0.0,0.0
BAI1/NewAnnouncer,4023.0,4022.0,0.0,0.0,0,0,0,24.0,0.0,0.0,0.0
BAndysc/metro-swt,4444.0,4444.0,0.3333333333333333,0.0,0,0,0,38.0,0.0,0.0,0.0
BB20101997/BBBlockCraft,4658.0,3843.0,0.3333333333333333,0.0,0,0,0,617.0,0.32706766917293234,0.0,0.0
BCA-Team/Buildcraft-Additions,4249.0,3638.0,1.4782608695652173,0.0,0,0,0,1465.0,0.004098360655737705,0.0,0.0
BGehrels/singleTransferableVoteElections,4660.0,3918.0,1.0,0.0,0,0,0,332.0,2.638888888888889,0.0,0.0
BMKEG/lapdftextVpdmf,4588.0,4117.0,0.0,0.0,0,0,0,148.0,0.0,0.0,0.0
BOSSoNe0013/NeoJava,3676.0,3498.0,2.0,0.0,0,0,0,297.0,1.2857142857142858,0.0,0.0
BP2014W1/BPMConverter,3904.0,3812.0,0.0,0.0,0,0,0,221.0,0.9733333333333334,0.0,0.0
BP2014W1/JUserManagement,3893.0,3858.0,0.0,0.0,0,0,0,380.0,0.984375,0.0,0.0
BPELtools/BPEL-splitting,4809.0,3669.0,0.0,0.0,0,0,0,720.0,0.0,0.0,0.0
BPELtools/BPEL4Chor-model,4809.0,3669.0,0.0,0.0,0,0,0,326.0,0.0,0.0,0.0
BVT-Team-61/Robot-Base,4129.0,3994.0,2.0,0.0,0,0,0,54.0,0.0,0.0,0.0
BYOND/byond-compiler-plugin,4306.0,4208.0,0.0,0.0,0,0,0,28.0,0.0,0.0,0.0
BYVoid/TA-Lib,4367.0,4367.0,3.5,0.0,0,0,0,319.0,3.015625,0.0,0.0
BagusThanatos/NaiveBayesForEverything,4218.0,3894.0,0.0,0.0,0,0,0,110.0,1.2941176470588236,0.0,0.0
Bai-Cai/Free-Choice.Net,4382.0,4382.0,0.5,0.0,0,0,0,296.0,0.0,0.0,0.0
Bai-Jie/DirectoryCatalog,3994.0,3794.0,0.5,0.0,0,0,0,648.0,0.6970954356846473,0.0,0.0
Bakkes/Slick2DRPG,4263.0,4211.0,0.0,0.0,0,0,0,332.0,0.0,0.0,0.0
Balrog994/InfernalTech,3921.0,3906.0,0.0,0.0,0,0,0,814.0,1.3442622950819672,0.0,0.0
Banasen/InvScan,4496.0,4474.0,0.5,0.0,0,0,0,68.0,0.0,0.0,0.0
BandwidthOnDemand/nsi-dds,4149.0,3497.0,0.5,0.0,0,0,0,516.0,0.0,0.0,0.0
Barnett-wjq/AssassinInstruction,3870.0,3868.0,0.0,0.0,0,0,0,20.0,0.0,0.0,0.0
BaseXdb/basex,5416.0,3461.0,1.3742690058479532,0.0,0,0,0,8086.0,1.0964777947932618,0.0,0.0
Bathlamos/Let-It-Rain,4369.0,3762.0,0.2,0.0,0,0,0,54.0,0.0,0.0,0.0
BattlePlugins/BattleEssentials,3968.0,3813.0,0.0,0.0,0,0,0,24.0,0.0,0.0,0.0
BeYkeRYkt/LightSource,4281.0,3462.0,0.6,0.0,0,0,0,84.0,0.0,0.0,0.0
Beanxxbot/StellaVillam,3516.0,3504.0,0.0,0.0,0,0,0,485.0,1.3819444444444444,0.0,0.0
Bedework/bw-ical4j-cl,4451.0,3596.0,0.0,0.0,0,0,0,4617.0,0.6274175199089875,0.0,0.0
Bedework/bw-ical4j-vcard,4290.0,3653.0,0.0,0.0,0,0,0,949.0,1.372340425531915,0.0,0.0
Bedework/bw-util,4766.0,3471.0,0.0,0.0,0,0,0,1717.0,1.3121387283236994,0.0,0.0
BeeHiveJava/NetLib,3953.0,3599.0,2.5,0.0,0,0,0,94.0,0.0,0.0,0.0
BelajarJavaBareng/bpersonalia,3938.0,3926.0,0.3333333333333333,0.0,0,0,0,460.0,2.6666666666666665,0.0,0.0
BenjaminDiaz/SudokuFX,3801.0,3801.0,0.5,0.0,0,0,0,64.0,0.0,0.0,0.0
BenjaminSchiller/DNA.sampling,3776.0,3750.0,0.5,0.0,0,0,0,44.0,0.0,0.0,0.0
BenjaminSchiller/GTNA,5381.0,3752.0,0.7777777777777778,0.0,0,0,0,1936.0,0.0,0.0,0.0
BennSandoval/opencfdi-api,4231.0,4231.0,0.0,0.0,0,0,0,448.0,0.017937219730941704,0.0,0.0
BennyQBD/3DSoftwareRenderer,4149.0,4037.0,4.0,0.0,0,0,0,80.0,0.0,0.0,0.0
Berico-Technologies/CLAVIN,4840.0,3512.0,2.436619718309859,0.0,0,0,0,565.0,1.965034965034965,0.0,0.0
Berreis/JCL,4549.0,4526.0,0.0,0.0,0,0,0,448.0,0.0,0.0,0.0
BertrandDechoux/cascading.plumber,4851.0,4676.0,1.0,0.0,0,0,0,148.0,1.3333333333333333,0.0,0.0
Bestoa/shadowsocks-java,3553.0,3460.0,1.6666666666666667,0.0,0,0,0,140.0,0.9583333333333334,0.0,0.0
Biemc/Biemc,4142.0,4140.0,0.5,0.0,0,0,0,18.0,0.0,0.0,0.0
Bigdaddy-Di/Denkoukeijiban,3714.0,3574.0,0.0,0.0,0,0,0,150.0,0.14084507042253522,0.0,0.0
BinaryMuse/judaw,5761.0,5400.0,0.75,0.0,0,0,0,38.0,0.0,0.0,0.0
BingAds/BingAds-Java-SDK,3983.0,3460.0,0.7,0.0,0,0,0,14693.0,1.6903566047212457,0.0,0.0
BioPAX/validator,3910.0,3497.0,0.0,0.0,0,0,0,1275.0,1.3605263157894736,0.0,0.0
Biospore/kalong,3748.0,3737.0,0.0,0.0,0,0,0,40.0,0.0,0.0,0.0
BitcoinAuthenticator/Wallet,4025.0,3961.0,4.0,0.0,0,0,0,702.0,0.0,0.0,0.0
BlackHubOS/EventoZero,3642.0,3575.0,2.25,0.0,0,0,0,442.0,0.208955223880597,0.0,0.0
BlackacreLabs/pdfboxminer,4773.0,4773.0,1.0,0.0,0,0,0,38.0,1.0769230769230769,0.0,0.0
BlackyPaw/SimpleConfig,3655.0,3564.0,0.0,0.0,0,0,0,108.0,1.1428571428571428,0.0,0.0
Blank101/sbworld-server,4667.0,4667.0,0.0,0.0,0,0,0,20.0,0.0,0.0,0.0
Blastman/DtoTester,3597.0,3571.0,0.0,0.0,0,0,0,60.0,1.6470588235294117,0.0,0.0
BlazeCube/Beacon,3981.0,3973.0,2.25,0.0,0,0,0,366.0,0.0,0.0,0.0
Blazebit/blaze-persistence,4174.0,3556.0,2.4,0.0,0,0,0,4946.0,1.3185781354795438,0.0,0.0
Blazebit/blaze-utils,4898.0,3548.0,1.0,0.0,0,0,0,1318.0,1.482849604221636,0.0,0.0
BlockScore/blockscore-java,4095.0,3846.0,0.5,0.0,0,0,0,287.0,2.013888888888889,0.0,0.0
Blockhaus2000/SelfMadeRegion,4463.0,4379.0,0.5,0.0,0,0,0,90.0,0.0,0.0,0.0
BlueAnanas/ZebrasToggleSneak,4031.0,3462.0,0.0,0.0,0,0,0,113.0,1.59375,0.0,0.0
BlueBrain/bluima,4115.0,3612.0,1.5714285714285714,0.0,0,0,0,42090.0,0.0,0.0,0.0
BlueHuskyStudios/Efficient-Averager,4268.0,4102.0,0.0,0.0,0,0,0,24.0,0.0,0.0,0.0
BlueMapleTech/AppleGroup-Sasi-Java-JSE-,3722.0,3711.0,0.0,0.0,0,0,0,64.0,0.0,0.0,0.0
BlueVia/Official-Library-Java,5135.0,4787.0,1.0,0.0,0,0,0,2383.0,0.0,0.0,0.0
BobString/feistel-cypher-UiS,4515.0,4463.0,1.0,0.0,0,0,0,28.0,0.0,0.0,0.0
BobbyWhiskey/jdto,3606.0,3595.0,0.5,0.0,0,0,0,323.0,2.3333333333333335,0.0,0.0
Bobnix/ApexDocEx,3956.0,3826.0,1.0,0.0,0,0,0,171.0,1.2641509433962264,0.0,0.0
BoiseState/Disjoint-Domains,3867.0,3549.0,1.0,0.0,0,0,0,284.0,0.0,0.0,0.0
BoltsFramework/Bolts-Java,4332.0,3653.0,4.4,0.0,0,0,0,121.0,0.7954545454545454,0.0,0.0
Borda/ij-CMP-BIA,4372.0,4357.0,0.0,0.0,0,0,0,226.0,0.5617977528089888,0.0,0.0
Borisvl/JBIG2-Image-Decoder,5181.0,3918.0,1.0,0.0,0,0,0,250.0,0.9647058823529412,0.0,0.0
BraintagsGmbH/vertx-key-generator,3616.0,3477.0,0.0,0.0,0,0,0,106.0,0.0,0.0,0.0
BrandonJohnGrenier/jbehave-junit-reporter-3,4939.0,4628.0,0.3333333333333333,0.0,0,0,0,76.0,0.29411764705882354,0.0,0.0
BrandwatchLtd/async-mixpanel-client,3780.0,3779.0,0.5,0.0,0,0,0,91.0,1.5769230769230769,0.0,0.0
BrassGoggledArchivists/Enchantments,4412.0,4084.0,0.0,0.0,0,0,0,60.0,0.0,0.0,0.0
BraulioV/Napakalaky-Java,3735.0,3735.0,0.5,0.0,0,0,0,70.0,0.0,0.0,0.0
Breeze/breeze.server.java,4281.0,3557.0,2.5,0.0,0,0,0,1014.0,0.0,0.0,0.0
BrentDouglas/vial,3821.0,3803.0,0.0,0.0,0,0,0,2242.0,9.448979591836734,0.0,0.0
BrianBB/jPastebin,4284.0,3488.0,1.4615384615384615,0.0,0,0,0,112.0,0.9230769230769231,0.0,0.0
BrianEliotWhipple/massive-octo-bear,3875.0,3754.0,0.0,0.0,0,0,0,212.0,0.0,0.0,0.0
BrianKolowitz/SimpleServlet_ee,4069.0,4067.0,0.0,0.0,0,0,0,134.0,0.0,0.0,0.0
BrightTag/kafkameter,4185.0,3887.0,1.0714285714285714,0.0,0,0,0,73.0,1.0,0.0,0.0
BringsEuphoria/src,4254.0,4044.0,0.0,0.0,0,0,0,10.0,0.0,0.0,0.0
Bronts/SCrawler,4224.0,4224.0,0.5,0.0,0,0,0,62.0,0.0,0.0,0.0
BrunoPereiraSantos/Consenso,4397.0,3823.0,0.0,0.0,0,0,0,1346.0,0.8763326226012793,0.0,0.0
BrunoSoares-LABORA/mr-api,3779.0,3681.0,0.5,0.0,0,0,0,392.0,0.0,0.0,0.0
BuddhaLabs/DeD-OSX,4342.0,4342.0,0.0,0.0,0,0,0,29178.0,0.0,0.0,0.0
BukkitDevTeam/Interglot,4727.0,4686.0,1.0,0.0,0,0,0,71.0,1.4761904761904763,0.0,0.0
BulaMar/BookwormRobotCapture,3552.0,3517.0,0.0,0.0,0,0,0,556.0,0.0,0.0,0.0
BurgherJon/football4,3858.0,3724.0,0.0,0.0,0,0,0,153.0,0.1527777777777778,0.0,0.0
Burp-BReWSki/BReWSki,4150.0,4029.0,8.0,0.0,0,0,0,218.0,0.6951219512195121,0.0,0.0
C-D-Lewis/header-gen,3784.0,3784.0,0.0,0.0,0,0,0,14.0,0.0,0.0,0.0
CA-APM/ca-apm-fieldpack-mongodb,4070.0,3465.0,0.6666666666666666,0.0,0,0,0,171.0,0.9322033898305084,0.0,0.0
CBCJVM/botballsim,5583.0,5446.0,0.5,0.0,0,0,0,1319.0,12.204301075268818,0.0,0.0
CDKGlobal/pipeline,4073.0,3511.0,0.5,0.0,0,0,0,190.0,0.0,0.0,0.0
CDLUC3/dash-xtf,4129.0,3470.0,0.0,0.0,0,0,0,6289.0,0.9985700667302193,0.0,0.0
CERN-BE/Entwined-STM,4575.0,4472.0,4.666666666666667,0.0,0,0,0,339.0,2.2625,0.0,0.0
CIRDLES/ET_Redux,3988.0,3464.0,0.6363636363636364,0.0,0,0,0,2183.0,0.07699619771863118,0.0,0.0
CIRDLES/GeoApp,3617.0,3554.0,0.2,0.0,0,0,0,84.0,1.1851851851851851,0.0,0.0
CIRDLES/GeoSamples,3573.0,3540.0,0.0,0.0,0,0,0,261.0,4.743589743589744,0.0,0.0
CIT-VSB-TUO/ResBill,3828.0,3573.0,1.0,0.0,0,0,0,2966.0,0.0,0.0,0.0
CIVN/ChatSound,3712.0,3652.0,0.0,0.0,0,0,0,45.0,1.3571428571428572,0.0,0.0
CK35/jacoco-report-changes,3865.0,3585.0,0.0,0.0,0,0,0,86.0,1.826086956521739,0.0,0.0
CKOTech/checkout-java-library,3897.0,3490.0,0.0,0.0,0,0,0,276.0,0.0,0.0,0.0
CMPUT391-Proj/ImageShare-2.0,4044.0,4037.0,0.0,0.0,0,0,0,172.0,0.0,0.0,0.0
CMSC495/project,3986.0,3937.0,0.0,0.0,0,0,0,90.0,0.0,0.0,0.0
CONNECT-Solution/CONNECT,5052.0,3462.0,0.5411764705882353,0.0,0,0,0,23234.0,2.1746316924182536,0.0,0.0
CPEN-221/example4,4107.0,3729.0,0.0,0.0,0,0,0,12.0,0.0,0.0,0.0
CPEN-221/example8,4094.0,4094.0,0.0,0.0,0,0,0,26.0,0.0,0.0,0.0
CQUAside/Aside-Server,3643.0,3462.0,1.5,0.0,0,0,0,216.0,0.0,0.0,0.0
CREAEducacion/PreguntameWeb,4203.0,4203.0,0.0,0.0,0,0,0,46.0,0.0,0.0,0.0
CS180-group/greeps,3602.0,3584.0,0.3333333333333333,0.0,0,0,0,104.0,0.0,0.0,0.0
CS356Blue/jcarder,4351.0,4351.0,0.0,0.0,0,0,0,284.0,0.0,0.0,0.0
CSEMike/OneSwarm-Community-Server,5878.0,5324.0,2.25,0.0,0,0,0,251.0,0.007936507936507936,0.0,0.0
CSIM-Toolkits/ImageJ,3973.0,3461.0,0.0,0.0,0,0,0,82.0,0.0,0.0,0.0
CSPF-Founder/JavaVulnerableLab,3995.0,3975.0,0.8,0.0,0,0,0,372.0,1.3693693693693694,0.0,0.0
CSSE497/pathfinder-routing,3560.0,3508.0,5.25,0.0,0,0,0,230.0,0.0,0.0,0.0
Canadensys/canadensys-data-access,4898.0,3819.0,0.8,0.0,0,0,0,588.0,1.0256410256410255,0.0,0.0
Canadensys/narwhal-api,4662.0,3771.0,0.0,0.0,0,0,0,149.0,0.013333333333333334,0.0,0.0
Canadensys/narwhal-processor,4751.0,3773.0,0.6,0.0,0,0,0,270.0,1.2,0.0,0.0
CandleCandle/translations,4248.0,4247.0,1.5,0.0,0,0,0,180.0,0.9354838709677419,0.0,0.0
Cantido/qlearner,4760.0,3470.0,1.5,0.0,0,0,0,176.0,0.0,0.0,0.0
CapCaval/ccProjects,5054.0,3522.0,0.8333333333333334,0.0,0,0,0,890.0,0.0,0.0,0.0
Captain-Chaos/WorldPainter,4547.0,3539.0,2.2222222222222223,0.0,0,0,0,2080.0,0.0,0.0,0.0
CaptainBern/HoloAPICore,4263.0,4263.0,0.0,0.0,0,0,0,119.0,0.05084745762711865,0.0,0.0
CardinalDevelopment/Cardinal,3552.0,3469.0,2.0,0.0,0,0,0,816.0,0.9745454545454545,0.0,0.0
CarlosAgon/ILP-UPMC,3748.0,3673.0,0.3333333333333333,0.0,0,0,0,3142.0,0.0,0.0,0.0
CarmudiUser/cucumber-rocky,3541.0,3533.0,0.0,0.0,0,0,0,809.0,2.431693989071038,0.0,0.0
CartoDB/cartodb-java-client,5116.0,3591.0,0.7142857142857143,0.0,0,0,0,96.0,0.8,0.0,0.0
Catalysts/cat-boot,3616.0,3515.0,0.6666666666666666,0.0,0,0,0,833.0,0.9821428571428571,0.0,0.0
Catalysts/swagger-jaxrs-maven-plugin,3518.0,3505.0,0.0,0.0,0,0,0,96.0,2.9,0.0,0.0
Cawfree/earcut-j,3966.0,3925.0,3.0,0.0,0,0,0,24.0,0.0,0.0,0.0
Ccook/Mnemosyne,4820.0,4749.0,0.0,0.0,0,0,0,252.0,0.0,0.0,0.0
Ccook/conniption,4522.0,4095.0,0.6666666666666666,0.0,0,0,0,302.0,1.2688172043010753,0.0,0.0
CdePanda/Gantic,4023.0,3549.0,1.0,0.0,0,0,0,158.0,1.3333333333333333,0.0,0.0
CeON/CERMINE,4816.0,3496.0,3.0,0.0,0,0,0,5293.0,1.3011221945137157,0.0,0.0
Cendrb/UltraMegaFactory,3553.0,3495.0,0.0,0.0,0,0,0,878.0,1.562753036437247,0.0,0.0
CenturyLinkCloud/clc-java-sdk,3948.0,3471.0,1.6666666666666667,0.0,0,0,0,7021.0,0.25024030759371996,0.0,0.0
CeriAvignon/Projet2015,3731.0,3483.0,0.1,0.0,0,0,0,346.0,0.0,0.0,0.0
Cetis/lts,3680.0,3521.0,0.0,0.0,0,0,0,92.0,1.1333333333333333,0.0,0.0
Ceutec/ExamenProgra1Parcial2,4200.0,4200.0,0.0,0.0,0,0,0,24.0,0.0,0.0,0.0
Ceutec/Progra1Tarea3,4152.0,4151.0,0.0,0.0,0,0,0,18.0,0.0,0.0,0.0
Ceutec/Progra1Tarea6,4179.0,4110.0,0.0,0.0,0,0,0,18.0,0.0,0.0,0.0
Ceutec/Progra2Tarea3,4178.0,4151.0,0.0,0.0,0,0,0,20.0,0.0,0.0,0.0
ChampionsDev/Champions,4595.0,4541.0,1.5,0.0,0,0,0,534.0,0.0,0.0,0.0
ChangeVision/astah-uml2c-plugin,3584.0,3546.0,1.0,0.0,0,0,0,126.0,0.0,0.0,0.0
ChannelMeter/presto-msgpack,3835.0,3835.0,0.0,0.0,0,0,0,68.0,1.3333333333333333,0.0,0.0
CharlesSkelton/studio,4233.0,3689.0,2.8,0.0,0,0,0,1646.0,0.0,0.0,0.0
Chase-san/CDDA-Tileset-Editor,4305.0,4301.0,0.75,0.0,0,0,0,122.0,0.0,0.0,0.0
Chicken-Bones/CodeChickenLib,4536.0,3643.0,1.48,0.0,0,0,0,300.0,0.0,0.0,0.0
Chicken-Bones/EnderStorage,4177.0,3639.0,1.12,0.0,0,0,0,172.0,0.0,0.0,0.0
Chicken-Bones/NotEnoughItems,4249.0,3583.0,1.8688524590163935,0.0,0,0,0,394.0,0.0,0.0,0.0
Chimaytric/ProjetBDD,4268.0,4215.0,0.0,0.0,0,0,0,52.0,0.0,0.0,0.0
ChiralBehaviors/hive,4314.0,4018.0,0.0,0.0,0,0,0,179.0,1.290909090909091,0.0,0.0
Chnkr/ChunkrConnect,3828.0,3744.0,0.5,0.0,0,0,0,222.0,0.3333333333333333,0.0,0.0
Chnkr/Suelake,3829.0,3516.0,1.0,0.0,0,0,0,512.0,0.0,0.0,0.0
Choonster/ChiselFacades,4161.0,3759.0,1.0,0.0,0,0,0,62.0,0.46153846153846156,0.0,0.0
Chorus-bdd/Chorus-demo,4302.0,3966.0,0.0,0.0,0,0,0,68.0,0.0,0.0,0.0
Chris27/WinnovationCode,5324.0,5308.0,1.5,0.0,0,0,0,526.0,0.0,0.0,0.0
ChrisQuignon/kivasim,4072.0,3963.0,0.3333333333333333,0.0,0,0,0,54.0,0.5454545454545454,0.0,0.0
ChristianSchulte/CC-XJC,5083.0,3616.0,1.0,0.0,0,0,0,1764.0,17.195652173913043,0.0,0.0
ChromeCastClassicGames/ChromeCastClassicGamesGAE,4011.0,3940.0,0.0,0.0,0,0,0,362.0,1.3703703703703705,0.0,0.0
ChronixDB/chronix.api,3686.0,3534.0,0.75,0.0,0,0,0,110.0,0.7317073170731707,0.0,0.0
ChronixDB/chronix.fastdtw,3588.0,3580.0,0.0,0.0,0,0,0,194.0,0.684931506849315,0.0,0.0
ChronixDB/chronix.kassiopeia,3686.0,3483.0,0.25,0.0,0,0,0,768.0,0.9501915708812261,0.0,0.0
Church-of-Koushin/Koushin-General-Mod,3955.0,3954.0,0.3333333333333333,0.0,0,0,0,68.0,0.0,0.0,0.0
CincinnatiCodingDojo/bugFixExample,3994.0,3994.0,0.5,0.0,0,0,0,22.0,0.0,0.0,0.0
CircuitOfLifeRobotics/Squishy,3650.0,3497.0,0.0,0.0,0,0,0,74.0,0.0,0.0,0.0
CircularChicken/Picklr,4101.0,3919.0,0.6666666666666666,0.0,0,0,0,186.0,2.1777777777777776,0.0,0.0
CiscoUKIDCDev/UCSD-OA-Spark,3547.0,3540.0,0.0,0.0,0,0,0,128.0,0.0,0.0,0.0
CitizensDev/Citizens2,5050.0,3465.0,0.9117647058823529,0.0,0,0,0,474.0,0.0,0.0,0.0
CityOfLearning/Achievements,3713.0,3461.0,0.0,0.0,0,0,0,50.0,0.0,0.0,0.0
CityOfLearning/LoginUI,3694.0,3461.0,0.0,0.0,0,0,0,32.0,0.0,0.0,0.0
CityPulse/DecisionSupport-ContextualFiltering,3588.0,3539.0,0.0,0.0,0,0,0,638.0,0.0,0.0,0.0
CivilizatonExperiment/ExtraStuff,3653.0,3520.0,0.0,0.0,0,0,0,48.0,0.0,0.0,0.0
Clarkcj12/YouTube-Plus,3929.0,3486.0,0.0,0.0,0,0,0,113.0,1.4848484848484849,0.0,0.0
Claudenw/jdbc4sparql,4736.0,3995.0,2.6,0.0,0,0,0,1154.0,2.624,0.0,0.0
Claudenw/junit-contracts,4464.0,3810.0,2.0,0.0,0,0,0,727.0,2.213872832369942,0.0,0.0
CleanSpark/esi,3624.0,3586.0,0.25,0.0,0,0,0,50.0,0.0,0.0,0.0
ClearVolume/ClearVolume,3963.0,3484.0,1.6,0.0,0,0,0,1588.0,2.228723404255319,0.0,0.0
Clearpool/Kodiak,4070.0,3598.0,2.6666666666666665,0.0,0,0,0,288.0,0.0,0.0,0.0
ClemsonRSRG/RESOLVE,4862.0,3461.0,0.3333333333333333,0.0,0,0,0,4036.0,2.2505263157894735,0.0,0.0
CleverboyDev/TheUtilityMod,3497.0,3497.0,0.5,0.0,0,0,0,308.0,0.40310077519379844,0.0,0.0
ClickTravel/Cheddar,4141.0,3461.0,1.84,0.0,0,0,0,2094.0,0.0,0.0,0.0
ClickTravel/sqs-worker,3675.0,3598.0,0.0,0.0,0,0,0,90.0,0.7058823529411765,0.0,0.0
ClickerMonkey/Taskaroo,4612.0,4413.0,1.0,0.0,0,0,0,68.0,0.05555555555555555,0.0,0.0
Clinical3PO/Platform,3526.0,3464.0,0.0,0.0,0,0,0,6916.0,0.0,0.0,0.0
ClitherProject/Clither-Server,3541.0,3481.0,2.1,0.0,0,0,0,235.0,1.2465753424657535,0.0,0.0
Cloud-Pad/AverageClass,3463.0,3462.0,0.0,0.0,0,0,0,82.0,0.625,0.0,0.0
CloudBees-community/gasp-server,4665.0,4202.0,0.0,0.0,0,0,0,140.0,2.7333333333333334,0.0,0.0
CloudScale-Project/CloudStore,4358.0,3501.0,0.6666666666666666,0.0,0,0,0,825.0,2.241025641025641,0.0,0.0
CloudSlang/score,4010.0,3462.0,2.066666666666667,0.0,0,0,0,2573.0,1.388157894736842,0.0,0.0
Cloudhunter/CrafTech,4309.0,4302.0,0.0,0.0,0,0,0,847.0,6.84375,0.0,0.0
Cnly/BReplacer,4116.0,3985.0,0.5,0.0,0,0,0,58.0,1.3333333333333333,0.0,0.0
Cnly/Crafter,3966.0,3596.0,1.0,0.0,0,0,0,194.0,0.0,0.0,0.0
CoE4BD/HadoopHowTo,4463.0,3512.0,2.25,0.0,0,0,0,54.0,0.0,0.0,0.0
CoEIA/DEM,4228.0,4177.0,0.75,0.0,0,0,0,1927.0,1.2974358974358975,0.0,0.0
Coconuts2486-FRC/FRC-2016-Beta,3665.0,3665.0,0.0,0.0,0,0,0,48.0,0.0,0.0,0.0
CodeCrafter47/FreeBungeeChat,4067.0,3515.0,0.15384615384615385,0.0,0,0,0,166.0,1.7333333333333334,0.0,0.0
CodeFX-org/demo-serialization-proxy-pattern,4066.0,4063.0,0.5,0.0,0,0,0,30.0,0.0,0.0,0.0
CodeGerm/HBaseMate,3961.0,3531.0,0.5,0.0,0,0,0,80.0,0.0,0.0,0.0
CodeGerm/Pathogen,3917.0,3741.0,1.0,0.0,0,0,0,172.0,0.0,0.0,0.0
CodeLiners/SpatialRunes,4645.0,4536.0,0.4,0.0,0,0,0,214.0,0.0,0.0,0.0
CodeMyAss/MCProxy,4075.0,4075.0,0.0,0.0,0,0,0,122.0,0.13793103448275862,0.0,0.0
CodeQInvest/codeq-invest,4613.0,4258.0,8.0,0.0,0,0,0,807.0,0.02756892230576441,0.0,0.0
CodeShark/supernode-api,4712.0,4719.0,0.0,0.0,0,0,0,161.0,1.196078431372549,0.0,0.0
Codearte/accurest-maven-plugin,3551.0,3465.0,2.0,0.0,0,0,0,436.0,0.4745762711864407,0.0,0.0
Codeforces/codeforces-commons,4387.0,3465.0,4.0,0.0,0,0,0,502.0,0.0,0.0,0.0
CodetteNight/EECE-310-Team-12,4286.0,4274.0,0.0,0.0,0,0,0,452.0,0.0,0.0,0.0
Codeusa/CodeUSA-Custom-Titles,4335.0,4335.0,0.0,0.0,0,0,0,10.0,0.0,0.0,0.0
CodyJamesCasey/MinecraftBotBuddy,4062.0,4025.0,0.0,0.0,0,0,0,650.0,0.5076923076923077,0.0,0.0
CoffeMug/tetris,4375.0,4356.0,0.0,0.0,0,0,0,74.0,1.3043478260869565,0.0,0.0
CogDis/ItemScanner,5068.0,5005.0,0.5,0.0,0,0,0,22.0,0.0,0.0,0.0
Cognifide/Maven-CRX-Plugin,5255.0,3611.0,1.8888888888888888,0.0,0,0,0,91.0,1.206896551724138,0.0,0.0
CognitiveScale/project-example-java,4172.0,4164.0,0.5,0.0,0,0,0,72.0,0.0,0.0,0.0
ColdBloodedCoders/InfectedPlugin,4104.0,4102.0,0.0,0.0,0,0,0,34.0,0.0,0.0,0.0
Comcast/cmb,4834.0,3497.0,5.4,0.0,0,0,0,1296.0,1.5955678670360112,0.0,0.0
Comcast/flume2storm,4140.0,4022.0,1.5,0.0,0,0,0,2415.0,5.005797101449275,0.0,0.0
Comcast/zucchini,4086.0,3511.0,1.125,0.0,0,0,0,180.0,1.1929824561403508,0.0,0.0
ComiteGrimoire/GrimMinecraftModTuto,4689.0,4514.0,0.0,0.0,0,0,0,94.0,0.0,0.0,0.0
CommonGuy/AlienWar,4185.0,4166.0,2.0,0.0,0,0,0,166.0,0.0,0.0,0.0
Commonjava/atlas,4863.0,3484.0,0.625,0.0,0,0,0,1450.0,1.2776523702031604,0.0,0.0
Compurnee/Pockeemuns,4049.0,3935.0,0.0,0.0,0,0,0,20.0,0.0,0.0,0.0
Confluex/cookbook,4594.0,4526.0,0.6,0.0,0,0,0,134.0,0.0,0.0,0.0
ConnectingCities/AECFacadeProcessingLibrary,4618.0,4303.0,0.3333333333333333,0.0,0,0,0,110.0,0.0,0.0,0.0
Connorelsea/XShot,3956.0,3780.0,4.0,0.0,0,0,0,308.0,1.6470588235294117,0.0,0.0
ContextQuickie/ContextQuickie,3719.0,3463.0,0.4,0.0,0,0,0,248.0,0.0,0.0,0.0
ContinuumIO/nutchpy,4112.0,3727.0,1.1333333333333333,0.0,0,0,0,114.0,0.0,0.0,0.0
Contrast-Security-OSS/jinfinity,3674.0,3628.0,1.9,0.0,0,0,0,57.0,1.2777777777777777,0.0,0.0
Contron/JavaVPK,4276.0,4096.0,0.5,0.0,0,0,0,34.0,0.0,0.0,0.0
Coolway99/ToS_Forum_Mafia_Note_Taker,4170.0,3512.0,0.0,0.0,0,0,0,64.0,0.0,0.0,0.0
CopyToMyWs/sr.Java,3931.0,3931.0,0.0,0.0,0,0,0,32.0,0.0,0.0,0.0
CoreASM/coreasm.core,4872.0,3465.0,2.0,0.0,0,0,0,3274.0,0.0,0.0,0.0
CoreFiling/reviki,4292.0,3651.0,0.125,0.0,0,0,0,1261.0,0.037096774193548385,0.0,0.0
CoreModding/CORE-API,4326.0,4200.0,1.0,0.0,0,0,0,110.0,0.0,0.0,0.0
CoreModding/CoreModdingInstallerJava,4321.0,4202.0,0.0,0.0,0,0,0,34.0,0.0,0.0,0.0
CoreNetwork/Limbo,4121.0,3892.0,0.0,0.0,0,0,0,108.0,0.0,0.0,0.0
Cortex-Modders/CodeLyokoMod,4719.0,3530.0,2.2,0.0,0,0,0,1424.0,1.5297029702970297,0.0,0.0
Cosette99/TeamBlitzRobot2016,3663.0,3583.0,0.0,0.0,0,0,0,214.0,0.0,0.0,0.0
CowboyTesting/api-get-webrequest,4470.0,4470.0,0.0,0.0,0,0,0,82.0,0.0,0.0,0.0
CptSpaceToaster/CptsModdingLight,4464.0,3805.0,2.6923076923076925,0.0,0,0,0,391.0,0.015384615384615385,0.0,0.0
CrackHillCode/UtilityX,3853.0,3612.0,0.0,0.0,0,0,0,316.0,0.0,0.0,0.0
CraftIRC/4,4321.0,3465.0,2.0,0.0,0,0,0,245.0,1.1666666666666667,0.0,0.0
CraftOfClans/CraftOfClans,4133.0,4088.0,0.25,0.0,0,0,0,116.0,0.0,0.0,0.0
CrawlScript/WordCount,4037.0,4037.0,0.4,0.0,0,0,0,1060.0,0.0,0.0,0.0
CreativeMD/InGameConfigManager,3853.0,3465.0,0.5,0.0,0,0,0,204.0,0.0,0.0,0.0
CreativeMD/ItemPhysic,4185.0,3462.0,2.3333333333333335,0.0,0,0,0,44.0,0.0,0.0,0.0
CreativeMD/LittleTiles,3909.0,3462.0,3.0,0.0,0,0,0,266.0,0.0,0.0,0.0
Crigges/JMPQ-v3,3886.0,3545.0,1.0,0.0,0,0,0,74.0,0.0,0.0,0.0
Croberson12/Modular-Teleporters,4038.0,3854.0,0.0,0.0,0,0,0,432.0,0.6463414634146342,0.0,0.0
CrossGaming/CrossGaming-BukkitPlugins,4823.0,4520.0,0.8,0.0,0,0,0,1442.0,0.0,0.0,0.0
CruiseControl/cruisecontrol,5029.0,3682.0,1.1111111111111112,0.0,0,0,0,4658.0,0.0,0.0,0.0
Crunc/hamcrest-json-matchers,3976.0,3462.0,0.0,0.0,0,0,0,226.0,1.1232876712328768,0.0,0.0
CrushedPixel/CubicSplineDemo,3883.0,3883.0,1.0,0.0,0,0,0,34.0,0.0,0.0,0.0
CrushedPixel/PixelCamMod,3519.0,3512.0,2.5,0.0,0,0,0,202.0,2.08,0.0,0.0
CruxFramework/crux-maven-plugin,3742.0,3538.0,1.0,0.0,0,0,0,74.0,0.0,0.0,0.0
Crydust/TokenReplacer,4399.0,3904.0,0.0,0.0,0,0,0,117.0,1.3055555555555556,0.0,0.0
Crydust/owasp-esapi-onlyencryptedproperties,4625.0,4312.0,0.0,0.0,0,0,0,220.0,0.11428571428571428,0.0,0.0
CryoGenesis/GGU,4142.0,3954.0,0.5,0.0,0,0,0,228.0,0.0,0.0,0.0
Crypto-Expert/digitalcoinj,4412.0,4233.0,0.3333333333333333,0.0,0,0,0,1311.0,1.8846153846153846,0.0,0.0
Cube-Nation/MineCapes,4969.0,4364.0,1.3333333333333333,0.0,0,0,0,571.0,20.03846153846154,0.0,0.0
Cube-Space/Dynmap-Multiserver,4352.0,3484.0,0.3,0.0,0,0,0,186.0,1.032258064516129,0.0,0.0
CubeEngine/ReflecT,4440.0,3474.0,2.3333333333333335,0.0,0,0,0,660.0,1.3948717948717948,0.0,0.0
CubeEngine/modules-prototypes,4221.0,3503.0,0.0,0.0,0,0,0,250.0,0.0,0.0,0.0
CubexX/vkapi-lib,3795.0,3791.0,1.0,0.0,0,0,0,80.0,0.0,0.0,0.0
Cuddly-Algorithms/Intervals,3578.0,3578.0,0.0,0.0,0,0,0,20.0,0.0,0.0,0.0
Cue/greplin-bloom-filter,5369.0,4749.0,7.666666666666667,0.0,0,0,0,87.0,1.2962962962962963,0.0,0.0
Curtisdhi/PickleCraft,5011.0,4174.0,1.0,0.0,0,0,0,95.0,0.10869565217391304,0.0,0.0
CyanogenMod/android_external_gson,4535.0,3545.0,0.17647058823529413,0.0,0,0,0,1307.0,2.641843971631206,0.0,0.0
CyanogenMod/android_external_guava,5206.0,3541.0,0.1875,0.0,0,0,0,3363.0,0.9235447437011295,0.0,0.0
CyanogenMod/android_external_hamcrest,4907.0,3882.0,0.14285714285714285,0.0,0,0,0,66.0,0.0,0.0,0.0
CyanogenMod/android_external_nanohttpd,4058.0,4058.0,0.0,0.0,0,0,0,372.0,1.4953271028037383,0.0,0.0
Cybnate/NuBitsj,4016.0,3470.0,3.0,0.0,0,0,0,12227.0,13.49936628643853,0.0,0.0
CyclopsMC/CyclopsCore,3907.0,3463.0,0.75,0.0,0,0,0,1911.0,2.01890756302521,0.0,0.0
CyclopsMC/StructuredCrafting,3827.0,3494.0,1.5,0.0,0,0,0,199.0,0.48148148148148145,0.0,0.0
Cyntain/Fuelsmod,4629.0,4552.0,1.0,0.0,0,0,0,348.0,0.0,0.0,0.0
Cypher121/Skills,3613.0,3584.0,1.0,0.0,0,0,0,101.0,0.0196078431372549,0.0,0.0
D4rKDeagle/EnderChestViewer,4568.0,4368.0,0.0,0.0,0,0,0,32.0,0.0,0.0,0.0
DANS-KNAW/dccd-http,3841.0,3681.0,0.0,0.0,0,0,0,194.0,0.0,0.0,0.0
DANS-KNAW/dccd-webui,3841.0,3652.0,0.0,0.0,0,0,0,2260.0,0.0,0.0,0.0
DAT055-2/OpenFlisp,4332.0,4306.0,0.0,0.0,0,0,0,392.0,1.5178571428571428,0.0,0.0
DBCDK/fcrepo-3.5-patched,4609.0,3770.0,0.0,0.0,0,0,0,5921.0,0.0037212449255751017,0.0,0.0
DDoS/MCCasino,5109.0,5018.0,0.6666666666666666,0.0,0,0,0,98.0,0.1276595744680851,0.0,0.0
DDoS/QuickSign,5109.0,4926.0,0.5,0.0,0,0,0,104.0,0.0,0.0,0.0
DICE-UNC/jargon-modeshape,4310.0,3631.0,0.5,0.0,0,0,0,1819.0,0.19133574007220217,0.0,0.0
DJBiokinetix/DeathSpawn,4175.0,4175.0,0.0,0.0,0,0,0,8.0,0.0,0.0,0.0
DJBiokinetix/MCCommands,4176.0,4176.0,0.0,0.0,0,0,0,8.0,0.0,0.0,0.0
DMDirc/Parser,5803.0,3460.0,0.25,0.0,0,0,0,478.0,0.0,0.0,0.0
DSH105/HoloAPI,4315.0,4009.0,1.4,0.0,0,0,0,356.0,0.06936416184971098,0.0,0.0
DSH105/Interact,4004.0,4000.0,1.0,0.0,0,0,0,134.0,0.15873015873015872,0.0,0.0
DSH105/MenuAPI,4218.0,4124.0,0.6666666666666666,0.0,0,0,0,54.0,0.15384615384615385,0.0,0.0
DV8FromTheWorld/JDA,3656.0,3462.0,2.4285714285714284,0.0,0,0,0,1444.0,2.986206896551724,0.0,0.0
DaFlight/DaFlightCommon,3998.0,3753.0,0.6666666666666666,0.0,0,0,0,178.0,0.0,0.0,0.0
DaGeRe/KoPeMe,4456.0,3480.0,0.5,0.0,0,0,0,1474.0,2.0549450549450547,0.0,0.0
DaanVanYperen/artemis-odb-contrib,4157.0,3499.0,3.3,0.0,0,0,0,876.0,0.0514018691588785,0.0,0.0
Dabomstew/pokemon-routetwo,4624.0,3821.0,0.0,0.0,0,0,0,92.0,0.0,0.0,0.0
Dahie/imageflow,6273.0,4965.0,2.75,0.0,0,0,0,1062.0,0.8073878627968337,0.0,0.0
Dahnark/Recursos,4005.0,3918.0,0.4375,0.0,0,0,0,20.0,0.0,0.0,0.0
DaiDongLiang/DSC,3774.0,3561.0,0.8,0.0,0,0,0,1903.0,0.005263157894736842,0.0,0.0
DamianJMurphy/SpineTools-Java,3813.0,3792.0,1.0,0.0,0,0,0,134.0,0.0,0.0,0.0
Damiya/legendary,4344.0,4307.0,1.5,0.0,0,0,0,1880.0,0.0,0.0,0.0
DanChianucci/ArduinoEclipsePlugin,5225.0,5184.0,1.75,0.0,0,0,0,188.0,0.0,0.0,0.0
Daniel-Dos/DanielDias-MongoDB,3516.0,3461.0,2.5,0.0,0,0,0,230.0,2.2181818181818183,0.0,0.0
Daniel69/php-builtin-web-server-plugin,3794.0,3795.0,0.0,0.0,0,0,0,121.0,2.1,0.0,0.0
DanielGronau/highj,3916.0,3460.0,3.6666666666666665,0.0,0,0,0,1758.0,1.6213991769547325,0.0,0.0
DanielThomas/spring-boot-starter-netty,4043.0,3697.0,1.6470588235294117,0.0,0,0,0,204.0,0.4523809523809524,0.0,0.0
Daquer/Isencao,4360.0,4352.0,0.0,0.0,0,0,0,290.0,1.5421686746987953,0.0,0.0
Darigitin/funWork,3578.0,3515.0,0.0,0.0,0,0,0,128.0,0.0,0.0,0.0
DarkFalconQS/agent_oriented_programming,4416.0,4348.0,0.5,0.0,0,0,0,36.0,0.0,0.0,0.0
DarkSoulKTN/HyperPVP,4322.0,4317.0,0.0,0.0,0,0,0,120.0,0.0,0.0,0.0
DarkToast/java-akka-spring-example,4225.0,3797.0,1.0,0.0,0,0,0,73.0,1.125,0.0,0.0
Darkhax-Minecraft/Tesla,3515.0,3461.0,4.166666666666667,0.0,0,0,0,436.0,2.4242424242424243,0.0,0.0
DarthJDG/OpenPrince,4767.0,4755.0,1.3333333333333333,0.0,0,0,0,132.0,0.0,0.0,0.0
Daskie/Crazy8-CPE-103,4078.0,4020.0,0.0,0.0,0,0,0,406.0,0.0,0.0,0.0
Data2Semantics/mustard,4339.0,3734.0,1.2,0.0,0,0,0,717.0,0.031073446327683617,0.0,0.0
DataDog/jmxfetch,4527.0,3468.0,1.2941176470588236,0.0,0,0,0,258.0,1.0232558139534884,0.0,0.0
DataSketches/sketches-core,3822.0,3462.0,3.4903846153846154,0.0,0,0,0,1046.0,2.09375,0.0,0.0
DataSketches/sketches-hive,3822.0,3463.0,1.0,0.0,0,0,0,237.0,2.509433962264151,0.0,0.0
DataSketches/sketches-pig,3822.0,3471.0,0.8,0.0,0,0,0,503.0,2.855769230769231,0.0,0.0
DataTorrent/examples,3722.0,3462.0,0.3,0.0,0,0,0,1384.0,0.0,0.0,0.0
DavePearce/jx86,4475.0,3503.0,0.3333333333333333,0.0,0,0,0,78.0,2.4444444444444446,0.0,0.0
DaveRead/semantic_workbench,5544.0,3562.0,3.0,0.0,0,0,0,443.0,0.7987421383647799,0.0,0.0
DavidATGreen/stronghold-kingdoms-castle-designer,3875.0,3651.0,0.375,0.0,0,0,0,292.0,1.3409090909090908,0.0,0.0
DavidEspino/api,4278.0,3874.0,0.0,0.0,0,0,0,38.0,0.0,0.0,0.0
DavidGoldman/BetterSpawnEggs,4544.0,4168.0,1.5,0.0,0,0,0,40.0,0.0,0.0,0.0
DavidGoldman/MinecraftScripting,4505.0,4168.0,1.5,0.0,0,0,0,296.0,0.0,0.0,0.0
DavidGoldman/PaintingSelectionGui,4534.0,4168.0,0.6666666666666666,0.0,0,0,0,40.0,0.0,0.0,0.0
DavidOrchard/todo-jersey,4241.0,4231.0,0.0,0.0,0,0,0,199.0,0.7916666666666666,0.0,0.0
DavidScript/Print-My-Code,3911.0,3911.0,0.5,0.0,0,0,0,6.0,0.0,0.0,0.0
DavidValeri/blog-pax-exam-servicemix,4473.0,4472.0,0.14285714285714285,0.0,0,0,0,100.0,0.0,0.0,0.0
DavidWhitlock/PortlandStateJavaSummer2016,3463.0,3463.0,0.6666666666666666,0.0,0,0,0,190.0,0.0,0.0,0.0
DawsonG/PathTooLong,4404.0,4391.0,2.3333333333333335,0.0,0,0,0,10.0,0.0,0.0,0.0
DeBortoliWines/openerp-java-api,4591.0,3588.0,0.64,0.0,0,0,0,148.0,1.8461538461538463,0.0,0.0
Deaboy/Manhunt,5191.0,4438.0,1.5,0.0,0,0,0,276.0,0.0,0.0,0.0
Deadrik/TFC2,4006.0,3462.0,3.3076923076923075,0.0,0,0,0,12496.0,1.1409901985423474,0.0,0.0
DealerDotCom/metrics-spring-graphite,4759.0,4758.0,0.5,0.0,0,0,0,62.0,0.0,0.0,0.0
Deanveloper/TellrawAPI,4270.0,3928.0,0.0,0.0,0,0,0,30.0,0.0,0.0,0.0
DecadentOasis/DecadentOasis,4218.0,4150.0,0.0,0.0,0,0,0,54.0,0.0,0.0,0.0
DeemOpen/zkui,4226.0,3463.0,1.6551724137931034,0.0,0,0,0,288.0,0.9,0.0,0.0
Deepakkoli93/baadal,3592.0,3539.0,0.0,0.0,0,0,0,3262.0,1.4686503719447397,0.0,0.0
Deepankar01/SearchWorm,3752.0,3660.0,0.0,0.0,0,0,0,1140.0,0.0,0.0,0.0
Deepfreeze32/SimpleDHT,4458.0,4455.0,0.5,0.0,0,0,0,43.0,0.6470588235294118,0.0,0.0
Defra/sample-service,3960.0,3926.0,1.3333333333333333,0.0,0,0,0,128.0,0.0,0.0,0.0
DemandCube/NeverwinterDP-Commons,4241.0,3982.0,0.125,0.0,0,0,0,1410.0,0.0,0.0,0.0
DemandCube/Scribengin,4418.0,3854.0,1.0,0.0,0,0,0,1575.0,0.0012690355329949238,0.0,0.0
DemandCube/Sparkngin,4427.0,4081.0,1.6842105263157894,0.0,0,0,0,237.0,0.008403361344537815,0.0,0.0
DemigodsRPG/Demigods3,4672.0,3765.0,1.3333333333333333,0.0,0,0,0,1033.0,2.3305439330543933,0.0,0.0
DemigodsRPG/DemigodsRPG,4160.0,3837.0,1.0,0.0,0,0,0,402.0,0.0,0.0,0.0
DemigodsRPG/demigames,3938.0,3747.0,0.6666666666666666,0.0,0,0,0,170.0,0.0,0.0,0.0
DemoProjects120/spring-demo-mvc,3818.0,3764.0,0.0,0.0,0,0,0,121.0,0.6170212765957447,0.0,0.0
DemocracyApps/GraphAnalyzer,4014.0,3969.0,0.0,0.0,0,0,0,130.0,0.0,0.0,0.0
Dempsy/Dempsy-examples,4982.0,4436.0,1.3333333333333333,0.0,0,0,0,330.0,1.2871287128712872,0.0,0.0
DennisRippinger/spade,4291.0,3568.0,0.0,0.0,0,0,0,670.0,0.0,0.0,0.0
DennisRippinger/wmTestHelper,3620.0,3607.0,0.0,0.0,0,0,0,235.0,1.0,0.0,0.0
Derek-Ashmore/moneta,3991.0,3596.0,0.9,0.0,0,0,0,448.0,0.0,0.0,0.0
Dev-Freaks/teak-api,3566.0,3563.0,0.0,0.0,0,0,0,106.0,1.2727272727272727,0.0,0.0
DevBoost/DevBoostShared,4257.0,3722.0,0.0,0.0,0,0,0,52.0,0.0,0.0,0.0
DevChat/rblinks,4423.0,4407.0,0.0,0.0,0,0,0,40.0,0.0,0.0,0.0
DevComPack/setupmaker,3965.0,3599.0,3.3333333333333335,0.0,0,0,0,620.0,0.012944983818770227,0.0,0.0
DevOps-TangoMe/flume-bigquery,4158.0,4157.0,0.3333333333333333,0.0,0,0,0,96.0,1.92,0.0,0.0
DevOps-TangoMe/flume-elasticsearch,4378.0,4154.0,0.0,0.0,0,0,0,86.0,1.3846153846153846,0.0,0.0
DevWars/devwars.tv,3614.0,3479.0,2.5,0.0,0,0,0,2256.0,0.0,0.0,0.0
DevelopersinLearning/bccProject,4121.0,4114.0,0.0,0.0,0,0,0,28.0,0.0,0.0,0.0
Devexperts/TDP,3598.0,3598.0,0.5,0.0,0,0,0,58.0,1.75,0.0,0.0
DeviantArt/kafka-connect-s3,3582.0,3462.0,1.6,0.0,0,0,0,99.0,1.2580645161290323,0.0,0.0
Dexesttp/hkxpack,3623.0,3536.0,2.3333333333333335,0.0,0,0,0,677.0,1.0585585585585586,0.0,0.0
DhyanB/Open-Imaging,4096.0,4076.0,3.0,0.0,0,0,0,114.0,0.14814814814814814,0.0,0.0
DiceTechJobs/SolrPlugins,3720.0,3660.0,4.428571428571429,0.0,0,0,0,201.0,1.171875,0.0,0.0
DigitalPebble/TextClassification,5095.0,3758.0,1.8888888888888888,0.0,0,0,0,298.0,3.0,0.0,0.0
DigitalPebble/tescobank,3769.0,3737.0,1.0,0.0,0,0,0,58.0,1.1578947368421053,0.0,0.0
DigitalPebble/textclassification-examples,5578.0,3758.0,2.0,0.0,0,0,0,102.0,2.9523809523809526,0.0,0.0
Dimensions/Dimensions,3924.0,3821.0,3.5,0.0,0,0,0,84.0,0.0,0.0,0.0
DimitrisAndreou/flexigraph,3930.0,3930.0,1.0,0.0,0,0,0,1578.0,0.7196765498652291,0.0,0.0
DineshKumarBose/LeafAccounts,3644.0,3635.0,0.3333333333333333,0.0,0,0,0,410.0,1.8148148148148149,0.0,0.0
DineshKumarBose/LeafSchool,3644.0,3558.0,0.0,0.0,0,0,0,573.0,1.91156462585034,0.0,0.0
Diorite/Diorite,3779.0,3466.0,3.5714285714285716,0.0,0,0,0,6581.0,1.1407442748091603,0.0,0.0
DirectMyFile/JPower,4475.0,3865.0,0.6666666666666666,0.0,0,0,0,713.0,0.8373015873015873,0.0,0.0
DiscoveryGroup/bmvis2,4949.0,3491.0,0.5,0.0,0,0,0,510.0,0.0,0.0,0.0
Disguiser-w/SE2,3745.0,3633.0,0.25,0.0,0,0,0,7010.0,0.0,0.0,0.0
DistantEye/EP_Utilities,3766.0,3537.0,1.5,0.0,0,0,0,286.0,0.0,0.0,0.0
DittmarSteiner/xhtml-entities,3953.0,3951.0,1.0,0.0,0,0,0,68.0,1.5,0.0,0.0
DivineOmega/AutoTwit,3763.0,3471.0,1.0,0.0,0,0,0,38.0,0.0,0.0,0.0
DoctorAlpaca/dictionary,4046.0,3664.0,1.0,0.0,0,0,0,158.0,2.7058823529411766,0.0,0.0
Doist/TodoistModels,4123.0,3461.0,1.6666666666666667,0.0,0,0,0,91.0,0.90625,0.0,0.0
DomHeal/JavaFX-Chat,3705.0,3506.0,1.5,0.0,0,0,0,134.0,0.06060606060606061,0.0,0.0
DominicWatson/embedded-lucee-undertow-factory,3849.0,3848.0,0.5,0.0,0,0,0,69.0,1.55,0.0,0.0
Domo42/saga-lib,4574.0,3471.0,0.8571428571428571,0.0,0,0,0,848.0,2.4041450777202074,0.0,0.0
DoubleDoorDevelopment/CrayCrafting,4145.0,3749.0,0.25,0.0,0,0,0,155.0,2.2432432432432434,0.0,0.0
DoubleDoorDevelopment/D3Core,4139.0,3467.0,0.6666666666666666,0.0,0,0,0,217.0,2.0555555555555554,0.0,0.0
DoubleDoorDevelopment/Let-it-Burn,4147.0,3921.0,0.5,0.0,0,0,0,78.0,2.0,0.0,0.0
DoubleDoorDevelopment/Lumberjack,4142.0,3869.0,0.0,0.0,0,0,0,203.0,1.4745762711864407,0.0,0.0
DoubleDoorDevelopment/PlaceableTools,4150.0,3783.0,0.3333333333333333,0.0,0,0,0,228.0,1.9655172413793103,0.0,0.0
DoubleDoorDevelopment/TorchTools,4154.0,3725.0,1.0,0.0,0,0,0,61.0,2.2,0.0,0.0
DougEdey/SB_Elsinore_Server,4663.0,3480.0,2.1052631578947367,0.0,0,0,0,412.0,0.0,0.0,0.0
DoughnutDev/DonutCraft,4126.0,4112.0,0.5,0.0,0,0,0,1178.0,0.9207920792079208,0.0,0.0
Dove-Bren/QuestManager,3481.0,3463.0,1.0,0.0,0,0,0,1033.0,1.4046052631578947,0.0,0.0
DrDub/gitrecommender,4046.0,3668.0,0.0,0.0,0,0,0,56.0,1.0526315789473684,0.0,0.0
Draco18s/Artifacts,4449.0,3756.0,1.625,0.0,0,0,0,1186.0,0.0,0.0,0.0
DragonTechMC/DTEssentials,3636.0,3461.0,0.0,0.0,0,0,0,226.0,1.0,0.0,0.0
DragonetMC/Dragonet,3591.0,3483.0,2.6666666666666665,0.0,0,0,0,279.0,1.1222222222222222,0.0,0.0
DreamHackers/test,4064.0,4057.0,0.0,0.0,0,0,0,10.0,0.0,0.0,0.0
DreanorBukkit/PvPTitles,4722.0,4685.0,0.0,0.0,0,0,0,34.0,0.0,0.0,0.0
Dtroll/FuturologyMod,4532.0,4496.0,3.5,0.0,0,0,0,118.0,0.0,0.0,0.0
Dubliner/CS440_MPs,4464.0,4394.0,0.0,0.0,0,0,0,280.0,0.0,0.0,0.0
Dularl/szte-prf-taskmanager,3536.0,3497.0,0.5,0.0,0,0,0,547.0,2.5371900826446283,0.0,0.0
Dykam/AutoRegen,3945.0,3569.0,0.0,0.0,0,0,0,72.0,0.0,0.0,0.0
Dynamic-Dependency-Injection/dynamic-cdi-examples,3786.0,3496.0,0.3333333333333333,0.0,0,0,0,288.0,0.0,0.0,0.0
Dynatrace/Dynatrace-JBoss-7-Datasource-Monitoring-Plugin,4094.0,3812.0,0.3333333333333333,0.0,0,0,0,54.0,0.0,0.0,0.0
E4Examples/importworkbenchbridge,4346.0,4334.0,0.0,0.0,0,0,0,206.0,0.0,0.0,0.0
EBIvariation/eva-v2,3723.0,3469.0,0.25,0.0,0,0,0,246.0,0.0,0.0,0.0
EBIvariation/variation-commons,3729.0,3680.0,0.0,0.0,0,0,0,189.0,1.1833333333333333,0.0,0.0
ECSE321/TD,3909.0,3904.0,0.0,0.0,0,0,0,116.0,0.0,0.0,0.0
EDACC/edacc_aac,4519.0,4482.0,0.5,0.0,0,0,0,293.0,0.006802721088435374,0.0,0.0
EDACC/edacc_api,4519.0,4483.0,0.5,0.0,0,0,0,126.0,0.0,0.0,0.0
EMLab/emlab-generation,4767.0,3718.0,0.2222222222222222,0.0,0,0,0,678.0,0.0,0.0,0.0
EMNJavaProject/Immutable_collections_java8,4232.0,4204.0,0.5,0.0,0,0,0,62.0,0.0,0.0,0.0
ENGYS/HELYX-OS,3617.0,3615.0,4.5,0.0,0,0,0,2532.0,0.0,0.0,0.0
ESGF/esgf-security,4842.0,3491.0,0.4,0.0,0,0,0,854.0,0.00468384074941452,0.0,0.0
EXIficient/exificient,3686.0,3506.0,2.5,0.0,0,0,0,1015.0,0.6484375,0.0,0.0
EXTER7/OreDictionaryConverter,4744.0,3497.0,2.6,0.0,0,0,0,272.0,1.7027027027027026,0.0,0.0
EXTER7/Substratum,3617.0,3460.0,1.0,0.0,0,0,0,2742.0,1.0831460674157303,0.0,0.0
EaW1805/engine,3988.0,3469.0,0.5,0.0,0,0,0,2645.0,3.11003861003861,0.0,0.0
EarthSquare/USA-AQI-parser,4264.0,4264.0,0.5,0.0,0,0,0,6.0,0.0,0.0,0.0
EasyBatch/easybatch-framework,4872.0,3464.0,3.2,0.0,0,0,0,2599.0,1.247191011235955,0.0,0.0
EasyMFnE/DeadHorses,4244.0,3479.0,0.3333333333333333,0.0,0,0,0,75.0,1.2083333333333333,0.0,0.0
EasyMFnE/Dice,4246.0,4239.0,0.0,0.0,0,0,0,62.0,0.9090909090909091,0.0,0.0
EasysoftCompany/LPTI3,3995.0,3970.0,0.0,0.0,0,0,0,640.0,0.0,0.0,0.0
Ecwid/consul-api,4115.0,3520.0,2.0,0.0,0,0,0,518.0,3.0,0.0,0.0
Ecwid/ecwid-mailchimp,4851.0,3686.0,0.8924731182795699,0.0,0,0,0,589.0,1.2119565217391304,0.0,0.0
EddieVanHalen98/vision,3525.0,3462.0,1.6666666666666667,0.0,0,0,0,144.0,0.0,0.0,0.0
EduardBaer/FightCountdown,5379.0,5375.0,1.0,0.0,0,0,0,24.0,0.0,0.0,0.0
EduardoSanchezRustom/SistemaTDR,4439.0,3837.0,0.0,0.0,0,0,0,236.0,0.0,0.0,0.0
EdwardLee03/jedis-sr,4048.0,3972.0,0.0,0.0,0,0,0,144.0,0.11594202898550725,0.0,0.0
EdwardLee03/spring-mvc-demo,3800.0,3639.0,0.5,0.0,0,0,0,299.0,1.4204545454545454,0.0,0.0
EdwardLee03/spring-scheduling-sr,4105.0,4066.0,0.6,0.0,0,0,0,191.0,1.015625,0.0,0.0
Effervex/DagYo,4413.0,3673.0,2.0,0.0,0,0,0,240.0,0.0,0.0,0.0
Egga/higher-order-java,4046.0,4038.0,0.5,0.0,0,0,0,106.0,0.8421052631578947,0.0,0.0
Eggop92/ADSI_Obvial2,3875.0,3875.0,0.0,0.0,0,0,0,842.0,0.0,0.0,0.0
EinsamHauer/disthene-dumper,3769.0,3714.0,0.0,0.0,0,0,0,70.0,1.2727272727272727,0.0,0.0
EinsamHauer/disthene-reader,4037.0,3464.0,1.8333333333333333,0.0,0,0,0,696.0,1.2465116279069768,0.0,0.0
Ekryd/sortpom,3929.0,3463.0,7.0,0.0,0,0,0,678.0,1.1481481481481481,0.0,0.0
Ekryd/structure-maven-plugin,3960.0,3945.0,0.0,0.0,0,0,0,128.0,0.8888888888888888,0.0,0.0
ElasticsearchTraining/ElasticsearchJavaSample,3859.0,3631.0,0.0,0.0,0,0,0,160.0,1.1153846153846154,0.0,0.0
Eldelshell/JobHunter,4127.0,3743.0,2.0,0.0,0,0,0,536.0,0.0,0.0,0.0
Electro-Games/ElectroGames-Mod,3510.0,3508.0,0.0,0.0,0,0,0,187.0,1.4363636363636363,0.0,0.0
Eleks-Internship/Stohryn.Dmytro,3485.0,3484.0,0.0,0.0,0,0,0,172.0,0.0,0.0,0.0
ElianaFerioli/gestesimperio,3493.0,3486.0,1.5,0.0,0,0,0,90.0,0.0,0.0,0.0
Ellzord/JALSE,4046.0,3460.0,4.541666666666667,0.0,0,0,0,683.0,1.8920454545454546,0.0,0.0
Elopteryx/upload-parser,3973.0,3473.0,2.5,0.0,0,0,0,488.0,1.3333333333333333,0.0,0.0
ElsewhereGames/Logging,5268.0,3751.0,0.5,0.0,0,0,0,75.0,0.75,0.0,0.0
Eluinhost/FancyFreeze,3731.0,3467.0,0.5,0.0,0,0,0,500.0,1.4383561643835616,0.0,0.0
Emberwalker/Pulsar,4209.0,3558.0,1.5,0.0,0,0,0,191.0,2.5952380952380953,0.0,0.0
Emergya/DataTransfer,5160.0,5057.0,0.8333333333333334,0.0,0,0,0,80.0,1.4166666666666667,0.0,0.0
Emergya/StandardBreadCrumb,5139.0,5047.0,0.75,0.0,0,0,0,194.0,2.6666666666666665,0.0,0.0
Emergya/smartcity-routing,4089.0,4063.0,0.0,0.0,0,0,0,78.0,0.0,0.0,0.0
EnSoftCorp/android-essentials-toolbox,4024.0,3618.0,1.0,0.0,0,0,0,180.0,0.0,0.0,0.0
Entercode/Procon2014,4099.0,3984.0,0.0,0.0,0,0,0,28.0,0.0,0.0,0.0
Enterprise-Content-Management/documentum-rest-client-java,3563.0,3463.0,1.6,0.0,0,0,0,1005.0,3.5027322404371586,0.0,0.0
ErfanY/beatflux,3540.0,3463.0,0.0,0.0,0,0,0,251.0,2.1475409836065573,0.0,0.0
Eric-Gonzalez/WordFrequency,4268.0,4265.0,0.0,0.0,0,0,0,83.0,0.65625,0.0,0.0
Ericsson/eiffel-remrem-shared,3514.0,3486.0,0.5,0.0,0,0,0,46.0,1.2,0.0,0.0
Erigitic/TotalEconomy,3881.0,3463.0,1.4285714285714286,0.0,0,0,0,133.0,1.1395348837209303,0.0,0.0
EsauPR/Digital-Image-Processing,3684.0,3523.0,0.0,0.0,0,0,0,94.0,0.0,0.0,0.0
Esaych/DonutClicker,3630.0,3561.0,1.0,0.0,0,0,0,156.0,0.0,0.0,0.0
Escapecraft/FalseBook,4696.0,4461.0,0.6666666666666666,0.0,0,0,0,668.0,0.0,0.0,0.0
EsmerilProgramming/overtown,4288.0,3877.0,2.5,0.0,0,0,0,698.0,0.5735294117647058,0.0,0.0
EsotericSoftware/clippy,4066.0,3472.0,12.5,0.0,0,0,0,92.0,0.0,0.0,0.0
EsotericSoftware/dnsmadeeasy,4062.0,3650.0,1.3333333333333333,0.0,0,0,0,30.0,0.0,0.0,0.0
EsotericSoftware/kryonetty,4235.0,4234.0,2.1818181818181817,0.0,0,0,0,64.0,0.0,0.0,0.0
EsotericSoftware/scar,4422.0,3521.0,4.666666666666667,0.0,0,0,0,52.0,0.0,0.0,0.0
EspeonRS/pegasia,3682.0,3681.0,1.0,0.0,0,0,0,302.0,0.0,0.0,0.0
Esquive/iticrawler,4171.0,3853.0,0.5,0.0,0,0,0,237.0,1.103896103896104,0.0,0.0
Esri/arcgis-runtime-samples-java,3777.0,3461.0,0.25,0.0,0,0,0,1946.0,0.09237379162191192,0.0,0.0
Esri/cluster-simulator-for-geoevent,4050.0,3583.0,0.0,0.0,0,0,0,125.0,0.35185185185185186,0.0,0.0
Esri/httpPoll-for-geoevent,4352.0,3583.0,1.0,0.0,0,0,0,81.0,0.59375,0.0,0.0
Esri/solutions-geoevent-java,4526.0,3581.0,0.5294117647058824,0.0,0,0,0,3878.0,0.0,0.0,0.0
EsriDE/OpenDataBridge,4666.0,4224.0,2.0,0.0,0,0,0,1353.0,1.011111111111111,0.0,0.0
EstiNet/gFeatures,3757.0,3461.0,0.3333333333333333,0.0,0,0,0,962.0,0.0,0.0,0.0
EsupPortail/esup-koha,3878.0,3490.0,0.0,0.0,0,0,0,375.0,1.5904761904761904,0.0,0.0
EsupPortail/esup-smsu,4221.0,3575.0,0.0,0.0,0,0,0,596.0,0.0,0.0,0.0
EsupPortail/esup-smsu-api-admin,4446.0,4092.0,0.0,0.0,0,0,0,366.0,0.0,0.0,0.0
EterniaLogic/EssencePVPMod,4098.0,4038.0,0.3333333333333333,0.0,0,0,0,530.0,1.5,0.0,0.0
EtiennePerot/fuse-jna,5084.0,3572.0,2.5238095238095237,0.0,0,0,0,417.0,2.8160919540229883,0.0,0.0
EtiennePerot/srcdemo2,5076.0,3472.0,2.0,0.0,0,0,0,6036.0,0.0006626905235255136,0.0,0.0
EuroSentiment/eurosentiment-tutorial-java,4197.0,4187.0,2.0,0.0,0,0,0,115.0,1.3428571428571427,0.0,0.0
EvanWright/BankManager,3865.0,3855.0,0.5,0.0,0,0,0,230.0,1.625,0.0,0.0
Evenprime/NoCheat,5416.0,5029.0,1.4230769230769231,0.0,0,0,0,228.0,0.0,0.0,0.0
Evenprime/NoPwnage,5046.0,5008.0,1.0,0.0,0,0,0,34.0,0.0,0.0,0.0
Evervolv/android_external_guava,4905.0,4780.0,0.2,0.0,0,0,0,2725.0,0.369244135534318,0.0,0.0
EveryoneJavaBlog/everyone-java-blog,3509.0,3461.0,0.75,0.0,0,0,0,1175.0,1.5884146341463414,0.0,0.0
EverythingMe/inbloom,3801.0,3780.0,18.142857142857142,0.0,0,0,0,116.0,0.0,0.0,0.0
Evil-Co/SwingWizard,4311.0,4093.0,0.5,0.0,0,0,0,85.0,0.71875,0.0,0.0
ExLibrisGroup/Rosetta.dps-sdk-projects,3936.0,3549.0,0.6666666666666666,0.0,0,0,0,5090.0,0.0,0.0,0.0
Eximius88/ModularPowersuitsAddons,4338.0,4047.0,0.7777777777777778,0.0,0,0,0,1703.0,0.8228476821192053,0.0,0.0
ExtraCells/ExtraCells1,4571.0,3902.0,1.9411764705882353,0.0,0,0,0,1964.0,2.5299539170506913,0.0,0.0
ExtraCells/ExtraCells2,4327.0,3467.0,1.829268292682927,0.0,0,0,0,2472.0,1.638235294117647,0.0,0.0
Extrace/Extrace_Web,3887.0,3879.0,0.0,0.0,0,0,0,193.0,0.11956521739130435,0.0,0.0
FBergeron/javasol,5657.0,5123.0,0.8,0.0,0,0,0,253.0,0.007874015748031496,0.0,0.0
FINRAOS/HiveQLUnit,3569.0,3472.0,3.0,0.0,0,0,0,267.0,2.4098360655737703,0.0,0.0
FIRST-FRC-Team-2028/2014,4413.0,4284.0,1.5,0.0,0,0,0,414.0,0.0,0.0,0.0
FITeagle/api,4354.0,3534.0,0.0,0.0,0,0,0,114.0,0.0,0.0,0.0
FIXTradingCommunity/silverflash,3748.0,3477.0,4.5,0.0,0,0,0,1283.0,2.385665529010239,0.0,0.0
FRC-1294/frc2016,3711.0,3512.0,0.3333333333333333,0.0,0,0,0,132.0,0.0,0.0,0.0
FRC-Team-1123/Robot2013,4741.0,4641.0,0.0,0.0,0,0,0,906.0,0.0,0.0,0.0
FRC-Team1777/VikingsBot-2012,5046.0,5021.0,1.0,0.0,0,0,0,118.0,0.0,0.0,0.0
FRC4564/NatashaToo,4317.0,3805.0,0.0,0.0,0,0,0,52.0,0.0,0.0,0.0
FRosner/mustached-hive-udfs,3980.0,3961.0,2.0,0.0,0,0,0,60.0,0.9523809523809523,0.0,0.0
FabioZumbi12/RedProtect,3870.0,3467.0,0.7,0.0,0,0,0,198.0,0.0,0.0,0.0
FabricaDeSoftwareINF/Mural-UFG,4163.0,4037.0,0.2916666666666667,0.0,0,0,0,44.0,0.0,0.0,0.0
Faedrivin/datathonms2014,4027.0,4026.0,0.0,0.0,0,0,0,24.0,0.0,0.0,0.0
FamilySearch/Gedcom,4981.0,3500.0,0.6666666666666666,0.0,0,0,0,309.0,0.8272727272727273,0.0,0.0
Fantast/nand2tetris-implementation,4137.0,3474.0,0.0,0.0,0,0,0,1300.0,0.0,0.0,0.0
FastAndFurious/fnf.simulator,3825.0,3523.0,0.0,0.0,0,0,0,144.0,0.0,0.0,0.0
FawtyTwo/Coldcraft,3608.0,3604.0,0.5,0.0,0,0,0,24.0,0.0,0.0,0.0
Faylixe/googlecodejam-cli,3577.0,3516.0,1.0,0.0,0,0,0,74.0,0.9230769230769231,0.0,0.0
Faylixe/googlecodejam-client,3667.0,3534.0,2.6666666666666665,0.0,0,0,0,238.0,0.7272727272727273,0.0,0.0
FedUni/caliko,3662.0,3602.0,2.6666666666666665,0.0,0,0,0,383.0,3.5,0.0,0.0
Feng14/MiniWeChat-Server,3935.0,3876.0,1.1397849462365592,0.0,0,0,0,368.0,0.0,0.0,0.0
FenixEdu/bennu-oauth,4014.0,3877.0,0.3333333333333333,0.0,0,0,0,1062.0,8.431372549019608,0.0,0.0
FenixEdu/fenixedu-academic,4592.0,3461.0,1.5925925925925926,0.0,0,0,0,23784.0,1.6453639846743295,0.0,0.0
FenixEdu/fenixedu-commons,4606.0,3675.0,0.25,0.0,0,0,0,232.0,1.2054794520547945,0.0,0.0
Feolive/EmploymentWebsite,3852.0,3518.0,0.0,0.0,0,0,0,1619.0,0.05449936628643853,0.0,0.0
Fewlaps/quitnow-cache,3742.0,3472.0,3.9375,0.0,0,0,0,110.0,0.43478260869565216,0.0,0.0
FiaDot/spring-ws-rabbit-chat,4177.0,4172.0,0.0,0.0,0,0,0,85.0,0.12195121951219512,0.0,0.0
FindHao/FetchUpdate,4117.0,3966.0,0.0,0.0,0,0,0,60.0,0.0,0.0,0.0
FireBall1725/ae2ee3emcaddon,3856.0,3627.0,1.6666666666666667,0.0,0,0,0,65.0,0.09375,0.0,0.0
Fitbit/fitbit4j,5211.0,3716.0,0.5584415584415584,0.0,0,0,0,673.0,1.2608695652173914,0.0,0.0
FitburIO/framework,4107.0,3826.0,0.0,0.0,0,0,0,4329.0,1.2785768357305072,0.0,0.0
FlatCapStudios/ArmaLauncher,4267.0,4252.0,0.0,0.0,0,0,0,42.0,0.0,0.0,0.0
FlavioF/quartz-scheduler-hazelcast-jobstore,3874.0,3477.0,1.3333333333333333,0.0,0,0,0,113.0,1.4848484848484849,0.0,0.0
Flibio/EconomyLite,3875.0,3481.0,1.0,0.0,0,0,0,287.0,1.9054054054054055,0.0,0.0
Flipkart/automobile,4313.0,4258.0,0.0,0.0,0,0,0,333.0,0.5606060606060606,0.0,0.0
FluffyCloud/binnie-fix-dev5,4048.0,4048.0,0.5,0.0,0,0,0,56.0,1.8666666666666667,0.0,0.0
FogiaFr/eu,3927.0,3464.0,0.0,0.0,0,0,0,29421.0,0.015412014521542571,0.0,0.0
FoleyFreeze/2016FRC,3625.0,3520.0,0.0,0.0,0,0,0,78.0,0.0,0.0,0.0
Forecaster/BlockTycoon,3526.0,3501.0,0.0,0.0,0,0,0,202.0,1.5172413793103448,0.0,0.0
ForestryMC/ForestryMC,4245.0,3460.0,2.5483870967741935,0.0,0,0,0,14553.0,1.5055394990366089,0.0,0.0
Fosstrak/fosstrak-epcis,3824.0,3822.0,0.5555555555555556,0.0,0,0,0,1951.0,0.1485148514851485,0.0,0.0
FountainMC/FountainAPI,3479.0,3461.0,1.25,0.0,0,0,0,474.0,1.2162162162162162,0.0,0.0
FoxelBox/FoxBukkitChat,4291.0,3506.0,0.0,0.0,0,0,0,80.0,0.0,0.0,0.0
FoxelBox/zOLD_FoxBukkit,4553.0,3795.0,0.0,0.0,0,0,0,566.0,0.0,0.0,0.0
Franjs88/Twitter-Processor-Storm,3995.0,3546.0,0.0,0.0,0,0,0,72.0,1.3636363636363635,0.0,0.0
FredXCoders/BaseMod_retired,4599.0,4152.0,1.0,0.0,0,0,0,236.0,0.0,0.0,0.0
FreeArtBureau/SAM,4213.0,3462.0,0.0,0.0,0,0,0,980.0,0.0,0.0,0.0
FreeTymeKiyan/LeetCode-Sol-Res,3991.0,3469.0,1.479115479115479,0.0,0,0,0,836.0,0.0,0.0,0.0
FreeUFG/GraphLib,4520.0,4391.0,0.0,0.0,0,0,0,85.0,0.5588235294117647,0.0,0.0
FreedomZZQ/crawler-java,3525.0,3510.0,1.0,0.0,0,0,0,20.0,0.0,0.0,0.0
FreekDB/groovy-and-java-8,4036.0,4018.0,0.5,0.0,0,0,0,82.0,0.0,0.0,0.0
Frihet/java-translator,4786.0,5401.0,0.0,0.0,0,0,0,326.0,0.024691358024691357,0.0,0.0
Fuchs/confluence-remote-user-sso,4039.0,3580.0,1.0,0.0,0,0,0,30.0,0.0,0.0,0.0
Fufl0/hci-project-2016,3527.0,3483.0,0.5,0.0,0,0,0,454.0,0.0,0.0,0.0
FunnyMan3595/mcp_deobfuscate,4813.0,4507.0,2.6666666666666665,0.0,0,0,0,63.0,0.8260869565217391,0.0,0.0
Furt/JMaNGOS,4838.0,4839.0,0.0,0.0,0,0,0,1956.0,0.7156726768377254,0.0,0.0
FuseByExample/external-mq-fabric-client,4941.0,3517.0,0.47058823529411764,0.0,0,0,0,174.0,0.9830508474576272,0.0,0.0
FuseByExample/getting_started_with_activemq,5324.0,3660.0,1.125,0.0,0,0,0,75.0,0.75,0.0,0.0
FuseByExample/smx-integration-testing,5059.0,3924.0,0.5714285714285714,0.0,0,0,0,183.0,0.9838709677419355,0.0,0.0
FuseMCNetwork/ZCore,3906.0,3906.0,0.0,0.0,0,0,0,370.0,0.0,0.0,0.0
FuseMCNetwork/ZSurvivalGames,3906.0,3906.0,0.0,0.0,0,0,0,90.0,0.0,0.0,0.0
FutureGateway/APIServer,3728.0,3486.0,0.0,0.0,0,0,0,507.0,2.504424778761062,0.0,0.0
FutureGateway/LiferayIAM,3492.0,3461.0,0.0,0.0,0,0,0,472.0,0.0,0.0,0.0
FutureProcessing/spring-boot-cloudformation-demo,4110.0,3927.0,2.0,0.0,0,0,0,115.0,4.157894736842105,0.0,0.0
FutureProcessing/spring-boot-security-example,4049.0,3927.0,1.5573770491803278,0.0,0,0,0,189.0,0.984375,0.0,0.0
FutureSonic/FutureSonic-Server,4270.0,3664.0,4.333333333333333,0.0,0,0,0,6868.0,0.0,0.0,0.0
Fxe/biosynth-framework,3772.0,3484.0,0.0,0.0,0,0,0,3437.0,0.8142389525368249,0.0,0.0
FyberOptic/DynamicMappings,3772.0,3495.0,2.0,0.0,0,0,0,95.0,1.7307692307692308,0.0,0.0
FyberOptic/FullyLoded,3691.0,3648.0,0.5,0.0,0,0,0,98.0,5.6923076923076925,0.0,0.0
FyberOptic/HeavyMeddle,3701.0,3587.0,0.75,0.0,0,0,0,98.0,5.6923076923076925,0.0,0.0
FyberOptic/JustBackpack,3772.0,3701.0,1.5,0.0,0,0,0,143.0,3.1785714285714284,0.0,0.0
FyberOptic/Meddle,3790.0,3486.0,4.0,0.0,0,0,0,74.0,0.8148148148148148,0.0,0.0
FyberOptic/MeddleGuide,3720.0,3701.0,0.5,0.0,0,0,0,111.0,4.277777777777778,0.0,0.0
Fyro-Ing/JMeter-WebSocket-StompSampler,3788.0,3787.0,0.3333333333333333,0.0,0,0,0,53.0,0.8947368421052632,0.0,0.0
GBIF-Sweden/izeure,4197.0,4110.0,0.3333333333333333,0.0,0,0,0,113.0,1.2857142857142858,0.0,0.0
GELOG/sample-hbase-app,3726.0,3723.0,0.0,0.0,0,0,0,46.0,0.0,0.0,0.0
GEOINT/acetate-java,3545.0,3497.0,0.0,0.0,0,0,0,64.0,0.0,0.0,0.0
GGSvennson/jolly-roger,4040.0,3926.0,0.0,0.0,0,0,0,1121.0,1.2740524781341107,0.0,0.0
GIP-RECIA/esco-accueil,4802.0,3727.0,0.0,0.0,0,0,0,172.0,0.07142857142857142,0.0,0.0
GOGO98901/Code-Counter,3851.0,3836.0,0.0,0.0,0,0,0,48.0,0.08333333333333333,0.0,0.0
GOGO98901/sandbox,3536.0,3498.0,0.5,0.0,0,0,0,646.0,0.34782608695652173,0.0,0.0
GRM-dev/Narutocraft-PL_Mod,4206.0,3590.0,0.5,0.0,0,0,0,2815.0,1.2641946697566628,0.0,0.0
GSMATerminals/NFC-Test-Book-Public,4021.0,3867.0,0.5,0.0,0,0,0,22.0,0.0,0.0,0.0
GTAUN/wl-gamemode,4748.0,4214.0,0.5,0.0,0,0,0,50.0,0.0,0.0,0.0
GUMGA/framework-backend,3588.0,3462.0,1.0,0.0,0,0,0,1314.0,1.1634615384615385,0.0,0.0
GW2Api/ts3verify,3692.0,3692.0,0.5,0.0,0,0,0,590.0,0.0,0.0,0.0
GWASpi/GWASpi,4630.0,3792.0,0.0,0.0,0,0,0,1534.0,0.0,0.0,0.0
GWTReact/gwt-interop-utils,3492.0,3467.0,8.0,0.0,0,0,0,112.0,0.0,0.0,0.0
Gaarnik/ModHearthstone,4645.0,4618.0,0.6666666666666666,0.0,0,0,0,74.0,0.0,0.0,0.0
GadgetFactory/OpenBench-Logic-Sniffer,5419.0,5257.0,4.083333333333333,0.0,0,0,0,1164.0,0.0,0.0,0.0
Gagravarr/AlfrescoDataListDownload,4855.0,3514.0,1.6666666666666667,0.0,0,0,0,158.0,0.2535211267605634,0.0,0.0
Gagravarr/VorbisJava,5202.0,3588.0,2.4166666666666665,0.0,0,0,0,849.0,1.8858447488584476,0.0,0.0
Gakai/GakaisFlightTable,3841.0,3554.0,0.6666666666666666,0.0,0,0,0,213.0,1.5245901639344261,0.0,0.0
GameRevision/GWLP-R,5034.0,3700.0,1.8888888888888888,0.0,0,0,0,2100.0,0.0,0.0,0.0
Gamoholic/Applied-Energistics-2-API,4401.0,4398.0,0.0,0.0,0,0,0,330.0,0.0,0.0,0.0
Gandalf1209/YGE2,3900.0,3851.0,0.3333333333333333,0.0,0,0,0,94.0,0.0,0.0,0.0
Garoe/chipmunk_android,4625.0,4526.0,1.5,0.0,0,0,0,40.0,0.0,0.0,0.0
Gary-zhouxianjun/hibernate-dynamic-dialects,4305.0,4305.0,0.5,0.0,0,0,0,92.0,0.0,0.0,0.0
GazLloyd/RaffleGrabber,4459.0,4173.0,0.5,0.0,0,0,0,254.0,0.0,0.0,0.0
GeeItsZee/FloorIsLava,3772.0,3469.0,0.0,0.0,0,0,0,66.0,0.0,0.0,0.0
GeePawHill/contentment,3718.0,3486.0,0.0,0.0,0,0,0,96.0,0.22727272727272727,0.0,0.0
GeekyTheory/TallerJava,4313.0,4313.0,0.0,0.0,0,0,0,150.0,0.08108108108108109,0.0,0.0
GeertjanWielenga/CheatSheets,3690.0,3492.0,2.6666666666666665,0.0,0,0,0,147.0,1.4651162790697674,0.0,0.0
Geforce132/SecurityCraft,4081.0,3462.0,0.7,0.0,0,0,0,4944.0,0.0,0.0,0.0
Gemba/mvn-dd,4593.0,3553.0,0.0,0.0,0,0,0,67.0,1.1363636363636365,0.0,0.0
Genability/genability-java,5088.0,3504.0,1.25,0.0,0,0,0,564.0,1.2342857142857142,0.0,0.0
GeneralElectric/snowizard,4556.0,3686.0,8.333333333333334,0.0,0,0,0,606.0,2.9430894308943087,0.0,0.0
Genium-Framework/Appium-Support,3864.0,3741.0,1.75,0.0,0,0,0,220.0,2.933333333333333,0.0,0.0
Genuitec/piplug-apps,4298.0,4291.0,0.3333333333333333,0.0,0,0,0,528.0,0.0,0.0,0.0
GeoNet/mule-metrics,4370.0,4221.0,1.3333333333333333,0.0,0,0,0,100.0,0.0,0.0,0.0
Georepublic/pgrouting-server,5118.0,5044.0,1.0,0.0,0,0,0,174.0,0.0,0.0,0.0
GerardT/Arro,3659.0,3460.0,0.0,0.0,0,0,0,410.0,0.0,0.0,0.0
GerritCodeReview/plugins_github,3659.0,3462.0,3.5,0.0,0,0,0,609.0,1.25,0.0,0.0
GerritCodeReview/plugins_replication,3659.0,3464.0,1.0,0.0,0,0,0,118.0,0.0,0.0,0.0
Gherynos/DriveCopy,4825.0,3733.0,2.3333333333333335,0.0,0,0,0,140.0,1.2272727272727273,0.0,0.0
GhostRealms/Metropolis,4035.0,3776.0,0.6666666666666666,0.0,0,0,0,147.0,0.48333333333333334,0.0,0.0
GiannisPapadakis/seletest,4180.0,3742.0,1.2857142857142858,0.0,0,0,0,546.0,1.9424460431654675,0.0,0.0
GideonLeGrange/panstamp-java,4229.0,3588.0,0.5,0.0,0,0,0,517.0,1.2641509433962264,0.0,0.0
Gigaspaces/mongo-datasource,4489.0,3470.0,0.0,0.0,0,0,0,438.0,1.7606837606837606,0.0,0.0
Gigaspaces/xap-drools-integration,4113.0,4096.0,0.0,0.0,0,0,0,250.0,0.0,0.0,0.0
Gikkman/StreamUtil,3531.0,3516.0,0.5,0.0,0,0,0,264.0,0.0,0.0,0.0
Gildorym/GildorymClasses,4655.0,4174.0,0.0,0.0,0,0,0,56.0,0.0,0.0,0.0
GilliganCraft/GilliganCraft,4059.0,4006.0,1.0,0.0,0,0,0,173.0,1.5714285714285714,0.0,0.0
GinRyan/OpenFireMODxmppServer,4404.0,4404.0,0.0,0.0,0,0,0,11520.0,0.0,0.0,0.0
GistLabs/mechanize,4847.0,3906.0,3.0952380952380953,0.0,0,0,0,1143.0,2.6356275303643724,0.0,0.0
Glamdring/computoser,4138.0,3474.0,16.4,0.0,0,0,0,2210.0,0.7615480649188514,0.0,0.0
Glamdring/google-plus-java-api,4392.0,4118.0,0.8181818181818182,0.0,0,0,0,452.0,3.218390804597701,0.0,0.0
GlasgowClyde/JavaCourse,3721.0,3720.0,0.0,0.0,0,0,0,32.0,0.0,0.0,0.0
Glassdoor/planout4j,3884.0,3484.0,2.2777777777777777,0.0,0,0,0,472.0,0.0,0.0,0.0
GlenKPeterson/UncleJim,4334.0,3472.0,8.444444444444445,0.0,0,0,0,742.0,3.23943661971831,0.0,0.0
GlitchedRaven/caillou-breton,3708.0,3622.0,0.0,0.0,0,0,0,96.0,0.0,0.0,0.0
Glitchfiend/Bullseye,3587.0,3585.0,4.0,0.0,0,0,0,515.0,1.4013157894736843,0.0,0.0
GlobalTravelVentures/JJSP,3541.0,3498.0,0.0,0.0,0,0,0,250.0,0.0,0.0,0.0
GluuFederation/oxCore,4282.0,3461.0,0.75,0.0,0,0,0,1032.0,1.105105105105105,0.0,0.0
Gnewt/bainbridgefirst,4415.0,4267.0,0.5,0.0,0,0,0,184.0,0.0,0.0,0.0
GoClipse/goclipse,4410.0,3463.0,3.440993788819876,0.0,0,0,0,4515.0,1.2379928315412185,0.0,0.0
GoMint/jRakNet,3572.0,3540.0,0.6666666666666666,0.0,0,0,0,158.0,1.4042553191489362,0.0,0.0
Gobaan/Summarization,4484.0,4484.0,0.0,0.0,0,0,0,472.0,0.0,0.0,0.0
Gocnak/Botnak,4516.0,3523.0,1.7837837837837838,0.0,0,0,0,704.0,0.0,0.0,0.0
GoldRushMC/quick-game-framework,4268.0,4214.0,1.0,0.0,0,0,0,230.0,0.0,0.0,0.0
GoldenRatio3/StockSimulator,3856.0,3856.0,0.5,0.0,0,0,0,94.0,0.0625,0.0,0.0
Goldps/Frozen-Mod,4233.0,4227.0,0.0,0.0,0,0,0,188.0,1.7254901960784315,0.0,0.0
GoldyMark/EChartSummoner,4180.0,4167.0,0.375,0.0,0,0,0,350.0,0.0,0.0,0.0
Gooair/groovesquid,4290.0,3568.0,0.06060606060606061,0.0,0,0,0,746.0,0.0,0.0,0.0
GoodTimeStudio/Production-Line,3968.0,3482.0,1.0,0.0,0,0,0,958.0,1.650190114068441,0.0,0.0
GoogleChrome/two-token-sw,3506.0,3471.0,1.25,0.0,0,0,0,316.0,0.0,0.0,0.0
GoogleCloudPlatform/DataflowJavaSDK,4030.0,3461.0,2.7564102564102564,0.0,0,0,0,6151.0,3.2770154373927958,0.0,0.0
GoogleCloudPlatform/appengine-cloudsql-native-mysql-datanucleus-jdo-demo-java,4542.0,3877.0,3.6666666666666665,0.0,0,0,0,72.0,0.6428571428571429,0.0,0.0
GoogleCloudPlatform/appengine-googleanalytics-java,4245.0,3629.0,1.75,0.0,0,0,0,91.0,1.206896551724138,0.0,0.0
GoogleCloudPlatform/appengine-java-vm-guestbook-extras,4157.0,3476.0,1.4782608695652173,0.0,0,0,0,116.0,0.0,0.0,0.0
GoogleCloudPlatform/appengine-java-vm-hello,4345.0,3527.0,0.8181818181818182,0.0,0,0,0,134.0,0.42857142857142855,0.0,0.0
GoogleCloudPlatform/appengine-sharded-counters-java,4717.0,4714.0,1.2,0.0,0,0,0,50.0,0.0,0.0,0.0
GoogleCloudPlatform/appengine-websocketchat-java,4576.0,3674.0,3.0,0.0,0,0,0,121.0,1.3243243243243243,0.0,0.0
GoogleCloudPlatform/bigdata-interop,4236.0,3470.0,1.4,0.0,0,0,0,676.0,0.0,0.0,0.0
GoogleCloudPlatform/gcloud-java,4059.0,3462.0,1.7868852459016393,0.0,0,0,0,3278.0,2.7126436781609193,0.0,0.0
GoogleCloudPlatform/gcloud-java-examples,3680.0,3615.0,0.0,0.0,0,0,0,82.0,0.0,0.0,0.0
GoogleCloudPlatform/gcloud-maven-plugin,4046.0,3491.0,0.9473684210526315,0.0,0,0,0,222.0,0.6987951807228916,0.0,0.0
GoogleCloudPlatform/solutions-griddler-sample-backend-java,4532.0,4431.0,2.0714285714285716,0.0,0,0,0,116.0,0.0,0.0,0.0
GoogleCloudPlatform/solutions-ios-push-notification-sample-backend-java,4562.0,3688.0,2.7777777777777777,0.0,0,0,0,98.0,0.0,0.0,0.0
GoogleCloudPlatform/solutions-photo-sharing-demo-java,4618.0,4332.0,1.6666666666666667,0.0,0,0,0,172.0,0.0,0.0,0.0
GoogleCloudPlatformTraining/cp100-compute-engine-java,3929.0,3701.0,0.0,0.0,0,0,0,38.0,0.0,0.0,0.0
GoogleCloudPlatformTraining/cpd200-conference-central-java,3703.0,3559.0,0.5,0.0,0,0,0,196.0,0.0,0.0,0.0
Gooru/nucleus-handlers-copier,3601.0,3464.0,0.0,0.0,0,0,0,206.0,0.0,0.0,0.0
Gooru/nucleus-handlers-event,3662.0,3464.0,0.0,0.0,0,0,0,204.0,0.0,0.0,0.0
Gooru/nucleus-job,3662.0,3472.0,0.0,0.0,0,0,0,86.0,0.0,0.0,0.0
GoryMoon/MoarSigns,4244.0,3477.0,0.2222222222222222,0.0,0,0,0,2200.0,1.2816691505216096,0.0,0.0
Goudacraft/FTP,4362.0,4194.0,0.5,0.0,0,0,0,40.0,0.0,0.0,0.0
Governance/dtgov,4660.0,4064.0,0.6363636363636364,0.0,0,0,0,4987.0,2.577064220183486,0.0,0.0
Governance/overlord-commons,4658.0,3519.0,0.1111111111111111,0.0,0,0,0,715.0,1.5671641791044777,0.0,0.0
Governance/rtgov-ui,4354.0,4141.0,0.1111111111111111,0.0,0,0,0,1032.0,0.0,0.0,0.0
GovernmentCommunicationsHeadquarters/Gaffer,3654.0,3462.0,4.6183206106870225,0.0,0,0,0,3574.0,1.259799453053783,0.0,0.0
Graha/replican,4499.0,3963.0,0.0,0.0,0,0,0,138.0,1.255813953488372,0.0,0.0
GrammarViz2/grammarviz2_src,4129.0,3567.0,2.7857142857142856,0.0,0,0,0,510.0,0.5989847715736041,0.0,0.0
Graylog2/graylog-plugin-collector,3585.0,3461.0,0.75,0.0,0,0,0,264.0,0.0,0.0,0.0
Graylog2/graylog-plugin-metrics,3933.0,3519.0,2.0,0.0,0,0,0,76.0,1.25,0.0,0.0
Graylog2/graylog-plugin-slack,4099.0,3484.0,1.2,0.0,0,0,0,139.0,1.2790697674418605,0.0,0.0
Graylog2/jersey-netty,4538.0,3476.0,1.75,0.0,0,0,0,159.0,2.735294117647059,0.0,0.0
GreenLightning/hypercube,3850.0,3788.0,0.0,0.0,0,0,0,182.0,0.0,0.0,0.0
Greymerk/minecraft-roguelike,4462.0,3462.0,3.588235294117647,0.0,0,0,0,1421.0,2.065714285714286,0.0,0.0
GridLine/leveldb-mapapi,4582.0,4344.0,0.5,0.0,0,0,0,187.0,1.375,0.0,0.0
Grinnell-CSC207/lab-anonymous-functions,4094.0,4094.0,0.0,0.0,0,0,0,22.0,0.0,0.0,0.0
Grinnell-CSC207/lab-classes,4333.0,4333.0,0.0,0.0,0,0,0,24.0,0.0,0.0,0.0
Grinnell-CSC207/lab-polymorphism,4326.0,4103.0,0.0,0.0,0,0,0,36.0,0.0,0.0,0.0
Grundlefleck/findbugs4junit,5426.0,4539.0,0.8,0.0,0,0,0,181.0,0.9047619047619048,0.0,0.0
GrupoMDACortez/ProyectoFinalMDF,3679.0,3673.0,0.0,0.0,0,0,0,190.0,0.0,0.0,0.0
GruppoPBDMNG-7/shortify.me,3848.0,3749.0,0.0,0.0,0,0,0,1222.0,0.0,0.0,0.0
Guichaguri/PvPTime,3983.0,3463.0,0.75,0.0,0,0,0,76.0,1.0,0.0,0.0
GuilhermeFSouza/ProjetoIntegrado,3759.0,3725.0,0.5,0.0,0,0,0,150.0,0.0,0.0,0.0
Gunisalvo/Automaton,4321.0,4312.0,0.0,0.0,0,0,0,188.0,0.0,0.0,0.0
GuntherDW/TweakWarp,5405.0,4776.0,1.0,0.0,0,0,0,28.0,0.0,0.0,0.0
Guronzan/Apache-XmlGraphics,4259.0,3568.0,0.0,0.0,0,0,0,1333.0,0.04754601226993865,0.0,0.0
Gussi/GateKeeper,5119.0,4126.0,0.6666666666666666,0.0,0,0,0,100.0,1.0909090909090908,0.0,0.0
GustoniaEagle/Adventurers-Alchemy,3845.0,3826.0,0.5,0.0,0,0,0,191.0,0.7183098591549296,0.0,0.0
GustoniaEagle/Adventurers-Amulets,4223.0,3463.0,3.3333333333333335,0.0,0,0,0,376.0,1.7425742574257426,0.0,0.0
GwtMaterialDesign/gwt-material-demo,3910.0,3465.0,0.5357142857142857,0.0,0,0,0,8565.0,17.080178173719375,0.0,0.0
GwtMaterialDesign/gwt-material-starter,3679.0,3483.0,0.625,0.0,0,0,0,328.0,5.173913043478261,0.0,0.0
Gyoo/Discord-Streambot,3611.0,3471.0,2.5,0.0,0,0,0,285.0,0.7009345794392523,0.0,0.0
H3T/H3T,5001.0,4821.0,0.5,0.0,0,0,0,186.0,0.7246376811594203,0.0,0.0
HATB0T/RuneCraftery,4347.0,4347.0,0.5,0.0,0,0,0,24534.0,0.0,0.0,0.0
HB-Biomedical-Technologies/JNAeneratorTest,4612.0,4609.0,0.0,0.0,0,0,0,24.0,0.0,0.0,0.0
HBM/java-scan,4048.0,3563.0,0.0,0.0,0,0,0,501.0,1.644927536231884,0.0,0.0
HCDevelopers/ProjectEuler-Solutions,4410.0,4399.0,0.0,0.0,0,0,0,120.0,0.0,0.0,0.0
HIIT/dime-server,3877.0,3463.0,1.0,0.0,0,0,0,382.0,0.0,0.0,0.0
HRoll/poke-router,4646.0,4259.0,0.0,0.0,0,0,0,104.0,0.0,0.0,0.0
HSLdevcom/parkandrideAPI,4189.0,3606.0,1.5714285714285714,0.0,0,0,0,28952.0,38.43854748603352,0.0,0.0
Haehnchen/idea-php-annotation-plugin,4468.0,3536.0,4.3125,0.0,0,0,0,288.0,0.0,0.0,0.0
Haehnchen/idea-php-shopware-plugin,4309.0,3500.0,8.333333333333334,0.0,0,0,0,244.0,0.0,0.0,0.0
HalBuilder/halbuilder-guava,4878.0,4147.0,1.5,0.0,0,0,0,145.0,5.35,0.0,0.0
HalBuilder/halbuilder-standard,4586.0,4147.0,0.0,0.0,0,0,0,36.0,1.4545454545454546,0.0,0.0
HalfLeif/HoldEmBot,3889.0,3889.0,0.0,0.0,0,0,0,106.0,0.918918918918919,0.0,0.0
HanSolo/SteelSeries-Swing,4854.0,3557.0,1.09375,0.0,0,0,0,952.0,2.6310679611650487,0.0,0.0
HanSolo/javafxdemo,4234.0,4173.0,1.0,0.0,0,0,0,70.0,0.0,0.0,0.0
Hantar0/bankonet,3714.0,3703.0,0.0,0.0,0,0,0,266.0,0.07751937984496124,0.0,0.0
HaraldWalker/user-agent-utils,4651.0,3487.0,1.9187817258883249,0.0,0,0,0,358.0,0.5714285714285714,0.0,0.0
HarvestCraft/HarvestCraft,4627.0,4251.0,0.8571428571428571,0.0,0,0,0,538.0,0.0,0.0,0.0
He11oLiu/ChatRoom,3559.0,3558.0,0.5,0.0,0,0,0,336.0,0.0,0.0,0.0
HearthStats/HearthStats.net-Uploader,4346.0,3750.0,1.84,0.0,0,0,0,2326.0,2.1945945945945944,0.0,0.0
HeisenBugDev/Project-U,4240.0,4229.0,1.0,0.0,0,0,0,164.0,0.0,0.0,0.0
HenrySlawniak/ThemedBuilds,4680.0,3959.0,0.0,0.0,0,0,0,174.0,1.0344827586206897,0.0,0.0
HexEditorPlugin/Plugin,3792.0,3791.0,0.0,0.0,0,0,0,140.0,0.0,0.0,0.0
Hexeption/How-to-code-an-advanced-hacked-client-for-1.9,3571.0,3481.0,0.1,0.0,0,0,0,4094.0,0.0,0.0,0.0
Hexiaoqiao/leetcode,4099.0,3879.0,0.8,0.0,0,0,0,306.0,0.0,0.0,0.0
Hganavak/ExtensibleChatFramework,4458.0,4458.0,0.0,0.0,0,0,0,42.0,0.0,0.0,0.0
Hidendra/INVisible,5392.0,5354.0,1.5,0.0,0,0,0,52.0,0.0,0.0,0.0
HippoGames/MainGame,4482.0,4482.0,0.5,0.0,0,0,0,8.0,0.0,0.0,0.0
HitTheSticks/Sploosh,5102.0,4872.0,1.0,0.0,0,0,0,130.0,0.0,0.0,0.0
HitTheSticks/alamode,5059.0,4975.0,2.0,0.0,0,0,0,70.0,0.0,0.0,0.0
Hive2Hive/Hive2Hive,4444.0,3511.0,4.508196721311475,0.0,0,0,0,2526.0,2.613138686131387,0.0,0.0
HolgerHees/cloudsync,4184.0,3485.0,7.2631578947368425,0.0,0,0,0,215.0,0.9726027397260274,0.0,0.0
HomeEndly/thiki,3792.0,3792.0,0.0,0.0,0,0,0,334.0,1.6129032258064515,0.0,0.0
HomeTrainingJava/Handover,3821.0,3805.0,0.0,0.0,0,0,0,28.0,0.0,0.0,0.0
HongbiaoYang/MapReduceSearch,4290.0,4281.0,0.0,0.0,0,0,0,34.0,0.0,0.0,0.0
HoratiusTang/EsperDist,3942.0,3824.0,0.6,0.0,0,0,0,1500.0,0.0,0.0,0.0
HotMoka/Kitten,4163.0,3885.0,0.0,0.0,0,0,0,1435.0,0.277337559429477,0.0,0.0
HotblackDesiato/collabware,4314.0,4271.0,0.5,0.0,0,0,0,1678.0,0.0,0.0,0.0
HotelsDotCom/corc,3867.0,3555.0,1.6666666666666667,0.0,0,0,0,491.0,1.821705426356589,0.0,0.0
HotelsDotCom/shared-views,3778.0,3721.0,0.5,0.0,0,0,0,98.0,0.0,0.0,0.0
Hronom/jackson-dataformat-rison,3550.0,3516.0,0.0,0.0,0,0,0,116.0,1.105263157894737,0.0,0.0
HuQingmiao/mybatis-daoj,3763.0,3473.0,2.5,0.0,0,0,0,76.0,0.0,0.0,0.0
Huawei-Hadoop/hindex,4512.0,3997.0,1.7313432835820894,0.0,0,0,0,5223.0,0.7822151224707136,0.0,0.0
HugoRedon/Materia,4269.0,3481.0,2.0,0.0,0,0,0,1372.0,0.3053691275167785,0.0,0.0
Hunternif/Dota2Items,4586.0,4315.0,1.25,0.0,0,0,0,640.0,0.0,0.0,0.0
Hunternif/MosesMod,4586.0,3619.0,0.3333333333333333,0.0,0,0,0,239.0,1.4428571428571428,0.0,0.0
Hurence/log-island,3604.0,3522.0,1.6666666666666667,0.0,0,0,0,306.0,0.0,0.0,0.0
HyCraftHD/TeambattleMod,3568.0,3552.0,2.0,0.0,0,0,0,409.0,0.5849056603773585,0.0,0.0
IBM-Watson/wex-wdc-Concept-Insights,3780.0,3764.0,0.0,0.0,0,0,0,58.0,0.0,0.0,0.0
IBMDecisionOptimization/DOcloud-Trucking-Java-sample,3674.0,3478.0,0.0,0.0,0,0,0,94.0,0.0,0.0,0.0
IBMStreams/streamsx.plumbing,3979.0,3549.0,0.0,0.0,0,0,0,241.0,0.025,0.0,0.0
ICGC-TCGA-PanCancer/CGP-Somatic-Docker,3622.0,3539.0,0.0,0.0,0,0,0,1001.0,15.0,0.0,0.0
ICTConsulting/Snapshot,4015.0,3988.0,0.0,0.0,0,0,0,376.0,0.0,0.0,0.0
IET-OU/nquire-web-source,4017.0,3469.0,0.5,0.0,0,0,0,1726.0,0.0,0.0,0.0
IFT8/Struts2,3769.0,3768.0,0.0,0.0,0,0,0,112.0,0.0,0.0,0.0
IHTSDO/OTF-User-Module,4311.0,3989.0,0.6666666666666666,0.0,0,0,0,1396.0,0.9369747899159664,0.0,0.0
IISAS/EntitySearch,3730.0,3476.0,0.0,0.0,0,0,0,236.0,0.0,0.0,0.0
IKCAP/turbosoft,4308.0,3968.0,1.6666666666666667,0.0,0,0,0,2066.0,10.383233532934131,0.0,0.0
IKCAP/wings,4491.0,3485.0,1.9285714285714286,0.0,0,0,0,1392.0,0.2304,0.0,0.0
IMAGINARY/jsurf,4693.0,3562.0,1.3333333333333333,0.0,0,0,0,534.0,1.0112359550561798,0.0,0.0
IMSGlobal/basiclti-util-java,4163.0,3484.0,0.8666666666666667,0.0,0,0,0,264.0,1.0930232558139534,0.0,0.0
IMSGlobal/caliper-java-example-public,3825.0,3711.0,0.5,0.0,0,0,0,108.0,0.0,0.0,0.0
INAETICS/node-wiring-java,3982.0,3711.0,0.0,0.0,0,0,0,848.0,0.03836930455635491,0.0,0.0
INemesisI/XcraftSignLift,5151.0,3862.0,0.0,0.0,0,0,0,22.0,0.0,0.0,0.0
IOT-DSA/dslink-java-haystack,3912.0,3596.0,0.5,0.0,0,0,0,151.0,2.026315789473684,0.0,0.0
IOT-DSA/dslink-java-zwave,3766.0,3596.0,0.0,0.0,0,0,0,820.0,1.0557620817843867,0.0,0.0
IPEldorado/RemoteResources,4343.0,4318.0,3.25,0.0,0,0,0,435.0,0.2182741116751269,0.0,0.0
IQSS/dataverse,4427.0,3461.0,1.8,0.0,0,0,0,5028.0,1.1936507936507936,0.0,0.0
ISSAC-Labs/EduNext,3908.0,3908.0,0.5,0.0,0,0,0,208.0,0.0,0.0,0.0
ISibboI/AgentSim,4248.0,3488.0,0.0,0.0,0,0,0,571.0,1.1833333333333333,0.0,0.0
ITJesse/FocusOn,4156.0,4156.0,0.0,0.0,0,0,0,47.0,1.2666666666666666,0.0,0.0
ITsvetkoFF/Kv-014,3536.0,3461.0,1.0,0.0,0,0,0,1028.0,1.1595092024539877,0.0,0.0
IWU-CIS-222/Week-Four-Assignment,3604.0,3581.0,0.0,0.0,0,0,0,12.0,0.0,0.0,0.0
IanDarwin/jannotate,4527.0,4449.0,0.0,0.0,0,0,0,141.0,1.4878048780487805,0.0,0.0
IanDoyleIrl/IPCAM_Recorder,4723.0,4360.0,0.3333333333333333,0.0,0,0,0,334.0,0.0,0.0,0.0
IanField90/DrawAndTalk,5430.0,5387.0,3.0,0.0,0,0,0,202.0,0.0,0.0,0.0
Ibanheiz/java-design-patterns,3968.0,3928.0,0.0,0.0,0,0,0,286.0,0.0,0.0,0.0
IcyPalm/Hanze-TwoPlayerGameServer,3556.0,3533.0,0.23529411764705882,0.0,0,0,0,271.0,1.0674157303370786,0.0,0.0
ImmobilienScout24/appmon4j,4688.0,3827.0,1.75,0.0,0,0,0,1626.0,3.320261437908497,0.0,0.0
ImmobilienScout24/spring-boot-rpm-maven-plugin,3939.0,3833.0,3.3333333333333335,0.0,0,0,0,281.0,2.101449275362319,0.0,0.0
ImmobilienScout24/switchman,3862.0,3681.0,0.6666666666666666,0.0,0,0,0,556.0,0.5135135135135135,0.0,0.0
Impact2585/Lib2585,4021.0,3463.0,0.14285714285714285,0.0,0,0,0,109.0,0.775,0.0,0.0
Impavidity/GameTutorial,3491.0,3466.0,0.0,0.0,0,0,0,560.0,0.0,0.0,0.0
ImpressiveCode/ic-depress,4802.0,3567.0,0.19047619047619047,0.0,0,0,0,2814.0,0.7689282202556539,0.0,0.0
ImpressiveCode/ic-utils,4602.0,4153.0,0.0,0.0,0,0,0,100.0,0.0,0.0,0.0
IncrementalDevelopment/declaratii-anaf,3560.0,3532.0,0.0,0.0,0,0,0,661.0,0.29411764705882354,0.0,0.0
Indemnity83/irontank,3741.0,3667.0,1.0,0.0,0,0,0,189.0,0.031914893617021274,0.0,0.0
Indoqa/logspace,3952.0,3463.0,0.0,0.0,0,0,0,1580.0,0.0,0.0,0.0
Indoqa/solr-spatial-clustering,3974.0,3676.0,0.8333333333333334,0.0,0,0,0,55.0,1.1666666666666667,0.0,0.0
Indy2222/mediservice-java-client,4037.0,4037.0,0.0,0.0,0,0,0,32.0,0.0,0.0,0.0
InfWGospodarce/projekt,4081.0,3987.0,0.0,0.0,0,0,0,1188.0,0.0,0.0,0.0
Infernoman/Neoscoinj,3973.0,3973.0,0.0,0.0,0,0,0,1644.0,0.0,0.0,0.0
InfinityRaider/3DManeuverGear,3618.0,3480.0,1.0,0.0,0,0,0,412.0,0.6369426751592356,0.0,0.0
InfinityRaider/AgriCraft,4047.0,3461.0,1.875,0.0,0,0,0,1765.0,0.0011325028312570782,0.0,0.0
InfinityStudio/ExoticPower,3806.0,3754.0,2.5,0.0,0,0,0,484.0,1.5474452554744527,0.0,0.0
InformaticaCloud/ReST-Connector-CustomAuth-Solutioning,4187.0,3601.0,0.0,0.0,0,0,0,40.0,0.0,0.0,0.0
InformaticaCorp/Surf,4326.0,4268.0,2.0,0.0,0,0,0,887.0,1.7196652719665273,0.0,0.0
InformaticsMatters/rdkit,3767.0,3527.0,0.0,0.0,0,0,0,16.0,0.0,0.0,0.0
InitiumIo/camel-metrics,4271.0,3581.0,2.0,0.0,0,0,0,399.0,3.207792207792208,0.0,0.0
Inkimar/commons_cli_ex,3651.0,3492.0,0.0,0.0,0,0,0,34.0,0.0,0.0,0.0
Inkimar/jpa-1-example,4203.0,4203.0,0.5,0.0,0,0,0,69.0,1.736842105263158,0.0,0.0
InsomniaxGaming/OWHShadomanMe,4455.0,4444.0,0.0,0.0,0,0,0,38.0,0.0,0.0,0.0
Inter-Trust/Aspect_Weaver,4283.0,3903.0,0.5,0.0,0,0,0,1740.0,0.0,0.0,0.0
Invivoo/workshops,3756.0,3557.0,0.0,0.0,0,0,0,284.0,0.0,0.0,0.0
IoTtalk/Dandelion,3550.0,3461.0,0.0,0.0,0,0,0,26.0,0.0,0.0,0.0
IonicaBizau/text-to-speech,4613.0,3491.0,0.6666666666666666,0.0,0,0,0,67.0,0.08571428571428572,0.0,0.0
Ipiano/Parsable_Autonomous,4492.0,4304.0,0.0,0.0,0,0,0,50.0,0.0,0.0,0.0
IraRe/library-backend-mongodb,3748.0,3734.0,0.3333333333333333,0.0,0,0,0,2019.0,38.42,0.0,0.0
Iryna-/pft-28-iryna.svitlychenko,3588.0,3518.0,0.0,0.0,0,0,0,430.0,0.0,0.0,0.0
IsNull/MyBot,4087.0,4084.0,0.3333333333333333,0.0,0,0,0,188.0,2.5238095238095237,0.0,0.0
IsNull/SunburstJ,4260.0,3870.0,1.0,0.0,0,0,0,74.0,0.0,0.0,0.0
ItsAMysterious/Real-Life-Mod-1.8,3739.0,3625.0,0.5,0.0,0,0,0,1379.0,0.5526802218114603,0.0,0.0
ItudeMobile/itude-mobile-maven-plugin-android-calabash,4352.0,4175.0,0.3333333333333333,0.0,0,0,0,82.0,2.0,0.0,0.0
ItudeMobile/itude-mobile-web-mobbl,4460.0,4108.0,0.0,0.0,0,0,0,666.0,1.0363636363636364,0.0,0.0
IvanTrendafilov/SDP-5,5323.0,5323.0,0.0,0.0,0,0,0,244.0,0.0,0.0,0.0
Ivorforce/IvToolkit,4100.0,3464.0,2.0,0.0,0,0,0,1115.0,2.137037037037037,0.0,0.0
Izerpizer/Agar.io,3743.0,3497.0,0.0,0.0,0,0,0,78.0,0.0,0.0,0.0
JCERTIFLab/JCertif-Offline-Box,3890.0,3870.0,0.5555555555555556,0.0,0,0,0,142.0,0.0,0.0,0.0
JCPP/JAthenaeum,4349.0,4316.0,1.3333333333333333,0.0,0,0,0,460.0,0.0,0.0,0.0
JD-wangyin/Ak47,4078.0,3760.0,1.2857142857142858,0.0,0,0,0,1143.0,3.2522935779816513,0.0,0.0
JFXtras/jfxtras-labs-samples,4436.0,3463.0,0.6666666666666666,0.0,0,0,0,238.0,0.0,0.0,0.0
JFixby/RedSputnik,3710.0,3561.0,0.0,0.0,0,0,0,50.0,0.0,0.0,0.0
JFixby/jfixby-public,3756.0,3560.0,0.5,0.0,0,0,0,52.0,0.0,0.0,0.0
JGPay/JGPay,3740.0,3669.0,0.5,0.0,0,0,0,294.0,0.0,0.0,0.0
JHierrot/openprodoc,3929.0,3594.0,1.3333333333333333,0.0,0,0,0,1700.0,0.0,0.0,0.0
JHouillon/Projet-GLPOO,3910.0,3864.0,0.0,0.0,0,0,0,68.0,0.0,0.0,0.0
JKFennis/Kaliber,4844.0,4822.0,2.3333333333333335,0.0,0,0,0,158.0,0.0,0.0,0.0
JLEFE1/rankmygame,3891.0,3865.0,0.0,0.0,0,0,0,597.0,0.06321839080459771,0.0,0.0
JM-Lab/utils-elasticsearch,3846.0,3462.0,0.5,0.0,0,0,0,117.0,2.9583333333333335,0.0,0.0
JM-Lab/utils-java8,3739.0,3487.0,0.0,0.0,0,0,0,410.0,3.024390243902439,0.0,0.0
JMaNGOS/JMaNGOS,4663.0,4461.0,0.9090909090909091,0.0,0,0,0,3348.0,1.0371713508612874,0.0,0.0
JOML-CI/joml-lwjgl3-demos,3841.0,3470.0,2.3333333333333335,0.0,0,0,0,144.0,3.4074074074074074,0.0,0.0
JTWalraven/macwidgets,4261.0,4247.0,1.5,0.0,0,0,0,846.0,2.486772486772487,0.0,0.0
Ja-va-fan/Java-by-Notepad,3877.0,3823.0,0.25,0.0,0,0,0,86.0,0.0,0.0,0.0
JackWhite20/JaPS,3553.0,3461.0,0.0,0.0,0,0,0,256.0,1.108433734939759,0.0,0.0
Jackeriss/gobang,3723.0,3570.0,0.5,0.0,0,0,0,328.0,0.0,0.0,0.0
JacobMathBoy/JacobMod,3463.0,3461.0,0.5,0.0,0,0,0,393.0,0.40828402366863903,0.0,0.0
Jacodom/sitePUM,3833.0,3563.0,0.0,0.0,0,0,0,444.0,1.8782608695652174,0.0,0.0
JadiraOrg/jadira,4608.0,3535.0,2.0454545454545454,0.0,0,0,0,3858.0,0.0,0.0,0.0
JaiHirsch/mongo-music,4945.0,4945.0,1.0,0.0,0,0,0,62.0,0.0,0.0,0.0
JakeWharton/github-deploy-maven-plugin,5358.0,5355.0,2.0,0.0,0,0,0,99.0,0.8055555555555556,0.0,0.0
JamesIry/jADT,4957.0,4772.0,6.5,0.0,0,0,0,1596.0,3.3266666666666667,0.0,0.0
JamesPan/pdf-smart-crop,3620.0,3620.0,3.6666666666666665,0.0,0,0,0,110.0,0.0,0.0,0.0
Jameskmonger/317refactor,4163.0,3846.0,1.75,0.0,0,0,0,170.0,0.0,0.0,0.0
JangoBrick/JangoDare,4262.0,3768.0,0.5,0.0,0,0,0,380.0,0.0,0.0,0.0
Jasig/AnnouncementsPortlet,5024.0,3462.0,0.2857142857142857,0.0,0,0,0,15321.0,40.56388888888889,0.0,0.0
Jasig/BookmarksPortlet,5024.0,3567.0,0.2727272727272727,0.0,0,0,0,508.0,1.8059701492537314,0.0,0.0
Jasig/ContactsPortlet,4968.0,4353.0,0.5555555555555556,0.0,0,0,0,5477.0,32.459119496855344,0.0,0.0
Jasig/CoursesPortlet,5024.0,3566.0,0.7058823529411765,0.0,0,0,0,692.0,0.011594202898550725,0.0,0.0
Jasig/EsupTwitter,4915.0,3580.0,0.4444444444444444,0.0,0,0,0,215.0,1.875,0.0,0.0
Jasig/JasigWidgetPortlets,5024.0,3534.0,0.25,0.0,0,0,0,15213.0,89.10778443113773,0.0,0.0
Jasig/SurveyPortlet,3828.0,3513.0,0.0,0.0,0,0,0,596.0,2.635658914728682,0.0,0.0
Jasig/maven-jasig-portlet-archetype,5024.0,3526.0,0.7142857142857143,0.0,0,0,0,154.0,0.9433962264150944,0.0,0.0
Jasig/sass-maven-plugin,4977.0,3860.0,1.0476190476190477,0.0,0,0,0,46.0,0.0,0.0,0.0
Jasig/sched-assist-oraclecalendar,5015.0,5015.0,0.5,0.0,0,0,0,312.0,0.0,0.0,0.0
JasonCrease/redgatesqlci,3854.0,3499.0,0.0,0.0,0,0,0,165.0,2.175,0.0,0.0
JasonIEC/TeamIeC-Core,3862.0,3767.0,0.5,0.0,0,0,0,327.0,0.4552238805970149,0.0,0.0
Jather90/AMOS_proj5,4261.0,4176.0,0.5,0.0,0,0,0,336.0,0.04216867469879518,0.0,0.0
Java8-CNAPI-Team/Java8CN,3526.0,3464.0,1.1875,0.0,0,0,0,9404.0,0.0,0.0,0.0
JavaMoney/javamoney-shelter,4404.0,3479.0,1.0,0.0,0,0,0,450.0,1.6451612903225807,0.0,0.0
JavaMoney/jsr354-ri-bp,3933.0,3472.0,0.3333333333333333,0.0,0,0,0,1201.0,3.0546218487394956,0.0,0.0
JavaProphet/JavaMailServer,3995.0,3607.0,0.5,0.0,0,0,0,76.0,0.0,0.0,0.0
JavaWoW/JavaWoW,3926.0,3917.0,0.5,0.0,0,0,0,110.0,0.0,0.0,0.0
JavanLu/javan-blog,4461.0,4460.0,0.0,0.0,0,0,0,76.0,0.0,0.0,0.0
Jaxo/fxosstub,4763.0,4414.0,2.7058823529411766,0.0,0,0,0,424.0,0.0,0.0,0.0
JayCanuck/unified-diff-creator,4864.0,4864.0,1.0,0.0,0,0,0,72.0,0.0,0.0,0.0
JburkeRSAC/PizzaCat,4155.0,4133.0,0.0,0.0,0,0,0,84.0,0.08,0.0,0.0
Jdog653/PapaTBot,3607.0,3485.0,0.0,0.0,0,0,0,12.0,0.0,0.0,0.0
JeffLi1993/jee-component-learning,3545.0,3478.0,1.5,0.0,0,0,0,42.0,0.2,0.0,0.0
JeffLi1993/jvm-core-learning-example,3667.0,3653.0,2.7777777777777777,0.0,0,0,0,38.0,0.0,0.0,0.0
JeffreyFalgout/ThrowingStream,4262.0,3630.0,5.0,0.0,0,0,0,474.0,1.5,0.0,0.0
JeffreyRodriguez/XML-Wrappers-for-Java,5047.0,4893.0,1.5,0.0,0,0,0,80.0,0.7333333333333333,0.0,0.0
JeffreyWei/FormAppliction,3860.0,3860.0,0.5,0.0,0,0,0,97.0,1.0,0.0,0.0
JeffreyWei/MovieWebsiteSpider,3770.0,3767.0,0.25,0.0,0,0,0,80.0,0.4117647058823529,0.0,0.0
JervenBolleman/owlim-shim,5066.0,5066.0,1.0,0.0,0,0,0,22.0,0.4,0.0,0.0
JetBrains/TeamCity.SonarQubePlugin,4176.0,3671.0,1.4545454545454546,0.0,0,0,0,315.0,1.0776699029126213,0.0,0.0
JetBrains/hackathon-unchain,4589.0,4569.0,0.6666666666666666,0.0,0,0,0,36.0,0.0,0.0,0.0
JetBrains/intellij-sdk-docs,4038.0,3461.0,1.8571428571428572,0.0,0,0,0,1392.0,0.0,0.0,0.0
JetBrains/intellij-starteam-plugin,5246.0,5246.0,1.3333333333333333,0.0,0,0,0,74.0,0.0,0.0,0.0
JetBrains/tc-vso-rooms,4124.0,3535.0,0.5,0.0,0,0,0,194.0,0.0,0.0,0.0
JetBrains/teamcity-achievements,4270.0,4160.0,4.333333333333333,0.0,0,0,0,209.0,1.1492537313432836,0.0,0.0
JetBrains/teamcity-dotnet-plugin,3624.0,3478.0,6.5,0.0,0,0,0,297.0,1.0824742268041236,0.0,0.0
JetBrains/teamcity-dottrace,3773.0,3525.0,0.3333333333333333,0.0,0,0,0,420.0,1.546218487394958,0.0,0.0
JetBrains/teamcity-rust-plugin,3701.0,3467.0,0.5,0.0,0,0,0,362.0,1.1379310344827587,0.0,0.0
JetBrains/xodus,4249.0,3462.0,7.0588235294117645,0.0,0,0,0,1960.0,0.0,0.0,0.0
Jijun/ik-analyzer,4319.0,3474.0,0.125,0.0,0,0,0,142.0,0.6181818181818182,0.0,0.0
Jimmy-Shi/bean-query,4069.0,3547.0,1.8421052631578947,0.0,0,0,0,289.0,1.1630434782608696,0.0,0.0
Jiri-Kremser/inventory-benchmark,4029.0,3966.0,0.0,0.0,0,0,0,110.0,0.0,0.0,0.0
JoaoGFarias/PhongInterRug,4150.0,4142.0,0.0,0.0,0,0,0,288.0,0.0,0.0,0.0
JockiHendry/ireport-fork,4260.0,4072.0,0.5,0.0,0,0,0,6532.0,0.0,0.0,0.0
JodaOrg/joda-primitives,5333.0,3702.0,2.625,0.0,0,0,0,1054.0,2.3278688524590163,0.0,0.0
JoelJ/ScriptPlugin,4764.0,4435.0,0.0,0.0,0,0,0,331.0,2.324675324675325,0.0,0.0
JoelJ/SimpleGit,4706.0,4149.0,0.5,0.0,0,0,0,150.0,3.066666666666667,0.0,0.0
JoelJ/code-snippets,4678.0,4673.0,0.0,0.0,0,0,0,177.0,1.7291666666666667,0.0,0.0
JohanBrunet/Polytheque,3662.0,3617.0,0.5,0.0,0,0,0,122.0,0.0,0.0,0.0
JohnCny/StatisticsCredit,3998.0,3828.0,0.0,0.0,0,0,0,556.0,0.0,0.0,0.0
JohnDickerson/KidneyExchange,4499.0,3499.0,2.0,0.0,0,0,0,324.0,0.0,0.0,0.0
JohnDickinsonHS/FRC-2015_1,3962.0,3954.0,0.0,0.0,0,0,0,42.0,0.0,0.0,0.0
Johnnei/JavaTorrent,4758.0,3461.0,1.2222222222222223,0.0,0,0,0,1508.0,1.1856540084388185,0.0,0.0
JonathanRitchey03/GrayscaleUnicodeArt,3713.0,3680.0,2.0,0.0,0,0,0,50.0,0.0,0.0,0.0
JonathanRitchey03/JavaTrie,3704.0,3680.0,0.0,0.0,0,0,0,28.0,0.0,0.0,0.0
Jonatino/Abendigo-Offset-Scanner,3658.0,3551.0,4.5,0.0,0,0,0,52.0,0.0,0.0,0.0
JonhyGHz/AutomatasI,3736.0,3736.0,0.0,0.0,0,0,0,36.0,0.0,0.0,0.0
Joonsoo/dexdio,4486.0,4477.0,1.5,0.0,0,0,0,450.0,0.0,0.0,0.0
Jordbru/Electronic-Power-Supply,3964.0,3961.0,0.5,0.0,0,0,0,8.0,0.0,0.0,0.0
JoseLlarena/Fluent-Specs,4933.0,4333.0,2.0,0.0,0,0,0,145.0,1.5,0.0,0.0
JosephCottam/AbstractRendering,4624.0,3706.0,7.142857142857143,0.0,0,0,0,632.0,0.0,0.0,0.0
JoshuaKissoon/Likir,4410.0,4410.0,1.0,0.0,0,0,0,288.0,0.04225352112676056,0.0,0.0
JoshuaKissoon/Socialize_Likir,4386.0,4283.0,0.5,0.0,0,0,0,168.0,0.07317073170731707,0.0,0.0
JosuaKrause/JKit-CustomPen,5208.0,4402.0,0.5,0.0,0,0,0,111.0,1.054054054054054,0.0,0.0
JotaSe/JScrapping,4214.0,4214.0,0.0,0.0,0,0,0,40.0,0.0,0.0,0.0
Jpnock/PrivateWorlds,4194.0,4047.0,0.3333333333333333,0.0,0,0,0,76.0,0.0,0.0,0.0
Jsnman/ArrowCamMod,4487.0,4306.0,2.0,0.0,0,0,0,22.0,0.0,0.0,0.0
JuanjoSalvador/jLasni,3655.0,3492.0,0.6666666666666666,0.0,0,0,0,63.0,1.25,0.0,0.0
JuleStar/uima-chinese-segmenter,3800.0,3610.0,0.5,0.0,0,0,0,122.0,2.1333333333333333,0.0,0.0
JuleStar/uima-tree-tagger-wrapper,3800.0,3489.0,0.0,0.0,0,0,0,140.0,1.4634146341463414,0.0,0.0
JulienNicolas37/ofbiz_ynh,4046.0,4037.0,0.0,0.0,0,0,0,17598.0,0.0,0.0,0.0
JulienTomezach/CyberSCADASoftware,3549.0,3496.0,0.0,0.0,0,0,0,964.0,0.0,0.0,0.0
Juniper/contrail-vrouter-java-api,4042.0,3468.0,0.4,0.0,0,0,0,76.0,0.29411764705882354,0.0,0.0
JustBru00/EpicRageQuit,3919.0,3855.0,0.5,0.0,0,0,0,28.0,0.0,0.0,0.0
JustBru00/RenamePlugin,3953.0,3474.0,0.3333333333333333,0.0,0,0,0,58.0,0.0,0.0,0.0
Justice-love/oceandata,4129.0,4128.0,1.6666666666666667,0.0,0,0,0,186.0,0.0,0.0,0.0
K0zka/benchmarx,4152.0,4149.0,0.0,0.0,0,0,0,221.0,5.689655172413793,0.0,0.0
KBotics/RobotCode_Testing,4326.0,4319.0,0.0,0.0,0,0,0,46.0,0.0,0.0,0.0
KMax/cqels,4233.0,3717.0,0.5,0.0,0,0,0,381.0,1.1916666666666667,0.0,0.0
KSD-research-group/plugin4gephi,4332.0,3548.0,0.0,0.0,0,0,0,166.0,0.0,0.0,0.0
KTHse/webtex,4784.0,4037.0,2.5,0.0,0,0,0,92.0,0.47368421052631576,0.0,0.0
KVRajil/RemoteDesktopSharing,4076.0,4076.0,1.0,0.0,0,0,0,314.0,0.0,0.0,0.0
Kadvin/spring-component-framework,4046.0,3991.0,0.3333333333333333,0.0,0,0,0,1024.0,0.0,0.0,0.0
Kamilkime/KSlots,3981.0,3949.0,0.25,0.0,0,0,0,38.0,0.0,0.0,0.0
Kanatoko/DozensHA,4543.0,4541.0,0.3333333333333333,0.0,0,0,0,88.0,0.8125,0.0,0.0
Kanatoko/libinjection-Java,4630.0,4264.0,1.3333333333333333,0.0,0,0,0,47.0,0.041666666666666664,0.0,0.0
KarolS/hOCR4J,4369.0,4349.0,1.0,0.0,0,0,0,241.0,1.6818181818181819,0.0,0.0
Katalliaan/Rubedo,4312.0,3631.0,1.5,0.0,0,0,0,1806.0,1.5731225296442688,0.0,0.0
KayuraTeam/kayura-core,3827.0,3470.0,0.0,0.0,0,0,0,204.0,0.08080808080808081,0.0,0.0
KayuraTeam/kayura-uasp,3743.0,3463.0,0.5,0.0,0,0,0,386.0,0.0,0.0,0.0
Kelleth/age3-nanorobots,3880.0,3837.0,0.5,0.0,0,0,0,607.0,2.087248322147651,0.0,0.0
Kenyu-uema/flowchart,4263.0,4250.0,0.0,0.0,0,0,0,570.0,0.5650224215246636,0.0,0.0
KepaJRodriguez/hd-webapp,4404.0,3995.0,0.0,0.0,0,0,0,126.0,0.2857142857142857,0.0,0.0
Keridos/FloodLights,4309.0,3471.0,1.75,0.0,0,0,0,787.0,1.6027397260273972,0.0,0.0
Kevin-Lee/json-statham,4274.0,3872.0,0.5,0.0,0,0,0,757.0,1.8333333333333333,0.0,0.0
Kevin-Lee/kommonlee-core,4274.0,3872.0,0.0,0.0,0,0,0,1832.0,2.4086538461538463,0.0,0.0
Kevin-Lee/kommonlee-web,4273.0,4018.0,0.0,0.0,0,0,0,167.0,2.8285714285714287,0.0,0.0
Kevin-Lee/modern-java-untold,3784.0,3589.0,2.75,0.0,0,0,0,221.0,1.5396825396825398,0.0,0.0
KevinGu/zbatis,4407.0,4407.0,0.5,0.0,0,0,0,92.0,0.0,0.0,0.0
KevinMyDing/LetUsGo-Server,3735.0,3735.0,0.3333333333333333,0.0,0,0,0,11646.0,1.123625636899973,0.0,0.0
KeyBridge/lib-openssrf,4107.0,3631.0,1.5,0.0,0,0,0,2389.0,0.9850187265917603,0.0,0.0
Khalian/Modulo7,3870.0,3566.0,2.0,0.0,0,0,0,679.0,0.03283582089552239,0.0,0.0
Khezen/Mammon,3840.0,3643.0,0.0,0.0,0,0,0,388.0,0.05263157894736842,0.0,0.0
KillerMapper/roadstuff,3690.0,3465.0,3.6666666666666665,0.0,0,0,0,1573.0,1.28125,0.0,0.0
Killerardvark/CryodexSource,3764.0,3465.0,1.0,0.0,0,0,0,1175.0,0.7890995260663507,0.0,0.0
KilnOfTheSecondFlame/YanKenPon,4263.0,3914.0,0.0,0.0,0,0,0,44.0,0.0,0.0,0.0
KimShen/sissi,4430.0,3862.0,1.75,0.0,0,0,0,3439.0,1.0972097209720972,0.0,0.0
Kimgaeun/Simons_WP,4052.0,4026.0,0.0,0.0,0,0,0,222.0,0.0,0.0,0.0
KingFaris10/KingKits,4269.0,3513.0,0.13333333333333333,0.0,0,0,0,463.0,1.6328125,0.0,0.0
Kingdoms-of-Arden-Development/Crafty,4308.0,3919.0,0.5,0.0,0,0,0,199.0,3.4324324324324325,0.0,0.0
Kirschstein/legacy-ferry-booking-system,3586.0,3461.0,0.8888888888888888,0.0,0,0,0,242.0,0.0,0.0,0.0
Kiskae/Java-Source-Metrics,4228.0,4172.0,0.0,0.0,0,0,0,1299.0,1.2770780856423174,0.0,0.0
Kitdroid/jnihelper,3980.0,3967.0,3.3333333333333335,0.0,0,0,0,58.0,0.0,0.0,0.0
Kixeye/relax,4192.0,4095.0,1.5,0.0,0,0,0,104.0,1.6551724137931034,0.0,0.0
KlausBrunner/solarpositioning,4647.0,3467.0,1.8,0.0,0,0,0,105.0,1.2424242424242424,0.0,0.0
KleeGroup/deprecated-vertigo-demo,3965.0,3639.0,0.0,0.0,0,0,0,1080.0,0.0,0.0,0.0
Knechtcraft/treepers-sponge,3566.0,3562.0,1.0,0.0,0,0,0,69.0,0.7307692307692307,0.0,0.0
KnowledgeGarden/BacksideServletKS,3721.0,3462.0,0.0,0.0,0,0,0,474.0,0.0,0.0,0.0
Knux14/SnapDesk,4140.0,4090.0,0.0,0.0,0,0,0,201.0,1.5,0.0,0.0
Kobata/item-render,4607.0,4022.0,2.75,0.0,0,0,0,104.0,1.9259259259259258,0.0,0.0
KodekPL/jCustomPortals,4285.0,4130.0,0.5,0.0,0,0,0,34.0,0.0,0.0,0.0
Kodi123/C-Core,4470.0,4419.0,0.0,0.0,0,0,0,38.0,0.0,0.0,0.0
KoenKanters94/TimeWaster,4036.0,4036.0,0.0,0.0,0,0,0,35.0,0.6428571428571429,0.0,0.0
KoolKrafter/HerochatBungeeBridge-Bungee,4416.0,4390.0,0.0,0.0,0,0,0,24.0,0.0,0.0,0.0
Korotkin-Solutions/java-webtest-template,3988.0,3988.0,0.0,0.0,0,0,0,102.0,1.1515151515151516,0.0,0.0
Koynonia/FATEC_4724,3527.0,3488.0,0.0,0.0,0,0,0,256.0,0.0,0.0,0.0
Koziolek/FontAwesomeRenderer,3947.0,3947.0,0.0,0.0,0,0,0,224.0,0.7901234567901234,0.0,0.0
KrazyTheFox/Starbound-Mod-Manager,4389.0,3755.0,1.6,0.0,0,0,0,312.0,0.0,0.0,0.0
KrishnaPhani/KrishnasSpace,3927.0,3812.0,0.42857142857142855,0.0,0,0,0,300.0,0.0,0.0,0.0
Kruemelkatze/PixieSmack,3531.0,3528.0,1.0,0.0,0,0,0,494.0,0.46766169154228854,0.0,0.0
Ksj7/team12_week4,3549.0,3544.0,0.0,0.0,0,0,0,90.0,0.0,0.0,0.0
KualiCo/ojb,4268.0,4263.0,0.0,0.0,0,0,0,3138.0,0.002551020408163265,0.0,0.0
Kurento/fi-lab-demo,4465.0,3489.0,0.0,0.0,0,0,0,74.0,0.0,0.0,0.0
Kurento/kurento-java,4151.0,3461.0,1.2258064516129032,0.0,0,0,0,1850.0,0.0,0.0,0.0
Kurento/kurento-module-creator,4163.0,3485.0,0.08333333333333333,0.0,0,0,0,653.0,1.0751173708920188,0.0,0.0
Kurento/kurento-tutorial-java,4151.0,3473.0,0.7241379310344828,0.0,0,0,0,1536.0,0.0,0.0,0.0
KurentoLegacy/kmf-tutorial,4161.0,4147.0,0.0,0.0,0,0,0,174.0,0.0,0.0,0.0
KurentoLegacy/ktool-rom-processor,4311.0,4163.0,0.0,0.0,0,0,0,370.0,1.0,0.0,0.0
LB--/IAm.TotallyNotA.Ninja,4004.0,3474.0,0.0,0.0,0,0,0,86.0,1.1428571428571428,0.0,0.0
LDCVia/demos-xpages,3905.0,3905.0,0.0,0.0,0,0,0,148.0,0.0,0.0,0.0
LEDgoes/Tetris,4200.0,4198.0,0.5,0.0,0,0,0,38.0,0.0,0.0,0.0
LMolr/tabuvrp,4526.0,4526.0,0.0,0.0,0,0,0,170.0,0.0,0.0,0.0
LPK-Matt/SkidGUI,3656.0,3546.0,2.0,0.0,0,0,0,512.0,0.0,0.0,0.0
LPkkjHD/PermissionEffects,3826.0,3814.0,0.5,0.0,0,0,0,56.0,1.2222222222222223,0.0,0.0
LQTZ/Global-Domination,4070.0,3525.0,0.6666666666666666,0.0,0,0,0,140.0,0.0,0.0,0.0
LaboratorioPos/AcadMobile,3533.0,3465.0,0.0,0.0,0,0,0,108.0,0.2,0.0,0.0
Labs64/swid-generator,4033.0,3865.0,1.0,0.0,0,0,0,564.0,9.098039215686274,0.0,0.0
Landsbokasafn/deduplicator,4948.0,3470.0,3.3333333333333335,0.0,0,0,0,305.0,1.0098039215686274,0.0,0.0
LanternPowered/LanternServer,3863.0,3461.0,3.5,0.0,0,0,0,2768.0,0.024853801169590642,0.0,0.0
LapisBlue/Commons,4105.0,3772.0,2.75,0.0,0,0,0,327.0,0.911504424778761,0.0,0.0
Larry1123/CanaryUtil,4625.0,3834.0,0.0,0.0,0,0,0,279.0,1.1573033707865168,0.0,0.0
LarryPham/Java8Recipes,4071.0,4071.0,0.0,0.0,0,0,0,32.0,0.0,0.0,0.0
LatvianModder/CurseGraph,3922.0,3859.0,4.5,0.0,0,0,0,38.0,0.0,0.0,0.0
Laubi/MineMaze,4672.0,4642.0,0.5,0.0,0,0,0,80.0,0.15789473684210525,0.0,0.0
LaunchKey/launchkey-java,4470.0,3496.0,4.5,0.0,0,0,0,931.0,3.154696132596685,0.0,0.0
LaurentTardif/AgileGrenoble2015,3708.0,3532.0,2.0,0.0,0,0,0,178.0,0.0,0.0,0.0
Lazyshot/hbase-streaming,4967.0,4850.0,1.6,0.0,0,0,0,100.0,0.7567567567567568,0.0,0.0
LeeKemp/UserAgentParser,5116.0,5099.0,0.8461538461538461,0.0,0,0,0,118.0,0.16129032258064516,0.0,0.0
Legioth/PersonaForVaadin,4435.0,4435.0,1.0,0.0,0,0,0,60.0,0.0,0.0,0.0
LekoHD/BlockParty,4251.0,3876.0,0.0,0.0,0,0,0,232.0,0.0,0.0,0.0
Leks13/Java-Jabber-Bot-Reminder,4821.0,4715.0,0.0,0.0,0,0,0,28.0,0.0,0.0,0.0
LeonTG77/ActionTimer,3791.0,3746.0,0.0,0.0,0,0,0,89.0,0.7575757575757576,0.0,0.0
LeonardoCardoso/Sorting-Algorithms,4437.0,3494.0,0.5,0.0,0,0,0,34.0,0.0,0.0,0.0
LeonardoCardoso/Trees,4154.0,3494.0,0.5,0.0,0,0,0,72.0,0.0,0.0,0.0
Leonti/CSSInliner,4915.0,4738.0,0.25,0.0,0,0,0,112.0,0.0,0.0,0.0
Leonti/etm,4877.0,4852.0,0.0,0.0,0,0,0,110.0,0.6046511627906976,0.0,0.0
LessonsJava/lessons,3600.0,3598.0,0.3333333333333333,0.0,0,0,0,50.0,0.0,0.0,0.0
LevelFourAB/dust,5804.0,3552.0,2.6666666666666665,0.0,0,0,0,1911.0,1.2478777589134125,0.0,0.0
Leviathan-Studio/MineIDE-UI,3519.0,3464.0,1.3333333333333333,0.0,0,0,0,209.0,0.009523809523809525,0.0,0.0
Lewis-Liu-001/ansj_segx,4010.0,4001.0,0.3333333333333333,0.0,0,0,0,572.0,0.9587628865979382,0.0,0.0
LexManos/FernFlowerFixer,4280.0,4277.0,1.5,0.0,0,0,0,54.0,0.0,0.0,0.0
LexManos/YUNoMakeGoodMap,4309.0,3518.0,0.6153846153846154,0.0,0,0,0,140.0,1.641025641025641,0.0,0.0
LibertyGlobal/flowdock-notifications-rundeck-plugin,3807.0,3547.0,0.5,0.0,0,0,0,62.0,1.368421052631579,0.0,0.0
Libertymutual/ssh-key-enforcer-stash,3736.0,3484.0,1.5,0.0,0,0,0,184.0,0.0,0.0,0.0
LibreDraw/LibreDraw,5210.0,4837.0,0.5,0.0,0,0,0,288.0,0.05673758865248227,0.0,0.0
Lifok/NoLogin,3701.0,3498.0,0.0,0.0,0,0,0,78.0,0.8571428571428571,0.0,0.0
LightCraftNetwork/FuseboxV2,3966.0,3887.0,0.0,0.0,0,0,0,94.0,0.0,0.0,0.0
Lightstreamer/Lightstreamer-example-3DWorld-adapter-java,4638.0,3606.0,0.3333333333333333,0.0,0,0,0,50.0,0.0,0.0,0.0
Lightstreamer/Lightstreamer-example-Chat-adapter-java,4565.0,3538.0,0.0,0.0,0,0,0,32.0,0.0,0.0,0.0
Lightstreamer/Lightstreamer-example-LeapMotion-adapter-java,4393.0,3606.0,0.0,0.0,0,0,0,60.0,0.0,0.0,0.0
Lightstreamer/Lightstreamer-example-RoomBall-adapter-java,4396.0,3504.0,0.0,0.0,0,0,0,58.0,0.0,0.0,0.0
Lightstreamer/Lightstreamer-example-RoundTrip-adapter-java,4515.0,3606.0,0.5,0.0,0,0,0,32.0,0.0,0.0,0.0
Lightstreamer/Lightstreamer-example-StockList-client-dde,4520.0,3703.0,0.5,0.0,0,0,0,40.0,0.0,0.0,0.0
Lignumm/CCEmuX,3501.0,3472.0,0.6666666666666666,0.0,0,0,0,173.0,1.125,0.0,0.0
LithiumDEV/LithiumLib,4164.0,4112.0,0.5,0.0,0,0,0,102.0,0.0,0.0,0.0
Litipk/platano-indexer,4597.0,3463.0,2.0,0.0,0,0,0,276.0,0.0,0.0,0.0
LivotovLabs/AutoForms,4855.0,4523.0,1.5,0.0,0,0,0,56.0,0.0,0.0,0.0
LoadLow/CloudflareApiLibrary,4309.0,3984.0,1.2,0.0,0,0,0,162.0,0.0,0.0,0.0
LoadingPleaseWait/Battleship,4277.0,4078.0,0.5,0.0,0,0,0,36.0,0.0,0.0,0.0
LogicTechCorp/NetherEx,3471.0,3467.0,0.5,0.0,0,0,0,282.0,2.0,0.0,0.0
LoicDelorme/Polytech-TicTacToe,3605.0,3593.0,0.0,0.0,0,0,0,66.0,0.0,0.0,0.0
Lomeli12/Augmented-Accessories,3668.0,3503.0,0.5,0.0,0,0,0,599.0,0.051194539249146756,0.0,0.0
Lomeli12/Equivalency,4612.0,4151.0,2.0,0.0,0,0,0,455.0,0.03111111111111111,0.0,0.0
Lomeli12/ModJam2,4549.0,4508.0,0.0,0.0,0,0,0,298.0,0.0,0.0,0.0
Lomeli12/MultiBlock-Tutorial,4180.0,3856.0,3.0,0.0,0,0,0,30.0,0.0,0.0,0.0
Lomeli12/SimpleCondenser,3853.0,3636.0,1.0,0.0,0,0,0,327.0,0.043478260869565216,0.0,0.0
Lord-Nazdar/Conquest,4387.0,4361.0,0.5,0.0,0,0,0,174.0,0.0,0.0,0.0
LordH3lmchen/TwitchDownloader,4055.0,3803.0,3.9,0.0,0,0,0,122.0,0.0,0.0,0.0
Lordmau5/FFS,3811.0,3464.0,3.8333333333333335,0.0,0,0,0,721.0,1.805263157894737,0.0,0.0
LorenzoBettini/junit-swtbot-example,4387.0,3679.0,0.6666666666666666,0.0,0,0,0,138.0,0.0,0.0,0.0
Los-Angeles-Salesforce-Developer-Group/BuildProcessWorkshop2015,3877.0,3864.0,1.6666666666666667,0.0,0,0,0,56.0,0.0,0.0,0.0
LothrazarMinecraftMods/InventoryControlKeys,3782.0,3668.0,1.0,0.0,0,0,0,128.0,2.193548387096774,0.0,0.0
LothrazarMinecraftMods/PowerApples,3783.0,3551.0,1.0,0.0,0,0,0,226.0,1.4029850746268657,0.0,0.0
LuNaTeCs-316/LuNaCV,4342.0,4245.0,1.0,0.0,0,0,0,48.0,0.2727272727272727,0.0,0.0
LucaPrete/Custom-costs-balancer,4532.0,3941.0,0.3333333333333333,0.0,0,0,0,82.0,0.0,0.0,0.0
Lugribossk/dropwizard-experiment,4689.0,3493.0,3.5,0.0,0,0,0,638.0,0.0,0.0,0.0
LuigiCortese/java-certification-ocp8,3680.0,3628.0,0.5,0.0,0,0,0,567.0,0.12313432835820895,0.0,0.0
Luiszarate14/PadronElectoral,3465.0,3465.0,0.0,0.0,0,0,0,48.0,0.0,0.0,0.0
Luiszarate14/manejoXML,3525.0,3506.0,0.5,0.0,0,0,0,66.0,0.8333333333333334,0.0,0.0
Lukrez/BungeeLogin,3937.0,3516.0,0.0,0.0,0,0,0,32.0,0.0,0.0,0.0
LunarBaseEngin/LunarBase,3677.0,3461.0,4.5,0.0,0,0,0,156.0,0.0,0.0,0.0
Lunatrius/InGame-Info-XML,4797.0,3483.0,0.8947368421052632,0.0,0,0,0,648.0,3.5084745762711864,0.0,0.0
Lunatrius/LunatriusCore,4364.0,3484.0,1.4166666666666667,0.0,0,0,0,326.0,2.0,0.0,0.0
Lunatrius/Tracer,3578.0,3484.0,0.6666666666666666,0.0,0,0,0,213.0,1.9090909090909092,0.0,0.0
Luxoft/Twister,4967.0,3483.0,1.5909090909090908,0.0,0,0,0,1314.0,0.0,0.0,0.0
LuzernWGProjects/invocieManager,4084.0,4080.0,0.0,0.0,0,0,0,68.0,0.0,0.0,0.0
M3SOulu/ShoppingCart,4116.0,4116.0,0.0,0.0,0,0,0,18.0,0.0,0.0,0.0
M4GiK/audio-search,4329.0,3547.0,0.5,0.0,0,0,0,174.0,0.0,0.0,0.0
MCPTech/mycp,4817.0,4331.0,0.1320754716981132,0.0,0,0,0,1114.0,0.0,0.0,0.0
MCServerTools/ServerTools-BACKUP,4233.0,3669.0,0.4,0.0,0,0,0,148.0,2.6875,0.0,0.0
MCServerTools/ServerTools-CORE,4233.0,3522.0,1.75,0.0,0,0,0,249.0,2.183333333333333,0.0,0.0
MCTyler/CrafterNexus,4079.0,3876.0,0.4,0.0,0,0,0,458.0,0.0,0.0,0.0
MCUpdater/GUI-JavaFx,4367.0,3850.0,0.0,0.0,0,0,0,110.0,0.0,0.0,0.0
MCUpdater/MCU-DownloadLib,4522.0,3850.0,0.0,0.0,0,0,0,58.0,0.0,0.0,0.0
MDDLingo/xis-bigdata,3827.0,3508.0,0.0,0.0,0,0,0,900.0,0.0,0.0,0.0
ME1312/HostServers,3737.0,3533.0,0.0,0.0,0,0,0,54.0,0.0,0.0,0.0
MEDEVIT/OSEA-4-Java,4778.0,4773.0,0.7,0.0,0,0,0,42.0,0.0,0.0,0.0
MGStudios/RPG,4424.0,4422.0,0.0,0.0,0,0,0,126.0,0.0,0.0,0.0
MHarris021/bitly-test,3845.0,3845.0,0.0,0.0,0,0,0,34.0,0.0,0.0,0.0
MHarris021/iron-worker-mongodb-integration-test,3855.0,3854.0,0.0,0.0,0,0,0,42.0,0.0,0.0,0.0
MKLab-ITI/simmo,4184.0,3463.0,2.0,0.0,0,0,0,754.0,3.6842105263157894,0.0,0.0
MKisilyov/P4CTM,4755.0,4676.0,0.0,0.0,0,0,0,228.0,1.3333333333333333,0.0,0.0
MMore/hue-light-plugin,4441.0,3920.0,0.38461538461538464,0.0,0,0,0,201.0,2.4130434782608696,0.0,0.0
MNCC/minus,3901.0,3781.0,2.5,0.0,0,0,0,102.0,0.0,0.0,0.0
MPDL/neuron-profiler,4151.0,4127.0,0.0,0.0,0,0,0,204.0,1.9615384615384615,0.0,0.0
MR-CoAP/CoAP,4184.0,4165.0,1.5,0.0,0,0,0,24.0,0.0,0.0,0.0
MSaito/RubikCubeAnimationJava3d,5109.0,4878.0,1.0,0.0,0,0,0,80.0,0.0,0.0,0.0
MXProgrammingClub/Chem-Helper,3707.0,3492.0,0.0,0.0,0,0,0,368.0,0.0,0.0,0.0
MaLeLabTs/RegexGenerator,3884.0,3546.0,9.03448275862069,0.0,0,0,0,794.0,0.0,0.0,0.0
Maarc/windup-as-a-service,4041.0,3946.0,0.5,0.0,0,0,0,1670.0,0.0,0.0,0.0
MacHac/tsa-sdev-proj,3514.0,3511.0,0.0,0.0,0,0,0,46.0,0.0,0.0,0.0
Maddosaurus/aerofx,4170.0,3494.0,0.9166666666666666,0.0,0,0,0,109.0,0.1346153846153846,0.0,0.0
MagenTys/cherry,3538.0,3462.0,1.8,0.0,0,0,0,282.0,3.68,0.0,0.0
MagenTys/cherry-cucumber,3514.0,3512.0,0.6666666666666666,0.0,0,0,0,168.0,4.296296296296297,0.0,0.0
MagenTys/cherry-junit,3532.0,3525.0,0.5,0.0,0,0,0,83.0,3.3125,0.0,0.0
MagenTys/cherry-rest,3532.0,3511.0,1.5,0.0,0,0,0,135.0,3.269230769230769,0.0,0.0
MagicBees/MagicBees,3994.0,3514.0,1.0,0.0,0,0,0,1380.0,1.5989583333333333,0.0,0.0
Magneticraft-Team/Magneticraft,3662.0,3462.0,0.5,0.0,0,0,0,478.0,0.0,0.0,0.0
MagnusCorp/TankApp,3555.0,3555.0,0.0,0.0,0,0,0,108.0,0.0,0.0,0.0
Mahtimursut/ohtu,3539.0,3509.0,0.0,0.0,0,0,0,180.0,0.0,0.0,0.0
MammatusTech/qbit-microservices-examples,3791.0,3465.0,9.666666666666666,0.0,0,0,0,728.0,0.0,0.0,0.0
ManGroup/weixin,4318.0,4312.0,0.0,0.0,0,0,0,369.0,1.989247311827957,0.0,0.0
Manevolent/EggCrack,4119.0,3589.0,2.1666666666666665,0.0,0,0,0,502.0,0.6951871657754011,0.0,0.0
ManfredTremmel/gwt-commons-validator,4013.0,3513.0,0.75,0.0,0,0,0,1035.0,1.9580152671755726,0.0,0.0
Mangopay/mangopay2-java-sdk,4535.0,3468.0,0.5,0.0,0,0,0,552.0,1.0108695652173914,0.0,0.0
ManyDesigns/Portofino,3954.0,3470.0,2.5,0.0,0,0,0,7089.0,1.1543594306049823,0.0,0.0
Maralbas/simpleUserManager,3527.0,3489.0,0.0,0.0,0,0,0,30.0,0.0,0.0,0.0
MarcLoupias/poc-play-rest-backend,4378.0,4282.0,2.3333333333333335,0.0,0,0,0,438.0,0.0,0.0,0.0
Marccspro/Defi-Progra-Generation,3927.0,3927.0,0.0,0.0,0,0,0,126.0,0.0,0.0,0.0
MarcinWieczorek/NovaGuilds,3912.0,3466.0,1.1666666666666667,0.0,0,0,0,686.0,0.0,0.0,0.0
MarioCodes/Proyectos-Java,3511.0,3487.0,0.5,0.0,0,0,0,572.0,0.0,0.0,0.0
MarkHooijkaas/Caas,5916.0,5137.0,0.5,0.0,0,0,0,222.0,0.018018018018018018,0.0,0.0
MarkNenadov/jDcCrime,5301.0,4076.0,0.0,0.0,0,0,0,26.0,0.0,0.0,0.0
MarkZ3/EclipseTraining,3629.0,3590.0,0.0,0.0,0,0,0,56.0,0.0,0.0,0.0
MarkehMe/FactionsAlias,4235.0,3567.0,0.0,0.0,0,0,0,178.0,0.0,0.0,0.0
MarkehMe/FactionsWarps,3518.0,3501.0,0.0,0.0,0,0,0,68.0,0.0,0.0,0.0
MarkusBernhardt/robotframework-selenium2library-java,4678.0,3463.0,0.8837209302325582,0.0,0,0,0,263.0,1.3544303797468353,0.0,0.0
MarkyVasconcelos/Towel,5479.0,3729.0,3.0,0.0,0,0,0,444.0,0.009009009009009009,0.0,0.0
Martin-Dames/Tingeltangel,3900.0,3505.0,0.4,0.0,0,0,0,1186.0,1.946843853820598,0.0,0.0
MartinMReed/maven-cxx-plugin,5481.0,4420.0,1.0,0.0,0,0,0,300.0,0.0,0.0,0.0
MartinPaulo/JavaStrutsEmailTag,4935.0,4318.0,0.5,0.0,0,0,0,58.0,0.0,0.0,0.0
MarvinMenzerath/DoomThemAll,4384.0,3534.0,0.5,0.0,0,0,0,68.0,1.6842105263157894,0.0,0.0
Masson/command-router,4266.0,3811.0,1.5,0.0,0,0,0,114.0,0.0,0.0,0.0
MatMaul/freeboxos-java,4405.0,3578.0,0.0,0.0,0,0,0,326.0,1.6444444444444444,0.0,0.0
MatadorPants/mcMMO,4997.0,4997.0,0.5,0.0,0,0,0,954.0,0.0,0.0,0.0
MatejTymes/QuickFixUtils,4451.0,4434.0,0.0,0.0,0,0,0,82.0,1.2307692307692308,0.0,0.0
MateusZitelli/SQL-Compiler,3941.0,3886.0,0.0,0.0,0,0,0,62.0,0.0,0.0,0.0
MattKing11/TeamProject,4458.0,4458.0,0.0,0.0,0,0,0,225.0,0.10185185185185185,0.0,0.0
Mattah12/gargate,3969.0,3962.0,0.0,0.0,0,0,0,388.0,0.7272727272727273,0.0,0.0
MatthewBishop/Poseidon,5212.0,5212.0,1.5,0.0,0,0,0,88.0,0.0,0.0,0.0
MatthewDaggitt/Oponn,3926.0,3900.0,2.0,0.0,0,0,0,108.0,0.0,0.0,0.0
Maxels88/openxls,4325.0,4329.0,0.2,0.0,0,0,0,2181.0,1.1546242774566473,0.0,0.0
Maxopoly/EnvironmentalEffects,3752.0,3524.0,0.0,0.0,0,0,0,88.0,0.0,0.0,0.0
Maxopoly/Finale,3509.0,3464.0,0.0,0.0,0,0,0,75.0,1.3478260869565217,0.0,0.0
Mayomi/PlotSquared-Chinese,3840.0,3767.0,0.375,0.0,0,0,0,652.0,0.0,0.0,0.0
Maypril/metrics-mongodb-reporter,4291.0,3917.0,3.0,0.0,0,0,0,93.0,0.7941176470588235,0.0,0.0
McJty/AncientMagic,4129.0,4129.0,0.0,0.0,0,0,0,267.0,1.7887323943661972,0.0,0.0
McJty/ModTutorials,3631.0,3491.0,2.625,0.0,0,0,0,386.0,1.5596330275229358,0.0,0.0
McPringle/sportchef,3715.0,3496.0,0.5,0.0,0,0,0,647.0,1.2777777777777777,0.0,0.0
MegaApuTurkUltra/bpm,3465.0,3460.0,1.3333333333333333,0.0,0,0,0,50.0,0.0,0.0,0.0
Melanistic/CubeShaft,4362.0,4321.0,0.6,0.0,0,0,0,522.0,0.0,0.0,0.0
MenoData/Time4J,4527.0,3462.0,4.764705882352941,0.0,0,0,0,4697.0,1.2429261559696343,0.0,0.0
MentorEmbedded/p2-installer,4316.0,3650.0,2.25,0.0,0,0,0,720.0,0.0,0.0,0.0
Metalcon/bootstrap,4263.0,4250.0,0.0,0.0,0,0,0,84.0,0.0,0.0,0.0
Metaswitch/fmj,4729.0,3748.0,1.3333333333333333,0.0,0,0,0,2352.0,1.0611183355006502,0.0,0.0
Metazion/JGameDemo,3761.0,3558.0,2.6666666666666665,0.0,0,0,0,306.0,0.0,0.0,0.0
MeteoGroup/cassandra-embedded-for-test,3497.0,3490.0,0.0,0.0,0,0,0,77.0,1.5909090909090908,0.0,0.0
MeteoGroup/grib-library,3707.0,3521.0,1.0,0.0,0,0,0,452.0,1.0066225165562914,0.0,0.0
MetrixServer/ItemPlus,3844.0,3605.0,0.16666666666666666,0.0,0,0,0,460.0,0.0,0.0,0.0
Mezular/CRN-FBLA,3669.0,3666.0,0.0,0.0,0,0,0,16.0,0.0,0.0,0.0
Mgiepz/saiku-reporting-core,4809.0,3569.0,0.125,0.0,0,0,0,302.0,0.8148148148148148,0.0,0.0
MichaelDennisCompSci/ChessSrv,3822.0,3756.0,0.0,0.0,0,0,0,56.0,0.0,0.0,0.0
MichaelKohler/FFHS_DA,4469.0,4385.0,0.0,0.0,0,0,0,148.0,0.0,0.0,0.0
MichaelVdheeren/Signalization,5341.0,5305.0,1.0,0.0,0,0,0,124.0,0.0,0.0,0.0
Micheal-Bigmac/OA,4203.0,4040.0,0.56,0.0,0,0,0,1116.0,0.0,0.0,0.0
MicronOxford/mcib3d-core,4151.0,4149.0,0.0,0.0,0,0,0,278.0,0.0,0.0,0.0
Microsoft-CISL/Wake-Contrib,4310.0,3983.0,0.0,0.0,0,0,0,107.0,0.09615384615384616,0.0,0.0
Microsoft/Azure-Toolkit-for-IntelliJ,3757.0,3562.0,1.5,0.0,0,0,0,694.0,0.0,0.0,0.0
Microsoft/azure-shortcuts-for-java,3749.0,3496.0,0.6666666666666666,0.0,0,0,0,332.0,0.049079754601226995,0.0,0.0
Microsoft/azure-tools-for-java,3567.0,3470.0,1.2222222222222223,0.0,0,0,0,3978.0,0.0,0.0,0.0
MikeLydeamore/ItsRainingFood,3990.0,3492.0,0.5,0.0,0,0,0,95.0,1.4642857142857142,0.0,0.0
MikeLydeamore/SimpleLabels,3996.0,3464.0,1.0,0.0,0,0,0,156.0,1.511111111111111,0.0,0.0
MikeLydeamore/SwitchesContinued,3918.0,3878.0,1.6666666666666667,0.0,0,0,0,126.0,1.2820512820512822,0.0,0.0
Mikescher/jClipCorn,4659.0,3462.0,1.0,0.0,0,0,0,1524.0,0.010540184453227932,0.0,0.0
MilkBowl/Vault,5289.0,3461.0,0.765,0.0,0,0,0,352.0,1.1607142857142858,0.0,0.0
MilkBowl/VaultAPI,4239.0,3555.0,1.1935483870967742,0.0,0,0,0,101.0,1.3225806451612903,0.0,0.0
Mind4SE/mind-parent-maven-plugin,4197.0,4177.0,0.0,0.0,0,0,0,468.0,0.0,0.0,0.0
Mindera/gradle-slack-plugin,3876.0,3483.0,7.384615384615385,0.0,0,0,0,94.0,0.18181818181818182,0.0,0.0
Mine-and-blade-admin/Battlegear2,4663.0,3564.0,1.0476190476190477,0.0,0,0,0,2498.0,1.3156498673740054,0.0,0.0
MineMaarten/MineChess,4481.0,3652.0,0.75,0.0,0,0,0,323.0,1.9156626506024097,0.0,0.0
MineMaarten/PneumaticCraft,4399.0,3523.0,1.7708333333333333,0.0,0,0,0,9203.0,1.4946848899012908,0.0,0.0
MineMaarten/Sokoban-Mod,4483.0,4263.0,0.0,0.0,0,0,0,250.0,0.0,0.0,0.0
MineSworn/UltimateArena,4737.0,3462.0,0.8,0.0,0,0,0,593.0,1.1989247311827957,0.0,0.0
MineZDev/MineZ,4342.0,4339.0,0.5,0.0,0,0,0,38.0,0.0,0.0,0.0
MinecraftForge/MCPBukkit,4674.0,4429.0,2.6666666666666665,0.0,0,0,0,1104.0,0.0,0.0,0.0
MinecraftForge/MinecraftForge,5069.0,3460.0,1.8090452261306533,0.0,0,0,0,2689.0,0.0007434944237918215,0.0,0.0
MinecraftWars/Gringotts,4942.0,3467.0,0.6428571428571429,0.0,0,0,0,295.0,1.375,0.0,0.0
Minestar/BuyCraft,5139.0,3824.0,0.6666666666666666,0.0,0,0,0,110.0,0.0,0.0,0.0
MinhasKamal/GenderRecognizer,3656.0,3470.0,1.0,0.0,0,0,0,860.0,0.0,0.0,0.0
MiniDigger/RideThaMobv3,3473.0,3466.0,0.5,0.0,0,0,0,501.0,0.08713692946058091,0.0,0.0
Mishail/CqlJmeter,4415.0,3526.0,1.5,0.0,0,0,0,118.0,1.6363636363636365,0.0,0.0
MissionCriticalCloudOldRepos/cosmic-plugin-hypervisor-xenserver,3617.0,3470.0,0.0,0.0,0,0,0,302.0,0.0,0.0,0.0
Mitsugaru/EntityManager,5010.0,4930.0,0.0,0.0,0,0,0,203.0,0.5308641975308642,0.0,0.0
Moandor-y/finalspeed,3481.0,3479.0,0.0,0.0,0,0,0,188.0,0.0,0.0,0.0
Modbder/ThaumicBases,3821.0,3553.0,1.4,0.0,0,0,0,1192.0,0.0,0.0,0.0
ModeShape/modeshape,5452.0,3462.0,0.9397590361445783,0.0,0,0,0,12958.0,0.9038763163791171,0.0,0.0
ModeShape/modeshape-performance,5131.0,4360.0,0.8,0.0,0,0,0,670.0,0.0,0.0,0.0
ModelN/build-management,4402.0,3910.0,0.0,0.0,0,0,0,1692.0,0.0,0.0,0.0
ModularMC/ModularMC,3683.0,3573.0,1.0,0.0,0,0,0,466.0,0.034782608695652174,0.0,0.0
Monofraps/GradleCurse,4346.0,4299.0,1.0,0.0,0,0,0,74.0,0.23529411764705882,0.0,0.0
Monstercraft/MonsterIRC,5173.0,3947.0,1.7777777777777777,0.0,0,0,0,1138.0,0.0,0.0,0.0
Monstercraft/MonsterTickets,4898.0,3947.0,0.3333333333333333,0.0,0,0,0,98.0,0.0,0.0,0.0
Moocar/logback-gelf,5370.0,3618.0,2.017543859649123,0.0,0,0,0,95.0,0.6944444444444444,0.0,0.0
Morsgault/Java_RPG,4802.0,4750.0,0.25,0.0,0,0,0,60.0,0.0,0.0,0.0
Mortis69/JavaBrot,4343.0,4343.0,0.0,0.0,0,0,0,40.0,0.0,0.0,0.0
MovingBlocks/FacadeApplet,4444.0,3607.0,0.5,0.0,0,0,0,30.0,0.0,0.0,0.0
MovingBlocks/TeraMath,4330.0,3579.0,1.0,0.0,0,0,0,448.0,2.5,0.0,0.0
MovingBlocks/TerasologyLauncher,4686.0,3476.0,1.8333333333333333,0.0,0,0,0,523.0,0.5862068965517241,0.0,0.0
Mpmart08/MusicPlayer,3711.0,3462.0,5.214285714285714,0.0,0,0,0,182.0,0.0,0.0,0.0
MrBrax/unifrog,3792.0,3792.0,1.0,0.0,0,0,0,426.0,0.0,0.0,0.0
MrClement/ScheduleGenerator,4802.0,3470.0,0.0,0.0,0,0,0,108.0,0.0,0.0,0.0
MrIbby/BaMsGRAVE,3976.0,3553.0,0.5,0.0,0,0,0,145.0,1.972972972972973,0.0,0.0
MrInspectorDev/pCombat,4349.0,4265.0,0.0,0.0,0,0,0,18.0,0.0,0.0,0.0
MrMysteri0us/DBManager,4062.0,4048.0,4.5,0.0,0,0,0,52.0,0.0,0.0,0.0
MrRiegel/BlockDrops,3531.0,3462.0,1.0,0.0,0,0,0,112.0,2.2222222222222223,0.0,0.0
Mrbysco/MemeInABottle,3622.0,3496.0,0.75,0.0,0,0,0,682.0,1.3694581280788178,0.0,0.0
Multifarious/shiro-jdbi-realm,4632.0,4319.0,1.6,0.0,0,0,0,178.0,1.2142857142857142,0.0,0.0
MultiverseKing/MultiverseKing_JME,4338.0,3467.0,0.8,0.0,0,0,0,1148.0,0.0,0.0,0.0
Murmand/checkit,4251.0,3927.0,0.0,0.0,0,0,0,732.0,0.0,0.0,0.0
MusesProject/MusesServer,4323.0,3688.0,2.5,0.0,0,0,0,781.0,0.2894736842105263,0.0,0.0
Mustafabangor/SentimentAnalysis4Tweets,4514.0,4514.0,0.0,0.0,0,0,0,63.0,1.0952380952380953,0.0,0.0
MyCATApache/Mycat-Balance,4030.0,3568.0,0.5428571428571428,0.0,0,0,0,397.0,0.046153846153846156,0.0,0.0
MyCATApache/Mycat-Server,4030.0,3464.0,1.2523267838676317,0.0,0,0,0,3111.0,1.2125902992776059,0.0,0.0
MyCollab/mycollab,4337.0,3462.0,1.7974683544303798,0.0,0,0,0,9988.0,0.0,0.0,0.0
MyCrazyPi/hypixel-autotip,3486.0,3476.0,0.16666666666666666,0.0,0,0,0,64.0,0.0,0.0,0.0
MyPureCloud/elasticsearch-phone,3786.0,3562.0,1.0,0.0,0,0,0,134.0,2.857142857142857,0.0,0.0
MySquishyTurtle/MySquishyModTools,3594.0,3553.0,0.5,0.0,0,0,0,245.0,1.6865671641791045,0.0,0.0
Myasuka/PCA-Detector,3879.0,3567.0,1.0,0.0,0,0,0,87.0,2.45,0.0,0.0
MylesIsCool/ViaVersion,3578.0,3460.0,1.5217391304347827,0.0,0,0,0,817.0,1.9951219512195122,0.0,0.0
Mysteana/DwarfForge,5133.0,5153.0,0.16666666666666666,0.0,0,0,0,36.0,0.0,0.0,0.0
N1T3SLAY3R/Empirecraft,4047.0,3633.0,0.4,0.0,0,0,0,58.0,0.0,0.0,0.0
N4th4/NuxBridge,5259.0,5182.0,1.5,0.0,0,0,0,38.0,1.0769230769230769,0.0,0.0
N4th4/NuxGrief,5272.0,5195.0,1.0,0.0,0,0,0,41.0,1.0714285714285714,0.0,0.0
N4th4/NuxSMS,5282.0,5207.0,0.6666666666666666,0.0,0,0,0,38.0,1.0769230769230769,0.0,0.0
NCIP/cadsr-formbuilder,4516.0,4234.0,0.0,0.0,0,0,0,3010.0,0.0,0.0,0.0
NCIP/cadsr-semantic-tools,4513.0,4239.0,0.0,0.0,0,0,0,1606.0,0.0,0.0,0.0
NCIP/cadsr-sentinel,4486.0,4267.0,0.0,0.0,0,0,0,2804.0,0.0,0.0,0.0
NCIP/cagrid-general,4651.0,4535.0,0.0,0.0,0,0,0,4854.0,0.0,0.0,0.0
NCIP/cagrid2-wsrf,4597.0,4358.0,0.0,0.0,0,0,0,2335.0,0.6678082191780822,0.0,0.0
NCIP/edct-formbuilder,4569.0,4532.0,0.25,0.0,0,0,0,2458.0,0.2841225626740947,0.0,0.0
NCIP/nci-mapping-tool,4634.0,4613.0,0.5,0.0,0,0,0,1072.0,0.0,0.0,0.0
NCIP/nci-term-suggestion,4634.0,3674.0,0.0,0.0,0,0,0,298.0,0.0,0.0,0.0
NCIP/nci-value-set-editor,4634.0,4613.0,0.0,0.0,0,0,0,562.0,0.0,0.0,0.0
NCIP/psc,4742.0,4624.0,1.0,0.0,0,0,0,7796.0,0.0,0.0,0.0
NCIP/stats-application-commons,4555.0,4270.0,0.0,0.0,0,0,0,491.0,0.0040650406504065045,0.0,0.0
NGNFWGames/plugins,4119.0,4118.0,0.0,0.0,0,0,0,1314.0,0.0,0.0,0.0
NLeSC/Xenon,4638.0,3491.0,0.16666666666666666,0.0,0,0,0,1142.0,0.0,0.0,0.0
NOLFXceptMe/opml,4433.0,4136.0,0.0,0.0,0,0,0,80.0,1.1538461538461537,0.0,0.0
NOVA-Team/NOVA-Core,3978.0,3709.0,3.5789473684210527,0.0,0,0,0,1346.0,0.0,0.0,0.0
NOVA-Team/NOVA-Minecraft,3853.0,3744.0,2.3333333333333335,0.0,0,0,0,114.0,0.14814814814814814,0.0,0.0
NPException/Dimensional-Pockets,4239.0,3584.0,1.6,0.0,0,0,0,684.0,0.0,0.0,0.0
NPException/GameAnalyticsAPI,3803.0,3583.0,0.6666666666666666,0.0,0,0,0,52.0,0.0,0.0,0.0
NTTCom-MS/traveloci,3487.0,3478.0,0.0,0.0,0,0,0,77.0,3.2666666666666666,0.0,0.0
Nader-Sl/LoL-Ping-Checker,4316.0,4316.0,0.0,0.0,0,0,0,66.0,0.08823529411764706,0.0,0.0
NaheulCraft/Loki,3816.0,3701.0,0.0,0.0,0,0,0,124.0,1.3157894736842106,0.0,0.0
NaheulCraft/NaheulCraft-Launcher,3821.0,3707.0,0.0,0.0,0,0,0,174.0,0.0,0.0,0.0
NaheulCraft/NaheulCraft-Updater,4123.0,3692.0,0.0,0.0,0,0,0,318.0,0.37037037037037035,0.0,0.0
Nanopublication/nanopub-java,4635.0,3503.0,2.1666666666666665,0.0,0,0,0,327.0,1.1941747572815533,0.0,0.0
NapierDevSoc/RandyHelper,3728.0,3722.0,0.0,0.0,0,0,0,16.0,0.0,0.0,0.0
NarwhalTeam3128/FRC2011,5567.0,5567.0,1.25,0.0,0,0,0,36.0,0.0,0.0,0.0
Nashoba-Robotics/NR-2014-CMD,4333.0,4105.0,0.5,0.0,0,0,0,180.0,0.0,0.0,0.0
Nastel/tnt4j-log4j12,3786.0,3468.0,0.0,0.0,0,0,0,136.0,2.4516129032258065,0.0,0.0
NatTuck/sample-http,3563.0,3559.0,0.0,0.0,0,0,0,50.0,0.0,0.0,0.0
NataliaDymnikova/akka.scheduler,3631.0,3510.0,0.5,0.0,0,0,0,768.0,0.46006389776357826,0.0,0.0
NatipCube/NastyHub,3480.0,3479.0,0.0,0.0,0,0,0,64.0,1.1428571428571428,0.0,0.0
NaturalIntelligence/BooleanSequence,3653.0,3469.0,2.0,0.0,0,0,0,108.0,0.0,0.0,0.0
Nearsoft/java-crash-course,3713.0,3514.0,0.0,0.0,0,0,0,204.0,0.0,0.0,0.0
Neder/InteliAutomata,3613.0,3590.0,1.0,0.0,0,0,0,49.0,1.1875,0.0,0.0
Neofonie/aiko,3588.0,3494.0,2.0,0.0,0,0,0,108.0,0.0,0.0,0.0
Neofonie/cinderella,3536.0,3465.0,0.0,0.0,0,0,0,411.0,1.1526717557251909,0.0,0.0
NerdNu/ModMode,5203.0,3465.0,0.625,0.0,0,0,0,30.0,0.0,0.0,0.0
NerdNu/SafeBuckets,5132.0,3486.0,0.5714285714285714,0.0,0,0,0,62.0,0.9090909090909091,0.0,0.0
NessComputing/components-ness-config,5069.0,4427.0,1.0,0.0,0,0,0,254.0,0.031746031746031744,0.0,0.0
NessComputing/components-ness-core,4995.0,4351.0,0.8333333333333334,0.0,0,0,0,82.0,0.1,0.0,0.0
NessComputing/components-ness-httpclient,4970.0,4436.0,1.0,0.0,0,0,0,341.0,0.029585798816568046,0.0,0.0
NessComputing/components-ness-integration-testing,4969.0,4422.0,1.0,0.0,0,0,0,54.0,0.15384615384615385,0.0,0.0
NessComputing/components-ness-jdbc,5055.0,4410.0,0.3333333333333333,0.0,0,0,0,82.0,0.0,0.0,0.0
NessComputing/components-ness-jdbi,4969.0,4422.0,0.6,0.0,0,0,0,108.0,0.07547169811320754,0.0,0.0
NessComputing/components-ness-scopes,5063.0,4422.0,0.5,0.0,0,0,0,94.0,0.08695652173913043,0.0,0.0
NessComputing/components-ness-tracking,4969.0,4415.0,0.75,0.0,0,0,0,126.0,0.06451612903225806,0.0,0.0
NessComputing/migratory,5057.0,4092.0,1.0,0.0,0,0,0,581.0,0.06007067137809187,0.0,0.0
NetHome/ZWave,3765.0,3502.0,2.0,0.0,0,0,0,188.0,0.043010752688172046,0.0,0.0
Netbeans-Modules/NbFileStructureNode,3650.0,3574.0,0.5,0.0,0,0,0,82.0,0.0,0.0,0.0
Netcentric/accesscontroltool,3997.0,3461.0,1.3846153846153846,0.0,0,0,0,789.0,1.164,0.0,0.0
Netcentric/aem-taggable-image,3902.0,3902.0,1.0,0.0,0,0,0,148.0,0.9411764705882353,0.0,0.0
Netdex/CircuitDetector,3851.0,3771.0,0.0,0.0,0,0,0,82.0,0.2702702702702703,0.0,0.0
Netflix/Prana,4072.0,3507.0,4.105263157894737,0.0,0,0,0,140.0,0.0,0.0,0.0
Netflix/curator,5268.0,3657.0,4.210365853658536,0.0,0,0,0,176.0,2.810810810810811,0.0,0.0
Netflix/feign,4555.0,3462.0,5.224390243902439,0.0,0,0,0,630.0,0.0,0.0,0.0
Netflix/karyon,4695.0,3483.0,2.3758389261744965,0.0,0,0,0,790.0,0.0,0.0,0.0
Netflix/metacat,3558.0,3462.0,1.4,0.0,0,0,0,1208.0,0.0,0.0,0.0
Netflix/netflix-graph,4666.0,3657.0,5.476190476190476,0.0,0,0,0,188.0,0.0,0.0,0.0
Netflix/servo,5113.0,3471.0,4.696808510638298,0.0,0,0,0,770.0,0.0,0.0,0.0
Netflix/staash,4423.0,3562.0,4.46875,0.0,0,0,0,1170.0,0.0,0.0,0.0
Neutree/PandaTvDanMu,3578.0,3494.0,1.5,0.0,0,0,0,138.0,0.0,0.0,0.0
Neutrinet/ISP-ng,4233.0,3481.0,3.0,0.0,0,0,0,366.0,0.03314917127071823,0.0,0.0
NewName/javaCUDA,6072.0,6067.0,0.6666666666666666,0.0,0,0,0,256.0,0.0,0.0,0.0
Nexapp/NexappMath,3809.0,3463.0,0.0,0.0,0,0,0,138.0,1.1818181818181819,0.0,0.0
Nexmo/nexmo-java,5080.0,3514.0,0.9090909090909091,0.0,0,0,0,257.0,0.8461538461538461,0.0,0.0
Nibby/Pix,3756.0,3649.0,0.6666666666666666,0.0,0,0,0,228.0,0.0,0.0,0.0
NiceSystems/hrider,4760.0,3486.0,2.3823529411764706,0.0,0,0,0,535.0,0.16532258064516128,0.0,0.0
NicholasAStuart/Maven-Mule-REST-Plugin,5034.0,3608.0,0.6666666666666666,0.0,0,0,0,123.0,2.6296296296296298,0.0,0.0
NicholasAStuart/myo-java,4154.0,3723.0,1.0909090909090908,0.0,0,0,0,227.0,2.673469387755102,0.0,0.0
NicholsSchool/2015-Beaker-Competition,3936.0,3878.0,0.2,0.0,0,0,0,76.0,0.0,0.0,0.0
NightHacking/LambdasHacking,4354.0,4351.0,0.4827586206896552,0.0,0,0,0,62.0,0.0,0.0,0.0
NightKosh/Gravestone-mod-Graves,4625.0,3462.0,1.1,0.0,0,0,0,911.0,0.31725888324873097,0.0,0.0
NightKosh/LavaBoat-mod,4619.0,3940.0,0.8,0.0,0,0,0,222.0,1.393939393939394,0.0,0.0
Nightboo/NightFramework,4061.0,4061.0,0.0,0.0,0,0,0,26.0,0.0,0.0,0.0
NigoroJr/typebest,4641.0,4170.0,0.5,0.0,0,0,0,82.0,0.0,0.0,0.0
Nithanim/gw2api,3757.0,3460.0,1.0,0.0,0,0,0,1406.0,4.068965517241379,0.0,0.0
NitorCreations/javaxdelta,3984.0,3696.0,1.0,0.0,0,0,0,270.0,1.3170731707317074,0.0,0.0
Nividica/ThaumicEnergistics,4168.0,3519.0,1.4615384615384615,0.0,0,0,0,1326.0,0.7381443298969073,0.0,0.0
NoCheatPlus/NoCheatPlus,4867.0,3461.0,0.9659090909090909,0.0,0,0,0,2863.0,1.0031446540880504,0.0,0.0
NoGrief/QueueMonitor,4369.0,4043.0,0.0,0.0,0,0,0,120.0,0.0,0.0,0.0
NoahAndrews/SynchronizedMediaPlayer,3480.0,3462.0,1.0,0.0,0,0,0,68.0,0.25806451612903225,0.0,0.0
NoiseQuintet/Sudoku-HelpBot,3714.0,3609.0,1.0,0.0,0,0,0,16.0,0.0,0.0,0.0
NomNuggetNom/mcpvp-mod,4108.0,3708.0,0.6666666666666666,0.0,0,0,0,676.0,0.0,0.0,0.0
Noovle/newrelic-rum-liferay,4133.0,4120.0,1.0,0.0,0,0,0,50.0,0.0,0.0,0.0
Not2EXceL/ClashOfBlocks,4402.0,3864.0,0.0,0.0,0,0,0,272.0,0.0,0.0,0.0
Noterik/Rafael,4254.0,3500.0,1.5,0.0,0,0,0,96.0,0.0851063829787234,0.0,0.0
Noterik/barney,4201.0,3533.0,0.5,0.0,0,0,0,158.0,0.10526315789473684,0.0,0.0
Noterik/edna,4173.0,3533.0,0.0,0.0,0,0,0,153.0,0.1232876712328767,0.0,0.0
Noterik/lou,4205.0,3525.0,0.5,0.0,0,0,0,616.0,0.06688963210702341,0.0,0.0
NthPortal/mathlib,4187.0,3894.0,0.0,0.0,0,0,0,159.0,0.9272727272727272,0.0,0.0
NucleusPowered/Nucleus,3577.0,3465.0,1.3333333333333333,0.0,0,0,0,3386.0,3.7133220910623947,0.0,0.0
NuenoB/OpenBlocks_UCHILE,4289.0,4183.0,0.0,0.0,0,0,0,5177.0,1.396065573770492,0.0,0.0
NullPointerExceptionEHU/CatalogoPeliculas,4407.0,4407.0,0.0,0.0,0,0,0,20.0,0.0,0.0,0.0
Nunnery/MythicDrops,4600.0,3466.0,0.27586206896551724,0.0,0,0,0,396.0,0.0,0.0,0.0
NyaaCat/RPGitems-reloaded,3807.0,3484.0,2.6,0.0,0,0,0,638.0,1.5359116022099448,0.0,0.0
NyproTheGeek/SimpleScript,3751.0,3751.0,0.5,0.0,0,0,0,16.0,0.0,0.0,0.0
OG-Kloud/Hexxit-Gear,3940.0,3643.0,0.0,0.0,0,0,0,589.0,0.8142857142857143,0.0,0.0
OG-Kloud/Trader,3941.0,3938.0,0.0,0.0,0,0,0,217.0,0.7037037037037037,0.0,0.0
OHDSI/CDMTableBrowser,3685.0,3678.0,0.5,0.0,0,0,0,54.0,0.0,0.0,0.0
OHDSI/Usagi,4023.0,3583.0,1.0,0.0,0,0,0,338.0,1.4,0.0,0.0
ONSdigital/project-brian,3938.0,3465.0,0.0,0.0,0,0,0,222.0,0.0,0.0,0.0
ORRTIZ/obpost,3905.0,3686.0,0.0,0.0,0,0,0,184.0,0.0,0.0,0.0
OSBI/mondrian,3752.0,3517.0,0.5,0.0,0,0,0,5262.0,1.4930325149303252,0.0,0.0
OSBI/optiq-solr,4289.0,4270.0,0.5,0.0,0,0,0,72.0,0.0,0.0,0.0
OSBI/pdi-sentiment,4249.0,4249.0,0.5,0.0,0,0,0,538.0,7.310344827586207,0.0,0.0
OSEHRA/HealtheMe,4959.0,4693.0,0.75,0.0,0,0,0,1528.0,0.0,0.0,0.0
OSGP/Platform,3920.0,3461.0,1.8,0.0,0,0,0,2720.0,0.0,0.0,0.0
OSSIndex/ossindex-maven-plugin,3732.0,3585.0,0.0,0.0,0,0,0,126.0,1.1219512195121952,0.0,0.0
OTBProject/OTBProject,4001.0,3515.0,1.2,0.0,0,0,0,492.0,0.09322033898305085,0.0,0.0
OWASP/Benchmark,3905.0,3481.0,1.9444444444444444,0.0,0,0,0,29280.0,1.4408930669800235,0.0,0.0
OWASP/owasp-java-encoder,3914.0,3709.0,2.391304347826087,0.0,0,0,0,400.0,0.8714285714285714,0.0,0.0
Oakland-University/financial-aid-portlet,3841.0,3748.0,0.0,0.0,0,0,0,303.0,1.9610389610389611,0.0,0.0
ObsidianBox/Magma,4189.0,4116.0,0.3333333333333333,0.0,0,0,0,635.0,3.4444444444444446,0.0,0.0
OctahedronBR/cotopaxi-core,5479.0,4838.0,2.5,0.0,0,0,0,534.0,1.1162790697674418,0.0,0.0
OctahedronBR/cotopaxi-extensions,5479.0,4949.0,2.5,0.0,0,0,0,408.0,0.0,0.0,0.0
OfficeDev/ews-java-api,4130.0,3469.0,1.2279411764705883,0.0,0,0,0,4647.0,4.377229080932785,0.0,0.0
Ohms3573/FIRST_2013_Code,4709.0,4675.0,0.0,0.0,0,0,0,78.0,0.0,0.0,0.0
Ohrm/Spatial-Machines,4007.0,3983.0,0.5,0.0,0,0,0,198.0,0.0,0.0,0.0
Oicho/MTT,3673.0,3618.0,0.0,0.0,0,0,0,426.0,0.1836734693877551,0.0,0.0
Olafski/FastLeafDecay,4137.0,3628.0,4.0,0.0,0,0,0,84.0,1.5833333333333333,0.0,0.0
OlegSmelov/omgrofl-interpreter,4915.0,4083.0,1.4285714285714286,0.0,0,0,0,208.0,0.8378378378378378,0.0,0.0
OliverColeman/ahni,4834.0,3706.0,1.4736842105263157,0.0,0,0,0,653.0,0.0030581039755351682,0.0,0.0
OliverSanz/TelegramBotAPI,3700.0,3570.0,2.0,0.0,0,0,0,30.0,0.0,0.0,0.0
Olloth/SpoutFlight,5224.0,5043.0,2.0,0.0,0,0,0,54.0,0.15384615384615385,0.0,0.0
Olog/olog,4604.0,3492.0,0.0,0.0,0,0,0,194.0,0.0,0.0,0.0
Omertron/api-tvrage,4792.0,3581.0,1.1666666666666667,0.0,0,0,0,64.0,0.0,0.0,0.0
OmgImAlexis/TheStuffMod,4110.0,3761.0,0.6666666666666666,0.0,0,0,0,3586.0,1.2150537634408602,0.0,0.0
Omnicrola/Panoptes,3853.0,3844.0,0.0,0.0,0,0,0,1350.0,0.0,0.0,0.0
OmniscientDebugger/LewisOmniscientDebugger,3479.0,3466.0,5.0,0.0,0,0,0,1098.0,2.0441176470588234,0.0,0.0
OneHP/Betfair-Trickle,5390.0,5076.0,1.5,0.0,0,0,0,1151.0,0.0052173913043478265,0.0,0.0
OneSourceConsult/floodlight-queuepusher,4108.0,4053.0,0.3333333333333333,0.0,0,0,0,34.0,0.0,0.0,0.0
OneStopTransport/api-java-client,4668.0,4645.0,0.0,0.0,0,0,0,92.0,0.0,0.0,0.0
Open-RIO/UniversalDrive,3852.0,3614.0,1.0,0.0,0,0,0,83.0,0.9310344827586207,0.0,0.0
OpenAMEE/amee.platform.api,4534.0,3939.0,0.5,0.0,0,0,0,2104.0,0.19832985386221294,0.0,0.0
OpenAttestation/OpenAttestation,5009.0,3560.0,1.3414634146341464,0.0,0,0,0,4357.0,0.43340732519422864,0.0,0.0
OpenBEL/bel-editor,4981.0,3716.0,1.6666666666666667,0.0,0,0,0,706.0,0.0,0.0,0.0
OpenChatAlytics/OpenChatAlytics,3541.0,3474.0,0.6666666666666666,0.0,0,0,0,881.0,1.0659722222222223,0.0,0.0
OpenCollabZA/sakai-openstack-swift,3905.0,3822.0,0.0,0.0,0,0,0,81.0,0.9642857142857143,0.0,0.0
OpenConext/OpenConext-authorization-server,3962.0,3526.0,0.0,0.0,0,0,0,134.0,0.0,0.0,0.0
OpenConext/OpenConext-voot,3968.0,3461.0,0.5,0.0,0,0,0,270.0,0.0,0.0,0.0
OpenDataSk/odn-search,4925.0,4406.0,1.0,0.0,0,0,0,271.0,0.35344827586206895,0.0,0.0
OpenGamma/OG-Platform,5562.0,3531.0,1.5389610389610389,0.0,0,0,0,2.0,0.0,0.0,0.0
OpenGamma/OpenSIMM,3963.0,3804.0,0.8461538461538461,0.0,0,0,0,508.0,1.9230769230769231,0.0,0.0
OpenHFT/Chronicle-Algorithms,3926.0,3547.0,1.8666666666666667,0.0,0,0,0,509.0,2.6454545454545455,0.0,0.0
OpenHFT/Chronicle-Engine,4087.0,3461.0,3.6,0.0,0,0,0,2109.0,2.8640552995391704,0.0,0.0
OpenHFT/Chronicle-Essence,3516.0,3481.0,0.6666666666666666,0.0,0,0,0,119.0,1.5588235294117647,0.0,0.0
OpenHFT/Chronicle-Values,3947.0,3462.0,2.0,0.0,0,0,0,348.0,2.1176470588235294,0.0,0.0
OpenHFT/Java-Lang,4586.0,3520.0,3.264705882352941,0.0,0,0,0,1501.0,2.369186046511628,0.0,0.0
OpenHFT/jvm-micro-benchmarks,3797.0,3761.0,1.2857142857142858,0.0,0,0,0,40.0,0.0,0.0,0.0
OpenHMIS/openmrs-module-openhmis.cashier,4873.0,3462.0,0.2631578947368421,0.0,0,0,0,674.0,0.0,0.0,0.0
OpenJEVis/JEConfig,4316.0,3465.0,0.0,0.0,0,0,0,608.0,0.0,0.0,0.0
OpenJEVis/JEExample,3885.0,3864.0,0.0,0.0,0,0,0,24.0,0.0,0.0,0.0
OpenLMIS/benin-SIIL,3569.0,3560.0,0.5,0.0,0,0,0,9182.0,0.0,0.0,0.0
OpenLMIS/openlmis-requisition,3491.0,3461.0,0.2,0.0,0,0,0,237.0,0.7159090909090909,0.0,0.0
OpenLMIS/openlmis-template-service,3512.0,3461.0,0.14285714285714285,0.0,0,0,0,122.0,0.6956521739130435,0.0,0.0
OpenMods/OpenPeripheral,4587.0,3474.0,1.967741935483871,0.0,0,0,0,763.0,0.007874015748031496,0.0,0.0
OpenMods/OpenPeripheral-Addons,4406.0,3474.0,1.6666666666666667,0.0,0,0,0,477.0,0.012605042016806723,0.0,0.0
OpenMods/OpenPeripheral-Integration,4151.0,3474.0,0.875,0.0,0,0,0,701.0,0.008571428571428572,0.0,0.0
OpenMurVDI/applet,4191.0,4184.0,0.0,0.0,0,0,0,38.0,0.0,0.0,0.0
OpenNMS/newts,4344.0,3475.0,5.36,0.0,0,0,0,3987.0,1.269672131147541,0.0,0.0
OpenNTF/BuildAndTestPattern4Xpages,4256.0,3549.0,0.6666666666666666,0.0,0,0,0,748.0,0.0,0.0,0.0
OpenNTF/FindBug-for-Domino-Designer,4359.0,4357.0,1.0,0.0,0,0,0,2826.0,0.0,0.0,0.0
OpenNTF/JavascriptAggregator,4862.0,3465.0,0.9375,0.0,0,0,0,12400.0,14.580213903743315,0.0,0.0
OpenNTF/WebDAVForDomino,4694.0,4473.0,1.0,0.0,0,0,0,514.0,0.0,0.0,0.0
OpenNTF/XPagesExtensionLibrary,4049.0,3479.0,0.45161290322580644,0.0,0,0,0,12598.0,0.0,0.0,0.0
OpenNTF/XPagesRelationalSample,4193.0,4184.0,0.0,0.0,0,0,0,88.0,0.0,0.0,0.0
OpenNTF/collaborationtoday,4842.0,4603.0,1.6666666666666667,0.0,0,0,0,1102.0,0.0,0.0,0.0
OpenNTF/org.openntf.domino,4668.0,3490.0,1.21875,0.0,0,0,0,12788.0,0.0,0.0,0.0
OpenOrganization007/MI,4372.0,4012.0,0.0,0.0,0,0,0,308.0,0.0,0.0,0.0
OpenRainGarden/OpenRainGarden,4345.0,4228.0,0.0,0.0,0,0,0,650.0,0.0,0.0,0.0
OpenRedstoneEngineers/autoprogram-plugin,3907.0,3902.0,1.0,0.0,0,0,0,44.0,1.0666666666666667,0.0,0.0
OpenRefine/grefine-kasabi,4795.0,4885.0,0.125,0.0,0,0,0,64.0,0.0,0.0,0.0
OpenSOC/opensoc-streaming,4193.0,3741.0,1.3466666666666667,0.0,0,0,0,1650.0,1.0036363636363637,0.0,0.0
OpenSecurityResearch/jmsdigger,4515.0,4150.0,1.1111111111111112,0.0,0,0,0,202.0,1.709090909090909,0.0,0.0
OpenSextant/SolrTextTagger,4617.0,3605.0,5.0625,0.0,0,0,0,205.0,1.2857142857142858,0.0,0.0
OpenSocial/activitystreams,4261.0,4246.0,4.222222222222222,0.0,0,0,0,842.0,1.9255813953488372,0.0,0.0
OpenSourceConsulting/athena-sqs,5017.0,4726.0,2.5,0.0,0,0,0,125.0,1.0975609756097562,0.0,0.0
OpenTOSCA/container,4122.0,3460.0,1.9090909090909092,0.0,0,0,0,5592.0,0.0,0.0,0.0
OpenTSDB/async,5590.0,3589.0,2.235294117647059,0.0,0,0,0,38.0,0.0,0.0,0.0
OpenTreeOfLife/treemachine,4943.0,3471.0,2.2857142857142856,0.0,0,0,0,198.0,0.0,0.0,0.0
OpenXIP/xip-host,4598.0,4556.0,0.0,0.0,0,0,0,1995.0,0.003009027081243731,0.0,0.0
OpeningO/jfinal-oauth2.0-server,3828.0,3626.0,1.1666666666666667,0.0,0,0,0,285.0,0.0948905109489051,0.0,0.0
Orange-OpenSource/elpaaso-brokers,3829.0,3533.0,0.0,0.0,0,0,0,884.0,5.145161290322581,0.0,0.0
Orange-OpenSource/spring-cloud-s3-connectors,3744.0,3500.0,1.0,0.0,0,0,0,443.0,1.0689655172413792,0.0,0.0
Orange-OpenSource/spring-social-weibo,5110.0,5018.0,0.8620689655172413,0.0,0,0,0,344.0,1.0619469026548674,0.0,0.0
OrdinaryDude/elastic-reference-client,3484.0,3462.0,1.0,0.0,0,0,0,1540.0,0.0,0.0,0.0
Ordinastie/MalisisCore,4294.0,3460.0,1.0714285714285714,0.0,0,0,0,2247.0,3.7963917525773194,0.0,0.0
OreCruncher/Restructured,3869.0,3616.0,1.0,0.0,0,0,0,382.0,1.6226415094339623,0.0,0.0
Oregu/_.java,4121.0,3935.0,0.5,0.0,0,0,0,18.0,0.0,0.0,0.0
Ornro/XJparser,4666.0,4659.0,0.0,0.0,0,0,0,84.0,0.0,0.0,0.0
Orzota/tutorials,4823.0,4788.0,0.4,0.0,0,0,0,136.0,0.0,0.0,0.0
Osaris31/exterminate,3622.0,3622.0,2.6666666666666665,0.0,0,0,0,384.0,0.0,0.0,0.0
OscarFarg/rijksoverheid,3822.0,3819.0,0.0,0.0,0,0,0,1211.0,0.06643952299829642,0.0,0.0
OskarVeerhoek/OpenGL-Core-LWJGL,4879.0,4530.0,0.5,0.0,0,0,0,98.0,0.0,0.0,0.0
OsmBelarus/Tools,4388.0,3780.0,0.5,0.0,0,0,0,586.0,0.0,0.0,0.0
Ostrich-Emulators/semtool,3633.0,3463.0,0.5,0.0,0,0,0,2524.0,0.0,0.0,0.0
OsuCelebrity/OsuCelebrity,4136.0,3571.0,1.5,0.0,0,0,0,402.0,0.0,0.0,0.0
OvertJaguar/PowerConverters-RPModule,4703.0,4682.0,0.42857142857142855,0.0,0,0,0,38.0,0.0,0.0,0.0
Owexz/SkyStone,4341.0,4065.0,0.14285714285714285,0.0,0,0,0,38.0,0.0,0.0,0.0
P7h/IntroToHadoopAndMR__Udacity_Course,4401.0,4265.0,0.6,0.0,0,0,0,158.0,0.0,0.0,0.0
P7h/StormTweetsSentimentD3Viz,4284.0,3994.0,0.7619047619047619,0.0,0,0,0,247.0,0.05785123966942149,0.0,0.0
P7h/StormTweetsURLUnShortening,4600.0,4002.0,0.0,0.0,0,0,0,108.0,1.0555555555555556,0.0,0.0
PATRONAS/opuxl,3462.0,3462.0,0.5,0.0,0,0,0,116.0,0.0,0.0,0.0
PC-Logix/OpenFM,3721.0,3462.0,0.8,0.0,0,0,0,415.0,1.564102564102564,0.0,0.0
PCNI/OpenHMIS,4073.0,3461.0,1.1111111111111112,0.0,0,0,0,1648.0,1.3333333333333333,0.0,0.0
PGSSoft/scrollscreenshot,4081.0,3786.0,4.821428571428571,0.0,0,0,0,42.0,0.0,0.0,0.0
PIEFramework/PIE,5060.0,4974.0,2.0,0.0,0,0,0,286.0,0.0,0.0,0.0
PPiMapBuilder/PPiMapBuilder,4420.0,3805.0,1.6666666666666667,0.0,0,0,0,1047.0,1.3196202531645569,0.0,0.0
PRIDE-Utilities/ms-data-core-api,4123.0,3464.0,2.0,0.0,0,0,0,444.0,0.0,0.0,0.0
PROSPricing/json-transform,3538.0,3534.0,0.0,0.0,0,0,0,210.0,0.0,0.0,0.0
PaesslerAG/JMXMiniProbe,4165.0,3594.0,1.6666666666666667,0.0,0,0,0,446.0,0.0,0.0,0.0
Paleozoic/open_wx,3858.0,3858.0,0.0,0.0,0,0,0,299.0,1.6904761904761905,0.0,0.0
Panopto/Blackboard-9.1-Plugin-for-Panopto,5197.0,3463.0,1.0,0.0,0,0,0,505.0,1.4965517241379311,0.0,0.0
ParaPenguin/morphix,3963.0,3769.0,3.6666666666666665,0.0,0,0,0,355.0,1.131578947368421,0.0,0.0
Parabot/Parabot,4639.0,3470.0,0.4166666666666667,0.0,0,0,0,836.0,1.003584229390681,0.0,0.0
Parabot/Parabot-317-API-Minified,4307.0,3510.0,0.09090909090909091,0.0,0,0,0,286.0,1.2727272727272727,0.0,0.0
ParakweetLabs/EmailIntentDataSet,4064.0,4044.0,2.6666666666666665,0.0,0,0,0,38.0,0.0,0.0,0.0
Parallels/jenkins-parallels,3773.0,3517.0,2.0,0.0,0,0,0,122.0,2.2758620689655173,0.0,0.0
Parbhat/CRM,4029.0,4029.0,2.0,0.0,0,0,0,182.0,0.03125,0.0,0.0
PatandFioneTakeAI/Connect4AI,3616.0,3612.0,0.0,0.0,0,0,0,16.0,0.0,0.0,0.0
PathwayCommons/CyPath2,4450.0,3492.0,0.25,0.0,0,0,0,260.0,1.8529411764705883,0.0,0.0
PaulBGD/ArenaAPI,4491.0,3698.0,0.0,0.0,0,0,0,260.0,0.0,0.0,0.0
PaulBGD/SocketAPI,4076.0,4076.0,0.5,0.0,0,0,0,70.0,1.2727272727272727,0.0,0.0
PayPal-Opportunity-Hack-Chennai-2015/AIDE-At-Action,3671.0,3670.0,0.0,0.0,0,0,0,266.0,0.0,0.0,0.0
Pentadrago/ikenga-web,4229.0,4229.0,0.0,0.0,0,0,0,109.0,1.0,0.0,0.0
Pentadrago/spring-boot-example-wicket,4231.0,4127.0,2.5454545454545454,0.0,0,0,0,123.0,1.125,0.0,0.0
Percy0601/training-cat,3550.0,3550.0,2.0,0.0,0,0,0,264.0,0.0,0.0,0.0
PeterASteele/BloombergCodeconCompetition,3951.0,3738.0,0.0,0.0,0,0,0,16.0,0.0,0.0,0.0
PeterisP/morphology,4966.0,3485.0,3.3333333333333335,0.0,0,0,0,474.0,1.7480314960629921,0.0,0.0
Petikoch/Java_MVVM_with_Swing_and_RxJava_Examples,3748.0,3507.0,1.75,0.0,0,0,0,514.0,0.8351648351648352,0.0,0.0
PhantomThief/adaptive-executor-java,3866.0,3504.0,1.0,0.0,0,0,0,44.0,0.0,0.0,0.0
PhantomThief/jedis-helper,3867.0,3491.0,0.3333333333333333,0.0,0,0,0,80.0,3.857142857142857,0.0,0.0
PhantomThief/jedis-simple-queue,4026.0,3849.0,0.0,0.0,0,0,0,155.0,3.814814814814815,0.0,0.0
PhantomYdn/wicket-console,4246.0,3510.0,2.5,0.0,0,0,0,267.0,1.5866666666666667,0.0,0.0
Pheox/ca-protein-predictor,4827.0,3522.0,1.0,0.0,0,0,0,386.0,0.031413612565445025,0.0,0.0
PhilDatoon/CertIV_ProgramDesign,4382.0,4382.0,0.0,0.0,0,0,0,114.0,0.0,0.0,0.0
Phlenum/Combustible-Lemon-Launcher,4523.0,3466.0,0.5,0.0,0,0,0,351.0,1.7956989247311828,0.0,0.0
Phylogeny/ExtraBitManipulation,3618.0,3494.0,0.6666666666666666,0.0,0,0,0,366.0,0.725925925925926,0.0,0.0
Piasy/pcapanalyse,4193.0,4179.0,0.5,0.0,0,0,0,52.0,0.0,0.0,0.0
PinaeOS/simba,3798.0,3561.0,0.3333333333333333,0.0,0,0,0,370.0,1.0743801652892562,0.0,0.0
PinaeOS/timon,3790.0,3473.0,0.5,0.0,0,0,0,454.0,1.1232876712328768,0.0,0.0
Pivotal-Field-Engineering/redisstore,4109.0,3995.0,0.5,0.0,0,0,0,85.0,0.8064516129032258,0.0,0.0
Pivotal-Open-Source-Hub/StockInference-Spark,3784.0,3483.0,2.0084745762711864,0.0,0,0,0,294.0,0.0,0.0,0.0
Pivotal-Open-Source-Hub/geode-demo-application,3901.0,3745.0,0.9,0.0,0,0,0,694.0,0.0,0.0,0.0
PizzaCrust/IoL,3548.0,3546.0,2.0,0.0,0,0,0,90.0,0.875,0.0,0.0
PkayJava/MBaaS,3603.0,3460.0,0.5,0.0,0,0,0,1786.0,0.0,0.0,0.0
PkayJava/pluggable,4436.0,4055.0,1.0,0.0,0,0,0,2441.0,1.046134663341646,0.0,0.0
Pkmmte/PNG2XML,4487.0,3850.0,2.6666666666666665,0.0,0,0,0,16.0,0.0,0.0,0.0
Plain-Simple/Grapher,3788.0,3737.0,0.0,0.0,0,0,0,8.0,0.0,0.0,0.0
PlasmaBlazer/TutorialMod,4019.0,3931.0,0.0,0.0,0,0,0,344.0,1.2641509433962264,0.0,0.0
PlaySpud/spigot-join-spawn,3949.0,3944.0,0.0,0.0,0,0,0,20.0,0.0,0.0,0.0
PlymouthStateCST/softwareEngineering2015,3765.0,3755.0,0.0,0.0,0,0,0,8.0,0.0,0.0,0.0
PocketServer/PocketServer,3570.0,3472.0,2.3333333333333335,0.0,0,0,0,365.0,0.18452380952380953,0.0,0.0
PocketServer/PocketServer-Ref,3701.0,3570.0,1.8888888888888888,0.0,0,0,0,1145.0,0.47198275862068967,0.0,0.0
Pocketkid2/Radio,3748.0,3474.0,0.0,0.0,0,0,0,102.0,1.25,0.0,0.0
PodcastpediaOrg/podcastpedia-web,4211.0,3881.0,0.9473684210526315,0.0,0,0,0,822.0,0.0,0.0,0.0
Pokefenn/ImLookingAtBlood,4209.0,4143.0,0.5,0.0,0,0,0,298.0,0.9702970297029703,0.0,0.0
Polytech-AdrienCastex/POP3-Server,3941.0,3919.0,0.5,0.0,0,0,0,84.0,0.0,0.0,0.0
PorlyBe/BoardGamesAPI,4492.0,4485.0,0.5,0.0,0,0,0,125.0,0.9534883720930233,0.0,0.0
PovertyAction/github-download,3982.0,3962.0,0.0,0.0,0,0,0,99.0,0.21739130434782608,0.0,0.0
PraktischeInformatik/spendendosen-verwaltung,4167.0,4163.0,0.0,0.0,0,0,0,714.0,0.0,0.0,0.0
Praqma/mesos-kibana,3806.0,3774.0,3.0,0.0,0,0,0,110.0,0.0,0.0,0.0
Praqma/pretested-integration-plugin,4262.0,3472.0,1.0,0.0,0,0,0,491.0,1.2649006622516556,0.0,0.0
Presage/Presage2,5450.0,3980.0,3.0,0.0,0,0,0,1094.0,1.3414634146341464,0.0,0.0
PrismTech/agentv,3589.0,3554.0,1.0,0.0,0,0,0,502.0,0.0,0.0,0.0
Produban/openbus,4483.0,3569.0,1.0833333333333333,0.0,0,0,0,1406.0,0.0,0.0,0.0
Proemion/Helenus,3483.0,3464.0,0.8,0.0,0,0,0,289.0,0.5752212389380531,0.0,0.0
ProfilingLabs/Usemon2,4057.0,4057.0,0.0,0.0,0,0,0,3836.0,0.0,0.0,0.0
ProgrammerDan/learning-chatbot,4286.0,3477.0,1.0,0.0,0,0,0,12.0,0.0,0.0,0.0
Project-VTR/vtr-source,3924.0,3924.0,1.0,0.0,0,0,0,220.0,0.0,0.0,0.0
Protocodyne/ColorCrashFix,3585.0,3584.0,0.0,0.0,0,0,0,34.0,0.0,0.0,0.0
ProtocolSupport/ProtocolSupportBungee,3830.0,3471.0,0.625,0.0,0,0,0,176.0,0.022727272727272728,0.0,0.0
Prowareness/testgrid-plugin,3961.0,3903.0,3.0,0.0,0,0,0,224.0,2.8085106382978724,0.0,0.0
ProxyBuilder/proxybuilder,3880.0,3471.0,1.75,0.0,0,0,0,694.0,0.0,0.0,0.0
PruebasDeSoftware/UnRR,4064.0,4050.0,0.0,0.0,0,0,0,115.0,0.6590909090909091,0.0,0.0
PrzemekBurczyk/HttpBuilder,4311.0,4310.0,0.0,0.0,0,0,0,52.0,0.0,0.0,0.0
Psep/SimpleMail,4417.0,4417.0,0.5,0.0,0,0,0,62.0,0.0,0.0,0.0
Puquios/secure-containers,3833.0,3490.0,0.0,0.0,0,0,0,132.0,1.5263157894736843,0.0,0.0
PurdueSIGAI/WikiCrawler,4069.0,4041.0,0.0,0.0,0,0,0,22.0,0.0,0.0,0.0
PureMVC/puremvc-java-demo-gwt-employeeadmin,5034.0,4798.0,0.3333333333333333,0.0,0,0,0,86.0,0.0,0.0,0.0
PureMVC/puremvc-java-multicore-unittests,5034.0,4798.0,0.25,0.0,0,0,0,346.0,0.0,0.0,0.0
PureMVC/puremvc-java-util-pipes,5034.0,4798.0,0.5,0.0,0,0,0,300.0,0.43548387096774194,0.0,0.0
PureSolTechnologies/license-maven-plugin,4402.0,3979.0,0.5,0.0,0,0,0,198.0,2.1666666666666665,0.0,0.0
PureSolTechnologies/parsers,4036.0,3480.0,0.5,0.0,0,0,0,718.0,1.0508474576271187,0.0,0.0
Puremin0rez/PlayerSimulator,4280.0,4161.0,0.3333333333333333,0.0,0,0,0,38.0,0.0,0.0,0.0
Putnami/putnami-web-toolkit,4248.0,3494.0,4.625,0.0,0,0,0,4334.0,0.546095126247798,0.0,0.0
PuzzleLearning/Standing-Behind-Back,4376.0,4080.0,0.0,0.0,0,0,0,218.0,0.0,0.0,0.0
PuzzlesLab/ProjectEuler,4050.0,3516.0,0.0,0.0,0,0,0,510.0,0.0,0.0,0.0
Pwn9/PwnChickenLay,4745.0,3723.0,1.0,0.0,0,0,0,24.0,0.0,0.0,0.0
Pwn9/PwnFilter,4883.0,3479.0,0.3333333333333333,0.0,0,0,0,456.0,0.0,0.0,0.0
Pwn9/PwnPlantGrowth,4705.0,3480.0,0.6666666666666666,0.0,0,0,0,22.0,0.0,0.0,0.0
Pwn9/PwnPvpBalance,4286.0,3487.0,1.0,0.0,0,0,0,36.0,0.0,0.0,0.0
PwnedGalaxy/galaxy-jail-bukkit,3772.0,3768.0,0.0,0.0,0,0,0,49.0,0.6842105263157895,0.0,0.0
Py-Tek/liber-minimis,3528.0,3461.0,0.0,0.0,0,0,0,172.0,0.0963855421686747,0.0,0.0
Pyknic/SocialPhotoNetworkServer,3932.0,3716.0,0.6666666666666666,0.0,0,0,0,40.0,0.0,0.0,0.0
Q42/Jue,4515.0,3891.0,1.4444444444444444,0.0,0,0,0,104.0,0.0,0.0,0.0
Qi4j/qi4j-libraries,5540.0,3895.0,2.0,0.0,0,0,0,3018.0,0.0,0.0,0.0
QianmiOpen/dubbo-rpc-jsonrpc,3911.0,3463.0,1.372093023255814,0.0,0,0,0,177.0,2.3658536585365852,0.0,0.0
Qkyrie/Twitch,4129.0,3817.0,2.125,0.0,0,0,0,202.0,0.0,0.0,0.0
Qmunity/BluePower,4182.0,3617.0,1.736842105263158,0.0,0,0,0,2559.0,0.00078125,0.0,0.0
QualInsight/qualinsight-plugins-sonarqube-smell,3766.0,3476.0,6.2,0.0,0,0,0,383.0,1.1818181818181819,0.0,0.0
Quantum-Sicarius-za-net/Wireless-Redstone,4977.0,4934.0,0.3333333333333333,0.0,0,0,0,36.0,0.0,0.0,0.0
QuarterCode/Classmod,4342.0,3881.0,0.0,0.0,0,0,0,387.0,3.4027777777777777,0.0,0.0
Queexie/Feudalism,4355.0,4344.0,0.3333333333333333,0.0,0,0,0,126.0,0.0,0.0,0.0
QuestSoftwareTCD/OracleHiveConnector,5153.0,5153.0,1.75,0.0,0,0,0,54.0,0.0,0.0,0.0
QuickServerLab/QuickCached,4464.0,3759.0,1.0,0.0,0,0,0,335.0,0.5923076923076923,0.0,0.0
QuickServerLab/QuickLB,4311.0,3996.0,0.6,0.0,0,0,0,378.0,0.1839080459770115,0.0,0.0
QuietOne/MonkeyBrains,4320.0,3893.0,1.1111111111111112,0.0,0,0,0,190.0,0.0425531914893617,0.0,0.0
QuietOne/jNavigation,4252.0,4138.0,0.6666666666666666,0.0,0,0,0,256.0,0.047619047619047616,0.0,0.0
Qunzer/learningJava,3716.0,3527.0,0.5,0.0,0,0,0,800.0,1.7652582159624413,0.0,0.0
QwertyManiac/cassandra-cdh4,4672.0,4672.0,0.25,0.0,0,0,0,2956.0,0.11436740528949249,0.0,0.0
R1rp/rp-search,4320.0,4313.0,0.0,0.0,0,0,0,38.0,0.0,0.0,0.0
R358/poolnetty,4316.0,4292.0,3.0,0.0,0,0,0,150.0,0.0,0.0,0.0
R41G4/ERP-Constructora,3736.0,3708.0,0.0,0.0,0,0,0,898.0,0.0,0.0,0.0
RBC1B/ROMS,4915.0,3549.0,1.3333333333333333,0.0,0,0,0,1178.0,0.0,0.0,0.0
RBGKew/eMonocot,3870.0,3568.0,1.0,0.0,0,0,0,44274.0,2.281597524417368,0.0,0.0
RGreenlees/JUMI-Java-Model-Importer,3913.0,3913.0,0.6666666666666666,0.0,0,0,0,176.0,0.9344262295081968,0.0,0.0
RISCOSS/riscoss-githubanalyzer,3710.0,3588.0,1.5,0.0,0,0,0,634.0,0.0,0.0,0.0
RLHawk1/WorldInventories,5131.0,5131.0,0.1,0.0,0,0,0,40.0,0.0,0.0,0.0
RNCryptor/JNCryptor,4360.0,3584.0,3.2333333333333334,0.0,0,0,0,166.0,1.2307692307692308,0.0,0.0
RPTools/zz-old-rptools-common,4875.0,4665.0,0.5,0.0,0,0,0,316.0,0.0,0.0,0.0
RSAIntelShare/RID-Server,4645.0,4603.0,1.6666666666666667,0.0,0,0,0,346.0,0.0,0.0,0.0
RWTH-i5-IDSG/steve,4484.0,3465.0,1.0769230769230769,0.0,0,0,0,1057.0,0.3797752808988764,0.0,0.0
RaaaGEE/l2effect-patcher,3793.0,3751.0,1.0,0.0,0,0,0,424.0,0.0,0.0,0.0
Rabbit-Converter/Rabbit-Java,3897.0,3771.0,1.75,0.0,0,0,0,96.0,1.6296296296296295,0.0,0.0
RadicalES/SmartMistLibrary,3944.0,3917.0,0.0,0.0,0,0,0,144.0,0.0,0.0,0.0
Rafarel/ExplosiveArrow,4292.0,4291.0,0.0,0.0,0,0,0,62.0,0.0,0.0,0.0
Ragnaroek/eclipse-astparser,3962.0,3670.0,0.0,0.0,0,0,0,249.0,0.5876288659793815,0.0,0.0
Raimmaster/TallerGit,3570.0,3564.0,0.0,0.0,0,0,0,14.0,0.0,0.0,0.0
Raizunne/Miscellany,4139.0,4021.0,0.5,0.0,0,0,0,472.0,0.0,0.0,0.0
RajivKurian/Java-NIO-example,4347.0,4338.0,1.0,0.0,0,0,0,62.0,0.0,0.0,0.0
Raldir/3DScanner.RaspberryPi,3801.0,3472.0,1.0,0.0,0,0,0,465.0,0.030434782608695653,0.0,0.0
RamiDTU/CDIO-2,3919.0,3898.0,0.0,0.0,0,0,0,62.0,0.0,0.0,0.0
RangerWolf/Finance-News-Helper,4132.0,4121.0,0.5,0.0,0,0,0,284.0,0.0,0.0,0.0
Rauks/JavaFX-Dialog,4399.0,4397.0,0.5,0.0,0,0,0,60.0,0.0,0.0,0.0
RayCui/java-api-streaming,4298.0,4282.0,0.058823529411764705,0.0,0,0,0,26.0,1.5,0.0,0.0
Raysmond/SpringBlog,3733.0,3510.0,1.5665024630541873,0.0,0,0,0,446.0,1.027027027027027,0.0,0.0
ReactiveCouchbase/json-lib,4332.0,3583.0,1.5,0.0,0,0,0,102.0,0.0,0.0,0.0
ReactiveX/RxJava,4724.0,3461.0,5.910076274588518,0.0,0,0,0,1270.0,0.0,0.0,0.0
ReactiveX/RxJavaAsyncUtil,4126.0,3659.0,5.0,0.0,0,0,0,108.0,0.0,0.0,0.0
ReactiveX/RxJavaComputationExpressions,4126.0,3709.0,6.4,0.0,0,0,0,56.0,0.0,0.0,0.0
ReactiveX/RxJavaDebug,4126.0,3705.0,7.6,0.0,0,0,0,70.0,0.0,0.0,0.0
ReactiveX/RxJavaFileUtils,3812.0,3572.0,3.2857142857142856,0.0,0,0,0,90.0,0.0,0.0,0.0
ReactiveX/RxJavaReactiveStreams,4126.0,3517.0,4.310344827586207,0.0,0,0,0,140.0,0.0,0.0,0.0
ReadyTalk/cultivar,4227.0,3847.0,1.5,0.0,0,0,0,688.0,0.0,0.0,0.0
ReadyTalk/swt-bling,4434.0,3654.0,1.4615384615384615,0.0,0,0,0,264.0,0.0,0.0,0.0
RealGatt/GasaiBot,3572.0,3468.0,1.0,0.0,0,0,0,6729.0,58.648648648648646,0.0,0.0
RealityShard/Documentation,5033.0,4536.0,3.5,0.0,0,0,0,14.0,0.0,0.0,0.0
Recomember/Recom-repaire,3857.0,3856.0,0.0,0.0,0,0,0,960.0,0.46035805626598464,0.0,0.0
Red5/red5-client,4474.0,3461.0,1.1578947368421053,0.0,0,0,0,437.0,3.628205128205128,0.0,0.0
Red5/red5-tests,3986.0,3956.0,0.14285714285714285,0.0,0,0,0,40.0,0.0,0.0,0.0
Red5/red5-websocket,4219.0,3488.0,1.105263157894737,0.0,0,0,0,316.0,3.888888888888889,0.0,0.0
RedGreenCode/UVa,3957.0,3494.0,0.5,0.0,0,0,0,96.0,0.0,0.0,0.0
RedInquisitive/Botnet-Heroes,3823.0,3740.0,1.0,0.0,0,0,0,156.0,0.0,0.0,0.0
RedhawkSDR/framework-bulkioInterfaces,4661.0,3524.0,0.0,0.0,0,0,0,780.0,0.0,0.0,0.0
RedhawkSDR/frontendInterfaces,4568.0,3524.0,0.6666666666666666,0.0,0,0,0,162.0,0.0,0.0,0.0
RedisLabs/redis-quartz,4326.0,3560.0,1.5,0.0,0,0,0,47.0,1.2666666666666666,0.0,0.0
RedmountProject/Top20TargetGenerator,4491.0,4491.0,0.0,0.0,0,0,0,175.0,0.9016393442622951,0.0,0.0
Redpill-Linpro/spring-config-etcd,4360.0,4359.0,2.0,0.0,0,0,0,190.0,0.704225352112676,0.0,0.0
Redpill-Linpro/spring-config-jdbc,4393.0,4003.0,0.5,0.0,0,0,0,140.0,1.0869565217391304,0.0,0.0
Rekkyn/spacetimemod,4637.0,4504.0,0.0,0.0,0,0,0,176.0,0.0,0.0,0.0
Relicum/SuperSkyBros,4482.0,4140.0,1.3333333333333333,0.0,0,0,0,788.0,0.0,0.0,0.0
Remper/hls,3977.0,3966.0,0.6666666666666666,0.0,0,0,0,182.0,0.06741573033707865,0.0,0.0
RenameMonster/MoeRPG,3756.0,3754.0,0.0,0.0,0,0,0,47.0,1.0625,0.0,0.0
ResearchCollectionsAndPreservation/scsb-etl,3464.0,3461.0,0.0,0.0,0,0,0,282.0,0.7843137254901961,0.0,0.0
RespectNetwork/csp-provisioning-application,4402.0,3966.0,0.42857142857142855,0.0,0,0,0,702.0,0.0,0.0,0.0
RestComm/camelgateway,3590.0,3576.0,0.5,0.0,0,0,0,857.0,0.30294906166219837,0.0,0.0
RetailMeNot/TestRailSDK,4249.0,3506.0,1.2307692307692308,0.0,0,0,0,268.0,1.1395348837209303,0.0,0.0
Ribesg/Alix,4473.0,4112.0,2.5,0.0,0,0,0,651.0,3.5338983050847457,0.0,0.0
Ribesg/Blob,4303.0,3902.0,1.0,0.0,0,0,0,131.0,1.325,0.0,0.0
Ribesg/NPlugins,4676.0,3932.0,0.7272727272727273,0.0,0,0,0,2160.0,2.048689138576779,0.0,0.0
Ribesg/Pure,3948.0,3742.0,2.5,0.0,0,0,0,177.0,0.011235955056179775,0.0,0.0
RichardAllanBrown/Coursera-Algorithms-I,4489.0,4463.0,0.3333333333333333,0.0,0,0,0,40.0,0.0,0.0,0.0
RichardWarburton/lambda-behave-examples,4192.0,4147.0,0.5,0.0,0,0,0,45.0,1.3571428571428572,0.0,0.0
RichardWarburton/lambda-behave-kata-answers,4147.0,4147.0,0.0,0.0,0,0,0,40.0,0.0,0.0,0.0
Ricston/mule-transport-netty-publisher,4392.0,3776.0,0.5,0.0,0,0,0,257.0,3.5106382978723403,0.0,0.0
RigasGrigoropoulos/spring-security-acl-cassandra,4579.0,4110.0,1.3333333333333333,0.0,0,0,0,207.0,2.4468085106382977,0.0,0.0
Rigo85/jhfs,3503.0,3492.0,0.5,0.0,0,0,0,133.0,0.014925373134328358,0.0,0.0
RiotGamesMinions/zabbix_jmxdiscovery,4323.0,3766.0,1.7,0.0,0,0,0,42.0,0.4444444444444444,0.0,0.0
Rise-Vision/player-raspberrypi,4128.0,4080.0,1.5,0.0,0,0,0,116.0,0.0,0.0,0.0
Rise-Vision/rise-player,3783.0,3472.0,0.6666666666666666,0.0,0,0,0,152.0,1.4222222222222223,0.0,0.0
Rise-Vision/rva,4221.0,3534.0,0.2,0.0,0,0,0,1124.0,0.0,0.0,0.0
RiverWilliamson/FloorPlansForFirefighters,4263.0,4262.0,0.0,0.0,0,0,0,68.0,0.1875,0.0,0.0
RizkiMufrizal/Belajar-SpringDataRest-Hateoas,3622.0,3606.0,0.0,0.0,0,0,0,349.0,3.85,0.0,0.0
Roanis/atg-tdd,4282.0,3795.0,0.9230769230769231,0.0,0,0,0,419.0,0.004761904761904762,0.0,0.0
RobKohr/bitcoinj,5038.0,5037.0,0.5,0.0,0,0,0,286.0,0.013986013986013986,0.0,0.0
Robbert1/boot-stateless-social,3983.0,3860.0,2.5,0.0,0,0,0,159.0,0.9814814814814815,0.0,0.0
RobertFischer/GuiceJumper,4276.0,4235.0,1.0,0.0,0,0,0,434.0,3.1294117647058823,0.0,0.0
RobertLemmens/JVerify,4088.0,3716.0,1.0,0.0,0,0,0,90.0,0.0,0.0,0.0
RoboNickBot/ateam-tanks,4351.0,4240.0,0.0,0.0,0,0,0,360.0,0.9672131147540983,0.0,0.0
RobotSquid/MoltenCraft,3942.0,3811.0,0.0,0.0,0,0,0,653.0,1.3248730964467006,0.0,0.0
Robotia/ExtraUtilities,3530.0,3516.0,1.5,0.0,0,0,0,1270.0,0.0,0.0,0.0
RocooTheRocoo/Magix-Plugin,4073.0,4072.0,5.5,0.0,0,0,0,46.0,0.0,0.0,0.0
RodionGork/FREJ,4322.0,3634.0,2.5,0.0,0,0,0,98.0,0.7777777777777778,0.0,0.0
RoelGo/CamSucks,3571.0,3570.0,1.0,0.0,0,0,0,32.0,0.0,0.0,0.0
Roledenez/InventorySystem,3796.0,3795.0,0.0,0.0,0,0,0,499.0,0.007537688442211055,0.0,0.0
RomanKreisel/LogViewer,5314.0,4559.0,0.5,0.0,0,0,0,93.0,1.064516129032258,0.0,0.0
Rongmario/Survival-Instinct,4288.0,4287.0,0.0,0.0,0,0,0,20.0,0.0,0.0,0.0
Rory80Hz/dropgradle,3515.0,3514.0,0.5,0.0,0,0,0,70.0,0.0,0.0,0.0
RoyalDev/PopulationDensity,4321.0,4319.0,0.2,0.0,0,0,0,128.0,0.0,0.0,0.0
RoyalDev/RankUp,4940.0,4940.0,0.3333333333333333,0.0,0,0,0,42.0,0.75,0.0,0.0
RoyalDev/RoyalSurvivors,4705.0,3977.0,0.25,0.0,0,0,0,82.0,0.0,0.0,0.0
RuckusWirelessIL/pentaho-kafka-producer,4317.0,3601.0,0.38461538461538464,0.0,0,0,0,128.0,1.6111111111111112,0.0,0.0
Runix-Minecraft/Azathoth,4111.0,3863.0,0.0,0.0,0,0,0,278.0,1.7333333333333334,0.0,0.0
RyanHuangPMA/iTextTutorial,4374.0,4372.0,0.0,0.0,0,0,0,92.0,0.0,0.0,0.0
Ryleigh-Shuler/Runescape-Protocol-Server-Framework,3830.0,3830.0,0.0,0.0,0,0,0,40.0,0.0,0.0,0.0
RypoFalem/ArmorStandEditor,3855.0,3487.0,0.8,0.0,0,0,0,78.0,0.0,0.0,0.0
RysingDragon/EasyTrading,3616.0,3585.0,0.0,0.0,0,0,0,125.0,0.9534883720930233,0.0,0.0
SAG-KeLP/kelp-additional-kernels,3682.0,3462.0,0.0,0.0,0,0,0,257.0,1.1204819277108433,0.0,0.0
SALSA-W/M-SALSA,3976.0,3483.0,0.0,0.0,0,0,0,778.0,1.25,0.0,0.0
SAMLRaider/SAMLRaider,3799.0,3464.0,4.75,0.0,0,0,0,308.0,1.263157894736842,0.0,0.0
SAP/Lapwing,3853.0,3699.0,0.5,0.0,0,0,0,88.0,0.0,0.0,0.0
SAP/abnf-test-tool,4623.0,4385.0,1.0,0.0,0,0,0,34.0,0.0,0.0,0.0
SAP/builder-cli,3764.0,3533.0,0.6,0.0,0,0,0,293.0,0.8095238095238095,0.0,0.0
SAP/cloud-c4c-extension-sample,3864.0,3864.0,0.5,0.0,0,0,0,176.0,2.238095238095238,0.0,0.0
SAP/cloud-cmis-workbench,4403.0,4403.0,0.3333333333333333,0.0,0,0,0,42.0,0.0,0.0,0.0
SAP/cloud-metricswatcher,3568.0,3483.0,1.0,0.0,0,0,0,118.0,0.0,0.0,0.0
SAP/cloud-odata-java,4633.0,4497.0,1.9473684210526316,0.0,0,0,0,3141.0,0.7691629955947137,0.0,0.0
SAP/cloud-passkit-demo,4281.0,4281.0,1.0,0.0,0,0,0,139.0,1.4390243902439024,0.0,0.0
SAP/cloud-roo-gwaddon,4780.0,4639.0,0.8333333333333334,0.0,0,0,0,120.0,0.0,0.0,0.0
SAP/cloud-springsocial,4812.0,4358.0,0.25,0.0,0,0,0,227.0,2.872340425531915,0.0,0.0
SAP/cloud-yaas-business-service,3665.0,3563.0,0.25,0.0,0,0,0,132.0,0.0,0.0,0.0
SAP/sap_mobile_platform_espm_olingo_services,3988.0,3785.0,0.0,0.0,0,0,0,247.0,2.081967213114754,0.0,0.0
SAP/sap_mobile_platform_extend_functionality,3864.0,3851.0,0.5,0.0,0,0,0,972.0,0.0,0.0,0.0
SAS-Systems/imflux,3692.0,3481.0,1.0,0.0,0,0,0,457.0,2.026315789473684,0.0,0.0
SBasalaev/jbfc,5182.0,4171.0,0.0,0.0,0,0,0,106.0,0.918918918918919,0.0,0.0
SBeausoleil/Pathfinder-Kingdom-Ruler,3634.0,3520.0,0.0,0.0,0,0,0,174.0,0.0,0.0,0.0
SEAL-UCLA/Ref-Finder,3730.0,3729.0,0.0,0.0,0,0,0,2430.0,0.0,0.0,0.0
SEEK-Jobs/elasticsearch-river-eventstore,4158.0,4157.0,1.5,0.0,0,0,0,76.0,1.12,0.0,0.0
SETTE-Testing/sette-tool,4086.0,3500.0,2.6666666666666665,0.0,0,0,0,836.0,0.0,0.0,0.0
SH-Allegion/StuJava,3924.0,3701.0,0.08333333333333333,0.0,0,0,0,594.0,0.0,0.0,0.0
SINTEF-9012/cloudml,4597.0,3600.0,4.166666666666667,0.0,0,0,0,2531.0,0.9283236994219654,0.0,0.0
SKCraft/CCBolts,4093.0,4093.0,0.5,0.0,0,0,0,105.0,0.018867924528301886,0.0,0.0
SKCraft/Graft,4094.0,4091.0,1.0,0.0,0,0,0,84.0,1.1851851851851851,0.0,0.0
SKCraft/SKMCLauncher,5021.0,3798.0,1.353658536585366,0.0,0,0,0,512.0,1.4965986394557824,0.0,0.0
SLAMon/slamon-java-lib,3794.0,3753.0,0.0,0.0,0,0,0,146.0,2.0,0.0,0.0
SMB-TEC/xope-ide,4120.0,4119.0,0.0,0.0,0,0,0,74.0,0.0,0.0,0.0
SOSIEISTY/SOSIE,3670.0,3590.0,0.0,0.0,0,0,0,370.0,0.0,0.0,0.0
SPBTV/csv-to-sstable,3829.0,3510.0,0.5,0.0,0,0,0,46.0,1.4285714285714286,0.0,0.0
SPECUSA/loganalyzer,4599.0,4556.0,0.5,0.0,0,0,0,586.0,0.0,0.0,0.0
SPHS-CS/JavaZoo,3941.0,3809.0,0.375,0.0,0,0,0,324.0,0.0,0.0,0.0
SQLPower/sqlpower-library,3833.0,3485.0,0.5714285714285714,0.0,0,0,0,2877.0,1.0725720384204909,0.0,0.0
SSOOnline/ApkCustomizationTool,3770.0,3462.0,3.0454545454545454,0.0,0,0,0,100.0,0.0,0.0,0.0
ST-DDT/CrazyCore,4381.0,3573.0,0.0,0.0,0,0,0,506.0,0.0,0.0,0.0
STIXProject/java-stix,3888.0,3538.0,0.6,0.0,0,0,0,231.0,0.4270833333333333,0.0,0.0
SYNAXON/GraphiteReceiver,4022.0,3487.0,2.125,0.0,0,0,0,66.0,0.0,0.0,0.0
SZitzelsberger/Spreadsheet-Inspection-Framework,5033.0,5006.0,0.1,0.0,0,0,0,648.0,0.981651376146789,0.0,0.0
SableCC/sablecc,5914.0,3830.0,5.428571428571429,0.0,0,0,0,1652.0,0.0,0.0,0.0
Safety-Harbor-Robotics/TurtleBots,4285.0,4249.0,0.0,0.0,0,0,0,1634.0,0.0,0.0,0.0
Sage-Bionetworks/ICGCSynapseGlue,4421.0,4259.0,0.0,0.0,0,0,0,24.0,0.0,0.0,0.0
Sage-Bionetworks/dashboard-core,4084.0,3898.0,0.0,0.0,0,0,0,151.0,0.5932203389830508,0.0,0.0
Sage-Bionetworks/dashboard-dw,4081.0,3728.0,0.0,0.0,0,0,0,266.0,0.8210526315789474,0.0,0.0
Sage-Bionetworks/database-semaphore,3863.0,3685.0,0.0,0.0,0,0,0,162.0,1.1538461538461537,0.0,0.0
Sage-Bionetworks/file-proxy,3610.0,3561.0,0.0,0.0,0,0,0,274.0,1.8333333333333333,0.0,0.0
SahaginOrg/sahagin-java,4035.0,3486.0,3.4,0.0,0,0,0,1335.0,1.0317460317460319,0.0,0.0
SahaginOrg/sahagin-jenkins-plugin,4035.0,3925.0,0.6666666666666666,0.0,0,0,0,56.0,0.0,0.0,0.0
SaintsRobotics/FRC-2015-Practice,4100.0,4072.0,1.0,0.0,0,0,0,52.0,0.0,0.0,0.0
SaitoWu/state-machine,5319.0,4879.0,2.0,0.0,0,0,0,84.0,1.1851851851851851,0.0,0.0
Salaboy/drools-workshop,3708.0,3528.0,0.8181818181818182,0.0,0,0,0,1062.0,0.0,0.0,0.0
Salaboy/global-canvas,3874.0,3869.0,0.0,0.0,0,0,0,370.0,1.263157894736842,0.0,0.0
SalesforceEng/coyote,3954.0,3953.0,1.0,0.0,0,0,0,640.0,0.22916666666666666,0.0,0.0
SalesforceEng/zsync4j,3829.0,3678.0,1.6666666666666667,0.0,0,0,0,337.0,1.3564356435643565,0.0,0.0
SaltTechnology/salt-payment-client-java,4583.0,4501.0,0.5,0.0,0,0,0,187.0,1.4363636363636363,0.0,0.0
SamCymbaluk/ChessMate,3665.0,3649.0,0.0,0.0,0,0,0,24.0,0.0,0.0,0.0
SamSix/s6-util,3912.0,3490.0,0.0,0.0,0,0,0,241.0,1.1153846153846154,0.0,0.0
Samsung/restful,4080.0,3676.0,1.9285714285714286,0.0,0,0,0,451.0,1.775,0.0,0.0
Samtrion/SmoothBedrock,4448.0,3963.0,1.0,0.0,0,0,0,75.0,1.5,0.0,0.0
Sankore/Editeur_Sankore---LENUOS-,4458.0,4455.0,0.0,0.0,0,0,0,5568.0,0.0,0.0,0.0
Sapphirine/Sentiment-Analysis-on-Movie,4015.0,4012.0,0.0,0.0,0,0,0,740.0,1.8051282051282052,0.0,0.0
Sapphirine/Stock-Daily-Price-Predictions-Based-on-News,4016.0,4011.0,0.0,0.0,0,0,0,20.0,0.4444444444444444,0.0,0.0
Sapphirine/Yelp-Review-Analysis-and-Recommendation,4015.0,3973.0,0.3333333333333333,0.0,0,0,0,1286.0,0.0,0.0,0.0
Saprommorpas/Commons,4396.0,4397.0,0.0,0.0,0,0,0,192.0,0.5866666666666667,0.0,0.0
SaschaMoellering/ingestion-service,3778.0,3479.0,0.5,0.0,0,0,0,145.0,1.5853658536585367,0.0,0.0
Saunders-Mayhem/Thaumic-AE,4118.0,4118.0,0.0,0.0,0,0,0,166.0,1.574468085106383,0.0,0.0
Sayi/poi-tl,3924.0,3806.0,1.4,0.0,0,0,0,185.0,0.8333333333333334,0.0,0.0
Scarsz/DiscordSRV,3628.0,3462.0,1.4285714285714286,0.0,0,0,0,137.0,1.1590909090909092,0.0,0.0
SciComputer/Android,3514.0,3481.0,0.0,0.0,0,0,0,8.0,0.0,0.0,0.0
SciGaP/allocateme,3587.0,3581.0,2.0,0.0,0,0,0,357.0,1.6262626262626263,0.0,0.0
Sciss/NetUtil,4496.0,3604.0,3.5,0.0,0,0,0,82.0,0.0,0.0,0.0
Sciss/SpeechRecognitionHMM,3873.0,3873.0,0.5,0.0,0,0,0,100.0,0.0,0.0,0.0
Sciss/abc4j,4513.0,3604.0,0.75,0.0,0,0,0,538.0,0.0,0.0,0.0
ScottDTA/ExtraCarts-1.7.10,4167.0,3733.0,2.5,0.0,0,0,0,312.0,0.025806451612903226,0.0,0.0
ScottWoodward/RPShops,4480.0,4460.0,0.0,0.0,0,0,0,46.0,0.0,0.0,0.0
ScreenBasedSimulator/ScreenBasedSimulator2,3699.0,3542.0,0.5,0.0,0,0,0,5147.0,0.30896860986547087,0.0,0.0
Scrik/Cauldron-1,4115.0,4115.0,0.0,0.0,0,0,0,35406.0,0.0,0.0,0.0
SeaCloudsEU/SeaCloudsPlatform,4379.0,3475.0,0.5714285714285714,0.0,0,0,0,4327.0,1.0965665236051503,0.0,0.0
Seally/hamster-project,3698.0,3655.0,0.0,0.0,0,0,0,340.0,0.0,0.0,0.0
Sean-PAN2014/BlueOrange,3611.0,3493.0,0.3333333333333333,0.0,0,0,0,546.0,0.0,0.0,0.0
SeanCode/retrofit2-converters-fastjson,3617.0,3560.0,3.2,0.0,0,0,0,58.0,0.7272727272727273,0.0,0.0
SeanRoy/lambduh-maven-plugin,3807.0,3563.0,2.0,0.0,0,0,0,149.0,1.8717948717948718,0.0,0.0
Sefford/kor,4210.0,3548.0,15.25,0.0,0,0,0,142.0,0.0,0.0,0.0
SeleniumGridRefactor/GridDisplayHelpServlet,3876.0,3876.0,0.0,0.0,0,0,0,26.0,0.0,0.0,0.0
SendRegning/sws-client-java,4058.0,3521.0,0.3333333333333333,0.0,0,0,0,310.0,0.6666666666666666,0.0,0.0
SeniorAdvisor/spring-data-cloudant,3826.0,3576.0,3.0,0.0,0,0,0,288.0,0.6851851851851852,0.0,0.0
SentinelDataHub/DataHubSystem,3827.0,3531.0,2.0833333333333335,0.0,0,0,0,3654.0,0.0,0.0,0.0
SequoiaDB/pentaho-sequoiadb-plugin,3864.0,3627.0,0.5,0.0,0,0,0,206.0,2.2448979591836733,0.0,0.0
SerCeMan/cjdb,4106.0,3985.0,0.5,0.0,0,0,0,476.0,1.273972602739726,0.0,0.0
SerNet/verinice,3651.0,3461.0,7.0,0.0,0,0,0,40634.0,0.0,0.0,0.0
SergioLarios/tuts-flow,4414.0,3568.0,0.0,0.0,0,0,0,684.0,1.482233502538071,0.0,0.0
SergiusIW/collider,4417.0,3544.0,2.75,0.0,0,0,0,140.0,0.15151515151515152,0.0,0.0
SergiyGovorukhin/nooble,3575.0,3549.0,0.0,0.0,0,0,0,191.0,1.015625,0.0,0.0
Shadorc/Music-Manager,3928.0,3526.0,0.0,0.0,0,0,0,76.0,0.0,0.0,0.0
Shadorc/Twitter-Stalker-V.2,3956.0,3544.0,0.5,0.0,0,0,0,158.0,0.0,0.0,0.0
ShadowTeam/ForgeGriefPrevention,4302.0,4145.0,0.3333333333333333,0.0,0,0,0,585.0,13.051282051282051,0.0,0.0
Shadowfiend/etherpad,5815.0,5789.0,1.0,0.0,0,0,0,2552.0,0.0,0.0,0.0
ShaggSpawns/Java-Poker,3537.0,3528.0,0.0,0.0,0,0,0,76.0,0.0,0.0,0.0
Shan1024/CS4262-DS,3614.0,3597.0,0.0,0.0,0,0,0,65.0,0.48148148148148145,0.0,0.0
ShaneMcC/DFBnc,5741.0,3499.0,1.25,0.0,0,0,0,368.0,0.04419889502762431,0.0,0.0
ShangriLaFarm/hubspot-api-java-client,3708.0,3568.0,1.3333333333333333,0.0,0,0,0,88.0,0.0,0.0,0.0
SharedKnowledge/SharkFW,4355.0,3464.0,2.0,0.0,0,0,0,877.0,1.0734265734265733,0.0,0.0
Shaunrh/Jchaingang,4041.0,4040.0,1.0,0.0,0,0,0,10.0,0.0,0.0,0.0
Sheepzez/Matrixonator-Java,4007.0,3788.0,0.75,0.0,0,0,0,178.0,0.09302325581395349,0.0,0.0
ShengLiu/File-Dependency-Client,5349.0,5016.0,1.0,0.0,0,0,0,284.0,0.028368794326241134,0.0,0.0
Sherkyoung/floodlight-plus,4103.0,4103.0,0.0,0.0,0,0,0,5435.0,0.001104158998895841,0.0,0.0
ShifuML/guagua,4241.0,3474.0,2.2083333333333335,0.0,0,0,0,1125.0,1.3049853372434017,0.0,0.0
ShinNoNoir/likelines-smila,4520.0,4240.0,0.0,0.0,0,0,0,130.0,0.0,0.0,0.0
Shirkit/all-inhonmodman,4985.0,4980.0,2.6666666666666665,0.0,0,0,0,560.0,0.0,0.0,0.0
Shirkit/todomod,4410.0,4407.0,0.0,0.0,0,0,0,76.0,0.0,0.0,0.0
Shuweiy/122BCodeForGroup26,3593.0,3548.0,0.0,0.0,0,0,0,2096.0,0.0,0.0,0.0
SilentChaos512/SilentLib,3574.0,3471.0,1.0,0.0,0,0,0,196.0,2.125,0.0,0.0
SilentChaos512/WIT,3654.0,3477.0,2.0,0.0,0,0,0,176.0,0.9180327868852459,0.0,0.0
SilverThings/SilverWare,3961.0,3473.0,1.0909090909090908,0.0,0,0,0,2487.0,3.8702830188679247,0.0,0.0
Silverpeas/Silverpeas-Spnego,4326.0,4326.0,0.0,0.0,0,0,0,85.0,1.3461538461538463,0.0,0.0
SimRo/parallel-thucydides-jbehave-tests,4502.0,4502.0,1.5,0.0,0,0,0,59.0,0.9047619047619048,0.0,0.0
Simbacode/mobipayments,4408.0,4073.0,0.5,0.0,0,0,0,239.0,2.6346153846153846,0.0,0.0
Simon-Kaz/AppiumFindByImage,3624.0,3566.0,0.4666666666666667,0.0,0,0,0,64.0,1.4736842105263157,0.0,0.0
SimonBourgarel/SecuriTable-Java,4226.0,4108.0,0.0,0.0,0,0,0,100.0,0.0,0.0,0.0
SimoneMacri/simoProject,3896.0,3882.0,0.5,0.0,0,0,0,36.0,0.0,0.0,0.0
Simonsator/BungeecordPartyAndFriends,3806.0,3461.0,0.2,0.0,0,0,0,260.0,1.0823529411764705,0.0,0.0
SimpleTimeTracking/StandaloneClient,4219.0,3690.0,1.0,0.0,0,0,0,502.0,0.0912863070539419,0.0,0.0
SimplyTapp/Tokenator,4087.0,4048.0,3.75,0.0,0,0,0,122.0,1.024390243902439,0.0,0.0
Simsilica/jogex,4041.0,4038.0,2.3333333333333335,0.0,0,0,0,130.0,0.0,0.0,0.0
SiriusLab/ModelDebugging,3829.0,3464.0,0.4,0.0,0,0,0,4336.0,0.259375,0.0,0.0
SixDimensions/Component-Bindings-Provider,4411.0,3569.0,0.5,0.0,0,0,0,225.0,0.6705882352941176,0.0,0.0
Sizableshrimp0/EmeraldCraft,3976.0,3975.0,0.0,0.0,0,0,0,20.0,0.0,0.0,0.0
SkyWars/SkyWars-API,4509.0,3464.0,0.0,0.0,0,0,0,316.0,1.087378640776699,0.0,0.0
SkymindIO/hadoop-example-native,3991.0,3987.0,1.5,0.0,0,0,0,58.0,1.3333333333333333,0.0,0.0
SkymindIO/spark-examples,3968.0,3961.0,0.45454545454545453,0.0,0,0,0,54.0,0.0,0.0,0.0
SleepyTrousers/EnderCore,3884.0,3460.0,0.8,0.0,0,0,0,1063.0,2.2094861660079053,0.0,0.0
SleepyTrousers/EnderIO,4509.0,3460.0,1.8255813953488371,0.0,0,0,0,8364.0,1.5859408486926705,0.0,0.0
SleepyTrousers/EnderZoo,4064.0,3468.0,1.0476190476190477,0.0,0,0,0,815.0,1.6473214285714286,0.0,0.0
Slikey/EffectLib-Test,4251.0,4159.0,0.3333333333333333,0.0,0,0,0,137.0,0.8958333333333334,0.0,0.0
SlimeVoid/SlimevoidLibrary,4779.0,3681.0,0.5,0.0,0,0,0,377.0,1.8282828282828283,0.0,0.0
SlimeVoid/WirelessRedstone,4864.0,3918.0,1.75,0.0,0,0,0,604.0,1.6951219512195121,0.0,0.0
SmartITEngineering/jetty-session-hbase,5509.0,5364.0,0.75,0.0,0,0,0,140.0,0.0,0.0,0.0
SmartITEngineering/smart-cms,5928.0,4310.0,1.1,0.0,0,0,0,2272.0,0.0,0.0,0.0
SmartITEngineering/smart-email-queue,5121.0,5025.0,1.3333333333333333,0.0,0,0,0,268.0,0.0,0.0,0.0
SmartITEngineering/smart-event-hub,5631.0,5028.0,1.3333333333333333,0.0,0,0,0,528.0,0.0,0.0,0.0
SmartITEngineering/smart-util,5615.0,5312.0,1.0,0.0,0,0,0,826.0,0.0,0.0,0.0
SmartInfrastructures/dreamer,3974.0,3568.0,0.0,0.0,0,0,0,7062.0,0.11054675829100687,0.0,0.0
Smartupz/tigase-server,4651.0,4647.0,0.0,0.0,0,0,0,1492.0,0.0,0.0,0.0
Smile-SA/fast-maven-plugin,5317.0,4297.0,2.0,0.0,0,0,0,362.0,1.0333333333333334,0.0,0.0
SnowstormTeam/Snowstorm,4061.0,4060.0,0.25,0.0,0,0,0,92.0,1.1333333333333333,0.0,0.0
Snuffduff/Textadventure,3814.0,3805.0,0.0,0.0,0,0,0,38.0,0.0,0.0,0.0
SocialWare/ISM,4426.0,4409.0,0.0,0.0,0,0,0,50.0,0.0,0.0,0.0
SocraticGrid/SpringConfigurator,4218.0,3720.0,0.0,0.0,0,0,0,156.0,1.6744186046511629,0.0,0.0
Soeren3003/Verschluesselungsprogramm,3504.0,3493.0,0.0,0.0,0,0,0,20.0,0.0,0.0,0.0
SoftEng-HEIGVD/Teaching-MSE-SEA-2015-Lab-BDD,3935.0,3928.0,0.0,0.0,0,0,0,98.0,0.0,0.0,0.0
SoftInstigate/restheart,4047.0,3470.0,3.2333333333333334,0.0,0,0,0,978.0,1.1715210355987056,0.0,0.0
SoftwareArchitecture/Peer,4382.0,4347.0,0.0,0.0,0,0,0,128.0,0.0,0.0,0.0
SoftwareCSE/FFGa,3821.0,3821.0,0.0,0.0,0,0,0,38.0,1.3333333333333333,0.0,0.0
SoftwareDefinedBuildings/bw2android,3547.0,3477.0,0.5,0.0,0,0,0,157.0,1.0,0.0,0.0
SoftwareKing/SpringCloud,3887.0,3699.0,0.4,0.0,0,0,0,474.0,0.0,0.0,0.0
SolrSherlock/JSONDocStore,4402.0,4083.0,0.0,0.0,0,0,0,190.0,0.0,0.0,0.0
SolrSherlock/JSONTopicMap,4399.0,3752.0,1.0,0.0,0,0,0,324.0,0.0,0.0,0.0
SolrSherlock/SolrInterceptor,4688.0,4448.0,1.0,0.0,0,0,0,54.0,0.0,0.0,0.0
SolrSherlock/SolrPlatformCore,4684.0,4403.0,0.5,0.0,0,0,0,226.0,0.0,0.0,0.0
SomeRandomGameDevGroup/bukkit-workers,4962.0,4370.0,0.8571428571428571,0.0,0,0,0,104.0,0.0,0.0,0.0
SonarSource/sonar-scanner-api,4849.0,3471.0,1.0,0.0,0,0,0,457.0,1.2785714285714285,0.0,0.0
SonarSource/sonar-scanner-cli,3689.0,3487.0,0.3333333333333333,0.0,0,0,0,627.0,0.42857142857142855,0.0,0.0
Sonnbc/modelCheckingCassandra,4074.0,4069.0,0.0,0.0,0,0,0,3007.0,0.08523908523908524,0.0,0.0
Soroosh/BahaiCalendarLibrary,3905.0,3677.0,0.6666666666666666,0.0,0,0,0,22.0,0.0,0.0,0.0
Sotera/distributed-louvain-modularity,4463.0,4192.0,2.4,0.0,0,0,0,66.0,0.0,0.0,0.0
Sotera/vande,4276.0,3728.0,0.3333333333333333,0.0,0,0,0,112.0,0.0,0.0,0.0
Sotera/zephyr-contrib,4476.0,4476.0,0.5,0.0,0,0,0,50.0,0.0,0.0,0.0
Sotera/zephyr-sample-project,4476.0,4063.0,0.3333333333333333,0.0,0,0,0,203.0,0.00980392156862745,0.0,0.0
SouthAfricaDigitalScience/GADGET-portlet,4204.0,3611.0,0.3333333333333333,0.0,0,0,0,284.0,0.0,0.0,0.0
Sovietaced/Avior,4904.0,4392.0,1.3,0.0,0,0,0,258.0,0.0,0.0,0.0
Spartronics4915/2015-Recycle-Rush,3999.0,3850.0,0.45454545454545453,0.0,0,0,0,294.0,0.0,0.0,0.0
Spartronics4915/2016-Stronghold,3631.0,3491.0,0.36363636363636365,0.0,0,0,0,1042.0,0.0,0.0,0.0
SpectroFinance/ksoap2-generator,4095.0,4094.0,0.0,0.0,0,0,0,1144.0,6.304347826086956,0.0,0.0
Speljohan/lib-poe,4326.0,4323.0,0.25,0.0,0,0,0,188.0,1.064516129032258,0.0,0.0
SpigotMirrors/CraftBukkit,3563.0,3496.0,0.25,0.0,0,0,0,1234.0,0.0,0.0,0.0
Spirent-TestingTechnologies/PlayCustomParameters,4317.0,4275.0,0.5,0.0,0,0,0,1578.0,0.0,0.0,0.0
Spitemare/mtgjson-parser,3685.0,3685.0,1.0,0.0,0,0,0,100.0,1.2903225806451613,0.0,0.0
SpleefLeague/Core,3718.0,3538.0,0.5,0.0,0,0,0,568.0,1.2947976878612717,0.0,0.0
SpongePowered/Mixin,4030.0,3463.0,3.8181818181818183,0.0,0,0,0,642.0,0.0,0.0,0.0
SpongePowered/event-impl-gen,3761.0,3504.0,0.5,0.0,0,0,0,225.0,1.0675675675675675,0.0,0.0
SpoonLabs/spoon-examples,3986.0,3645.0,0.6666666666666666,0.0,0,0,0,128.0,0.0,0.0,0.0
SpotBR/RobotController,3676.0,3671.0,0.0,0.0,0,0,0,74.0,0.0,0.0,0.0
SpoutDev/BukkitBridge,5063.0,4119.0,1.6923076923076923,0.0,0,0,0,330.0,0.0,0.0,0.0
SpringOne2GX-2014/Intro-to-Spring-Hadoop,4121.0,4106.0,0.6153846153846154,0.0,0,0,0,282.0,0.0,0.0,0.0
SpruceHillio/facebook-graph-api-wrapper,4704.0,4026.0,0.25,0.0,0,0,0,139.0,1.2790697674418605,0.0,0.0
SpruceHillio/zalando-java-api-wrapper,3752.0,3518.0,0.0,0.0,0,0,0,251.0,2.517857142857143,0.0,0.0
SquareSquash/java,4757.0,3888.0,1.0,0.0,0,0,0,60.0,1.1,0.0,0.0
Squarespace/jersey2-guice,4157.0,3570.0,2.869565217391304,0.0,0,0,0,286.0,1.5121951219512195,0.0,0.0
Squeezer-software/java-design-patterns,3983.0,3983.0,0.0,0.0,0,0,0,310.0,0.0,0.0,0.0
SquidPony/SquidLib,4984.0,3461.0,5.095238095238095,0.0,0,0,0,2277.0,3.227064220183486,0.0,0.0
St3venAU/ArmorStandTools,3932.0,3462.0,0.75,0.0,0,0,0,42.0,0.0,0.0,0.0
StanfordBioinformatics/googva,4218.0,3804.0,1.5,0.0,0,0,0,14.0,0.0,0.0,0.0
StarChasers/StarChasers,4495.0,4494.0,0.0,0.0,0,0,0,86.0,0.0,0.0,0.0
StarTrackDevKL/athena,3831.0,3803.0,0.0,0.0,0,0,0,1344.0,1.5989304812834224,0.0,0.0
StarTux/Home,3953.0,3569.0,0.0,0.0,0,0,0,86.0,0.0,0.0,0.0
StarTux/LastLog,5004.0,4978.0,0.3333333333333333,0.0,0,0,0,40.0,0.0,0.0,0.0
Stederr/IPNCommunity,4093.0,4093.0,0.0,0.0,0,0,0,296.0,0.0,0.0,0.0
StefanMacke/ao-idata-converter,3968.0,3476.0,0.6666666666666666,0.0,0,0,0,130.0,0.0,0.0,0.0
StefanMacke/ao-integrationserver,3968.0,3591.0,1.3333333333333333,0.0,0,0,0,126.0,0.0,0.0,0.0
Stefangemfind/MapMatching,3920.0,3902.0,0.8,0.0,0,0,0,59.0,1.3888888888888888,0.0,0.0
StephanEwen/flink-dataflow,3975.0,3960.0,0.3333333333333333,0.0,0,0,0,46.0,0.0,0.0,0.0
StephaneMangin/Synth,3608.0,3559.0,0.16666666666666666,0.0,0,0,0,836.0,0.3021978021978022,0.0,0.0
StephaneSeyvoz/json-dump,4228.0,4024.0,0.0,0.0,0,0,0,38.0,0.0,0.0,0.0
StephaneSeyvoz/mind-visual-diff,4150.0,4024.0,0.0,0.0,0,0,0,84.0,0.0,0.0,0.0
StephaneSeyvoz/simple-c-macro-generator,4151.0,4024.0,0.0,0.0,0,0,0,310.0,0.0,0.0,0.0
Steveice10/ClassicProtocolLib,4195.0,3800.0,1.5,0.0,0,0,0,184.0,0.90625,0.0,0.0
Steven-Luo/naive_word_segment,4138.0,4138.0,0.5,0.0,0,0,0,64.0,0.0,0.0,0.0
StevenLawson/FreedomTelnetClient,4818.0,3555.0,0.04,0.0,0,0,0,123.0,1.90625,0.0,0.0
StigLau/jotify,5752.0,5738.0,1.0,0.0,0,0,0,866.0,1.0138888888888888,0.0,0.0
Storm-Applied/C6-Flash-sale-recommender,4076.0,3922.0,1.6666666666666667,0.0,0,0,0,101.0,1.21875,0.0,0.0
Stratio/stratio-cassandra,4333.0,3827.0,6.241379310344827,0.0,0,0,0,5539.0,0.5209281164695178,0.0,0.0
StratusLab/claudia,4985.0,4822.0,1.0,0.0,0,0,0,3217.0,0.2047945205479452,0.0,0.0
StratusLab/claudia-monitoring,4985.0,4822.0,0.5,0.0,0,0,0,1004.0,0.8908045977011494,0.0,0.0
StratusLab/marketplace,4985.0,3616.0,2.0,0.0,0,0,0,595.0,0.6651785714285714,0.0,0.0
StreamReduce/streamreduce-core,4806.0,4281.0,3.5,0.0,0,0,0,1532.0,0.08423913043478261,0.0,0.0
StuartMacKay/cookbook-swf,5500.0,5442.0,0.5,0.0,0,0,0,104.0,0.0,0.0,0.0
StuartMacKay/transform-swf,5501.0,3623.0,1.2,0.0,0,0,0,3164.0,1.7780429594272076,0.0,0.0
SubiRUN/WechatTestTool,4050.0,4048.0,1.4166666666666667,0.0,0,0,0,168.0,0.0,0.0,0.0
Substeps/substeps-framework,3611.0,3521.0,0.5,0.0,0,0,0,2135.0,1.4192,0.0,0.0
SummerProject16/SocialList,3516.0,3464.0,0.0,0.0,0,0,0,452.0,0.0,0.0,0.0
SummerWish/TahitiConfigManager,3541.0,3526.0,0.0,0.0,0,0,0,101.0,1.121212121212121,0.0,0.0
SumoLogic/sumo-report-generator,3730.0,3478.0,2.0,0.0,0,0,0,278.0,1.4567901234567902,0.0,0.0
SunnyBat/PAXChecker,4234.0,3490.0,2.7777777777777777,0.0,0,0,0,112.0,0.0,0.0,0.0
SupaHam/EffectLib-Test,3906.0,3901.0,0.0,0.0,0,0,0,103.0,3.8333333333333335,0.0,0.0
SupaHam/ProtectMyHorse,4419.0,4409.0,0.0,0.0,0,0,0,68.0,0.0,0.0,0.0
SuperHulk/IndoorLocation,4146.0,4145.0,0.0,0.0,0,0,0,322.0,0.0,0.0,0.0
SuperMap/iServer_RemoteTileProviders,3935.0,3931.0,0.0,0.0,0,0,0,40.0,0.0,0.0,0.0
SuperMarcus/JRakLib,3846.0,3686.0,1.5,0.0,0,0,0,329.0,1.009090909090909,0.0,0.0
SuperSimpleGuy/dytenjin,4790.0,4759.0,0.5,0.0,0,0,0,176.0,0.0,0.0,0.0
Superzelda111/GcPvP,4279.0,4279.0,0.3333333333333333,0.0,0,0,0,46.0,0.0,0.0,0.0
Svish/hyperic-sonicmq-plugin,4457.0,4128.0,0.5,0.0,0,0,0,194.0,0.0,0.0,0.0
Sw4T/LotR_Risk,4059.0,3744.0,1.0,0.0,0,0,0,82.0,0.0,0.0,0.0
Swagger2Markup/swagger2markup-cli,3797.0,3514.0,2.7142857142857144,0.0,0,0,0,88.0,2.090909090909091,0.0,0.0
SwarmAutomation/ExtendedReportingJVM,3559.0,3506.0,0.0,0.0,0,0,0,62.0,0.0,0.0,0.0
SwedishConnection/Arquillian-MQSeries,4204.0,4204.0,0.5,0.0,0,0,0,40.0,0.0,0.0,0.0
Swrve/rate-limited-logger,3994.0,3889.0,4.333333333333333,0.0,0,0,0,143.0,0.7358490566037735,0.0,0.0
Sxw1212/SxwPlugin,4721.0,4643.0,0.0,0.0,0,0,0,90.0,0.0,0.0,0.0
Sy4z/K-Nearest-Neighbour,3913.0,3912.0,0.0,0.0,0,0,0,38.0,0.0,0.0,0.0
Sycholic/arrows4players,3963.0,3470.0,0.5,0.0,0,0,0,24.0,0.0,0.0,0.0
Sylvalum/refactored-garbanzo,3615.0,3608.0,0.5,0.0,0,0,0,40.0,0.625,0.0,0.0
Symantec/kafka-monitoring-tool,3896.0,3854.0,1.0909090909090908,0.0,0,0,0,110.0,1.2,0.0,0.0
Syriamanal/BukkitPE,4312.0,4312.0,0.5714285714285714,0.0,0,0,0,48.0,0.0,0.0,0.0
SystemX-Files/jbrainfuck,4177.0,4168.0,4.5,0.0,0,0,0,52.0,0.16,0.0,0.0
T-Systems-MMS/perfsig-hudson,3748.0,3477.0,0.5,0.0,0,0,0,786.0,2.718562874251497,0.0,0.0
TBSLabs/3rd_Party_Auth,3508.0,3508.0,0.5,0.0,0,0,0,116.0,0.0,0.0,0.0
TBSLabs/Url_Short,3670.0,3517.0,1.0,0.0,0,0,0,344.0,2.271604938271605,0.0,0.0
TDesjardins/gwt-ol3,4103.0,3463.0,3.5,0.0,0,0,0,1297.0,3.457983193277311,0.0,0.0
TGAC/RAMPART,4627.0,3461.0,3.2857142857142856,0.0,0,0,0,384.0,0.0,0.0,0.0
TKlerx/BatchRunner,3896.0,3594.0,0.0,0.0,0,0,0,82.0,0.0,0.0,0.0
TNStudio/studio-gala,3983.0,3980.0,0.0,0.0,0,0,0,72.0,0.0,0.0,0.0
TOGoS/TMCMR,5263.0,3947.0,1.6923076923076923,0.0,0,0,0,140.0,0.0,0.0,0.0
TOTVS/mdmconnectors,3904.0,3485.0,2.0,0.0,0,0,0,382.0,0.38509316770186336,0.0,0.0
TPPIDev/Modpack-Tweaks,4341.0,3774.0,1.1666666666666667,0.0,0,0,0,411.0,1.7207207207207207,0.0,0.0
TS3106/Quick-Sort,3749.0,3511.0,0.0,0.0,0,0,0,10.0,0.0,0.0,0.0
TScottJ/OpenEphyra,4240.0,3577.0,1.7714285714285714,0.0,0,0,0,2895.0,0.0,0.0,0.0
TU-Berlin/mathosphere,4186.0,3539.0,2.0,0.0,0,0,0,718.0,0.0,0.0,0.0
TUDelftNAS/CCNx-DHCNGP,5015.0,4087.0,0.5,0.0,0,0,0,38.0,0.0,0.0,0.0
TUDelftNAS/CCNx-RenamingFaces,4767.0,4743.0,0.5,0.0,0,0,0,42.0,0.0,0.0,0.0
TUDelftNAS/graphGEAR,4409.0,4408.0,0.0,0.0,0,0,0,182.0,0.0,0.0,0.0
TVPT/VoxelGunsmith,4800.0,3585.0,3.8,0.0,0,0,0,1302.0,2.496551724137931,0.0,0.0
TWCable/jackalope,3940.0,3749.0,7.0,0.0,0,0,0,279.0,0.7281553398058253,0.0,0.0
TYPO3-Solr/solr-typo3-plugin,3930.0,3484.0,2.0,0.0,0,0,0,181.0,0.7727272727272727,0.0,0.0
TZer0/TweakedCycle,5383.0,5021.0,1.0,0.0,0,0,0,12.0,0.0,0.0,0.0
Taiterio/ce,4010.0,3536.0,0.6,0.0,0,0,0,214.0,0.0,0.0,0.0
TakahikoKawasaki/nv-i18n,4801.0,3476.0,3.142857142857143,0.0,0,0,0,568.0,15.272727272727273,0.0,0.0
Takuto88/cron4j,4854.0,4854.0,0.3888888888888889,0.0,0,0,0,387.0,2.2747252747252746,0.0,0.0
Talend/tif,5478.0,5107.0,2.4285714285714284,0.0,0,0,0,5906.0,17.825503355704697,0.0,0.0
Tanaguru/Tanaguru,4668.0,3461.0,1.3611111111111112,0.0,0,0,0,40538.0,1.0346582828055992,0.0,0.0
TanguyGiton/PokeMillions,3555.0,3532.0,0.0,0.0,0,0,0,247.0,0.9642857142857143,0.0,0.0
Tartofraize/TSaaP-parser,4304.0,4270.0,0.0,0.0,0,0,0,164.0,0.9122807017543859,0.0,0.0
TeacherGaming/qcraft-mod,3903.0,3492.0,1.1666666666666667,0.0,0,0,0,384.0,1.6074766355140186,0.0,0.0
TealCube/facecore,4016.0,3466.0,0.0,0.0,0,0,0,76.0,0.0,0.0,0.0
TealCube/loot,3985.0,3497.0,0.0,0.0,0,0,0,336.0,0.0,0.0,0.0
TealNerd/AutoJoin,3983.0,3571.0,0.5,0.0,0,0,0,64.0,1.3,0.0,0.0
TealNerd/RadarJammer,3612.0,3473.0,1.0,0.0,0,0,0,82.0,1.8181818181818181,0.0,0.0
Team-IO/taam,4362.0,3464.0,1.0,0.0,0,0,0,1244.0,0.3159851301115242,0.0,0.0
Team1923/Stronghold_2016,3627.0,3520.0,0.2222222222222222,0.0,0,0,0,92.0,0.0,0.0,0.0
Team3309/FRC2013,4685.0,4437.0,0.5,0.0,0,0,0,56.0,0.0,0.0,0.0
Team4777/FRC-2015,4023.0,3968.0,1.0,0.0,0,0,0,116.0,0.0,0.0,0.0
Team5102/2015,3965.0,3920.0,0.0,0.0,0,0,0,28.0,0.0,0.0,0.0
Team997Coders/Cynder2015-2014-Code,3891.0,3881.0,0.0,0.0,0,0,0,132.0,0.0,0.0,0.0
TeamBlackbirdMC/McAPI-SDK,3696.0,3676.0,1.0,0.0,0,0,0,212.0,1.4516129032258065,0.0,0.0
TeamLapen/Vampirism,4144.0,3461.0,1.5714285714285714,0.0,0,0,0,1795.0,0.0011135857461024498,0.0,0.0
TeamMetallurgy/Metallurgy-Bees,4344.0,3657.0,1.3333333333333333,0.0,0,0,0,500.0,1.3245033112582782,0.0,0.0
TeamMetallurgy/MetallurgyCore,4328.0,3695.0,2.6,0.0,0,0,0,668.0,1.2682926829268293,0.0,0.0
TeamSluis/TheLastNinjaGeek,4232.0,4226.0,0.0,0.0,0,0,0,90.0,0.0,0.0,0.0
TeamSprocket/2014Robot,4343.0,4097.0,0.3333333333333333,0.0,0,0,0,108.0,0.0,0.0,0.0
TeamTrillium/Trillium,3972.0,3630.0,2.3333333333333335,0.0,0,0,0,188.0,0.0,0.0,0.0
TechGapItalia/tgi-commons,3493.0,3490.0,0.3333333333333333,0.0,0,0,0,700.0,3.8016528925619837,0.0,0.0
TechReborn/RebornCore,3690.0,3460.0,2.25,0.0,0,0,0,1348.0,2.066265060240964,0.0,0.0
TechReborn/TechReborn,3903.0,3463.0,1.84,0.0,0,0,0,5052.0,1.4171737660581474,0.0,0.0
TechnicPack/LegacyLauncher,4681.0,4681.0,0.3333333333333333,0.0,0,0,0,442.0,1.2647058823529411,0.0,0.0
Technica-Corporation/Alenka-JDBC,4268.0,4183.0,1.1428571428571428,0.0,0,0,0,90.0,0.5555555555555556,0.0,0.0
TechnoD11/SubsystemPID,3745.0,3734.0,0.0,0.0,0,0,0,54.0,0.0,0.0,0.0
TechnoTitans/TitanWare2014,4101.0,4096.0,0.0,0.0,0,0,0,54.0,0.0,0.0,0.0
TechnoWolves5518/2015RobotCode,3992.0,3747.0,1.0,0.0,0,0,0,170.0,0.0,0.0,0.0
TechnologyConversations/TechnologyConversationsBddSteps,4255.0,3842.0,0.3333333333333333,0.0,0,0,0,167.0,1.4489795918367347,0.0,0.0
TehNut/ElsewhereBorder,3810.0,3798.0,0.3333333333333333,0.0,0,0,0,88.0,1.3333333333333333,0.0,0.0
TehNut/Harvest,3623.0,3480.0,0.5,0.0,0,0,0,95.0,1.88,0.0,0.0
Teiid-Designer/komodo-web,3975.0,3848.0,0.16666666666666666,0.0,0,0,0,676.0,0.036036036036036036,0.0,0.0
Telenav/improve-osm-plugin,3651.0,3500.0,1.0,0.0,0,0,0,633.0,1.175,0.0,0.0
Telenav/scoutsigns,3784.0,3581.0,2.0,0.0,0,0,0,737.0,1.0411522633744856,0.0,0.0
Telsis/jOCP,4478.0,4478.0,0.0,0.0,0,0,0,338.0,1.0357142857142858,0.0,0.0
Terasology/StaticCities,3470.0,3467.0,0.0,0.0,0,0,0,398.0,0.0,0.0,0.0
Terasology/Tasks,4432.0,3504.0,0.0,0.0,0,0,0,146.0,0.0,0.0,0.0
TerrisCoding/TerrisWarn,5040.0,4948.0,0.6666666666666666,0.0,0,0,0,28.0,0.0,0.0,0.0
TerryTsai/Serial-Monitor,3651.0,3572.0,0.0,0.0,0,0,0,112.0,0.1509433962264151,0.0,0.0
TestPlant/eggDrive-Java,3927.0,3927.0,0.5,0.0,0,0,0,22.0,0.0,0.0,0.0
TestingResearchIllinois/NonDex,3526.0,3461.0,0.0,0.0,0,0,0,488.0,1.0625,0.0,0.0
TheAcademician/CobraCorral,4296.0,3575.0,0.0,0.0,0,0,0,44.0,0.0,0.0,0.0
TheArchives/ArchBlock,3952.0,3725.0,0.5,0.0,0,0,0,254.0,0.0,0.0,0.0
TheAwesomeGem/MineFantasy,4114.0,3952.0,1.0,0.0,0,0,0,3776.0,0.0,0.0,0.0
TheBrazillianForgersTeam/DynamicCraft,3697.0,3586.0,2.0,0.0,0,0,0,498.0,1.6231884057971016,0.0,0.0
TheBusyBiscuit/sensibletoolbox,4005.0,3470.0,0.5,0.0,0,0,0,604.0,0.0,0.0,0.0
TheByteGuru/Tanks_Tutorial,3816.0,3792.0,0.16666666666666666,0.0,0,0,0,60.0,0.0,0.0,0.0
TheCalcmakers/Calculator,4283.0,4248.0,0.0,0.0,0,0,0,28.0,0.0,0.0,0.0
TheCoder4eu/BootsFaces-OSP,4088.0,3460.0,2.16,0.0,0,0,0,2998.0,0.3510971786833856,0.0,0.0
TheCreeperOfRedstone/RPG-Items-2,4400.0,4301.0,0.35294117647058826,0.0,0,0,0,430.0,0.0,0.0,0.0
TheDgtl/Stargate-DHD,5381.0,4966.0,1.6666666666666667,0.0,0,0,0,16.0,0.0,0.0,0.0
TheFreakLord/BukkitRevival,4002.0,4000.0,0.0,0.0,0,0,0,88.0,0.0,0.0,0.0
TheGrail/http-request-tag-engine,3591.0,3535.0,0.4,0.0,0,0,0,281.0,1.10989010989011,0.0,0.0
TheIcyOne/Civilised-Ideas,3596.0,3462.0,0.0,0.0,0,0,0,130.0,0.0,0.0,0.0
TheLanguageArchive/FLAP,4099.0,4060.0,0.0,0.0,0,0,0,366.0,0.0,0.0,0.0
TheLightMC/Minigames,3798.0,3549.0,0.36363636363636365,0.0,0,0,0,488.0,0.0,0.0,0.0
TheMCPEGamer/Adventuria,3839.0,3521.0,1.0,0.0,0,0,0,156.0,0.0,0.0,0.0
TheMatthew/sonarScraper,3675.0,3674.0,0.0,0.0,0,0,0,38.0,0.0,0.0,0.0
TheNewJavaman/pi-program,3646.0,3646.0,0.5,0.0,0,0,0,18.0,0.0,0.0,0.0
TheRabbitologist/IceAndShadow2,4206.0,3560.0,1.0,0.0,0,0,0,1290.0,0.0,0.0,0.0
TheRealTier/ConSea,4402.0,3723.0,2.5,0.0,0,0,0,136.0,0.0,0.0,0.0
TheReturningVoid/bloodmoney,3730.0,3533.0,0.0,0.0,0,0,0,74.0,0.8148148148148148,0.0,0.0
TheTorbinWren/OresPlus,4335.0,3849.0,2.0,0.0,0,0,0,1548.0,0.18309859154929578,0.0,0.0
TheValarProject/AwakenDreamsClient,3555.0,3555.0,0.5,0.0,0,0,0,25202.0,0.0,0.0,0.0
Thermi/AlgoProjekt,4429.0,4401.0,0.0,0.0,0,0,0,20.0,0.0,0.0,0.0
Thilina123/SigmaCV,4160.0,4062.0,0.0,0.0,0,0,0,118.0,0.0,0.0,0.0
ThinkBigAnalytics/ThinkBig-Hadoop-Extensions,5269.0,4136.0,0.3333333333333333,0.0,0,0,0,71.0,1.65,0.0,0.0
Thinkofname/plugin-utils,4174.0,4055.0,1.3333333333333333,0.0,0,0,0,372.0,1.280701754385965,0.0,0.0
ThoNill/DRUCK,4028.0,3548.0,0.0,0.0,0,0,0,490.0,0.0,0.0,0.0
Thog/LaunchMyPack,4035.0,3587.0,1.0,0.0,0,0,0,241.0,1.1973684210526316,0.0,0.0
ThomasDaheim/ownNoteEditor,3724.0,3480.0,2.4,0.0,0,0,0,100.0,0.0,0.0,0.0
ThreeTen/threeten-bench,3993.0,3630.0,0.0,0.0,0,0,0,101.0,6.583333333333333,0.0,0.0
Thutmose/dorfgen,3753.0,3623.0,0.0,0.0,0,0,0,262.0,1.1058823529411765,0.0,0.0
TiREX69/bukkit-utils,3494.0,3490.0,0.6666666666666666,0.0,0,0,0,44.0,0.0,0.0,0.0
Tikinou/schedules-direct-core-api,4371.0,4233.0,0.0,0.0,0,0,0,732.0,2.010928961748634,0.0,0.0
TimShi/s3_video,3644.0,3501.0,0.6666666666666666,0.0,0,0,0,181.0,2.8157894736842106,0.0,0.0
TimelyPick/HtmlSpeed,3606.0,3600.0,3.5,0.0,0,0,0,70.0,0.0,0.0,0.0
Tirasa/ConnIdUNIXBundle,4735.0,3962.0,0.3333333333333333,0.0,0,0,0,268.0,1.1764705882352942,0.0,0.0
TitanRobotics/2022-FRC-2013,4734.0,4359.0,0.5,0.0,0,0,0,360.0,0.0,0.0,0.0
TkmTwoProjects/tkmtwo-snops,3841.0,3563.0,0.0,0.0,0,0,0,275.0,0.5887850467289719,0.0,0.0
Tmm2471/Swerve,4369.0,4369.0,0.5,0.0,0,0,0,2564.0,0.0,0.0,0.0
To-da/spring-boot-examples,4029.0,4029.0,0.4,0.0,0,0,0,126.0,0.0,0.0,0.0
Tocea/Architecture-Designer,4862.0,4798.0,0.0,0.0,0,0,0,964.0,0.0,0.0,0.0
TomDemeranville/orcid-java-client,4344.0,3702.0,1.0,0.0,0,0,0,460.0,1.0196078431372548,0.0,0.0
TomRK1089/J2Bugzilla-API,4611.0,3796.0,1.0,0.0,0,0,0,124.0,3.04,0.0,0.0
TomasMikula/LiveDirsFX,4271.0,3565.0,2.0,0.0,0,0,0,102.0,0.16666666666666666,0.0,0.0
TomasMikula/ReactFX,4384.0,3462.0,7.4,0.0,0,0,0,567.0,0.02491103202846975,0.0,0.0
TomasMikula/RichTextFX,4457.0,3464.0,2.791044776119403,0.0,0,0,0,258.0,0.06349206349206349,0.0,0.0
TomaszMolenda/mediciline,3605.0,3463.0,0.0,0.0,0,0,0,932.0,2.0258620689655173,0.0,0.0
Tombenpotter/Icarus,3756.0,3704.0,1.5,0.0,0,0,0,1418.0,1.7967914438502675,0.0,0.0
Tommy-LSA/supoxy,4186.0,4050.0,0.6666666666666666,0.0,0,0,0,104.0,0.0,0.0,0.0
TomyLobo/routes,5058.0,4888.0,1.5,0.0,0,0,0,350.0,0.0,0.0,0.0
ToniTang/InventorySerializer,4217.0,4058.0,0.0,0.0,0,0,0,46.0,0.0,0.0,0.0
Tonius/E-Mobile,4156.0,3551.0,1.5,0.0,0,0,0,409.0,1.605263157894737,0.0,0.0
Top-Q/jmeter-tcp-sampler,4052.0,4046.0,0.3333333333333333,0.0,0,0,0,32.0,0.0,0.0,0.0
Toporin/SatoChipApplet,3947.0,3637.0,2.3333333333333335,0.0,0,0,0,176.0,0.0,0.0,0.0
TormundTargers/Animal-Simulator,4282.0,4281.0,0.0,0.0,0,0,0,88.0,0.0,0.0,0.0
Torridity/dsworkbench,3931.0,3533.0,0.6666666666666666,0.0,0,0,0,7080.0,0.9781328847771237,0.0,0.0
Tostino/jpgAgent,3560.0,3462.0,6.0,0.0,0,0,0,167.0,1.4489795918367347,0.0,0.0
TouK/ThrowingFunction,3672.0,3500.0,12.666666666666666,0.0,0,0,0,191.0,2.5952380952380953,0.0,0.0
TouK/janusz,3973.0,3602.0,5.0,0.0,0,0,0,220.0,0.8461538461538461,0.0,0.0
Toures/GreenTower,3560.0,3546.0,0.0,0.0,0,0,0,126.0,0.0,0.0,0.0
Tradeshift/ts-reaktive,3490.0,3462.0,1.5,0.0,0,0,0,402.0,0.0,0.0,0.0
Training101/JavaForAutomation,3787.0,3787.0,0.5,0.0,0,0,0,190.0,1.2542372881355932,0.0,0.0
TranMinhNguyen/Tetris,3865.0,3858.0,0.0,0.0,0,0,0,20.0,0.0,0.0,0.0
Transcriptics/FJREPORT,4425.0,4419.0,0.3333333333333333,0.0,0,0,0,352.0,0.0,0.0,0.0
Transkribus/fimagestoreClient,3584.0,3505.0,0.0,0.0,0,0,0,159.0,1.22,0.0,0.0
Traumflug/Visolate,4994.0,4460.0,2.7857142857142856,0.0,0,0,0,264.0,0.0,0.0,0.0
Trestor/trestor-crypto-java,3839.0,3727.0,1.5,0.0,0,0,0,301.0,3.5090909090909093,0.0,0.0
Treydone/mandrel,4020.0,3512.0,0.75,0.0,0,0,0,1528.0,0.0,0.0,0.0
Tribalforge/mcMMOpa,4736.0,3545.0,1.0,0.0,0,0,0,142.0,1.0,0.0,0.0
TridentSDK/TridentSDK,4134.0,3559.0,1.9230769230769231,0.0,0,0,0,1632.0,1.014760147601476,0.0,0.0
TrigonicSolutions/jrobotx,5305.0,3744.0,1.0,0.0,0,0,0,110.0,0.0,0.0,0.0
TrigonicSolutions/spring-utils,5305.0,4794.0,0.6666666666666666,0.0,0,0,0,140.0,0.0,0.0,0.0
Trikke/android-sqlite-generator,4428.0,4171.0,6.7,0.0,0,0,0,72.0,0.0,0.0,0.0
Trinea/java-dynamic-load-jar,4206.0,3812.0,1.5116279069767442,0.0,0,0,0,114.0,0.0,0.0,0.0
Trugath/AXMLParser,4162.0,4162.0,0.75,0.0,0,0,0,30.0,0.0,0.0,0.0
TrustTIC/restful-helloworld-server,3763.0,3741.0,0.0,0.0,0,0,0,79.0,1.5217391304347827,0.0,0.0
TurtleShip/webtoon-crawler,4350.0,3514.0,2.0,0.0,0,0,0,118.0,1.4285714285714286,0.0,0.0
Turupawn/ExamenProgra2Parcial2,4200.0,4199.0,0.0,0.0,0,0,0,38.0,0.0,0.0,0.0
TutorialesHackro/Codigo-Facilito-JEE,4051.0,3515.0,0.37777777777777777,0.0,0,0,0,692.0,0.0,0.0,0.0
Twain69/jpostgrey,4316.0,3702.0,0.0,0.0,0,0,0,186.0,1.1333333333333333,0.0,0.0
Twaldigas/java-selenium-2-helper,4460.0,3867.0,1.0,0.0,0,0,0,39.0,1.4166666666666667,0.0,0.0
TweakCraft/TweakCart2,5106.0,3913.0,1.0,0.0,0,0,0,122.0,0.0,0.0,0.0
TwilioDevEd/airtng-servlets,3659.0,3472.0,0.0,0.0,0,0,0,287.0,0.5803571428571429,0.0,0.0
TwilioDevEd/eta-notifications-servlets,3574.0,3483.0,0.0,0.0,0,0,0,177.0,0.5571428571428572,0.0,0.0
TwoGuysFromKabul/xenqtt,3959.0,3954.0,2.0,0.0,0,0,0,1086.0,2.459016393442623,0.0,0.0
TylerHaigh/seng2050-assignment3,4106.0,4056.0,0.0,0.0,0,0,0,298.0,0.36220472440944884,0.0,0.0
U-QASAR/u-qasar.platform,3722.0,3483.0,0.8333333333333334,0.0,0,0,0,8380.0,2.6957983193277313,0.0,0.0
UBOdin/jsqlparser,3797.0,3542.0,0.5,0.0,0,0,0,829.0,2.888235294117647,0.0,0.0
UCDenver-ccp/ccp-nlp,3625.0,3489.0,0.3333333333333333,0.0,0,0,0,3968.0,2.4960362400906004,0.0,0.0
UCSB-CS56-Projects/cs56-github-apiv3-simple-rest-client,3945.0,3564.0,0.0,0.0,0,0,0,63.0,0.6,0.0,0.0
UCSB-CS56-Projects/cs56-utilities-ucsb-curriculum-htmlunit,4329.0,3623.0,0.0,0.0,0,0,0,74.0,0.1111111111111111,0.0,0.0
UCSB-CS56-W15/W15-lab04,3974.0,3918.0,0.0,0.0,0,0,0,2622.0,0.0015255530129672007,0.0,0.0
UDayton/attendance,3598.0,3491.0,0.0,0.0,0,0,0,316.0,0.0,0.0,0.0
UKCA/CAPortal,3933.0,3575.0,0.25,0.0,0,0,0,661.0,0.015197568389057751,0.0,0.0
UKPLab/naacl-bea2016-writing-study,3546.0,3464.0,1.5,0.0,0,0,0,490.0,0.0,0.0,0.0
UNGPublic/sampleng-backend,4062.0,4007.0,2.0,0.0,0,0,0,349.0,1.9886363636363635,0.0,0.0
USESystemEngineeringBV/cmake-eclipse-helper,3801.0,3485.0,0.0,0.0,0,0,0,114.0,0.0,0.0,0.0
USF-CS601-starterkits/parrt-graph,3968.0,3965.0,0.0,0.0,0,0,0,34.0,0.0,0.0,0.0
USF-CS652-starterkits/parrt-vtable-grammar,3594.0,3545.0,0.0,0.0,0,0,0,87.0,0.06976744186046512,0.0,0.0
USGS-CIDA/WQP-WQX-Services,3974.0,3479.0,0.0,0.0,0,0,0,434.0,0.0,0.0,0.0
USGS-CIDA/microservices-libraries,4010.0,3462.0,0.0,0.0,0,0,0,164.0,1.3877551020408163,0.0,0.0
UTK7994/Cognitive-Radios,4134.0,4134.0,0.0,0.0,0,0,0,10.0,0.0,0.0,0.0
UW-Madison-DoIT/KeyValueStore,3758.0,3521.0,0.3333333333333333,0.0,0,0,0,156.0,3.8518518518518516,0.0,0.0
UberMouse/ArteDungeon,5378.0,5324.0,1.2,0.0,0,0,0,342.0,0.0,0.0,0.0
Ubiquitous-Spice/ModJam-4,4243.0,4223.0,0.5,0.0,0,0,0,226.0,2.9565217391304346,0.0,0.0
Udylity/Conversions,3776.0,3776.0,0.0,0.0,0,0,0,26.0,0.0,0.0,0.0
Uko/BUMMEL,5199.0,4037.0,0.5,0.0,0,0,0,1513.0,3.1530612244897958,0.0,0.0
Ulflander/JPipes,4491.0,4490.0,0.3333333333333333,0.0,0,0,0,100.0,0.55,0.0,0.0
Ullarah/MinecraftPlugins,3755.0,3461.0,0.2,0.0,0,0,0,1200.0,1.405099150141643,0.0,0.0
Ullink/gerrit-coverage-plugin,3655.0,3576.0,2.25,0.0,0,0,0,73.0,1.0,0.0,0.0
Ullink/gradle-ikvm-plugin,4800.0,3681.0,1.1111111111111112,0.0,0,0,0,93.0,0.375,0.0,0.0
Ullink/ordered-scheduler,3987.0,3886.0,5.333333333333333,0.0,0,0,0,62.0,0.0,0.0,0.0
Ulmstedt/Minesweeper,3586.0,3565.0,0.5,0.0,0,0,0,98.0,0.0,0.0,0.0
UltraFireFX/MC-Translate,4284.0,4283.0,0.0,0.0,0,0,0,28.0,0.0,0.0,0.0
UltrahardcoreStats/PVPManagerOld,4491.0,4410.0,0.0,0.0,0,0,0,40.0,0.0,0.0,0.0
UnalSoft/elite-fle,4068.0,3811.0,0.0,0.0,0,0,0,826.0,1.5844155844155845,0.0,0.0
UndefinedOffset/eclipse-silverstripedt,4657.0,3482.0,2.0,0.0,0,0,0,804.0,0.0,0.0,0.0
UniSurreyIoT/fiware-iot-discovery-ngsi9,3816.0,3497.0,1.0,0.0,0,0,0,741.0,1.7336683417085428,0.0,0.0
UniTime/unitime,3981.0,3463.0,1.9047619047619047,0.0,0,0,0,22112.0,4.54841575362748,0.0,0.0
Unicon/cas-addons,5021.0,3667.0,2.0,0.0,0,0,0,744.0,1.0202429149797572,0.0,0.0
Unicon/shib-cas-authn2,4295.0,3989.0,1.8,0.0,0,0,0,149.0,0.7454545454545455,0.0,0.0
Unicon/shib-cas-authn3,4003.0,3602.0,0.7142857142857143,0.0,0,0,0,116.0,0.6818181818181818,0.0,0.0
Uninassau-ProgramacaoIV/ProvaColegiada,4287.0,4252.0,1.0,0.0,0,0,0,304.0,0.0,0.0,0.0
Uninassau-ProgramacaoIV/sisp,4058.0,4036.0,0.0,0.0,0,0,0,146.0,0.0,0.0,0.0
Unisay/intellij-swagger,3654.0,3587.0,3.0,0.0,0,0,0,132.0,0.0,0.0,0.0
UnmercifulTurtle/Robot-Wars,3648.0,3639.0,0.0,0.0,0,0,0,98.0,0.38095238095238093,0.0,0.0
UnwiseDeadkilla/Dimensional_Items,3961.0,3952.0,0.0,0.0,0,0,0,582.0,0.0,0.0,0.0
UoW-IRRs/XMLUI-Extras,4107.0,3694.0,0.0,0.0,0,0,0,72.0,0.0,0.0,0.0
Upplication/cordova-java,3941.0,3492.0,1.0,0.0,0,0,0,190.0,1.0,0.0,0.0
Utviklingsutvalget/ACTion,4209.0,3788.0,0.0,0.0,0,0,0,352.0,0.0,0.0,0.0
UweTrottmann/getglue-java,4438.0,4006.0,1.5,0.0,0,0,0,129.0,1.1951219512195121,0.0,0.0
V07D/mssqlclient,4140.0,4023.0,0.0,0.0,0,0,0,36.0,0.0,0.0,0.0
VA-CTT/ISAAC,3647.0,3461.0,0.0,0.0,0,0,0,2192.0,0.009157509157509158,0.0,0.0
VBashlovkina/csc207-hw2,4340.0,4340.0,0.0,0.0,0,0,0,18.0,0.0,0.0,0.0
VCNinc/SimpleJoystick,3610.0,3604.0,0.5,0.0,0,0,0,18.0,0.0,0.0,0.0
VDuda/SyncRunner-Pub,4015.0,3952.0,0.3333333333333333,0.0,0,0,0,3574.0,0.004484304932735426,0.0,0.0
VHAINNOVATIONS/ASRCM,4045.0,3737.0,0.5,0.0,0,0,0,1078.0,0.0,0.0,0.0
VHAINNOVATIONS/BCDS,3626.0,3461.0,0.5,0.0,0,0,0,3828.0,0.0,0.0,0.0
VHAINNOVATIONS/Telepathology,3916.0,3682.0,0.5,0.0,0,0,0,10788.0,0.0,0.0,0.0
VTAF/VirtusaSeleniumWebdriverRuntime,4317.0,3770.0,0.3333333333333333,0.0,0,0,0,152.0,0.0,0.0,0.0
VanetSim/VanetSim,4400.0,3848.0,0.875,0.0,0,0,0,336.0,0.0,0.0,0.0
Vanilla-Java/Microservices,3555.0,3517.0,3.0,0.0,0,0,0,178.0,0.0,0.0,0.0
VapourDrive/MagTools,3901.0,3803.0,0.25,0.0,0,0,0,379.0,1.4017857142857142,0.0,0.0
Vectis99/sshs-2016-willamette,3582.0,3566.0,0.5,0.0,0,0,0,82.0,0.0,0.0,0.0
VeganRoach-OS/vrchat,4351.0,4286.0,0.0,0.0,0,0,0,18.0,0.0,0.0,0.0
Vektah/idea-rust,4269.0,3703.0,6.2105263157894735,0.0,0,0,0,336.0,0.0,0.0,0.0
Veronicka/TwitterVL,3735.0,3723.0,0.0,0.0,0,0,0,1208.0,0.0,0.0,0.0
Veronicka/VinilBanco,3704.0,3696.0,0.5,0.0,0,0,0,222.0,0.0,0.0,0.0
VerseByVerseQuran/SplitCode,4096.0,4096.0,1.5,0.0,0,0,0,8.0,0.0,0.0,0.0
Vexatos/ARE-WE-END-GAME-YET,3486.0,3478.0,1.0,0.0,0,0,0,129.0,0.5686274509803921,0.0,0.0
Vexatos/BeeSpecific,3716.0,3656.0,2.6666666666666665,0.0,0,0,0,76.0,0.6,0.0,0.0
Vexatos/CheatyComputers,3628.0,3587.0,1.0,0.0,0,0,0,147.0,1.725,0.0,0.0
VictoriaLacroix/operating-system,3632.0,3548.0,0.0,0.0,0,0,0,322.0,0.0,0.0,0.0
VidarAtlason/KEACS2SM,4079.0,4023.0,0.0,0.0,0,0,0,128.0,0.0,0.0,0.0
VinayakShukl/AES-256,4454.0,4441.0,0.5,0.0,0,0,0,30.0,0.0,0.0,0.0
ViolentNinjaD/EarlyEquipment,3954.0,3924.0,0.0,0.0,0,0,0,214.0,1.7241379310344827,0.0,0.0
Virepri/CCTextAdventure,3665.0,3618.0,0.0,0.0,0,0,0,28.0,0.0,0.0,0.0
Virtual-Instruments/cloudwatch-log4j-appender,3850.0,3825.0,0.6666666666666666,0.0,0,0,0,55.0,1.5625,0.0,0.0
VirtualByte/ByteUtils,3915.0,3896.0,0.25,0.0,0,0,0,82.0,0.0,0.0,0.0
Vislo/VisloBlock,4101.0,4100.0,0.3333333333333333,0.0,0,0,0,36.0,0.0,0.0,0.0
Vivastream/spring-security-oauth2-dynamodb,4072.0,3563.0,1.0,0.0,0,0,0,117.0,1.4,0.0,0.0
VocabHunter/VocabHunter,3703.0,3468.0,2.2,0.0,0,0,0,721.0,0.2807570977917981,0.0,0.0
VolumetricPixels/Vitals,4905.0,4752.0,2.0,0.0,0,0,0,52.0,0.0,0.0,0.0
Vult-R/Better-Sprite-Packer,3536.0,3469.0,0.5,0.0,0,0,0,58.0,0.0,0.0,0.0
WASdev/ci.ant,4548.0,3500.0,0.5,0.0,0,0,0,387.0,0.5096774193548387,0.0,0.0
WASdev/ci.maven,4548.0,3470.0,1.368421052631579,0.0,0,0,0,404.0,0.01990049751243781,0.0,0.0
WASdev/lib.batch.magicsauce,3847.0,3846.0,0.6666666666666666,0.0,0,0,0,356.0,0.0,0.0,0.0
WASdev/sample.arduino,4225.0,4112.0,0.6666666666666666,0.0,0,0,0,196.0,0.0,0.0,0.0
WASdev/sample.async.websockets,3927.0,3589.0,0.0,0.0,0,0,0,114.0,0.0,0.0,0.0
WASdev/sample.jms11,3860.0,3841.0,0.0,0.0,0,0,0,79.0,2.05,0.0,0.0
WASdev/sample.microservices.12factorapp,3820.0,3499.0,0.8571428571428571,0.0,0,0,0,172.0,0.3835616438356164,0.0,0.0
WASdev/sample.netflixoss.wlp,4263.0,3937.0,0.3333333333333333,0.0,0,0,0,362.0,0.0,0.0,0.0
WASdev/standards.jsr352.jbatch,4100.0,3462.0,1.1666666666666667,0.0,0,0,0,2234.0,3.081818181818182,0.0,0.0
WBHS/MusicSuggestionsUploader,3783.0,3728.0,0.0,0.0,0,0,0,115.0,1.5454545454545454,0.0,0.0
WC3/WorldCup,3984.0,3698.0,0.75,0.0,0,0,0,460.0,0.0,0.0,0.0
WSDOT/Archetypes,4064.0,3971.0,1.4,0.0,0,0,0,588.0,0.0,0.0,0.0
WSDOT/WSDOT-Search-GWT,5257.0,4715.0,0.5,0.0,0,0,0,90.0,0.0,0.0,0.0
WTS-I/ADSI,3834.0,3814.0,0.0,0.0,0,0,0,606.0,0.35658914728682173,0.0,0.0
Waikato/meka,3695.0,3463.0,2.7777777777777777,0.0,0,0,0,1073.0,0.07129094412331406,0.0,0.0
Walkman-Mirror/BetterLAN-Classic,3966.0,3966.0,0.0,0.0,0,0,0,104.0,0.0,0.0,0.0
Walnoot/LibgdxUtils,4122.0,3491.0,0.0,0.0,0,0,0,102.0,0.0,0.0,0.0
Walter-Stroebel/AnsibleGUI,4205.0,3869.0,1.5,0.0,0,0,0,200.0,0.0,0.0,0.0
WalterMourao/andromda,3858.0,3822.0,1.5,0.0,0,0,0,116.0,0.0,0.0,0.0
Watchful1/PermissionsChecker,4383.0,3558.0,1.5,0.0,0,0,0,148.0,0.0,0.0,0.0
WaterfallMC/LegacyPinger,3598.0,3598.0,2.0,0.0,0,0,0,57.0,1.2777777777777777,0.0,0.0
Web-of-Building-Data/Ifc2Rdf,3940.0,3826.0,2.0,0.0,0,0,0,3080.0,0.0,0.0,0.0
WedjaaOpen/ElasticJasper,4112.0,3479.0,2.3333333333333335,0.0,0,0,0,86.0,0.0,0.0,0.0
WegFetZ/SoundCenterPlugin,4357.0,4004.0,0.5,0.0,0,0,0,82.0,0.0,0.0,0.0
WegenenVerkeer/RxHttpClient,4014.0,3461.0,0.25,0.0,0,0,0,142.0,0.0,0.0,0.0
Wehavecookies56/Kingdom-Keys,4561.0,4122.0,0.6,0.0,0,0,0,4994.0,0.0,0.0,0.0
Wehavecookies56/Kingdom-Keys-1.8-,4170.0,3837.0,1.0,0.0,0,0,0,2576.0,0.0,0.0,0.0
Wehttam664/APCS-Lib,4051.0,4049.0,0.0,0.0,0,0,0,16.0,0.0,0.0,0.0
Wehttam664/EntropyPvP-Plugin,3994.0,3992.0,0.0,0.0,0,0,0,34.0,0.0,0.0,0.0
Wehttam664/Mechanization-old,4034.0,3983.0,1.0,0.0,0,0,0,72.0,0.0,0.0,0.0
Wehttam664/Townshend,4097.0,4074.0,0.0,0.0,0,0,0,44.0,0.0,0.0,0.0
WesJD/WorldLib,3587.0,3508.0,0.0,0.0,0,0,0,47.0,0.8823529411764706,0.0,0.0
Westwing-Home-and-Living/Ninja-Printer,3610.0,3591.0,0.0,0.0,0,0,0,142.0,0.0,0.0,0.0
Whiley/Whiley2JavaScript,3926.0,3605.0,0.0,0.0,0,0,0,42.0,0.0,0.0,0.0
WhiskersOfficial/Pamuk,3562.0,3561.0,1.0,0.0,0,0,0,71.0,0.92,0.0,0.0
WhiteBlue/eleme-hackathon,3668.0,3668.0,1.0,0.0,0,0,0,228.0,1.1506849315068493,0.0,0.0
Who828/persistent_data_structures,4321.0,4224.0,2.3333333333333335,0.0,0,0,0,48.0,0.17391304347826086,0.0,0.0
Wierdoom/Mislead,4293.0,4265.0,0.0,0.0,0,0,0,104.0,0.0,0.0,0.0
Wikia/dropwizard-logstash-encoder,3993.0,3685.0,0.2857142857142857,0.0,0,0,0,98.0,2.761904761904762,0.0,0.0
WildBamaBoy/arrows-plus,4523.0,4487.0,0.0,0.0,0,0,0,1210.0,0.0,0.0,0.0
WildDogTeam/lib-android-wildgeo,3717.0,3610.0,1.6666666666666667,0.0,0,0,0,136.0,3.52,0.0,0.0
WillemJiang/camel-test-framework-demo,3982.0,3648.0,1.5,0.0,0,0,0,134.0,1.3170731707317074,0.0,0.0
William-Hai/ArraySortAlgorithm,3619.0,3469.0,0.0,0.0,0,0,0,74.0,0.0,0.0,0.0
WiserUFBA/wiser-services,3883.0,3650.0,0.0,0.0,0,0,0,698.0,0.8455284552845529,0.0,0.0
Wmaxlees/prefetch,3563.0,3507.0,0.0,0.0,0,0,0,364.0,0.056179775280898875,0.0,0.0
Wolen/ForgeMod,3868.0,3868.0,0.0,0.0,0,0,0,90.0,0.0,0.0,0.0
Wolfofthenyght/MysticGems,4095.0,3736.0,0.5,0.0,0,0,0,1480.0,0.10212765957446808,0.0,0.0
WonderBeat/optimistic-pessimistic,4107.0,4100.0,0.0,0.0,0,0,0,197.0,1.109375,0.0,0.0
Woopra/woopra-j2ee-sdk,4462.0,3539.0,0.5,0.0,0,0,0,90.0,0.0,0.0,0.0
Workfront/api-bootcamp,3868.0,3864.0,0.5,0.0,0,0,0,70.0,0.0,0.0,0.0
Wotty/AS_Computing_Project_Redone,3637.0,3609.0,0.5,0.0,0,0,0,44.0,0.0,0.0,0.0
Wurldtech/beep4j,5067.0,5067.0,0.5,0.0,0,0,0,388.0,0.0,0.0,0.0
Wurst-Imperium/Wurst-Client,3976.0,3496.0,0.4684931506849315,0.0,0,0,0,942.0,0.0,0.0,0.0
Wyliodrin/wyliodrin-server-nodejs,4458.0,3808.0,1.1,0.0,0,0,0,260.0,0.0,0.0,0.0
XMV-Solutions/ImportTestcases2JiraZephyr,3499.0,3499.0,0.5,0.0,0,0,0,98.0,2.1666666666666665,0.0,0.0
XavierTalpe/codility,4229.0,3912.0,0.0,0.0,0,0,0,92.0,0.0,0.0,0.0
Xemiru/Undertailor,3633.0,3461.0,2.3333333333333335,0.0,0,0,0,428.0,0.0,0.0,0.0
Xephi/AuthMeBungee,3820.0,3612.0,0.3333333333333333,0.0,0,0,0,65.0,1.0454545454545454,0.0,0.0
XhinLiang/LunarCalendar,3599.0,3555.0,5.08,0.0,0,0,0,216.0,0.06481481481481481,0.0,0.0
XiaoMi/themis,4252.0,3763.0,3.7027027027027026,0.0,0,0,0,931.0,2.485576923076923,0.0,0.0
XioCo/Vanilla-Server,4109.0,4101.0,0.5,0.0,0,0,0,116.0,0.0,0.0,0.0
YAMJ/yamj-v2,3928.0,3468.0,3.8,0.0,0,0,0,1428.0,0.0,0.0,0.0
YR-ZR0/Geo,4533.0,4124.0,0.0,0.0,0,0,0,22.0,0.0,0.0,0.0
YSelfTool/MapRend,4077.0,3925.0,1.3333333333333333,0.0,0,0,0,162.0,0.0,0.0,0.0
YagneshShah/SeleniumLearnExploreContribute,4114.0,3645.0,0.0,0.0,0,0,0,546.0,0.0,0.0,0.0
YagoPeixoto/SistemaDeCaronas,3498.0,3497.0,0.2,0.0,0,0,0,60.0,0.0,0.0,0.0
Yelbosh/deep-in-algorithms,3468.0,3460.0,0.0,0.0,0,0,0,199.0,0.8055555555555556,0.0,0.0
YiyuJia/flywayFile,4501.0,4291.0,0.0,0.0,0,0,0,54.0,0.0,0.0,0.0
Yongyao/mudrod,3487.0,3468.0,0.25,0.0,0,0,0,296.0,1.0721649484536082,0.0,0.0
YsuSERESL/OnionUmlVisualization,4626.0,4386.0,0.5,0.0,0,0,0,566.0,0.0,0.0,0.0
Yubico/ykneo-openpgp,4745.0,3542.0,4.571428571428571,0.0,0,0,0,68.0,0.0,0.0,0.0
YukonAppleGeek/FestiveArrows,4548.0,4183.0,0.45454545454545453,0.0,0,0,0,52.0,1.0,0.0,0.0
YulinGUO/collectEvents,3976.0,3976.0,1.6,0.0,0,0,0,44.0,0.0,0.0,0.0
YuriMB/WinSCP-Password-Recovery,3882.0,3879.0,0.0,0.0,0,0,0,12.0,0.0,0.0,0.0
ZZerog/jSMS4Pi,3790.0,3537.0,0.0,0.0,0,0,0,485.0,1.1217948717948718,0.0,0.0
ZagasTales/HistoriasdeZagas,3512.0,3473.0,0.0,0.0,0,0,0,2090.0,0.0,0.0,0.0
Zahusek/-XclsX-TPAv3-XclsX-,3639.0,3577.0,0.5,0.0,0,0,0,62.0,0.0,0.0,0.0
ZakCreeper/CubesEdge,4152.0,3597.0,0.25,0.0,0,0,0,232.0,2.1052631578947367,0.0,0.0
Zandor300/PortalPlace,4095.0,3936.0,0.0,0.0,0,0,0,74.0,0.0,0.0,0.0
Zapotek/raw2vmdk,5517.0,4298.0,3.7142857142857144,0.0,0,0,0,54.0,0.5454545454545454,0.0,0.0
Zarkonnen/Ager,4979.0,4263.0,0.3333333333333333,0.0,0,0,0,104.0,0.0,0.0,0.0
Zbob750/ClientDeny,3890.0,3885.0,0.3333333333333333,0.0,0,0,0,28.0,0.0,0.0,0.0
Zeboul/fftdftvisualizer,4293.0,4252.0,0.0,0.0,0,0,0,40.0,0.0,0.0,0.0
Zenoton/Tunnel,3721.0,3721.0,0.0,0.0,0,0,0,150.0,0.0,0.0,0.0
Zergleb/spring-boot-starter-lightadmin,3939.0,3939.0,0.5,0.0,0,0,0,30.0,0.0,0.0,0.0
Zerokyuuni/Ex-Aliquo,4333.0,4225.0,0.7857142857142857,0.0,0,0,0,766.0,0.0,0.0,0.0
ZerothAngel/zPermissions,5214.0,3470.0,0.43902439024390244,0.0,0,0,0,284.0,0.0,0.0,0.0
Zerrens/InterstellarOres,4059.0,3624.0,0.6,0.0,0,0,0,686.0,0.0,0.0,0.0
ZhaoX/jdk-1.7-annotated,3848.0,3569.0,0.16666666666666666,0.0,0,0,0,3384.0,0.0,0.0,0.0
ZhaoYukai/SocketCommunication_Server,3939.0,3931.0,0.0,0.0,0,0,0,26.0,0.0,0.0,0.0
ZheyuJin/CS8674.FALL2015.NEUSeattle,3714.0,3629.0,0.5,0.0,0,0,0,370.0,0.0,0.0,0.0
Ziggeo/ZiggeoJavaSdk,4040.0,3626.0,0.0,0.0,0,0,0,48.0,0.9411764705882353,0.0,0.0
Zilacon/APOC-RPG,4109.0,3496.0,1.6666666666666667,0.0,0,0,0,140.0,0.0,0.0,0.0
Zoey76/FeedParser,4059.0,4059.0,0.5,0.0,0,0,0,42.0,0.0,0.0,0.0
Zombieranke/Schattenwanderer,4061.0,3982.0,0.0,0.0,0,0,0,2696.0,0.0,0.0,0.0
ZuInnoTe/hadoop-mapreduce-examples,4206.0,3664.0,0.5,0.0,0,0,0,59.0,1.2105263157894737,0.0,0.0
Zutubi/com.zutubi.diff,4817.0,3504.0,1.0,0.0,0,0,0,238.0,0.4742268041237113,0.0,0.0
a8h1nay/Calculator,4014.0,4010.0,0.3333333333333333,0.0,0,0,0,24.0,0.0,0.0,0.0
aNNiMON/Own-Programming-Language-Tutorial,3863.0,3461.0,3.6666666666666665,0.0,0,0,0,490.0,0.03305785123966942,0.0,0.0
aadityabagga/bugtrackingportal,4108.0,3906.0,0.0,0.0,0,0,0,284.0,0.0,0.0,0.0
aakash7864/Simple-Kafka,3874.0,3861.0,0.25,0.0,0,0,0,98.0,0.0,0.0,0.0
aakselrod/libtxchain-java,4519.0,4086.0,0.6923076923076923,0.0,0,0,0,46.0,0.0,0.0,0.0
aalmiray/Json-lib,5494.0,3500.0,0.9347826086956522,0.0,0,0,0,664.0,0.0,0.0,0.0
aaomidi/GUIShop,4338.0,4168.0,0.0,0.0,0,0,0,56.0,0.0,0.0,0.0
aaomidi/MCAuthenticator,3626.0,3624.0,5.5,0.0,0,0,0,70.0,0.0,0.0,0.0
aaomidi/UUID-API,4268.0,4261.0,0.0,0.0,0,0,0,38.0,0.0,0.0,0.0
aaronc/freactive.core,4042.0,3708.0,16.5,0.0,0,0,0,88.0,0.0,0.0,0.0
aaronelmore/manydbbench,4211.0,4115.0,0.0,0.0,0,0,0,105.0,1.1470588235294117,0.0,0.0
aarpon/obit_annotation_tool,4255.0,3471.0,0.0,0.0,0,0,0,800.0,0.0,0.0,0.0
aarya123/FlapJack,4476.0,4475.0,0.0,0.0,0,0,0,56.0,0.0,0.0,0.0
aaryn101/lol4j,4388.0,4017.0,1.4,0.0,0,0,0,413.0,0.9432624113475178,0.0,0.0
aatarasoff/spring-thrift-starter,3752.0,3463.0,1.25,0.0,0,0,0,388.0,1.3333333333333333,0.0,0.0
aatarasoff/thrift-api-gateway-core,3813.0,3615.0,0.3333333333333333,0.0,0,0,0,58.0,0.0,0.0,0.0
aatxe/Orpheus,4988.0,4812.0,2.0,0.0,0,0,0,36542.0,0.0,0.0,0.0
aatxe/pkgnx,4586.0,3885.0,1.3333333333333333,0.0,0,0,0,167.0,1.38,0.0,0.0
aawuley/alps-ec,3646.0,3515.0,0.5,0.0,0,0,0,238.0,0.0,0.0,0.0
ab-opensource/rtb-example,5030.0,5024.0,2.0,0.0,0,0,0,104.0,0.7894736842105263,0.0,0.0
abadelt/javaconfig-api,4419.0,4420.0,0.5,0.0,0,0,0,324.0,0.0,0.0,0.0
abahgat/suffixtree,5051.0,3834.0,1.4166666666666667,0.0,0,0,0,70.0,0.88,0.0,0.0
abashev/spring-workflow,5548.0,4993.0,2.3333333333333335,0.0,0,0,0,395.0,0.9407407407407408,0.0,0.0
abassouk/autodao,4281.0,4227.0,0.5,0.0,0,0,0,108.0,0.0,0.0,0.0
abcdabcd987/LLIRInterpreter,3523.0,3520.0,1.0,0.0,0,0,0,10.0,0.0,0.0,0.0
abdulmudabir/Gagawa,4232.0,4232.0,0.0,0.0,0,0,0,436.0,0.0,0.0,0.0
abeatte/Exercises,3876.0,3561.0,0.0,0.0,0,0,0,226.0,0.0,0.0,0.0
abh1nav/libstemmer,4393.0,3896.0,1.0,0.0,0,0,0,99.0,1.15625,0.0,0.0
abhaybharti/SeleniumTestFramework,4190.0,4132.0,0.25,0.0,0,0,0,96.0,0.0,0.0,0.0
abhijitsarkar/jax-ws,3954.0,3916.0,0.5,0.0,0,0,0,1100.0,0.0,0.0,0.0
abhinavmishra14/alfresco-amazon-s3-publishing-plugin,4120.0,3909.0,0.25,0.0,0,0,0,159.0,0.3333333333333333,0.0,0.0
abhirockzz/Java-EE-Asynchronous-Capabilities,4106.0,4106.0,0.0,0.0,0,0,0,82.0,0.0,0.0,0.0
abilng/Spell_Checker,4492.0,4244.0,0.0,0.0,0,0,0,78.0,0.0,0.0,0.0
abinitgui/abinitgui,4612.0,3883.0,0.4,0.0,0,0,0,1886.0,0.006376195536663124,0.0,0.0
abola/CrawlerPack,3665.0,3536.0,2.25,0.0,0,0,0,164.0,2.2564102564102564,0.0,0.0
aboutsip/pkts,4901.0,3490.0,2.0952380952380953,0.0,0,0,0,1971.0,3.0331632653061225,0.0,0.0
aboyle/F-seq,5299.0,3546.0,2.25,0.0,0,0,0,80.0,0.8275862068965517,0.0,0.0
abrandofbold/pugh-decide-engine,4489.0,4441.0,0.5,0.0,0,0,0,32.0,0.0,0.0,0.0
abstratt/eclipsegraphviz,4203.0,3553.0,1.5,0.0,0,0,0,426.0,1.2424242424242424,0.0,0.0
abused/EnergyPlus,3487.0,3470.0,0.0,0.0,0,0,0,330.0,0.5538461538461539,0.0,0.0
abwaters/bitstamp-api,4411.0,4374.0,0.5,0.0,0,0,0,30.0,0.0,0.0,0.0
abwaters/btce-api,4505.0,4359.0,0.5714285714285714,0.0,0,0,0,258.0,0.0,0.0,0.0
abwaters/cryptsy-api,4374.0,3880.0,1.4,0.0,0,0,0,270.0,0.0,0.0,0.0
acceptance-test/acceptance-test-selector-plugin,3911.0,3734.0,0.3333333333333333,0.0,0,0,0,94.0,2.0,0.0,0.0
acciente/oacc-core,4087.0,3490.0,2.8260869565217392,0.0,0,0,0,596.0,0.5887445887445888,0.0,0.0
acearth/courant,3851.0,3575.0,1.0,0.0,0,0,0,213.0,0.4157303370786517,0.0,0.0
acegi/xml-format-maven-plugin,5107.0,3461.0,0.8333333333333334,0.0,0,0,0,134.0,1.4,0.0,0.0
acesinc/json-data-generator,3884.0,3491.0,1.1176470588235294,0.0,0,0,0,421.0,2.8068181818181817,0.0,0.0
achaussende/tp-2D-cutting-stock-problem,3931.0,3872.0,1.0,0.0,0,0,0,182.0,0.0,0.0,0.0
achikin/testrail-jenkins-plugin,4158.0,3463.0,0.6086956521739131,0.0,0,0,0,286.0,4.4,0.0,0.0
achille-roussel/mpack-java,4024.0,3918.0,0.6666666666666666,0.0,0,0,0,12.0,0.0,0.0,0.0
acichon89/fantacalcio,3778.0,3462.0,0.0,0.0,0,0,0,675.0,0.6758893280632411,0.0,0.0
acidbluebriggs/ComparatorFactory,5334.0,5067.0,0.5,0.0,0,0,0,53.0,1.0555555555555556,0.0,0.0
acmeair/acmeair-driver,3780.0,3779.0,0.0,0.0,0,0,0,116.0,0.5652173913043478,0.0,0.0
acoburn/fcrepo-camel,4070.0,3468.0,0.14285714285714285,0.0,0,0,0,558.0,2.4444444444444446,0.0,0.0
acontes/scheduling,4891.0,4855.0,0.5,0.0,0,0,0,4406.0,0.0,0.0,0.0
acopom/split4blank,3827.0,3822.0,0.0,0.0,0,0,0,60.0,0.9523809523809523,0.0,0.0
acoreful/java-uitls,4072.0,4060.0,1.0,0.0,0,0,0,70.0,0.11764705882352941,0.0,0.0
acostry/sqldb-bluemix-app,4141.0,4141.0,0.5,0.0,0,0,0,42.0,0.0,0.0,0.0
acourreges/minicopier,4148.0,3668.0,1.0,0.0,0,0,0,211.0,1.2272727272727273,0.0,0.0
activatedgeek/DownloadPlus,4060.0,4032.0,1.0,0.0,0,0,0,34.0,0.0,0.0,0.0
activelylazy/coverage-example,5515.0,5514.0,0.8888888888888888,0.0,0,0,0,142.0,2.9655172413793105,0.0,0.0
activequant/gpglayer,4524.0,4489.0,0.3333333333333333,0.0,0,0,0,82.0,0.0,0.0,0.0
activityworkshop/GpsPrune,3957.0,3522.0,1.75,0.0,0,0,0,1034.0,0.0,0.0,0.0
actorapp/actor-api-java,4053.0,3973.0,0.75,0.0,0,0,0,1925.0,1.2116666666666667,0.0,0.0
aculmas/FallDown,4243.0,4194.0,0.0,0.0,0,0,0,38.0,0.0,0.0,0.0
acwatson/sonar-karma-test-report-plugin,3724.0,3577.0,0.5,0.0,0,0,0,173.0,2.4871794871794872,0.0,0.0
adafruit/Adafruit-Flow-Meter,4968.0,4968.0,1.6153846153846154,0.0,0,0,0,6.0,0.0,0.0,0.0
adakoda/android-screen-monitor,4388.0,3686.0,3.196969696969697,0.0,0,0,0,60.0,0.0,0.0,0.0
adamcin/httpsig-java,4393.0,4084.0,1.2,0.0,0,0,0,893.0,1.0756013745704467,0.0,0.0
adamfisk/littleshoot-util,5412.0,4454.0,0.5,0.0,0,0,0,487.0,1.2818791946308725,0.0,0.0
adamgrieger/ChangeLumberjack,3810.0,3798.0,0.5,0.0,0,0,0,28.0,0.0,0.0,0.0
adamldavis/hellojava8,4282.0,4009.0,1.3636363636363635,0.0,0,0,0,68.0,0.0,0.0,0.0
adaptto-conf/2014-sling-rookie-session,4127.0,3568.0,0.8,0.0,0,0,0,242.0,0.0,0.0,0.0
adatlabor/jdbc-demo,3557.0,3543.0,0.0,0.0,0,0,0,50.0,0.0,0.0,0.0
adbonnin/albedo,4116.0,3738.0,0.0,0.0,0,0,0,203.0,0.22826086956521738,0.0,0.0
addthis/MetricCatcher,5107.0,3499.0,4.3076923076923075,0.0,0,0,0,128.0,1.0232558139534884,0.0,0.0
addthis/aho-corasick,3653.0,3650.0,0.3333333333333333,0.0,0,0,0,105.0,1.4516129032258065,0.0,0.0
addthis/bundle,4380.0,3604.0,0.3333333333333333,0.0,0,0,0,268.0,0.0,0.0,0.0
addthis/hydra,4371.0,3461.0,5.2153846153846155,0.0,0,0,0,4991.0,1.178230426479949,0.0,0.0
adejanovski/cassandra-jdbc-wrapper,3660.0,3464.0,1.75,0.0,0,0,0,317.0,1.1274509803921569,0.0,0.0
adempiere/adempiere,3995.0,3463.0,0.4329896907216495,0.0,0,0,0,29640.0,0.0,0.0,0.0
adesor/chat-messenger,4432.0,4370.0,0.0,0.0,0,0,0,10.0,0.0,0.0,0.0
adi4test/WebAuto,4239.0,3540.0,0.25,0.0,0,0,0,323.0,0.6422764227642277,0.0,0.0
adinardi/csh-drink-tini,6086.0,6086.0,1.5,0.0,0,0,0,40.0,0.0,0.0,0.0
adinardi/google-closure-compiler,5318.0,4695.0,2.2857142857142856,0.0,0,0,0,5512.0,1.0230263157894737,0.0,0.0
adityayadav76/internet_of_things_simulator,3781.0,3779.0,2.0,0.0,0,0,0,3104.0,0.0,0.0,0.0
adiyoss/StructED,4046.0,3480.0,2.0,0.0,0,0,0,820.0,0.0,0.0,0.0
adlnet-archive/xapi_design_world_of_xapicraft,4514.0,4443.0,0.16666666666666666,0.0,0,0,0,62.0,0.0,0.0,0.0
adlogix/googleads-dfp-utils,4268.0,3842.0,0.3333333333333333,0.0,0,0,0,174.0,0.046511627906976744,0.0,0.0
adolphenom/MARS_Assembler,4024.0,3499.0,1.4,0.0,0,0,0,2732.0,0.0,0.0,0.0
adorsys/tan-server,3741.0,3521.0,0.0,0.0,0,0,0,274.0,2.246153846153846,0.0,0.0
adragomir/hbase-indexing-library,5647.0,5632.0,2.0,0.0,0,0,0,200.0,0.0,0.0,0.0
adriafp/seguim-server,3953.0,3575.0,1.0,0.0,0,0,0,240.0,1.457142857142857,0.0,0.0
adrianmoldovan/resource-scheduler,3868.0,3858.0,0.5,0.0,0,0,0,136.0,1.1363636363636365,0.0,0.0
adriannovegil/apache-spark-examples,4025.0,4024.0,0.5,0.0,0,0,0,416.0,1.2403100775193798,0.0,0.0
adridadou/cubefriendly-engine,3945.0,3494.0,1.5,0.0,0,0,0,92.0,1.2413793103448276,0.0,0.0
adridadou/eth-contract-api,3547.0,3487.0,0.5,0.0,0,0,0,189.0,1.293103448275862,0.0,0.0
aduprat/calculator-kata,3660.0,3659.0,0.0,0.0,0,0,0,41.0,0.5294117647058824,0.0,0.0
advantageous/qbit,4130.0,3462.0,4.774193548387097,0.0,0,0,0,3502.0,1.919463087248322,0.0,0.0
advantageous/reakt,3544.0,3468.0,8.0,0.0,0,0,0,300.0,1.8717948717948718,0.0,0.0
aedelmann/jiva,3762.0,3710.0,1.0,0.0,0,0,0,391.0,0.8071428571428572,0.0,0.0
ael-code/preston,4244.0,4242.0,0.5,0.0,0,0,0,558.0,0.0,0.0,0.0
aemreunal/PlainEnglishJavaDebugger,4425.0,4249.0,0.0,0.0,0,0,0,124.0,0.0,0.0,0.0
aemreunal/iBeaconServer,4168.0,3863.0,1.5,0.0,0,0,0,452.0,1.362962962962963,0.0,0.0
aeng/zanata-sync,3653.0,3562.0,0.0,0.0,0,0,0,636.0,0.0,0.0,0.0
aeremenok/swing-formbuilder,5255.0,4372.0,1.7142857142857142,0.0,0,0,0,330.0,0.0,0.0,0.0
aerobit/EnhancedBooks,4632.0,4605.0,1.0,0.0,0,0,0,114.0,0.0,0.0,0.0
aerogear/aerogear-security,5015.0,4283.0,0.25,0.0,0,0,0,319.0,2.791044776119403,0.0,0.0
aerogear/java-adm,3975.0,3682.0,1.5,0.0,0,0,0,128.0,2.642857142857143,0.0,0.0
aes421/ChatBox,3767.0,3766.0,0.0,0.0,0,0,0,30.0,0.0,0.0,0.0
aesteve/vertx-feeds,3883.0,3463.0,3.5625,0.0,0,0,0,126.0,0.0,0.0,0.0
afcastano/AutoValuePlugin,3666.0,3461.0,4.75,0.0,0,0,0,152.0,0.0,0.0,0.0
afigueroat/MoebiusExplorer,4163.0,4162.0,0.0,0.0,0,0,0,26.0,0.0,0.0,0.0
afrojer/gitiles,4441.0,4441.0,1.0,0.0,0,0,0,505.0,1.5957446808510638,0.0,0.0
afrous/Cynthia,4173.0,3602.0,2.414285714285714,0.0,0,0,0,6431.0,1.1611793611793613,0.0,0.0
afs/sparql-query-bm,4358.0,4358.0,0.5,0.0,0,0,0,138.0,0.0,0.0,0.0
aftertoday/springOrmHelper,4423.0,4423.0,0.0,0.0,0,0,0,100.0,0.0,0.0,0.0
agaricusb/OreDupeFix,4717.0,4575.0,1.75,0.0,0,0,0,28.0,0.0,0.0,0.0
agaricusb/SpecialSourceMP,4672.0,3991.0,2.0,0.0,0,0,0,49.0,1.6428571428571428,0.0,0.0
agazzarini/SolRDF,4033.0,3521.0,5.6923076923076925,0.0,0,0,0,1106.0,0.0,0.0,0.0
agebhar1/coding-dojo-blueprint,3785.0,3591.0,0.0,0.0,0,0,0,60.0,0.0,0.0,0.0
ageldama/hotwind-hello,4520.0,4491.0,0.0,0.0,0,0,0,124.0,0.0,0.0,0.0
agentgt/JavaAmazonProductAdvertisingClient,5163.0,4835.0,0.6666666666666666,0.0,0,0,0,274.0,14.235294117647058,0.0,0.0
agile-itsm/agile-itsm,4033.0,3886.0,0.75,0.0,0,0,0,21803.0,0.001009452142791594,0.0,0.0
agileapes/dragonfly,4495.0,3945.0,0.0,0.0,0,0,0,1386.0,0.0,0.0,0.0
agilecrm/java-api,4548.0,3556.0,0.2857142857142857,0.0,0,0,0,82.0,0.0,0.0,0.0
aginsun/The-Betweenlands-Reboot,4520.0,4496.0,0.6666666666666666,0.0,0,0,0,274.0,0.0,0.0,0.0
agladysh/js-lua,5627.0,4413.0,3.3333333333333335,0.0,0,0,0,238.0,0.6666666666666666,0.0,0.0
agmip/agmip-common-functions,4827.0,3699.0,0.0,0.0,0,0,0,220.0,2.723404255319149,0.0,0.0
agmip/dome,4791.0,3589.0,0.0,0.0,0,0,0,127.0,2.607142857142857,0.0,0.0
agmip/translator-agmip,4778.0,3870.0,0.0,0.0,0,0,0,108.0,2.230769230769231,0.0,0.0
agmip/translator-dssat,4923.0,3513.0,0.6,0.0,0,0,0,273.0,2.296875,0.0,0.0
agmip/translator-generic-csv,4865.0,3830.0,0.0,0.0,0,0,0,189.0,1.82,0.0,0.0
agmip/translator-sarrah,3722.0,3588.0,0.0,0.0,0,0,0,116.0,0.0,0.0,0.0
agolinko/pdfparse,4477.0,4235.0,2.0,0.0,0,0,0,262.0,1.3,0.0,0.0
agorava/agorava-facebook,4967.0,3629.0,0.7058823529411765,0.0,0,0,0,428.0,1.0714285714285714,0.0,0.0
agorava/agorava-twitter,4969.0,3629.0,1.1818181818181819,0.0,0,0,0,354.0,1.0689655172413792,0.0,0.0
agra-uni-bremen/lips,4613.0,3603.0,0.0,0.0,0,0,0,852.0,0.0,0.0,0.0
aguelle/MIDI-Automator,3953.0,3518.0,1.5,0.0,0,0,0,1298.0,0.0,0.0,0.0
agusevas/logan,4448.0,3759.0,2.25,0.0,0,0,0,390.0,0.0,0.0,0.0
agusmakmun/Greenfoot-Game-Shot-Meteor-v.3.0,3910.0,3844.0,0.3333333333333333,0.0,0,0,0,98.0,0.0,0.0,0.0
agxs/Geo-eFramework-Soils-Demonstrator,5254.0,5243.0,0.0,0.0,0,0,0,301.0,0.006622516556291391,0.0,0.0
agxs/Soil-Erosion-WPS-Plugin,5254.0,5244.0,0.25,0.0,0,0,0,96.0,0.0,0.0,0.0
ahabra/reverse-proxy,5391.0,5379.0,1.8,0.0,0,0,0,136.0,0.0,0.0,0.0
ahmedmoustafa/JAligner,4588.0,4129.0,0.0,0.0,0,0,0,335.0,0.005952380952380952,0.0,0.0
ahmetalpbalkan/turkish-deasciifier-java,4271.0,4266.0,2.5,0.0,0,0,0,26.0,0.0,0.0,0.0
ahn/cored,4856.0,4324.0,0.0,0.0,0,0,0,388.0,0.0,0.0,0.0
ahn/vaadin-oauthpopup,4411.0,3470.0,0.7,0.0,0,0,0,190.0,0.43037974683544306,0.0,0.0
ahome-it/ahome-core,4229.0,3541.0,0.2,0.0,0,0,0,148.0,0.0,0.0,0.0
ahome-it/ahome-touch,4211.0,3807.0,1.5,0.0,0,0,0,1148.0,0.0,0.0,0.0
ahome-it/lienzo-core,4166.0,3468.0,2.769230769230769,0.0,0,0,0,828.0,0.0,0.0,0.0
ahorn/hangman,5548.0,5523.0,0.6666666666666666,0.0,0,0,0,14.0,0.0,0.0,0.0
ahus1/keycloak-dropwizard-integration,3772.0,3502.0,1.0769230769230769,0.0,0,0,0,885.0,1.2730627306273063,0.0,0.0
aibg/ai-server-gconway,3629.0,3625.0,0.0,0.0,0,0,0,184.0,0.0,0.0,0.0
airbnb/aerosolve,3870.0,3462.0,8.489304812834225,0.0,0,0,0,718.0,0.0,0.0,0.0
airbnb/chancery,4617.0,4332.0,0.9,0.0,0,0,0,108.0,0.3404255319148936,0.0,0.0
airbnb/kafka-statsd-metrics2,4156.0,3505.0,3.8333333333333335,0.0,0,0,0,111.0,0.5681818181818182,0.0,0.0
airbrake/airbrake-java,4907.0,3489.0,1.0731707317073171,0.0,0,0,0,276.0,1.564102564102564,0.0,0.0
airlift/aircompressor,4892.0,3461.0,6.714285714285714,0.0,0,0,0,328.0,0.024539877300613498,0.0,0.0
airlift/airlift,4931.0,3460.0,1.986842105263158,0.0,0,0,0,1798.0,0.0,0.0,0.0
airlift/parameternames,3895.0,3883.0,0.0,0.0,0,0,0,38.0,0.0,0.0,0.0
airlift/slice,4641.0,3461.0,4.875,0.0,0,0,0,150.0,0.0,0.0,0.0
airlift/testing-postgresql-server,4113.0,4106.0,1.75,0.0,0,0,0,86.0,1.6666666666666667,0.0,0.0
aisha949/slideexamples,3522.0,3494.0,0.0,0.0,0,0,0,134.0,0.0,0.0,0.0
aisrael/jcombinatorics,5951.0,3637.0,1.5,0.0,0,0,0,229.0,1.5,0.0,0.0
aisrael/junit-rules,5953.0,5038.0,4.166666666666667,0.0,0,0,0,199.0,0.2840909090909091,0.0,0.0
aj-code/TimingIntrusionTool5000,4779.0,4583.0,6.0,0.0,0,0,0,64.0,0.0,0.0,0.0
ajdecon/imagej_morphology,5569.0,4785.0,2.5,0.0,0,0,0,40.0,0.0,0.0,0.0
ajermakovics/lambda2sql,4051.0,3945.0,12.0,0.0,0,0,0,45.0,0.9375,0.0,0.0
ajohnston9/ciscorouter,4179.0,4017.0,7.166666666666667,0.0,0,0,0,132.0,0.0,0.0,0.0
ajukraine/closure-compiler,4890.0,4890.0,0.0,0.0,0,0,0,5448.0,1.0210643015521064,0.0,0.0
akapribot/OWM-JAPIs,4512.0,3757.0,0.75,0.0,0,0,0,66.0,0.0,0.0,0.0
akari-h/nex,4269.0,4186.0,0.6666666666666666,0.0,0,0,0,146.0,0.5517241379310345,0.0,0.0
akarpe/lab-projects,3872.0,3579.0,0.0,0.0,0,0,0,334.0,0.0,0.0,0.0
akash240577/thymeleafexamples-petclinic-2.1-master,4308.0,4297.0,0.0,0.0,0,0,0,669.0,1.7486033519553073,0.0,0.0
akashprojects/retailx,4518.0,4517.0,0.5,0.0,0,0,0,88.0,0.0,0.0,0.0
akinaru/wlan-decoder-java,3878.0,3756.0,0.5,0.0,0,0,0,1829.0,0.001092896174863388,0.0,0.0
akiraabe/jBatchMarathon,3486.0,3479.0,0.0,0.0,0,0,0,171.0,1.6808510638297873,0.0,0.0
akjava/gwt-bvh,5113.0,3469.0,2.0,0.0,0,0,0,139.0,0.014285714285714285,0.0,0.0
akkumar/hbasene,5792.0,5695.0,2.933333333333333,0.0,0,0,0,120.0,0.0,0.0,0.0
akkumar/maven-hadoop,5800.0,4976.0,2.7777777777777777,0.0,0,0,0,56.0,1.0526315789473684,0.0,0.0
akmaier/CONRAD,3995.0,3477.0,0.0783132530120482,0.0,0,0,0,3376.0,0.0,0.0,0.0
akms17/datasift-java,5019.0,5025.0,0.043478260869565216,0.0,0,0,0,334.0,1.5,0.0,0.0
akohen/Merkurius-LD28,4385.0,4383.0,0.0,0.0,0,0,0,116.0,0.0,0.0,0.0
akraievoy/funstuff,4214.0,4028.0,0.0,0.0,0,0,0,264.0,0.0,0.0,0.0
akram/pesit-protocol,4430.0,4430.0,0.0,0.0,0,0,0,96.0,0.0,0.0,0.0
akranga/chucknorris,3729.0,3693.0,0.5,0.0,0,0,0,86.0,0.8387096774193549,0.0,0.0
akranga/kube-workshop,3721.0,3474.0,1.4444444444444444,0.0,0,0,0,164.0,0.0,0.0,0.0
akubach/phyloviewer,5660.0,5311.0,1.4,0.0,0,0,0,692.0,0.0,0.0,0.0
akullpp/SLDA,4285.0,4281.0,2.0,0.0,0,0,0,142.0,0.0,0.0,0.0
akvo/akvo-flow,5011.0,3463.0,1.8823529411764706,0.0,0,0,0,3554.0,0.0,0.0,0.0
alamar/microbe,3718.0,3578.0,0.0,0.0,0,0,0,364.0,0.19161676646706588,0.0,0.0
alb-i986/JAM,4748.0,4425.0,0.0,0.0,0,0,0,142.0,0.0,0.0,0.0
albertoruibal/carballo,4946.0,3468.0,1.5714285714285714,0.0,0,0,0,479.0,0.05555555555555555,0.0,0.0
alblue/swiftclipse,3843.0,3829.0,2.3333333333333335,0.0,0,0,0,120.0,0.975609756097561,0.0,0.0
alda2015/ecommerce_api,3661.0,3607.0,0.0,0.0,0,0,0,387.0,2.802469135802469,0.0,0.0
aldominium/compiler,4281.0,4243.0,0.0,0.0,0,0,0,78.0,0.0,0.0,0.0
alecharp/media-file-decompressor,4624.0,4572.0,0.0,0.0,0,0,0,416.0,1.1666666666666667,0.0,0.0
alechenninger/chronicler,3978.0,3676.0,0.0,0.0,0,0,0,210.0,1.2615384615384615,0.0,0.0
alediator/mapfish-print,5151.0,4766.0,0.75,0.0,0,0,0,509.0,0.00392156862745098,0.0,0.0
aleon-GmbH/aleoncean-openhab-binding,4018.0,3533.0,0.75,0.0,0,0,0,146.0,0.0,0.0,0.0
alesj/gae-123,4519.0,4024.0,0.0,0.0,0,0,0,67.0,1.8333333333333333,0.0,0.0
alessandroleite/formulaj,4505.0,3878.0,0.0,0.0,0,0,0,421.0,1.0875912408759123,0.0,0.0
alessandroleite/jdiffbot,4746.0,4297.0,1.0,0.0,0,0,0,113.0,0.875,0.0,0.0
alessandroleite/maven-jdev-plugin,4714.0,4714.0,0.0,0.0,0,0,0,1513.0,0.7495462794918331,0.0,0.0
alessiodimichelangeli/gsnplus,4134.0,4108.0,0.0,0.0,0,0,0,2402.0,0.00667779632721202,0.0,0.0
aletheia/jSkelExtractor,4691.0,4691.0,0.6666666666666666,0.0,0,0,0,186.0,0.0,0.0,0.0
alex-kr/cf-project,4114.0,4017.0,0.0,0.0,0,0,0,236.0,0.0,0.0,0.0
alexanderdean/Unified-Log-Processing,4243.0,3522.0,6.230769230769231,0.0,0,0,0,548.0,0.0,0.0,0.0
alexbennett/JustAFK,4654.0,3666.0,1.0,0.0,0,0,0,38.0,0.0,0.0,0.0
alexfu/SQLiteQueryBuilder,4007.0,3469.0,2.5625,0.0,0,0,0,199.0,0.7534246575342466,0.0,0.0
alexgamas/treinamento-spring-boot,3713.0,3562.0,1.5,0.0,0,0,0,604.0,0.0,0.0,0.0
alexholmes/avro-sorting,4585.0,4580.0,0.75,0.0,0,0,0,445.0,6.764705882352941,0.0,0.0
alexisfcote/TicTacTo,3519.0,3515.0,0.0,0.0,0,0,0,102.0,0.0,0.0,0.0
alexjj/encfsanywhere,4275.0,3935.0,0.5,0.0,0,0,0,180.0,0.0,0.0,0.0
alexmic/FAST-Java,5424.0,5424.0,1.4,0.0,0,0,0,18.0,0.0,0.0,0.0
alexnauda/jmsretry,5066.0,4672.0,1.0,0.0,0,0,0,43.0,1.4615384615384615,0.0,0.0
alexprut/design-patterns-java,3884.0,3808.0,1.0,0.0,0,0,0,330.0,0.0,0.0,0.0
alexruiz/fest-assert-2.x,5579.0,3786.0,5.544117647058823,0.0,0,0,0,2112.0,0.0,0.0,0.0
alexruiz/fest-test,5460.0,4600.0,0.6666666666666666,0.0,0,0,0,46.0,1.0,0.0,0.0
alexruiz/fest-util,5579.0,3660.0,0.9583333333333334,0.0,0,0,0,296.0,1.0721649484536082,0.0,0.0
alexsaveliev/srclib-basic,3686.0,3490.0,0.2,0.0,0,0,0,1512.0,4.361344537815126,0.0,0.0
alexthomazo/findgas-admin,3492.0,3485.0,0.0,0.0,0,0,0,165.0,1.2115384615384615,0.0,0.0
alextunyk/htmlcompressor-maven-plugin,5096.0,3820.0,2.4285714285714284,0.0,0,0,0,166.0,1.0545454545454545,0.0,0.0
alexvictoor/pitest-cucumber-plugin,4125.0,3837.0,1.5,0.0,0,0,0,152.0,1.2765957446808511,0.0,0.0
alexyz/elec,5272.0,4425.0,0.5,0.0,0,0,0,148.0,0.0,0.0,0.0
alexzhxin/HelloJSF,4081.0,3685.0,0.0,0.0,0,0,0,172.0,0.0,0.0,0.0
alexzuo/spring-social-qq,4845.0,4845.0,3.3333333333333335,0.0,0,0,0,101.0,0.6410256410256411,0.0,0.0
algolia/elasticsearch-cardinality-plugin,4314.0,4183.0,2.25,0.0,0,0,0,6.0,0.0,0.0,0.0
algolia/firebase-connector,4225.0,4225.0,2.5,0.0,0,0,0,62.0,1.2,0.0,0.0
algorhythms/LeetCode-Java,4073.0,3972.0,0.7777777777777778,0.0,0,0,0,378.0,0.0,0.0,0.0
algorithm-study-of-GN/problem-of-coding-interview,3474.0,3470.0,1.3333333333333333,0.0,0,0,0,76.0,0.0,0.0,0.0
aliakhtar/EzGss,3923.0,3921.0,1.5,0.0,0,0,0,150.0,1.1020408163265305,0.0,0.0
alibaba/TProfiler,4991.0,3807.0,1.6589861751152073,0.0,0,0,0,206.0,1.0144927536231885,0.0,0.0
alibaba/asyncload,5306.0,3559.0,1.3858267716535433,0.0,0,0,0,296.0,1.6790123456790123,0.0,0.0
alibaba/cobar,4352.0,3570.0,1.5992317541613317,0.0,0,0,0,2738.0,0.0,0.0,0.0
alibaba/cobarclient,4537.0,3759.0,1.1019736842105263,0.0,0,0,0,879.0,2.4494949494949494,0.0,0.0
alibaba/transmittable-thread-local,4447.0,3469.0,1.6339869281045751,0.0,0,0,0,267.0,1.127906976744186,0.0,0.0
alien4cloud/elasticsearch-mapping-parent,4703.0,3470.0,0.14285714285714285,0.0,0,0,0,220.0,0.03669724770642202,0.0,0.0
allbutone/javatalk,3989.0,3550.0,0.8888888888888888,0.0,0,0,0,42.0,0.0,0.0,0.0
allengeorge/libraft,4502.0,3675.0,3.357142857142857,0.0,0,0,0,822.0,0.9640287769784173,0.0,0.0
alleveenstra/Mujina,5012.0,4929.0,0.4166666666666667,0.0,0,0,0,679.0,1.081447963800905,0.0,0.0
allyhume/SBMLDataTools,3784.0,3517.0,0.0,0.0,0,0,0,64.0,0.0,0.0,0.0
alma2015al/alma2015al,3736.0,3657.0,0.0,0.0,0,0,0,166.0,0.0,0.0,0.0
almondtools/antlr4multichannel,3926.0,3912.0,0.0,0.0,0,0,0,90.0,1.8333333333333333,0.0,0.0
almondtools/picklock,4091.0,3525.0,0.5,0.0,0,0,0,390.0,2.6666666666666665,0.0,0.0
almyazin/selenium-junit-lr,3828.0,3807.0,0.0,0.0,0,0,0,94.0,0.0,0.0,0.0
alokdhamanaskar/OntologySimilarity,4937.0,4937.0,0.5,0.0,0,0,0,224.0,0.05454545454545454,0.0,0.0
alp82/idea-tabsession,4643.0,3898.0,2.0,0.0,0,0,0,70.0,0.0,0.0,0.0
alphagov/locate-api,4170.0,3955.0,2.0,0.0,0,0,0,295.0,0.7757009345794392,0.0,0.0
alphagov/notifications-java-client,3563.0,3511.0,0.0,0.0,0,0,0,248.0,0.8089887640449438,0.0,0.0
alphagov/pay-partner-integrations,3616.0,3499.0,0.0,0.0,0,0,0,144.0,0.0,0.0,0.0
alphagov/pp-db-collector-template,4309.0,4308.0,0.5,0.0,0,0,0,11673.0,119.61458333333333,0.0,0.0
alphatica/genotick,3723.0,3485.0,2.0,0.0,0,0,0,622.0,1.0588235294117647,0.0,0.0
alternativeTime/GlycanBuilderVaadin7Version,4457.0,3575.0,0.5,0.0,0,0,0,1856.0,0.0,0.0,0.0
altran/Valuereporter-Agent,4228.0,4063.0,0.0,0.0,0,0,0,123.0,1.2894736842105263,0.0,0.0
altsoft/PlatypusJS,4186.0,3466.0,1.0,0.0,0,0,0,8152.0,0.0,0.0,0.0
aluetjen/mongodb-document-upload,4602.0,4597.0,0.0,0.0,0,0,0,120.0,2.357142857142857,0.0,0.0
alump/BeforeUnload,4312.0,4151.0,0.5,0.0,0,0,0,210.0,3.3,0.0,0.0
alvarocrego/ausiasYieldJson,4385.0,4382.0,0.0,0.0,0,0,0,2025.0,1.7261029411764706,0.0,0.0
alxyang/library-java,4191.0,3645.0,1.0,0.0,0,0,0,862.0,0.0,0.0,0.0
alyahmed/spring-social-reddit,4088.0,4065.0,0.3333333333333333,0.0,0,0,0,78.0,0.0,0.0,0.0
am-gooru/nucleus,3690.0,3647.0,0.0,0.0,0,0,0,158.0,0.0,0.0,0.0
amadoru/starterkit-hibernate-springmvc-tiles,5035.0,5034.0,0.6666666666666666,0.0,0,0,0,264.0,2.2903225806451615,0.0,0.0
amaembo/huntbugs,3539.0,3461.0,5.666666666666667,0.0,0,0,0,666.0,0.0,0.0,0.0
amaembo/streamex,3902.0,3471.0,12.25,0.0,0,0,0,378.0,2.0,0.0,0.0
amage/amnesia,3692.0,3514.0,0.0,0.0,0,0,0,119.0,1.025,0.0,0.0
amake/SuperTMXMerge,4493.0,3470.0,4.0,0.0,0,0,0,443.0,1.3969465648854962,0.0,0.0
amanvishnani/8085,3598.0,3513.0,0.5,0.0,0,0,0,42.0,0.3157894736842105,0.0,0.0
amaranth/SimpleVanish,5058.0,5057.0,1.5,0.0,0,0,0,22.0,0.0,0.0,0.0
ambud/marauder,3852.0,3542.0,1.0,0.0,0,0,0,646.0,0.0,0.0,0.0
amedia/freemarker-java-8,3772.0,3525.0,1.0,0.0,0,0,0,96.0,0.0,0.0,0.0
amedw/CustomFlags,4515.0,4507.0,1.0,0.0,0,0,0,152.0,0.0,0.0,0.0
amidst/toolbox_old,3822.0,3543.0,1.2,0.0,0,0,0,3324.0,0.506405425772419,0.0,0.0
amient/hello-kafka-streams,3546.0,3480.0,2.3333333333333335,0.0,0,0,0,120.0,1.2972972972972974,0.0,0.0
amient/kafka-metrics,3682.0,3512.0,3.0,0.0,0,0,0,374.0,1.1864406779661016,0.0,0.0
amikey/filter-nutch-plugin,3775.0,3775.0,0.0,0.0,0,0,0,44.0,0.0,0.0,0.0
amilachamikara/OpenEnglishSinhalDictionary,3789.0,3788.0,0.0,0.0,0,0,0,73.0,1.2608695652173914,0.0,0.0
amitdev/PMD-Intellij,5121.0,3549.0,4.666666666666667,0.0,0,0,0,74.0,0.0,0.0,0.0
amitkshirsagar13/atg-BaseSite,3782.0,3627.0,0.0,0.0,0,0,0,1750.0,0.0,0.0,0.0
amnesty/civicrm-data-integration,4438.0,3681.0,1.3,0.0,0,0,0,124.0,0.0,0.0,0.0
amoAHCP/kube_vertx_demo,3546.0,3471.0,0.0,0.0,0,0,0,166.0,0.0,0.0,0.0
amoAHCP/vert.x-microservice,4053.0,3519.0,1.125,0.0,0,0,0,464.0,1.2587412587412588,0.0,0.0
ampayne2/Fallout,4343.0,3587.0,0.5,0.0,0,0,0,764.0,4.079365079365079,0.0,0.0
amsa-code/risky,4141.0,3462.0,0.6666666666666666,0.0,0,0,0,3491.0,2.8112947658402203,0.0,0.0
amuise/kappaeg,4100.0,3982.0,1.0,0.0,0,0,0,58.0,0.0,0.0,0.0
amushen/DBAdminTool,4102.0,4100.0,0.0,0.0,0,0,0,10.0,0.0,0.0,0.0
amzn/alexa-skills-kit-java,3811.0,3563.0,1.168421052631579,0.0,0,0,0,536.0,0.0,0.0,0.0
anadollu/iq4j-javacv,4501.0,4489.0,0.0,0.0,0,0,0,180.0,0.0,0.0,0.0
anadon/JLS,4338.0,3993.0,0.16666666666666666,0.0,0,0,0,1118.0,0.0,0.0,0.0
anagno/PathFinding,4095.0,3971.0,0.0,0.0,0,0,0,26.0,0.0,0.0,0.0
analogweb/core,5000.0,3524.0,0.0,0.0,0,0,0,1848.0,2.933333333333333,0.0,0.0
anandankm/connxon_pool,4782.0,4443.0,1.5,0.0,0,0,0,117.0,1.0512820512820513,0.0,0.0
anastasop/koskino,4534.0,4528.0,0.0,0.0,0,0,0,97.0,1.1935483870967742,0.0,0.0
anba/es6draft,4706.0,3513.0,6.857142857142857,0.0,0,0,0,7072.0,1.399327246516098,0.0,0.0
andehr/tag-classification-framework,4316.0,3477.0,0.0,0.0,0,0,0,402.0,0.0,0.0,0.0
andehr/tag-dependency-parser,4205.0,3724.0,0.0,0.0,0,0,0,128.0,0.0,0.0,0.0
andela-wakinsanmi/checkpointone,3648.0,3490.0,0.0,0.0,0,0,0,50.0,0.0,0.0,0.0
andfRa/Saga,5067.0,4521.0,0.5454545454545454,0.0,0,0,0,488.0,0.0,0.0,0.0
andi12/msbuild-maven-plugin,4487.0,4420.0,1.3333333333333333,0.0,0,0,0,1356.0,1.1004566210045663,0.0,0.0
andieguo/JavaIODemo,4072.0,4058.0,0.3333333333333333,0.0,0,0,0,58.0,0.0,0.0,0.0
andiwand/OpenDocument.java,4899.0,4335.0,1.25,0.0,0,0,0,374.0,0.07734806629834254,0.0,0.0
andiwand/svm,4503.0,4468.0,0.5,0.0,0,0,0,241.0,0.008264462809917356,0.0,0.0
andreaGomez/CodeBreaker,4440.0,4434.0,0.0,0.0,0,0,0,40.0,0.0,0.0,0.0
andrealcantara/TweetMe,4269.0,4262.0,0.0,0.0,0,0,0,452.0,0.0,0.0,0.0
andreasbehnke/javaan,4449.0,3736.0,0.0,0.0,0,0,0,298.0,0.0,0.0,0.0
andreaseger/gui,5374.0,5314.0,1.0,0.0,0,0,0,166.0,0.0,0.0,0.0
andreasschultes/satiptranslator,4014.0,3710.0,0.5,0.0,0,0,0,14.0,0.0,0.0,0.0
andrebires/lime-java,3989.0,3979.0,0.0,0.0,0,0,0,22.0,0.0,0.0,0.0
andreiciubotariu/steam_tradeutils,4324.0,4246.0,1.0,0.0,0,0,0,108.0,0.0,0.0,0.0
andreiolaru-ro/net.xqhs.Graphs,4382.0,3604.0,0.0,0.0,0,0,0,300.0,0.0,0.0,0.0
andremichelle/platforms,3857.0,3841.0,0.0,0.0,0,0,0,242.0,0.0,0.0,0.0
andrepl/MCAdminTools,4383.0,4230.0,0.0,0.0,0,0,0,102.0,0.0,0.0,0.0
andreptb/fitnesse-selenium-slim,3836.0,3472.0,4.0,0.0,0,0,0,386.0,0.0,0.0,0.0
andreptb/jenkins-gitlab-security-plugin,3879.0,3856.0,1.0,0.0,0,0,0,151.0,1.825,0.0,0.0
andresteingress/groovy-global-ast-example,4295.0,4295.0,0.5,0.0,0,0,0,60.0,0.9523809523809523,0.0,0.0
andrew2060/CommissionedHeroesSkills,4404.0,4386.0,0.3333333333333333,0.0,0,0,0,92.0,0.0,0.0,0.0
andrewgaul/modernizer-maven-plugin,4107.0,3656.0,7.625,0.0,0,0,0,154.0,3.3793103448275863,0.0,0.0
andrewmellinger/throwabletorchmod,3922.0,3467.0,0.3333333333333333,0.0,0,0,0,174.0,1.7446808510638299,0.0,0.0
andreybm/tango-project,3679.0,3652.0,0.0,0.0,0,0,0,1186.0,0.0,0.0,0.0
andreytim/jafar,4143.0,3882.0,0.0,0.0,0,0,0,622.0,0.0,0.0,0.0
andrezimmermann/bean-code-constructor,3799.0,3799.0,0.0,0.0,0,0,0,43.0,1.2142857142857142,0.0,0.0
andriusvelykis/pde-target-maven-plugin,4673.0,4668.0,2.6666666666666665,0.0,0,0,0,153.0,3.5357142857142856,0.0,0.0
andriusvelykis/proofprocess,4960.0,4135.0,1.5,0.0,0,0,0,1806.0,0.0,0.0,0.0
android10/DynamicProxy_Java_Sample,4163.0,4163.0,1.4545454545454546,0.0,0,0,0,26.0,0.0,0.0,0.0
andronix3/SwingHacks,3821.0,3489.0,0.5,0.0,0,0,0,152.0,0.0,0.0,0.0
andrus/link-rest-dropwizard,3709.0,3679.0,1.0,0.0,0,0,0,95.0,1.2333333333333334,0.0,0.0
andune/anduneCommonBukkitLib,4726.0,3572.0,0.0,0.0,0,0,0,124.0,0.0,0.0,0.0
andygibson/datafactory,5557.0,3479.0,1.8695652173913044,0.0,0,0,0,72.0,0.8461538461538461,0.0,0.0
andykravets/TeachingJavaMaterials,4017.0,3989.0,0.25,0.0,0,0,0,184.0,0.0,0.0,0.0
andypiper/spring-int-mqtt,4323.0,4247.0,9.0,0.0,0,0,0,54.0,0.9473684210526315,0.0,0.0
aneeshvartakavi/geneSynth,3892.0,3852.0,0.6666666666666666,0.0,0,0,0,32.0,0.0,0.0,0.0
angeliferreira/environment,3769.0,3565.0,1.0,0.0,0,0,0,195.0,1.0307692307692307,0.0,0.0
angelodel80/Cophi-Commons,4116.0,4116.0,0.0,0.0,0,0,0,90.0,0.13953488372093023,0.0,0.0
angelozerr/eclipse-wtp-webresources,4121.0,3483.0,1.25,0.0,0,0,0,530.0,1.0227272727272727,0.0,0.0
angelozerr/jsbuild-eclipse,3909.0,3560.0,5.5,0.0,0,0,0,1005.0,1.0795107033639144,0.0,0.0
angryelectron/libgphoto2-jna,4753.0,3965.0,0.5333333333333333,0.0,0,0,0,321.0,1.6704545454545454,0.0,0.0
anilkd/logback-snmp,3958.0,3958.0,0.5,0.0,0,0,0,79.0,1.24,0.0,0.0
anishathalye/gitlive,3814.0,3594.0,2.0,0.0,0,0,0,152.0,0.0,0.0,0.0
anjlab/eclipse-tapestry5-plugin,4491.0,3565.0,3.1666666666666665,0.0,0,0,0,418.0,0.0,0.0,0.0
ankitbaderiya/code-samples,4289.0,4114.0,0.0,0.0,0,0,0,22.0,0.0,0.0,0.0
annefried/syntSemFeatures,3721.0,3491.0,1.0,0.0,0,0,0,177.0,0.5540540540540541,0.0,0.0
anneomcl/DotAMapper,4081.0,4072.0,0.0,0.0,0,0,0,1416.0,0.0,0.0,0.0
ansell/restlet-utils,4722.0,4157.0,0.0,0.0,0,0,0,182.0,2.717948717948718,0.0,0.0
antag99/entreri,3785.0,3785.0,2.0,0.0,0,0,0,1143.0,0.5331858407079646,0.0,0.0
antag99/retinazer,3808.0,3641.0,2.3333333333333335,0.0,0,0,0,561.0,1.8299319727891157,0.0,0.0
anthemengineering/infer-maven-plugin,3837.0,3491.0,1.0,0.0,0,0,0,88.0,4.923076923076923,0.0,0.0
anthonydahanne/hello-eclipsecon,4289.0,4207.0,0.0,0.0,0,0,0,157.0,1.697674418604651,0.0,0.0
anthonyjchriste/ics211f13,4506.0,4389.0,0.14285714285714285,0.0,0,0,0,336.0,0.0,0.0,0.0
antidata/htm.java.experiments,3707.0,3696.0,0.5,0.0,0,0,0,568.0,0.0,0.0,0.0
antlr/symtab,3928.0,3567.0,2.2,0.0,0,0,0,199.0,3.289473684210526,0.0,0.0
antoineroux/l20n-java,4485.0,4484.0,0.5,0.0,0,0,0,143.0,0.7358490566037735,0.0,0.0
antonioalegria/esper-ext,5139.0,5135.0,3.0,0.0,0,0,0,41.0,0.6875,0.0,0.0
anu-doi/anudc,4828.0,3477.0,1.0,0.0,0,0,0,3939.0,0.035640495867768594,0.0,0.0
anubiann00b/P2P,4147.0,4133.0,2.5,0.0,0,0,0,50.0,0.0,0.0,0.0
anurag-saran/sla-mgmt-brms,3717.0,3667.0,0.5,0.0,0,0,0,598.0,0.0,0.0,0.0
aofeng/common4j,4280.0,3806.0,0.0,0.0,0,0,0,115.0,1.0789473684210527,0.0,0.0
aofeng/dssh4j,4019.0,4006.0,0.5,0.0,0,0,0,63.0,0.0967741935483871,0.0,0.0
apache/activemq-activeio,5944.0,4988.0,0.3333333333333333,0.0,0,0,0,417.0,1.1984732824427482,0.0,0.0
apache/activemq-protobuf,5944.0,5591.0,1.1111111111111112,0.0,0,0,0,264.0,1.1294117647058823,0.0,0.0
apache/airavata,4339.0,3461.0,0.7317073170731707,0.0,0,0,0,12696.0,1.7780422493305563,0.0,0.0
apache/ant-ivy,4220.0,3686.0,0.2,0.0,0,0,0,2672.0,0.004497751124437781,0.0,0.0
apache/ant-ivyde,4220.0,3865.0,0.5,0.0,0,0,0,2357.0,0.1903435468895079,0.0,0.0
apache/archiva,4268.0,3484.0,1.901639344262295,0.0,0,0,0,14629.0,1.286388140161725,0.0,0.0
apache/axis2-transports,5241.0,4696.0,0.14285714285714285,0.0,0,0,0,1068.0,0.0,0.0,0.0
apache/batik,6053.0,3506.0,1.0606060606060606,0.0,0,0,0,11874.0,0.864447660395562,0.0,0.0
apache/calcite,4192.0,3461.0,1.17,0.0,0,0,0,9491.0,2.022457627118644,0.0,0.0
apache/camel,6053.0,3462.0,0.6819277108433734,0.0,0,0,0,57984.0,0.0,0.0,0.0
apache/commons-attributes,4539.0,3872.0,0.8333333333333334,0.0,0,0,0,318.0,0.02531645569620253,0.0,0.0
apache/commons-bcel,4539.0,3461.0,1.0454545454545454,0.0,0,0,0,1781.0,0.9277504105090312,0.0,0.0
apache/commons-beanutils,4570.0,3479.0,0.8867924528301887,0.0,0,0,0,1043.0,1.3280254777070064,0.0,0.0
apache/commons-bsf,4540.0,3521.0,0.46153846153846156,0.0,0,0,0,560.0,0.6889952153110048,0.0,0.0
apache/commons-cli,6046.0,3464.0,1.170731707317073,0.0,0,0,0,314.0,0.8468468468468469,0.0,0.0
apache/commons-configuration,4676.0,3461.0,1.0625,0.0,0,0,0,2283.0,1.3115942028985508,0.0,0.0
apache/commons-dbcp,4542.0,3479.0,1.4166666666666667,0.0,0,0,0,559.0,0.9526315789473684,0.0,0.0
apache/commons-jci,4541.0,3619.0,0.7142857142857143,0.0,0,0,0,927.0,1.203448275862069,0.0,0.0
apache/commons-jxpath,4542.0,3479.0,0.3888888888888889,0.0,0,0,0,1043.0,1.0028735632183907,0.0,0.0
apache/commons-modeler,4542.0,3479.0,0.25,0.0,0,0,0,282.0,0.8979591836734694,0.0,0.0
apache/commons-ognl,4542.0,3479.0,0.7391304347826086,0.0,0,0,0,1119.0,1.0628415300546448,0.0,0.0
apache/commons-proxy,4542.0,3619.0,0.6666666666666666,0.0,0,0,0,570.0,0.0,0.0,0.0
apache/commons-transaction,5849.0,3872.0,0.9,0.0,0,0,0,403.0,0.773972602739726,0.0,0.0
apache/commons-validator,5560.0,3473.0,1.3235294117647058,0.0,0,0,0,748.0,0.9296875,0.0,0.0
apache/commons-vfs,4539.0,3464.0,0.5581395348837209,0.0,0,0,0,1941.0,1.0406885758998434,0.0,0.0
apache/directory-fortress-enmasse,3728.0,3506.0,0.3333333333333333,0.0,0,0,0,148.0,0.0,0.0,0.0
apache/falcon,4532.0,3461.0,0.625,0.0,0,0,0,22039.0,6.6537102473498235,0.0,0.0
apache/fop,6053.0,3491.0,1.393939393939394,0.0,0,0,0,13161.0,0.929016466399644,0.0,0.0
apache/forrest,5540.0,5540.0,0.3076923076923077,0.0,0,0,0,9996.0,0.0,0.0,0.0
apache/ftpserver,5353.0,3643.0,0.5789473684210527,0.0,0,0,0,1010.0,0.0,0.0,0.0
apache/geronimo-devtools,5436.0,3553.0,0.6666666666666666,0.0,0,0,0,1074.0,0.0,0.0,0.0
apache/geronimo-javamail,6012.0,3498.0,0.5555555555555556,0.0,0,0,0,180.0,0.0,0.0,0.0
apache/helix,4355.0,3469.0,1.2280701754385965,0.0,0,0,0,7388.0,2.339401056958309,0.0,0.0
apache/httpasyncclient,5176.0,3462.0,1.1142857142857143,0.0,0,0,0,292.0,0.0,0.0,0.0
apache/httpcore,6053.0,3462.0,1.1341463414634145,0.0,0,0,0,1819.0,1.1181506849315068,0.0,0.0
apache/incubator-beam,3605.0,3461.0,1.7037037037037037,0.0,0,0,0,8158.0,3.5172413793103448,0.0,0.0
apache/incubator-fluo-recipes,3756.0,3468.0,0.5,0.0,0,0,0,388.0,0.010309278350515464,0.0,0.0
apache/incubator-gossip,3489.0,3463.0,0.3333333333333333,0.0,0,0,0,180.0,1.4339622641509433,0.0,0.0
apache/incubator-htrace,3891.0,3468.0,1.09375,0.0,0,0,0,1467.0,1.416279069767442,0.0,0.0
apache/incubator-myriad,3909.0,3463.0,1.4,0.0,0,0,0,843.0,0.06601466992665037,0.0,0.0
apache/incubator-omid,3533.0,3465.0,0.5,0.0,0,0,0,1082.0,0.0,0.0,0.0
apache/incubator-optiq-csv,4192.0,4184.0,0.14285714285714285,0.0,0,0,0,172.0,1.0,0.0,0.0
apache/incubator-s4,5086.0,4277.0,1.6842105263157894,0.0,0,0,0,1182.0,0.0,0.0,0.0
apache/incubator-tajo,4288.0,4288.0,1.0625,0.0,0,0,0,3730.0,0.00322061191626409,0.0,0.0
apache/incubator-taverna-engine,3954.0,3465.0,0.3333333333333333,0.0,0,0,0,6873.0,2.824561403508772,0.0,0.0
apache/incubator-twill,4342.0,3464.0,0.9777777777777777,0.0,0,0,0,2716.0,3.4909090909090907,0.0,0.0
apache/incubator-unomi,3675.0,3479.0,0.2222222222222222,0.0,0,0,0,4082.0,2.787807737397421,0.0,0.0
apache/jackrabbit-oak,5031.0,3461.0,0.8314606741573034,0.0,0,0,0,11907.0,0.827397910731244,0.0,0.0
apache/james-mailbox,5229.0,3732.0,0.5172413793103449,0.0,0,0,0,3395.0,1.6331550802139037,0.0,0.0
apache/james-postage,4902.0,3608.0,0.125,0.0,0,0,0,160.0,0.0,0.0,0.0
apache/karaf-cellar,5322.0,3461.0,0.6060606060606061,0.0,0,0,0,5044.0,4.988919667590028,0.0,0.0
apache/karaf-eik,4361.0,3569.0,0.18181818181818182,0.0,0,0,0,1637.0,0.564945226917058,0.0,0.0
apache/lenya,5104.0,3912.0,1.3,0.0,0,0,0,4590.0,1.0032701111837803,0.0,0.0
apache/log4j-component,5682.0,4951.0,0.5714285714285714,0.0,0,0,0,60.0,0.0,0.0,0.0
apache/log4j-extras,5682.0,4282.0,1.2857142857142858,0.0,0,0,0,1219.0,1.0222772277227723,0.0,0.0
apache/mina,6053.0,3498.0,1.3776824034334765,0.0,0,0,0,2429.0,1.864864864864865,0.0,0.0
apache/mina-sshd,5682.0,3462.0,0.8181818181818182,0.0,0,0,0,4196.0,1.6440972222222223,0.0,0.0
apache/mrunit,5379.0,3504.0,1.2,0.0,0,0,0,261.0,1.5066666666666666,0.0,0.0
apache/oodt,4712.0,3465.0,0.5116279069767442,0.0,0,0,0,8846.0,0.12845802261246092,0.0,0.0
apache/opennlp,5151.0,3492.0,2.234567901234568,0.0,0,0,0,4376.0,1.9229390681003584,0.0,0.0
apache/parquet-format,4207.0,3506.0,1.9375,0.0,0,0,0,103.0,0.058823529411764705,0.0,0.0
apache/phoenix,4213.0,3460.0,0.7244897959183674,0.0,0,0,0,7511.0,1.6702491450903763,0.0,0.0
apache/pig,6053.0,3462.0,1.1801075268817205,0.0,0,0,0,5468.0,0.06961785849413545,0.0,0.0
apache/portals-pluto,4225.0,3461.0,0.08333333333333333,0.0,0,0,0,7706.0,0.7362442314518992,0.0,0.0
apache/qpid-java,3897.0,3461.0,0.5,0.0,0,0,0,16826.0,1.717252043295781,0.0,0.0
apache/qpid-proton,4057.0,3462.0,0.625,0.0,0,0,0,3997.0,0.5783365570599613,0.0,0.0
apache/rampart,5238.0,3509.0,0.125,0.0,0,0,0,2351.0,1.0400516795865633,0.0,0.0
apache/sanselan,6053.0,4991.0,2.1538461538461537,0.0,0,0,0,1886.0,1.0015898251192368,0.0,0.0
apache/santuario-java,5260.0,3472.0,0.3157894736842105,0.0,0,0,0,8018.0,1.6772122879413114,0.0,0.0
apache/servicemix-specs,3933.0,3524.0,0.0,0.0,0,0,0,1824.0,1.181184668989547,0.0,0.0
apache/servicemix-utils,6031.0,4717.0,0.6,0.0,0,0,0,879.0,1.1130742049469964,0.0,0.0
apache/shiro,5953.0,3461.0,1.3224637681159421,0.0,0,0,0,4979.0,1.555317630264097,0.0,0.0
apache/sis,4571.0,3461.0,0.9523809523809523,0.0,0,0,0,8014.0,1.1784298176050754,0.0,0.0
apache/sling,6107.0,3460.0,0.7525773195876289,0.0,0,0,0,24778.0,0.0,0.0,0.0
apache/tapestry-5,4955.0,3462.0,1.6875,0.0,0,0,0,15112.0,0.6599788806758183,0.0,0.0
apache/tez,4635.0,3463.0,0.963963963963964,0.0,0,0,0,4862.0,0.018257261410788383,0.0,0.0
apache/tiles,5166.0,3468.0,1.45,0.0,0,0,0,2666.0,0.0,0.0,0.0
apache/tuscany-sdo,5860.0,5556.0,0.2857142857142857,0.0,0,0,0,1470.0,0.22356495468277945,0.0,0.0
apache/velocity-tools,4407.0,3463.0,0.8333333333333334,0.0,0,0,0,1082.0,0.0,0.0,0.0
apache/whirr,5605.0,3889.0,1.507936507936508,0.0,0,0,0,535.0,0.1141732283464567,0.0,0.0
apache/wicket,6053.0,3462.0,1.4361233480176212,0.0,0,0,0,32097.0,2.6332274826789837,0.0,0.0
apache/wss4j,6025.0,3462.0,0.631578947368421,0.0,0,0,0,4124.0,1.3463098134630982,0.0,0.0
apache/xml-graphics-commons,6053.0,3532.0,0.6363636363636364,0.0,0,0,0,2000.0,0.8764367816091954,0.0,0.0
apache/xmlbeans,5976.0,3744.0,0.6666666666666666,0.0,0,0,0,1577.0,0.011464968152866241,0.0,0.0
apache/zookeeper,6107.0,3462.0,1.340014847809948,0.0,0,0,0,3481.0,0.4896354538956397,0.0,0.0
apack1001/Android-Monkey-Adapter,3984.0,3984.0,1.1428571428571428,0.0,0,0,0,224.0,0.0,0.0,0.0
apangin/helfy,3848.0,3496.0,2.3333333333333335,0.0,0,0,0,53.0,0.75,0.0,0.0
apcera/service-gateways,3694.0,3692.0,1.5,0.0,0,0,0,76.0,0.0,0.0,0.0
apeltzer/EAGER-CLI,3574.0,3465.0,0.0,0.0,0,0,0,194.0,0.0,0.0,0.0
aperiodic/bifocals,4991.0,4943.0,5.75,0.0,0,0,0,32.0,0.0,0.0,0.0
apetrelli/scafa,3839.0,3594.0,1.5,0.0,0,0,0,550.0,1.3253012048192772,0.0,0.0
apetresc/Kindle-Widget-Toolkit,5610.0,5591.0,3.8,0.0,0,0,0,106.0,0.0,0.0,0.0
aphex-/Opus-Prototype,3655.0,3484.0,2.0,0.0,0,0,0,752.0,0.0,0.0,0.0
apigee/apigee-deploy-maven-plugin,4233.0,3468.0,0.2702702702702703,0.0,0,0,0,219.0,0.7625,0.0,0.0
apigee/java-openws,4151.0,4092.0,0.0,0.0,0,0,0,371.0,0.06077348066298342,0.0,0.0
apigee/usergrid-benchmark,4766.0,4430.0,0.5,0.0,0,0,0,88.0,0.0,0.0,0.0
apigee/usergrid-java-sdk,4998.0,4430.0,0.3333333333333333,0.0,0,0,0,370.0,0.2682926829268293,0.0,0.0
apiman/apiman-quickstarts,4048.0,3463.0,0.125,0.0,0,0,0,118.0,2.6153846153846154,0.0,0.0
aplowe/jclouds-bean-cleaner,5005.0,4728.0,0.6666666666666666,0.0,0,0,0,128.0,0.0,0.0,0.0
apm78/timerextension,3517.0,3515.0,0.0,0.0,0,0,0,212.0,2.36734693877551,0.0,0.0
apocist/MALSignatureDesigner,4265.0,4075.0,0.0,0.0,0,0,0,196.0,0.15217391304347827,0.0,0.0
appcelerator-archive/ti.certificatestore,4774.0,3539.0,0.6153846153846154,0.0,0,0,0,90.0,0.0,0.0,0.0
appmart-japan/MultipleMarkets,4404.0,3869.0,0.0,0.0,0,0,0,6.0,0.0,0.0,0.0
appoxy/simplejpa,5346.0,3521.0,1.394736842105263,0.0,0,0,0,302.0,0.0,0.0,0.0
aquent/dotcms.plugins.geolocation,4638.0,3652.0,0.5,0.0,0,0,0,53.0,0.75,0.0,0.0
aracrown/ara-blog-examples,3887.0,3667.0,1.0,0.0,0,0,0,438.0,0.0,0.0,0.0
aradzie/javaccng,5912.0,4926.0,1.4,0.0,0,0,0,1280.0,0.0,0.0,0.0
arafalov/git-to-solr,4188.0,3775.0,12.0,0.0,0,0,0,66.0,0.6153846153846154,0.0,0.0
araqne/bloomfilter,4645.0,3557.0,0.5,0.0,0,0,0,91.0,1.5769230769230769,0.0,0.0
araqne/core,4695.0,3561.0,0.6,0.0,0,0,0,1132.0,0.014209591474245116,0.0,0.0
arcusys/Valamis,5303.0,3603.0,0.9166666666666666,0.0,0,0,0,12030.0,0.0,0.0,0.0
ardoq/ardoq-excel-import,4184.0,3542.0,0.0,0.0,0,0,0,60.0,0.9523809523809523,0.0,0.0
areskts/xdeveloper,4058.0,4058.0,0.0,0.0,0,0,0,568.0,0.06521739130434782,0.0,0.0
arey/hibernate-hydrate,5038.0,3465.0,0.4,0.0,0,0,0,197.0,1.0615384615384615,0.0,0.0
arey/initiation-spark-java,3899.0,3655.0,0.25,0.0,0,0,0,68.0,1.1818181818181819,0.0,0.0
arey/spring-batch-toolkit,4921.0,3761.0,1.1764705882352942,0.0,0,0,0,219.0,0.9078947368421053,0.0,0.0
ariadne-eu/ariadne-harvester,4757.0,4757.0,0.3333333333333333,0.0,0,0,0,764.0,0.9348659003831418,0.0,0.0
arianne/stendhal,3788.0,3499.0,0.6875,0.0,0,0,0,26484.0,0.9732824427480916,0.0,0.0
arifogel/batfish,4030.0,3462.0,1.0909090909090908,0.0,0,0,0,3620.0,0.0,0.0,0.0
arihantsethia/Sp.RDBMS,4278.0,4251.0,0.3333333333333333,0.0,0,0,0,74.0,0.0,0.0,0.0
arildbjerkenes/jotify,5206.0,5234.0,1.75,0.0,0,0,0,478.0,0.0,0.0,0.0
arjuna-technologies/TestSupport_DataBroker_Utilities,4130.0,3716.0,0.5,0.0,0,0,0,76.0,0.0,0.0,0.0
arjunswaj/org.iiitb.mt2013.os,4478.0,4359.0,0.0,0.0,0,0,0,256.0,0.0,0.0,0.0
armando-couto/tecnicas_banco_de_dados-arvore-BMais-2014,4471.0,4470.0,0.0,0.0,0,0,0,108.0,0.0,0.0,0.0
armenak/DataDefender,4236.0,3467.0,2.0,0.0,0,0,0,468.0,0.8834355828220859,0.0,0.0
armeniopinto/eureka-zuul-tryout,3561.0,3527.0,0.0,0.0,0,0,0,138.0,0.0,0.0,0.0
arnabdotorg/cubist,4889.0,4889.0,1.2,0.0,0,0,0,20.0,0.0,0.0,0.0
arnaudsj/carrot2,5712.0,5388.0,0.6666666666666666,0.0,0,0,0,6219.0,0.3936129280492497,0.0,0.0
arnobroekhof/hadoop-metrics-influxdb,3699.0,3667.0,0.0,0.0,0,0,0,62.0,1.0476190476190477,0.0,0.0
aronthor/MineTech,4626.0,4593.0,1.25,0.0,0,0,0,304.0,0.0,0.0,0.0
arp7/HdfsPerfTest,4196.0,3546.0,0.5,0.0,0,0,0,52.0,1.375,0.0,0.0
arpinum-oss/cocoritest,4661.0,3705.0,2.5,0.0,0,0,0,325.0,1.2058823529411764,0.0,0.0
arquillian/arquillian-container-jruby,3944.0,3794.0,0.0,0.0,0,0,0,178.0,0.7272727272727273,0.0,0.0
arquillian/arquillian-script,4205.0,4094.0,1.0,0.0,0,0,0,146.0,1.6097560975609757,0.0,0.0
arquivo/functional-tests,3493.0,3470.0,0.0,0.0,0,0,0,696.0,0.0,0.0,0.0
arrac/eluka,5480.0,5450.0,9.5,0.0,0,0,0,176.0,0.0,0.0,0.0
arrahtec/profiler,3945.0,3463.0,0.75,0.0,0,0,0,1448.0,1.6802030456852792,0.0,0.0
arsadeghi/ACME-Generator,3896.0,3895.0,0.0,0.0,0,0,0,60.0,0.0,0.0,0.0
artclarke/xuggle-utils,5399.0,5002.0,0.25,0.0,0,0,0,397.0,1.99,0.0,0.0
artefactop/lighter,4963.0,4234.0,0.5,0.0,0,0,0,285.0,1.5875,0.0,0.0
artem-zinnatullin/AutoJackson,3771.0,3771.0,22.5,0.0,0,0,0,79.0,0.7,0.0,0.0
arthaud/egg,4279.0,4256.0,0.3333333333333333,0.0,0,0,0,358.0,0.0,0.0,0.0
arthurcarroll/Evolutionary_Robotic_Arm_Path_Planner,4500.0,4500.0,0.0,0.0,0,0,0,162.0,0.0,0.0,0.0
artivisi/biller-simulator,5244.0,3568.0,0.5384615384615384,0.0,0,0,0,465.0,0.2780487804878049,0.0,0.0
artivisi/iso8583-processor,4740.0,3520.0,0.125,0.0,0,0,0,156.0,0.5079365079365079,0.0,0.0
arturmkrtchyan/iban4j,4486.0,3500.0,3.3,0.0,0,0,0,208.0,3.25,0.0,0.0
arturmkrtchyan/sizeof4j,4079.0,3885.0,1.0,0.0,0,0,0,173.0,2.6052631578947367,0.0,0.0
aruld/java-oneliners,4781.0,4288.0,4.714285714285714,0.0,0,0,0,171.0,1.0350877192982457,0.0,0.0
arunma/Query2CSVCamel,3966.0,3966.0,0.0,0.0,0,0,0,66.0,0.6153846153846154,0.0,0.0
arunma/osgicxfcamelmultiparams,4427.0,4414.0,0.0,0.0,0,0,0,270.0,0.32231404958677684,0.0,0.0
arx-deidentifier/anonbench,4350.0,4022.0,1.4,0.0,0,0,0,266.0,2.442622950819672,0.0,0.0
arx-deidentifier/risk-benchmark,3896.0,3462.0,1.0,0.0,0,0,0,166.0,0.04878048780487805,0.0,0.0
arzhed/AI-schedule,4430.0,4390.0,0.0,0.0,0,0,0,184.0,0.0,0.0,0.0
as-ideas/crowdsource,3875.0,3513.0,1.25,0.0,0,0,0,29069.0,30.08719646799117,0.0,0.0
asaini/VerbosityCalculator,3929.0,3929.0,0.0,0.0,0,0,0,16.0,0.0,0.0,0.0
asaini/homeworks,3922.0,3922.0,0.0,0.0,0,0,0,18.0,0.0,0.0,0.0
asakusafw/asakusafw-dag,3553.0,3462.0,0.0,0.0,0,0,0,1616.0,0.341534008683068,0.0,0.0
asamm/locus-api,3509.0,3483.0,0.0,0.0,0,0,0,72.0,0.0,0.0,0.0
asarnow/mdscale,4227.0,4227.0,0.5,0.0,0,0,0,44.0,1.0666666666666667,0.0,0.0
asarraf/Algorithm-Implementation-Using-Map-Reduce,4160.0,3933.0,0.3333333333333333,0.0,0,0,0,212.0,0.0,0.0,0.0
asascience-open/ncSOS,5312.0,3469.0,0.6666666666666666,0.0,0,0,0,282.0,0.0,0.0,0.0
asciidoc/asciidoc-maven-plugin,4942.0,4938.0,1.0,0.0,0,0,0,109.0,2.625,0.0,0.0
asciidoctor/asciidoctor-intellij-plugin,4527.0,3478.0,2.96,0.0,0,0,0,208.0,0.0,0.0,0.0
asciidoctor/docker-asciidoctorj,3988.0,3940.0,2.5,0.0,0,0,0,116.0,1.2777777777777777,0.0,0.0
ase34/flyingblocksapi,4303.0,4090.0,1.2857142857142858,0.0,0,0,0,284.0,0.11851851851851852,0.0,0.0
asegner/skinnywar-maven-plugin,3773.0,3609.0,0.0,0.0,0,0,0,172.0,1.5510204081632653,0.0,0.0
aserg-ufmg/Truck-Factor,3810.0,3512.0,10.5,0.0,0,0,0,188.0,0.0,0.0,0.0
ashri/java-wordpress-api,4726.0,4399.0,2.0,0.0,0,0,0,259.0,2.5789473684210527,0.0,0.0
ashri/opml-core,4605.0,4605.0,0.0,0.0,0,0,0,102.0,0.0,0.0,0.0
asiainfo-linq/MyWork,3814.0,3814.0,0.0,0.0,0,0,0,8.0,0.0,0.0,0.0
aslettemark/ESABot,4269.0,3897.0,0.0,0.0,0,0,0,315.0,1.107843137254902,0.0,0.0
aslom/cognitive-showcase,3872.0,3860.0,0.0,0.0,0,0,0,433.0,1.1521739130434783,0.0,0.0
asm-products/simpletodo,3954.0,3933.0,0.0,0.0,0,0,0,50.0,0.0,0.0,0.0
aspose-barcode/Aspose.BarCode-for-Java,5134.0,3518.0,0.6363636363636364,0.0,0,0,0,1458.0,0.0,0.0,0.0
aspose-diagram/Aspose.Diagram-for-Java,4218.0,3470.0,0.0,0.0,0,0,0,1680.0,0.0,0.0,0.0
aspose-email/Aspose.Email-for-Java,5134.0,3498.0,0.5714285714285714,0.0,0,0,0,1354.0,0.0,0.0,0.0
aspose-slides/Aspose.Slides-for-Java,5134.0,3466.0,0.38461538461538464,0.0,0,0,0,4214.0,0.0,0.0,0.0
aspose-tasks/Aspose.Tasks-for-Java,4381.0,3528.0,0.1111111111111111,0.0,0,0,0,1710.0,0.0,0.0,0.0
assisstion/RobotSimulator,4068.0,4014.0,0.0,0.0,0,0,0,62.0,0.0,0.0,0.0
astefanutti/metrics-aspectj,4474.0,3596.0,1.4,0.0,0,0,0,426.0,1.3968253968253967,0.0,0.0
astitcher/qpid-proton-old,4854.0,4046.0,0.03571428571428571,0.0,0,0,0,2871.0,0.8417408506429278,0.0,0.0
astrid/GenoViewer,5235.0,5233.0,1.3333333333333333,0.0,0,0,0,894.0,0.0,0.0,0.0
astroilov/google-git-notes-plugin,3766.0,3765.0,0.0,0.0,0,0,0,52.0,0.0,0.0,0.0
astroilov/google-usage-report-plugin,3766.0,3765.0,0.0,0.0,0,0,0,34.0,0.0,0.0,0.0
astubbs/buildnumber-maven-plugin,5726.0,5606.0,2.272727272727273,0.0,0,0,0,278.0,0.41379310344827586,0.0,0.0
asusoda/Corundum,4114.0,3766.0,3.5,0.0,0,0,0,764.0,0.0,0.0,0.0
ata4/bspsrc,5143.0,3808.0,5.714285714285714,0.0,0,0,0,739.0,1.100418410041841,0.0,0.0
ata4/dragon-mounts,4142.0,3476.0,1.3181818181818181,0.0,0,0,0,725.0,1.635,0.0,0.0
ata4/minema,4121.0,3467.0,1.8333333333333333,0.0,0,0,0,294.0,1.9466666666666668,0.0,0.0
atas76/openfootie,4297.0,4014.0,0.0,0.0,0,0,0,149.0,0.603448275862069,0.0,0.0
atdl4j/atdl4j,4691.0,3972.0,1.6666666666666667,0.0,0,0,0,929.0,1.210344827586207,0.0,0.0
atejeda/almasw-modbuilder-plugin,3927.0,3914.0,0.0,0.0,0,0,0,283.0,1.6075949367088607,0.0,0.0
atguiguafu/testgit2,3500.0,3499.0,0.5,0.0,0,0,0,6.0,0.0,0.0,0.0
athanasiosem/Hibernate-Generic-Dao-Java,4219.0,4217.0,0.6666666666666666,0.0,0,0,0,56.0,0.0,0.0,0.0
atlasapi/atlas-deer,4424.0,3461.0,0.8,0.0,0,0,0,3836.0,0.4922077922077922,0.0,0.0
atolcd/alfresco-zip-and-download,4675.0,4344.0,0.2727272727272727,0.0,0,0,0,117.0,0.05172413793103448,0.0,0.0
atomicint/aj8,4318.0,3946.0,0.75,0.0,0,0,0,2134.0,0.0,0.0,0.0
atomicleopard/WebElemental,5088.0,5086.0,0.5,0.0,0,0,0,135.0,1.425,0.0,0.0
atominvention/AndroidDevToolbox,4363.0,3561.0,1.5,0.0,0,0,0,102.0,0.0,0.0,0.0
atomix/copycat,3744.0,3462.0,4.25,0.0,0,0,0,1523.0,2.394812680115274,0.0,0.0
atomixnmc/jME3-ImagePainter,3738.0,3738.0,0.0,0.0,0,0,0,84.0,0.0,0.0,0.0
atomus/TomcatAzureSessionManager,5248.0,5193.0,2.0,0.0,0,0,0,225.0,1.4029850746268657,0.0,0.0
atoum/phpstorm-plugin,3621.0,3499.0,4.333333333333333,0.0,0,0,0,116.0,0.0,0.0,0.0
atricore/josso1,4354.0,3471.0,0.06896551724137931,0.0,0,0,0,8614.0,0.3464052287581699,0.0,0.0
att/yang-design-studio,3701.0,3695.0,0.2,0.0,0,0,0,1748.0,0.0,0.0,0.0
attdevsupport/codekit-java,4365.0,3476.0,0.25,0.0,0,0,0,312.0,0.0,0.0,0.0
atteo/xml-combiner,4044.0,3613.0,4.0,0.0,0,0,0,85.0,1.48,0.0,0.0
attester/attester-maven-plugin,4864.0,3485.0,0.5,0.0,0,0,0,82.0,0.0,0.0,0.0
attester/robot-server,3815.0,3703.0,0.0,0.0,0,0,0,87.0,1.2962962962962963,0.0,0.0
attm2x/m2x-java,4401.0,3504.0,1.0,0.0,0,0,0,134.0,2.25,0.0,0.0
atware/solr-leaning2rank,4491.0,4241.0,0.6666666666666666,0.0,0,0,0,96.0,0.0851063829787234,0.0,0.0
audit4j/audit4j-cdi,3945.0,3572.0,0.0,0.0,0,0,0,115.0,2.68,0.0,0.0
audit4j/audit4j-demo,3949.0,3668.0,0.25,0.0,0,0,0,430.0,0.0,0.0,0.0
audit4j/audit4j-spring,4298.0,3572.0,2.0,0.0,0,0,0,80.0,2.1,0.0,0.0
aumgn/BukkitUtils,4987.0,3816.0,0.75,0.0,0,0,0,415.0,1.3902439024390243,0.0,0.0
aurbroszniowski/Rainfall,4054.0,3493.0,0.5,0.0,0,0,0,22.0,0.0,0.0,0.0
aurorafeint/jruby-memcached,4898.0,4749.0,2.909090909090909,0.0,0,0,0,124.0,0.7391304347826086,0.0,0.0
austinv11/Discord4J,3691.0,3460.0,2.3,0.0,0,0,0,1411.0,3.541176470588235,0.0,0.0
autentia/TNTConcept,5188.0,3463.0,1.1666666666666667,0.0,0,0,0,4298.0,0.0,0.0,0.0
automate-website/jwebrobot,3617.0,3463.0,0.5,0.0,0,0,0,1008.0,2.63302752293578,0.0,0.0
automenta/netention-old1,5744.0,4181.0,4.0,0.0,0,0,0,1483.0,0.009472259810554804,0.0,0.0
automenta/opennars,4214.0,4163.0,0.16666666666666666,0.0,0,0,0,2682.0,0.5416666666666666,0.0,0.0
avalonmediasystem/red5-avalon,4702.0,3862.0,0.0,0.0,0,0,0,62.0,0.13333333333333333,0.0,0.0
avanwyk/cida,5893.0,5547.0,0.5,0.0,0,0,0,144.0,0.0,0.0,0.0
avatarkorra/minecraft-cloaking,3901.0,3901.0,0.0,0.0,0,0,0,26.0,0.0,0.0,0.0
avatarr/image-proc-pure-java,4932.0,3575.0,1.3333333333333333,0.0,0,0,0,38.0,0.0,0.0,0.0
avdyk/osgi-caching-test,3595.0,3582.0,0.0,0.0,0,0,0,381.0,1.3017241379310345,0.0,0.0
ave4224/Splatoon,3835.0,3835.0,0.0,0.0,0,0,0,66.0,0.0,0.0,0.0
avranju/swt-browser-app,4102.0,4099.0,0.0,0.0,0,0,0,252.0,0.015873015873015872,0.0,0.0
avshabanov/spring-camel-demo,4518.0,4518.0,0.3333333333333333,0.0,0,0,0,473.0,2.439252336448598,0.0,0.0
awaazde/awaazde-api-client-sdk,4402.0,3567.0,0.3333333333333333,0.0,0,0,0,156.0,0.0,0.0,0.0
aweber/rabbitmq-flume-plugin,4002.0,3463.0,1.6,0.0,0,0,0,86.0,0.8387096774193549,0.0,0.0
awltech/clic-archetype,4430.0,4430.0,0.5,0.0,0,0,0,129.0,0.7872340425531915,0.0,0.0
awltech/easycukes,4039.0,3660.0,1.0,0.0,0,0,0,2318.0,5.864406779661017,0.0,0.0
awltech/eclipse-optimus,4529.0,3663.0,1.0,0.0,0,0,0,3032.0,0.0,0.0,0.0
aws-jp-trainers/devonaws-labs-java-master-jp,4229.0,3553.0,0.0,0.0,0,0,0,212.0,0.0,0.0,0.0
awslabs/amazon-appstream-sample-entitlement-service,3841.0,3786.0,1.5,0.0,0,0,0,160.0,0.0,0.0,0.0
awslabs/amazon-sqs-java-messaging-lib,4021.0,3464.0,1.4074074074074074,0.0,0,0,0,288.0,2.084507042253521,0.0,0.0
awslabs/aws-apigateway-importer,3805.0,3499.0,4.076086956521739,0.0,0,0,0,294.0,2.111111111111111,0.0,0.0
awslabs/aws-iot-mqtt-load-generator,3624.0,3591.0,0.5,0.0,0,0,0,326.0,2.0,0.0,0.0
awslabs/aws-tvm-anonymous,5213.0,4871.0,1.1153846153846154,0.0,0,0,0,68.0,0.0,0.0,0.0
awslabs/emr-sample-apps,4464.0,3751.0,1.4444444444444444,0.0,0,0,0,284.0,0.0,0.0,0.0
awstrainingandcertification/devonaws-labs-java,4455.0,3689.0,0.52,0.0,0,0,0,220.0,0.0,0.0,0.0
awvalenti/corridapatrimonial,4501.0,4332.0,0.5,0.0,0,0,0,188.0,0.0,0.0,0.0
awvalenti/cruzes,3729.0,3664.0,0.0,0.0,0,0,0,132.0,0.0,0.0,0.0
axelboc/sudoku-toolbox,4761.0,4463.0,0.0,0.0,0,0,0,94.0,0.0,0.0,0.0
axemblr/cloudera-manager-api,4813.0,4569.0,1.25,0.0,0,0,0,533.0,1.0225988700564972,0.0,0.0
axet/desktop,4770.0,3467.0,3.125,0.0,0,0,0,494.0,0.0,0.0,0.0
axet/kaptcha,5017.0,3662.0,1.8703703703703705,0.0,0,0,0,214.0,1.0857142857142856,0.0,0.0
axet/libtorrent-dev,4689.0,4059.0,1.5,0.0,0,0,0,432.0,2.297029702970297,0.0,0.0
axet/threads,4327.0,3492.0,0.25,0.0,0,0,0,98.0,1.0303030303030303,0.0,0.0
axiom-data-science/crks-service,5149.0,5087.0,1.5,0.0,0,0,0,580.0,1.9060402684563758,0.0,0.0
axotion/Axedit,3784.0,3784.0,0.0,0.0,0,0,0,8.0,0.0,0.0,0.0
ayosec/procfs-j,5097.0,5097.0,1.0,0.0,0,0,0,108.0,1.5483870967741935,0.0,0.0
ayszu/ayszu,3550.0,3472.0,0.0,0.0,0,0,0,629.0,3.6339285714285716,0.0,0.0
ayushmaanbhav/stockmart,4477.0,3917.0,0.0,0.0,0,0,0,136.0,0.0,0.0,0.0
azawadzki/jefsr,3752.0,3752.0,0.5,0.0,0,0,0,350.0,0.0,0.0,0.0
azeemshaikh38/InvertedIndex,4027.0,4027.0,0.0,0.0,0,0,0,26.0,0.0,0.0,0.0
azkaban/azkaban-plugins,4721.0,3468.0,0.5340909090909091,0.0,0,0,0,2295.0,0.7808716707021792,0.0,0.0
b0noI/AIF-KERNEL,3936.0,3466.0,0.0,0.0,0,0,0,254.0,1.2820512820512822,0.0,0.0
b0noI/TicTacToe,3968.0,3789.0,0.325,0.0,0,0,0,82.0,0.0,0.0,0.0
b52/mandelbrot,4386.0,4204.0,0.5,0.0,0,0,0,38.0,0.0,0.0,0.0
backpaper0/sandbox,4301.0,3463.0,2.75,0.0,0,0,0,2158.0,0.0,0.0,0.0
baconeggninja/Awesome-stuff-mod,3712.0,3619.0,1.0,0.0,0,0,0,1402.0,0.4375,0.0,0.0
bacta/couchbase-connector,4015.0,3487.0,0.5,0.0,0,0,0,80.0,0.0,0.0,0.0
baderj/award-ribbons,4451.0,4450.0,1.5,0.0,0,0,0,26.0,0.0,0.0,0.0
badernageral/bgfinancas,3758.0,3480.0,1.875,0.0,0,0,0,595.0,0.003355704697986577,0.0,0.0
badlogic/jack,4873.0,3511.0,7.0,0.0,0,0,0,860.0,0.0,0.0,0.0
badmusamuda/DeepWindowSearch,3476.0,3469.0,0.5,0.0,0,0,0,8.0,0.0,0.0,0.0
baggio000/CommentPool,3849.0,3847.0,0.0,0.0,0,0,0,404.0,0.0,0.0,0.0
baidubce/bce-sdk-java,4028.0,3573.0,1.4,0.0,0,0,0,2569.0,3.2684426229508197,0.0,0.0
baihui212/tsharding,3575.0,3466.0,1.6603773584905661,0.0,0,0,0,164.0,0.0,0.0,0.0
balasridhar/metasearch,4228.0,4228.0,0.0,0.0,0,0,0,214.0,0.0,0.0,0.0
balazssimon/meta-java,3878.0,3580.0,0.0,0.0,0,0,0,862.0,0.0,0.0,0.0
balinjdl/OT-NT-Reference-Map-Processing,5266.0,4880.0,0.5,0.0,0,0,0,36.0,0.0,0.0,0.0
banshee/sbt-jruby,5109.0,5096.0,2.0,0.0,0,0,0,32.0,0.0,0.0,0.0
bantonia/MoodleRest,4424.0,3835.0,0.6153846153846154,0.0,0,0,0,483.0,1.108974358974359,0.0,0.0
baquiax/Compiler,4171.0,3664.0,0.0,0.0,0,0,0,224.0,0.0,0.0,0.0
barakb/asyncrmi,4071.0,3754.0,2.5,0.0,0,0,0,595.0,0.7136363636363636,0.0,0.0
barancev/junit_samples,4236.0,4182.0,0.6666666666666666,0.0,0,0,0,278.0,0.0,0.0,0.0
barancev/testng_samples,4240.0,3520.0,0.6,0.0,0,0,0,318.0,0.0,0.0,0.0
barancev/webdriver-junit-archetype,4277.0,3518.0,0.6666666666666666,0.0,0,0,0,97.0,0.8285714285714286,0.0,0.0
baratine/auction,3941.0,3462.0,3.0,0.0,0,0,0,214.0,0.0,0.0,0.0
barjo/arvensis,5393.0,4583.0,0.5714285714285714,0.0,0,0,0,996.0,0.0,0.0,0.0
barryvan/CSSMin,5943.0,4135.0,7.571428571428571,0.0,0,0,0,18.0,0.0,0.0,0.0
bartoszmajsak/arquillian-seam2-example,5046.0,5046.0,1.3333333333333333,0.0,0,0,0,1338.0,33.26315789473684,0.0,0.0
base2Services/b2-cdi,4978.0,4892.0,1.0,0.0,0,0,0,116.0,0.0,0.0,0.0
basepom/property-helper-maven-plugin,4292.0,4164.0,0.5,0.0,0,0,0,327.0,0.08227848101265822,0.0,0.0
basmussen/i18n-maven-plugin,4238.0,3703.0,0.75,0.0,0,0,0,212.0,0.8533333333333334,0.0,0.0
bassemZohdy/spring-mvc-rest,4337.0,4331.0,0.3333333333333333,0.0,0,0,0,226.0,0.043478260869565216,0.0,0.0
baswerc/routes,3880.0,3507.0,0.5,0.0,0,0,0,272.0,0.0,0.0,0.0
batizhao/yxjc2sme,4309.0,4305.0,0.0,0.0,0,0,0,74.0,0.0,0.0,0.0
bava/ig-app,3677.0,3665.0,0.0,0.0,0,0,0,32.0,1.0909090909090908,0.0,0.0
baxtheman/inline-edit-journal-hook,4339.0,4309.0,0.3333333333333333,0.0,0,0,0,50.0,0.0,0.0,0.0
bayofmany/peapod,3994.0,3471.0,2.8,0.0,0,0,0,714.0,1.9777777777777779,0.0,0.0
bazaarvoice/awslocal,4533.0,3660.0,1.0,0.0,0,0,0,157.0,1.4565217391304348,0.0,0.0
bazaarvoice/jsonpps,4634.0,3609.0,1.3333333333333333,0.0,0,0,0,68.0,1.5,0.0,0.0
bazaarvoice/ostrich,4962.0,3493.0,1.0434782608695652,0.0,0,0,0,1226.0,1.5594202898550724,0.0,0.0
bazhenov/groovy-shell-server,5357.0,3521.0,1.9523809523809523,0.0,0,0,0,78.0,1.3333333333333333,0.0,0.0
bbende/nifi-example-bundles,3978.0,3877.0,0.5,0.0,0,0,0,74.0,0.0,0.0,0.0
bbloomf/cincinnati-library-auto-renew,3748.0,3565.0,1.0,0.0,0,0,0,134.0,2.121212121212121,0.0,0.0
bblue000/StockMarket,4028.0,3961.0,0.0,0.0,0,0,0,188.0,0.0,0.0,0.0
bbonnin/hadoop-mongodb,4110.0,3966.0,0.5,0.0,0,0,0,77.0,0.9259259259259259,0.0,0.0
bbonnin/mongo2arango,3625.0,3561.0,3.6666666666666665,0.0,0,0,0,63.0,1.0952380952380953,0.0,0.0
bbossgroups/bboss,5144.0,3461.0,1.2713178294573644,0.0,0,0,0,6253.0,0.009961439588688946,0.0,0.0
bbranan/sdsc-tests,4512.0,4042.0,0.5,0.0,0,0,0,284.0,0.0,0.0,0.0
bcdev/smos-box,5778.0,3891.0,2.3333333333333335,0.0,0,0,0,8013.0,1.0486877139596804,0.0,0.0
bckfnn/vertx-native-mongo,4402.0,3492.0,1.5,0.0,0,0,0,156.0,0.0,0.0,0.0
bcroden/QuizDeck-Server,3618.0,3514.0,0.0,0.0,0,0,0,443.0,0.7987421383647799,0.0,0.0
bdd-in-action/chapter-2,4454.0,3988.0,0.4230769230769231,0.0,0,0,0,100.0,0.0,0.0,0.0
bdd-in-action/chapter-5,4454.0,4264.0,0.2857142857142857,0.0,0,0,0,150.0,0.0,0.0,0.0
bdglue/bdglue,3477.0,3470.0,0.0,0.0,0,0,0,282.0,0.0,0.0,0.0
bdotzour/visualCaptcha-java,4050.0,3570.0,0.6666666666666666,0.0,0,0,0,292.0,0.13043478260869565,0.0,0.0
bdruiz/ProyectBebidas,3938.0,3853.0,0.0,0.0,0,0,0,70.0,0.0,0.0,0.0
be-hase/relumin,4005.0,3463.0,1.6,0.0,0,0,0,876.0,0.6606060606060606,0.0,0.0
beachy/protobuf-java-format,4486.0,4486.0,0.0,0.0,0,0,0,189.0,0.6901408450704225,0.0,0.0
beanio/beanio,3916.0,3916.0,1.0,0.0,0,0,0,1500.0,0.0,0.0,0.0
beanvalidation/beanvalidation-api,5556.0,3604.0,1.5833333333333333,0.0,0,0,0,694.0,3.568,0.0,0.0
beargiles/ottervpn,4167.0,4166.0,0.0,0.0,0,0,0,138.0,0.1875,0.0,0.0
bedrin/jsonde,4036.0,3853.0,4.375,0.0,0,0,0,1546.0,1.402197802197802,0.0,0.0
bee9156/java-tutorium,4066.0,3976.0,0.0,0.0,0,0,0,488.0,0.0,0.0,0.0
behas/lucene-skos,4925.0,3591.0,1.263157894736842,0.0,0,0,0,236.0,1.0909090909090908,0.0,0.0
beijunyi/ParallelGit,4004.0,3461.0,5.25,0.0,0,0,0,929.0,1.1666666666666667,0.0,0.0
beinformed/osgitest,4680.0,4641.0,1.3333333333333333,0.0,0,0,0,338.0,0.0,0.0,0.0
bekkopen/NoCommons,5547.0,3892.0,2.1333333333333333,0.0,0,0,0,275.0,0.978494623655914,0.0,0.0
bekkopen/jetty-pkg,5449.0,4198.0,2.85,0.0,0,0,0,44.0,0.0,0.0,0.0
belaban/jgroups-raft,4057.0,3604.0,2.0,0.0,0,0,0,380.0,0.8507462686567164,0.0,0.0
belchan/imageboard,3574.0,3490.0,1.0,0.0,0,0,0,444.0,1.0547945205479452,0.0,0.0
beligum/com.beligum.core.play,4546.0,4075.0,0.8333333333333334,0.0,0,0,0,176.0,0.0,0.0,0.0
beltrachi/antlr-3,6224.0,6223.0,1.6666666666666667,0.0,0,0,0,1815.0,0.03928170594837262,0.0,0.0
ben-manes/caffeine,4021.0,3463.0,15.180851063829786,0.0,0,0,0,3215.0,3.4897610921501707,0.0,0.0
ben-manes/multiway-pool,4551.0,4481.0,8.5,0.0,0,0,0,88.0,0.0,0.0,0.0
bencall/RPlay,5352.0,4473.0,4.368421052631579,0.0,0,0,0,83.0,0.023809523809523808,0.0,0.0
bencvt/BuildRegion,4816.0,4752.0,1.0,0.0,0,0,0,130.0,0.0,0.0,0.0
bendisposto/prob2-plugin,4144.0,3582.0,0.0,0.0,0,0,0,488.0,0.0,0.0,0.0
bendraaisma/gnuob-api,4149.0,3477.0,0.0,0.0,0,0,0,860.0,5.367521367521367,0.0,0.0
bendraaisma/gnuob-app,4156.0,3514.0,0.0,0.0,0,0,0,433.0,0.5144508670520231,0.0,0.0
bendraaisma/gnuob-login,4109.0,3521.0,0.0,0.0,0,0,0,58.0,1.1578947368421053,0.0,0.0
benjamin-bader/droptools,4092.0,3473.0,1.3928571428571428,0.0,0,0,0,442.0,2.073394495412844,0.0,0.0
benjamin-cartereau/w4-bpmnplus-module-jms,3869.0,3494.0,0.5,0.0,0,0,0,124.0,0.0,0.0,0.0
benjaminballard/voltdb-jdbc-loader,4486.0,4262.0,0.0,0.0,0,0,0,22.0,0.0,0.0,0.0
benjaminpick/java-thumbnailer,5254.0,4140.0,1.3333333333333333,0.0,0,0,0,430.0,0.0,0.0,0.0
benjamintoofer/cs56-jupi,4244.0,4202.0,1.0,0.0,0,0,0,32.0,0.0,0.0,0.0
benjholla/JReFrameworker,3742.0,3467.0,3.0,0.0,0,0,0,872.0,0.0,0.0,0.0
benjiman/expressions,4400.0,3824.0,2.1,0.0,0,0,0,577.0,2.488372093023256,0.0,0.0
benjiman/junit-js,4705.0,4200.0,1.0,0.0,0,0,0,99.0,1.2580645161290323,0.0,0.0
benjiman/lambda-type-references,3787.0,3691.0,4.454545454545454,0.0,0,0,0,110.0,1.6129032258064515,0.0,0.0
benjmyers/Bunker-1916-Game,4720.0,4651.0,0.0,0.0,0,0,0,218.0,0.0,0.0,0.0
benozol/ABC,5167.0,5025.0,1.0,0.0,0,0,0,141.0,0.04285714285714286,0.0,0.0
benruijl/WalledIn,5690.0,5481.0,2.3333333333333335,0.0,0,0,0,526.0,0.0,0.0,0.0
benruijl/quakemonkey,4877.0,4351.0,2.0,0.0,0,0,0,32.0,0.0,0.0,0.0
benserwa/Manatech,3741.0,3629.0,0.0,0.0,0,0,0,320.0,1.425531914893617,0.0,0.0
bentzilla/HealthPlugin,5398.0,5384.0,1.0,0.0,0,0,0,76.0,0.0,0.0,0.0
benwaffle/Leap-Motion-Instrument,4678.0,4581.0,0.0,0.0,0,0,0,24.0,0.0,0.0,0.0
berezovskyi/lambda-test-java,3571.0,3506.0,0.0,0.0,0,0,0,67.0,1.2857142857142858,0.0,0.0
bernarpa/FantaHadoop,5226.0,5226.0,1.0,0.0,0,0,0,71.0,0.6071428571428571,0.0,0.0
berry-cs/big-data-cse,4410.0,3472.0,1.5,0.0,0,0,0,240.0,0.0,0.0,0.0
bersch/SignPDF,4825.0,4071.0,1.5,0.0,0,0,0,12.0,0.0,0.0,0.0
berserkingyadis/ImageDownloader,3800.0,3527.0,0.0,0.0,0,0,0,105.0,1.2424242424242424,0.0,0.0
berthise/HomeCinema,4071.0,4016.0,0.5,0.0,0,0,0,294.0,0.0,0.0,0.0
bertique/SonosNPROneServer,3663.0,3556.0,2.0,0.0,0,0,0,559.0,11.357142857142858,0.0,0.0
besherman/lifx-sdk-java,4205.0,3596.0,2.2,0.0,0,0,0,266.0,0.37168141592920356,0.0,0.0
betato/DuckFall,3475.0,3472.0,0.0,0.0,0,0,0,68.0,0.0,0.0,0.0
betfair/maven-test-process-plugin,4500.0,4421.0,0.0,0.0,0,0,0,79.0,1.1153846153846154,0.0,0.0
betfair/virtualheap,4485.0,4387.0,0.0,0.0,0,0,0,491.0,2.9797979797979797,0.0,0.0
bethebeer/CrystalsToCAD,4463.0,3934.0,0.0,0.0,0,0,0,6.0,0.0,0.0,0.0
bewest/guacamole,5209.0,5209.0,0.6666666666666666,0.0,0,0,0,90.0,0.0,0.0,0.0
beylerian/profiler,3522.0,3465.0,1.3333333333333333,0.0,0,0,0,122.0,0.38461538461538464,0.0,0.0
bfemiano/cellmate,4858.0,4829.0,1.3333333333333333,0.0,0,0,0,671.0,0.6186770428015564,0.0,0.0
bft-smart/library,3927.0,3468.0,1.2777777777777777,0.0,0,0,0,1088.0,0.0,0.0,0.0
bgeorges/microservices,3842.0,3753.0,0.75,0.0,0,0,0,650.0,0.0,0.0,0.0
bgranvea/offheapstore-benchmark,4446.0,4432.0,3.3333333333333335,0.0,0,0,0,72.0,0.0,0.0,0.0
bguerout/keemto,5361.0,5014.0,1.5,0.0,0,0,0,474.0,0.0,0.0,0.0
bhabegger/json-n-xml,4667.0,4331.0,0.6666666666666666,0.0,0,0,0,130.0,1.0,0.0,0.0
bhatti/RxJava8,4255.0,4231.0,2.0,0.0,0,0,0,294.0,0.3870967741935484,0.0,0.0
bhavindesai20/febatlas,3589.0,3479.0,0.0,0.0,0,0,0,150.0,0.14084507042253522,0.0,0.0
biboudis/jmh-profilers,4141.0,3799.0,3.2,0.0,0,0,0,74.0,2.4705882352941178,0.0,0.0
biboudis/streamalg,4080.0,3882.0,6.5,0.0,0,0,0,395.0,2.7261904761904763,0.0,0.0
bibreen/mecab-ko-lucene-analyzer,4719.0,4224.0,5.166666666666667,0.0,0,0,0,248.0,1.205128205128205,0.0,0.0
bibryam/camel-message-routing-examples,4517.0,4480.0,1.4285714285714286,0.0,0,0,0,891.0,1.1223776223776223,0.0,0.0
bibryam/camel-redis,5027.0,4864.0,1.4285714285714286,0.0,0,0,0,116.0,0.0,0.0,0.0
bicoco/java-list-helpers,4311.0,3930.0,3.5,0.0,0,0,0,163.0,4.111111111111111,0.0,0.0
biezhi/blade,3842.0,3521.0,5.180555555555555,0.0,0,0,0,823.0,1.22265625,0.0,0.0
bigbrainiac10/SimpleHelpOP,3560.0,3544.0,0.0,0.0,0,0,0,62.0,0.0,0.0,0.0
bigdataviewer/spimdata,4494.0,3497.0,0.3333333333333333,0.0,0,0,0,434.0,2.4489795918367347,0.0,0.0
bilash/boggle-solver,3950.0,3950.0,1.0,0.0,0,0,0,6.0,0.0,0.0,0.0
billy1380/JavaEPFImporter,4655.0,3598.0,0.0,0.0,0,0,0,123.0,0.717391304347826,0.0,0.0
binfalse/CombineArchive,4438.0,3807.0,0.6666666666666666,0.0,0,0,0,110.0,0.0,0.0,0.0
bingoogolapple/J2EENote,4501.0,4105.0,0.0,0.0,0,0,0,3036.0,0.0,0.0,0.0
bingoohuang/java-utils,3971.0,3570.0,0.6666666666666666,0.0,0,0,0,678.0,3.4838709677419355,0.0,0.0
binkley/axon-spring-boot-starter,3600.0,3560.0,1.0,0.0,0,0,0,802.0,1.421276595744681,0.0,0.0
binkley/service-binder,4339.0,4116.0,1.0,0.0,0,0,0,77.0,2.1578947368421053,0.0,0.0
binrusas/PreGo,3959.0,3959.0,0.0,0.0,0,0,0,204.0,0.0,0.0,0.0
bio4j/angulillos-titan,4093.0,3477.0,1.5,0.0,0,0,0,88.0,0.0,0.0,0.0
bio4j/bio4j,5432.0,3556.0,5.75,0.0,0,0,0,778.0,0.0,0.0,0.0
bioinformatics-ua/dicoogle,4017.0,3460.0,1.5833333333333333,0.0,0,0,0,2228.0,1.181169757489301,0.0,0.0
biojava/biojava-spark,3517.0,3469.0,1.0,0.0,0,0,0,957.0,1.0444444444444445,0.0,0.0
biosignin/bsi-core,4156.0,3889.0,0.25,0.0,0,0,0,197.0,1.1587301587301588,0.0,0.0
biotea/biotea-utilities,3506.0,3472.0,0.0,0.0,0,0,0,160.0,1.0566037735849056,0.0,0.0
biouno/drmaa-pbs,4178.0,3734.0,2.0,0.0,0,0,0,141.0,0.86,0.0,0.0
biouno/pbs4java,4991.0,4991.0,0.6666666666666666,0.0,0,0,0,72.0,0.8461538461538461,0.0,0.0
birdroidcn/wechat4j,4478.0,4419.0,0.375,0.0,0,0,0,90.0,0.0,0.0,0.0
bireme/interop,4135.0,4100.0,0.0,0.0,0,0,0,246.0,0.047244094488188976,0.0,0.0
bit-whacker/tweetImporter,3669.0,3631.0,0.0,0.0,0,0,0,34.0,0.0,0.0,0.0
bitWolfy/MineReset,4319.0,4316.0,0.0,0.0,0,0,0,54.0,0.0,0.0,0.0
bitcoin-labs/bitcoinj-minimal,5280.0,5280.0,1.0,0.0,0,0,0,418.0,0.0,0.0,0.0
bitcoinj/bitcoinj,4410.0,3467.0,1.237082066869301,0.0,0,0,0,4041.0,2.5580608793686586,0.0,0.0
bitium/confluence-saml-plugin,4158.0,3472.0,0.26666666666666666,0.0,0,0,0,114.0,0.0,0.0,0.0
bitnet/bitnet-java-libs,3885.0,3716.0,0.6666666666666666,0.0,0,0,0,560.0,0.0,0.0,0.0
bitplaces/rundeck-slack-plugin,4247.0,3653.0,1.04,0.0,0,0,0,77.0,1.0384615384615385,0.0,0.0
bitsquare/bitsquare,4297.0,3460.0,4.012820512820513,0.0,0,0,0,2780.0,0.0,0.0,0.0
bitstorm/Wicket-rest-annotations,4558.0,4267.0,0.6666666666666666,0.0,0,0,0,384.0,0.8592592592592593,0.0,0.0
bivas/protobuf-java-format,4966.0,3540.0,1.2222222222222223,0.0,0,0,0,165.0,0.8305084745762712,0.0,0.0
bizo/aws-java-sdk-stubs,4346.0,3463.0,0.6363636363636364,0.0,0,0,0,182.0,1.2857142857142858,0.0,0.0
bjartek/sensors,3905.0,3904.0,0.0,0.0,0,0,0,70.0,0.0,0.0,0.0
bjornharrtell/jts2geojson,4540.0,3552.0,2.4545454545454546,0.0,0,0,0,182.0,3.411764705882353,0.0,0.0
bjornharvold/bearchoke,4078.0,3642.0,2.0833333333333335,0.0,0,0,0,2148.0,0.4022346368715084,0.0,0.0
bkiers/Liqp,5040.0,3494.0,2.1481481481481484,0.0,0,0,0,574.0,1.5555555555555556,0.0,0.0
bkiers/PCREParser,5075.0,4041.0,1.6666666666666667,0.0,0,0,0,114.0,3.8,0.0,0.0
bkiers/lua-parser,4352.0,4352.0,0.5,0.0,0,0,0,111.0,3.65,0.0,0.0
bklarson/Hudson-Priority-Sorter-Plugin,5586.0,5536.0,0.11538461538461539,0.0,0,0,0,58.0,0.6086956521739131,0.0,0.0
bklarson/Jenkins-repo-plugin,5252.0,5222.0,0.11363636363636363,0.0,0,0,0,113.0,0.3469387755102041,0.0,0.0
blackberry/Eclipse-JDE,4864.0,4862.0,0.75,0.0,0,0,0,1416.0,0.0,0.0,0.0
blackberry/MomenticsUnitTestingPlugin,4603.0,4597.0,0.25,0.0,0,0,0,302.0,0.0,0.0,0.0
blackdoor/hate,3660.0,3468.0,1.0,0.0,0,0,0,173.0,2.6052631578947367,0.0,0.0
blackducksoftware/ohcount4j,3657.0,3462.0,4.333333333333333,0.0,0,0,0,539.0,0.026217228464419477,0.0,0.0
blackducksoftware/sdk-client-tools-protex,3791.0,3463.0,1.3333333333333333,0.0,0,0,0,3903.0,11.99641577060932,0.0,0.0
blacklocus/jres,4392.0,3737.0,2.0,0.0,0,0,0,925.0,2.271889400921659,0.0,0.0
blackray/SIMS,4085.0,3925.0,1.0,0.0,0,0,0,166.0,0.0,0.0,0.0
blakktux/Natural-Selection,3762.0,3688.0,0.0,0.0,0,0,0,610.0,0.0,0.0,0.0
blighkit/wechat-framework,4483.0,4482.0,0.5625,0.0,0,0,0,195.0,2.020408163265306,0.0,0.0
bliksemlabs/bliksemintegration-realtime,4311.0,4057.0,0.0,0.0,0,0,0,764.0,1.7733990147783252,0.0,0.0
blitz-io/blitz-bamboo,5149.0,5142.0,1.0,0.0,0,0,0,114.0,0.0,0.0,0.0
blitz-trading/ExecutionServer,4491.0,4432.0,1.3333333333333333,0.0,0,0,0,737.0,0.006521739130434782,0.0,0.0
blockchain/api-v1-client-java,4117.0,3541.0,0.6857142857142857,0.0,0,0,0,187.0,1.0,0.0,0.0
blockchain/thunder,3555.0,3468.0,6.6875,0.0,0,0,0,1243.0,0.9713603818615751,0.0,0.0
bloudraak/blueprint-bamboo-vmware-tasks,4627.0,4622.0,1.0,0.0,0,0,0,76.0,0.0,0.0,0.0
bluebreezecf/SparkJobServerClient,4116.0,3567.0,1.0,0.0,0,0,0,123.0,2.8076923076923075,0.0,0.0
bluecrystalsign/signer-source,3709.0,3462.0,0.0,0.0,0,0,0,1351.0,1.0,0.0,0.0
bluedenim/log4j-s3-search,3921.0,3466.0,0.0,0.0,0,0,0,99.0,1.0606060606060606,0.0,0.0
bluedenim/simpledb-bkrs,3676.0,3615.0,0.0,0.0,0,0,0,77.0,1.434782608695652,0.0,0.0
blueprintmedicines/centromere,3506.0,3462.0,0.0,0.0,0,0,0,710.0,0.0,0.0,0.0
bluesmcgroove/bankbot.old,3908.0,3896.0,0.0,0.0,0,0,0,611.0,0.04746835443037975,0.0,0.0
bluezio/jade-booktrading,4723.0,4716.0,0.2,0.0,0,0,0,30.0,0.0,0.0,0.0
bluezio/xeger,4704.0,4697.0,3.0,0.0,0,0,0,84.0,2.0952380952380953,0.0,0.0
blynkkk/blynk-server,3920.0,3463.0,2.92,0.0,0,0,0,2647.0,1.2503067484662578,0.0,0.0
bmatthias/config-builder,4444.0,4409.0,0.14285714285714285,0.0,0,0,0,669.0,2.357142857142857,0.0,0.0
bmwcarit/barefoot,4211.0,3465.0,5.55,0.0,0,0,0,738.0,0.8136882129277566,0.0,0.0
bndtools/bndtools,6149.0,3461.0,2.207792207792208,0.0,0,0,0,4699.0,0.02019767941555651,0.0,0.0
bndtools/bndtools-rt,4985.0,3869.0,0.6,0.0,0,0,0,1413.0,0.0014144271570014145,0.0,0.0
bnyeggen/soac,4825.0,3594.0,12.5,0.0,0,0,0,90.0,0.0,0.0,0.0
boaglio/jenkins-plugin-sqlplus-script-runner,3800.0,3798.0,0.0,0.0,0,0,0,144.0,1.3953488372093024,0.0,0.0
boaglio/play2-mongodb-filmes,4297.0,4297.0,0.3333333333333333,0.0,0,0,0,64.0,0.0,0.0,0.0
boalang/xtext-ide,3700.0,3687.0,0.6666666666666666,0.0,0,0,0,234.0,0.0,0.0,0.0
boatd/tracksail-ai,4222.0,4222.0,0.3333333333333333,0.0,0,0,0,151.0,0.6842105263157895,0.0,0.0
bobbungee/JDesktop,5346.0,5344.0,0.5,0.0,0,0,0,34.0,0.0,0.0,0.0
bobbybouwmann/ap-algorithm-hill-climbing,3661.0,3634.0,0.0,0.0,0,0,0,39.0,1.1538461538461537,0.0,0.0
bobdemo/inno,3812.0,3742.0,0.0,0.0,0,0,0,172.0,1.5510204081632653,0.0,0.0
bobmcwhirter/deltacloud-client-java,5322.0,5322.0,1.0,0.0,0,0,0,241.0,1.24,0.0,0.0
bobozhengsir/DesignPatternsStories,4388.0,4381.0,0.0,0.0,0,0,0,442.0,1.639344262295082,0.0,0.0
bogdartysh/openqa,4831.0,4826.0,1.0,0.0,0,0,0,3288.0,0.0,0.0,0.0
boivie/skip32-java,4445.0,4444.0,0.4,0.0,0,0,0,74.0,2.2222222222222223,0.0,0.0
bojantomic/jeff,4046.0,3464.0,0.0,0.0,0,0,0,507.0,1.0479041916167664,0.0,0.0
boldtrn/graphhopper-geocoder-converter,3562.0,3468.0,0.0,0.0,0,0,0,137.0,1.3902439024390243,0.0,0.0
bolerio/mjson,4311.0,3462.0,1.2222222222222223,0.0,0,0,0,219.0,2.42,0.0,0.0
bombardier-transportation/distributed-test-job,3780.0,3771.0,0.5,0.0,0,0,0,218.0,1.9285714285714286,0.0,0.0
boneill42/spark-on-cassandra-quickstart,4301.0,3482.0,1.1764705882352942,0.0,0,0,0,102.0,1.3548387096774193,0.0,0.0
bonigarcia/dualsub,4256.0,3737.0,3.4444444444444446,0.0,0,0,0,510.0,1.303225806451613,0.0,0.0
bonii-xx/TestDummy,4042.0,3487.0,1.5,0.0,0,0,0,204.0,1.8148148148148149,0.0,0.0
bonprix/vaadin-combobox-multiselect,3639.0,3472.0,0.5,0.0,0,0,0,757.0,6.724137931034483,0.0,0.0
booleguo/sam-elle,3640.0,3561.0,0.5,0.0,0,0,0,562.0,0.0,0.0,0.0
boothj5/jarch,4944.0,4563.0,0.6666666666666666,0.0,0,0,0,412.0,0.21390374331550802,0.0,0.0
bootswithdefer/FakeLocalPortFilter,3921.0,3899.0,0.0,0.0,0,0,0,44.0,1.0666666666666667,0.0,0.0
booz-allen-hamilton/geterdun,4111.0,3749.0,1.5,0.0,0,0,0,120.0,1.696969696969697,0.0,0.0
boozallen/cognition,3675.0,3598.0,2.2,0.0,0,0,0,1474.0,1.393103448275862,0.0,0.0
boq/GreenHam,4279.0,4255.0,0.0,0.0,0,0,0,1002.0,33.857142857142854,0.0,0.0
borball/weixin-sdk,3735.0,3475.0,1.1612903225806452,0.0,0,0,0,1697.0,1.2610364683301343,0.0,0.0
borsboom/synth,4596.0,4328.0,1.0,0.0,0,0,0,184.0,0.0,0.0,0.0
boss14420/cbls-exercise,4252.0,4217.0,0.0,0.0,0,0,0,320.0,0.0,0.0,0.0
bosschaert/service-jockey,4507.0,4507.0,2.0,0.0,0,0,0,98.0,0.0,0.0,0.0
boubaker/exchange-extension,4463.0,4414.0,0.0,0.0,0,0,0,112.0,0.0,0.0,0.0
boundary/boundary-camel-components,3973.0,3962.0,0.0,0.0,0,0,0,373.0,1.125,0.0,0.0
boundary/boundary-vmware,4044.0,3927.0,0.5,0.0,0,0,0,415.0,0.9574468085106383,0.0,0.0
boxfuse/boxfuse-sample-java-war-hello,4085.0,3919.0,1.0,0.0,0,0,0,64.0,1.6666666666666667,0.0,0.0
boxfuse/dwunikernel,3875.0,3617.0,0.6666666666666666,0.0,0,0,0,70.0,0.88,0.0,0.0
bozimmerman/CoffeeMud,4884.0,3462.0,2.25,0.0,0,0,0,10842.0,0.0,0.0,0.0
bpark/websockets-gl,4972.0,4972.0,0.5,0.0,0,0,0,73.0,1.5714285714285714,0.0,0.0
bpatters/eservice,3915.0,3915.0,0.5,0.0,0,0,0,33691.0,0.0061327776123846385,0.0,0.0
bpupadhyaya/ActivitiConsumer,3697.0,3608.0,0.0,0.0,0,0,0,330.0,4.509803921568627,0.0,0.0
bpupadhyaya/Algo-I,3471.0,3467.0,0.0,0.0,0,0,0,114.0,0.0,0.0,0.0
bpupadhyaya/activitiinaction,3635.0,3635.0,0.0,0.0,0,0,0,4044.0,0.0,0.0,0.0
bpupadhyaya/api-mvn,3488.0,3476.0,0.0,0.0,0,0,0,88.0,1.3333333333333333,0.0,0.0
bradlucas/yqd,5116.0,5037.0,0.5,0.0,0,0,0,78.0,0.6666666666666666,0.0,0.0
bradrydzewski/gwt-filesystem,5255.0,5255.0,2.3333333333333335,0.0,0,0,0,88.0,0.0,0.0,0.0
bradtmoore/wormsizer,4854.0,3472.0,0.3333333333333333,0.0,0,0,0,617.0,2.298611111111111,0.0,0.0
bramp/ffmpeg-cli-wrapper,4321.0,3461.0,1.5365853658536586,0.0,0,0,0,513.0,3.2551020408163267,0.0,0.0
bramp/unsafe,3837.0,3746.0,1.7,0.0,0,0,0,944.0,6.016949152542373,0.0,0.0
brands4friends/daleq,4917.0,3650.0,2.25,0.0,0,0,0,532.0,0.0,0.0,0.0
brdude/check_as400,5017.0,4475.0,1.0,0.0,0,0,0,42.0,0.0,0.0,0.0
breakinblocks/BBTweaks,3769.0,3462.0,0.4,0.0,0,0,0,334.0,1.5,0.0,0.0
breandan/idear,3829.0,3486.0,4.0,0.0,0,0,0,883.0,2.6825396825396823,0.0,0.0
brendandahl/pdf.js.utils,4513.0,3849.0,1.0,0.0,0,0,0,32.0,0.0,0.0,0.0
brennangw/exam2-2013F,4404.0,4407.0,0.0,0.0,0,0,0,84.0,0.0,0.0,0.0
brennonyork/storm-lib,3870.0,3868.0,0.5,0.0,0,0,0,76.0,0.0,0.0,0.0
brettwooldridge/SparseBitSet,4670.0,3575.0,6.5,0.0,0,0,0,87.0,3.933333333333333,0.0,0.0
brewinapps/awseb-maven-plugin,4840.0,4638.0,0.0,0.0,0,0,0,34.0,1.0,0.0,0.0
brewski82/Big-Cyber-City,5327.0,5327.0,0.5,0.0,0,0,0,330.0,0.0,0.0,0.0
brianethier/BareConnection,4152.0,3481.0,0.0,0.0,0,0,0,98.0,1.7037037037037037,0.0,0.0
brianethier/BareService,4152.0,3482.0,0.0,0.0,0,0,0,146.0,1.0833333333333333,0.0,0.0
brianmhess/cassandra-count,3608.0,3603.0,2.2,0.0,0,0,0,45.0,1.1333333333333333,0.0,0.0
brianray/embedded-jython,4163.0,4155.0,0.5,0.0,0,0,0,32.0,0.0,0.0,0.0
bric3/cql-maven-plugin,3821.0,3499.0,0.0,0.0,0,0,0,75.0,1.6666666666666667,0.0,0.0
brinxmat/parasite,3995.0,3974.0,0.0,0.0,0,0,0,305.0,2.0933333333333333,0.0,0.0
brkt/brkt-sdk-java,3833.0,3687.0,0.5,0.0,0,0,0,549.0,3.51,0.0,0.0
brmeyer/HibernateDemos,4343.0,4249.0,1.0,0.0,0,0,0,451.0,0.9607843137254902,0.0,0.0
brmson/blanqa,4351.0,4347.0,0.75,0.0,0,0,0,244.0,0.0,0.0,0.0
broach/jira-github-service,4088.0,3589.0,1.6666666666666667,0.0,0,0,0,364.0,4.535714285714286,0.0,0.0
bromzh/geck,3906.0,3894.0,2.0,0.0,0,0,0,103.0,1.75,0.0,0.0
brooklyncentral/brooklyn-ambari,3974.0,3470.0,0.4,0.0,0,0,0,783.0,2.9683544303797467,0.0,0.0
brooklyncentral/brooklyn-maven-plugin,4010.0,3472.0,0.5,0.0,0,0,0,306.0,0.9333333333333333,0.0,0.0
brosander/dedupe,4460.0,4456.0,0.0,0.0,0,0,0,89.0,1.25,0.0,0.0
brosander/kettle-plugins,4328.0,3920.0,0.3333333333333333,0.0,0,0,0,880.0,0.0,0.0,0.0
brosenberger/cluj-seatmap-web,3911.0,3911.0,0.0,0.0,0,0,0,134.0,0.9565217391304348,0.0,0.0
brosenberger/spring-solr-base,4164.0,4163.0,0.0,0.0,0,0,0,106.0,1.0857142857142856,0.0,0.0
broth-eu/intelli-lab,4244.0,4235.0,0.75,0.0,0,0,0,112.0,0.0,0.0,0.0
browserstack/browserstack-local-java,3589.0,3485.0,0.3333333333333333,0.0,0,0,0,60.0,0.8181818181818182,0.0,0.0
brrr2/irccasino,4615.0,4090.0,3.5,0.0,0,0,0,68.0,0.0,0.0,0.0
brulejr/autohome,4380.0,4380.0,0.0,0.0,0,0,0,168.0,0.0,0.0,0.0
brunchboy/beat-link,3511.0,3464.0,1.3333333333333333,0.0,0,0,0,72.0,0.3125,0.0,0.0
brunoadacosta/EasyGridObject,5536.0,5143.0,3.0,0.0,0,0,0,60.0,0.0,0.0,0.0
brunoborges/fx2048,4278.0,3836.0,1.170731707317073,0.0,0,0,0,56.0,0.0,0.0,0.0
brunoborges/javaee7-jms-websocket-example,4610.0,4041.0,1.2580645161290323,0.0,0,0,0,89.0,1.5,0.0,0.0
brunocampos-ssa/zabbix-api,4113.0,4076.0,1.0,0.0,0,0,0,62.0,1.0476190476190477,0.0,0.0
brunoribeiro/sql-parser,4719.0,4721.0,0.08633093525179857,0.0,0,0,0,2375.0,1.0710594315245479,0.0,0.0
brunosimoes/jPaintbrush,4222.0,4220.0,0.0,0.0,0,0,0,34.0,0.0,0.0,0.0
brutall/brut.j.common,5566.0,5561.0,1.2,0.0,0,0,0,40.0,1.2307692307692308,0.0,0.0
brutall/brut.j.util,5566.0,5560.0,1.0,0.0,0,0,0,34.0,0.0,0.0,0.0
bruth/mimeparse,5054.0,5054.0,0.5,0.0,0,0,0,68.0,0.8,0.0,0.0
brwe/es-token-plugin,3959.0,3462.0,2.5,0.0,0,0,0,2375.0,1.9095394736842106,0.0,0.0
bryantdo/LightsCameraAction,4114.0,3563.0,0.5,0.0,0,0,0,38.0,0.0,0.0,0.0
bryanwagner/string-dump,3943.0,3740.0,0.3333333333333333,0.0,0,0,0,18.0,0.0,0.0,0.0
bryonjacob/graphviz-maven-plugin,5459.0,5458.0,1.5,0.0,0,0,0,226.0,0.45161290322580644,0.0,0.0
bsaunder/JEE6DiveLog,4913.0,3990.0,1.0,0.0,0,0,0,1152.0,0.0,0.0,0.0
bsaunder/camel,3994.0,3912.0,0.0,0.0,0,0,0,1322.0,1.0648148148148149,0.0,0.0
bsblabs/embed-for-vaadin,5027.0,3841.0,2.1666666666666665,0.0,0,0,0,262.0,1.0,0.0,0.0
bserdar/check-release-plugin,4641.0,4388.0,0.5,0.0,0,0,0,110.0,1.7333333333333334,0.0,0.0
bserdar/jiff,3693.0,3547.0,1.0,0.0,0,0,0,110.0,1.8620689655172413,0.0,0.0
bserdar/pomutil,4674.0,3483.0,0.5,0.0,0,0,0,97.0,1.6666666666666667,0.0,0.0
bsergent/Revise,4385.0,4385.0,0.0,0.0,0,0,0,242.0,0.0,0.0,0.0
bsideup/groovy-macro-methods,4119.0,3984.0,5.0,0.0,0,0,0,88.0,0.0,0.0,0.0
bsumath/julia,3861.0,3586.0,0.0,0.0,0,0,0,508.0,1.2278481012658229,0.0,0.0
btnguyen2k/queue-server,3844.0,3582.0,0.5,0.0,0,0,0,182.0,0.0,0.0,0.0
btrplace/scheduler,4676.0,3475.0,4.833333333333333,0.0,0,0,0,4800.0,2.322232223222322,0.0,0.0
bubblecloud/ilves-war-seed,4013.0,3580.0,0.5,0.0,0,0,0,247.0,3.9285714285714284,0.0,0.0
bucharest-jug/dropwizard-todo,4844.0,4823.0,1.7959183673469388,0.0,0,0,0,367.0,1.2946428571428572,0.0,0.0
budius/ChromecastConverter,4278.0,3475.0,2.6,0.0,0,0,0,167.0,1.1886792452830188,0.0,0.0
buffetboy2001/Control-Component-Library,4130.0,4103.0,0.0,0.0,0,0,0,248.0,0.0,0.0,0.0
bugbash/selenium-kiwix,4120.0,4115.0,0.36363636363636365,0.0,0,0,0,109.0,1.2647058823529411,0.0,0.0
buggtb/pentaho-mondrian4-plugin,3989.0,3829.0,0.0,0.0,0,0,0,66.0,0.0,0.0,0.0
bugsio/confluence-domain-booster-plugin,4285.0,4273.0,0.0,0.0,0,0,0,98.0,0.0,0.0,0.0
bullhorn/dataloader,3725.0,3463.0,7.0,0.0,0,0,0,339.0,2.671232876712329,0.0,0.0
bunkenburg/csv,5234.0,4003.0,0.6666666666666666,0.0,0,0,0,50.0,0.0,0.0,0.0
bunnyblue/SerializableParcelableGenerator,3929.0,3922.0,2.25,0.0,0,0,0,90.0,0.0,0.0,0.0
burakgon/GCM-Notification-Sender,3809.0,3807.0,6.0,0.0,0,0,0,64.0,0.17647058823529413,0.0,0.0
burakgon/one-way-authenticator,3816.0,3809.0,2.0,0.0,0,0,0,84.0,0.6060606060606061,0.0,0.0
burakince/open-course-organizer,4532.0,4495.0,0.0,0.0,0,0,0,556.0,2.1029411764705883,0.0,0.0
burakisikli/Shrimp,4455.0,3923.0,0.0,0.0,0,0,0,54.0,1.1111111111111112,0.0,0.0
buremba/swagger-slate,3711.0,3463.0,4.0,0.0,0,0,0,93.0,1.2758620689655173,0.0,0.0
burning-duck/spring-social-gitlab,3961.0,3559.0,0.3333333333333333,0.0,0,0,0,466.0,0.6896551724137931,0.0,0.0
burp-hash/burp-hash,3867.0,3785.0,6.666666666666667,0.0,0,0,0,76.0,0.05263157894736842,0.0,0.0
buterfleoge/whale,3661.0,3470.0,0.6,0.0,0,0,0,581.0,1.1176470588235294,0.0,0.0
buzzxu/resteasy-netty-guice,4297.0,4044.0,1.0,0.0,0,0,0,114.0,1.3142857142857143,0.0,0.0
bviktor/azupload,4346.0,4116.0,0.6,0.0,0,0,0,750.0,0.0,0.0,0.0
bwaldvogel/liblinear-java,6265.0,3572.0,2.1294117647058823,0.0,0,0,0,185.0,1.3392857142857142,0.0,0.0
bwaldvogel/log4j-systemd-journal-appender,4082.0,3522.0,2.0,0.0,0,0,0,121.0,1.7272727272727273,0.0,0.0
bwolf/resubmissionar-angular,4179.0,3801.0,0.5,0.0,0,0,0,1021.0,1.0813253012048192,0.0,0.0
bytecode-mike/docker-b00t,3819.0,3700.0,0.0,0.0,0,0,0,259.0,0.8369565217391305,0.0,0.0
bytedeco/procamtracker,4256.0,3463.0,0.8571428571428571,0.0,0,0,0,278.0,5.5675675675675675,0.0,0.0
bytefish/PgBulkInsert,3604.0,3466.0,0.5,0.0,0,0,0,276.0,0.0,0.0,0.0
bywan/trello-java-wrapper,4610.0,3466.0,1.16,0.0,0,0,0,204.0,1.21875,0.0,0.0
c0d3br34k3r/magic,3885.0,3483.0,0.0,0.0,0,0,0,70.0,0.0,0.0,0.0
c11/lcms,3951.0,3832.0,0.0,0.0,0,0,0,106.0,0.0,0.0,0.0
cBioPortal/genome-nexus,3743.0,3545.0,0.3333333333333333,0.0,0,0,0,172.0,3.272727272727273,0.0,0.0
caarlos0/jProtractor,4163.0,3618.0,0.8,0.0,0,0,0,217.0,1.0845070422535212,0.0,0.0
cacciatc/happiNES-dev,5420.0,5320.0,3.0,0.0,0,0,0,1924.0,0.0,0.0,0.0
caelum/vraptor-scala-mydvds,5445.0,5443.0,1.3333333333333333,0.0,0,0,0,518.0,0.0,0.0,0.0
caelwinner/spring-mvc-utils,4012.0,3574.0,0.0,0.0,0,0,0,128.0,2.0625,0.0,0.0
caffecoder/macaddr-applet,4595.0,4521.0,0.75,0.0,0,0,0,16.0,0.25,0.0,0.0
caipiao/Lottery,4410.0,4410.0,1.6666666666666667,0.0,0,0,0,5462.0,0.0,0.0,0.0
caius/jruby-stemmer,4702.0,4612.0,2.5,0.0,0,0,0,32.0,0.0,0.0,0.0
calavera/lighthouse-api-java-client,6182.0,6177.0,1.3333333333333333,0.0,0,0,0,60.0,0.9523809523809523,0.0,0.0
calavera/maven-mirah-plugin,5498.0,5488.0,1.6666666666666667,0.0,0,0,0,22.0,0.0,0.0,0.0
callista-software/spring-saml,4674.0,4450.0,0.5,0.0,0,0,0,70.0,0.88,0.0,0.0
callistaenterprise/activemq-labs,4347.0,4346.0,0.0,0.0,0,0,0,40.0,0.0,0.0,0.0
callistaenterprise/blog-microservices,3939.0,3482.0,1.0229007633587786,0.0,0,0,0,712.0,0.0,0.0,0.0
callistaenterprise/blog-non-blocking-rest-service-with-spring-mvc,4260.0,4051.0,0.8,0.0,0,0,0,322.0,0.0,0.0,0.0
callumhutchy/Runecraft-2,4172.0,3653.0,0.5,0.0,0,0,0,8233.0,0.18608972657286965,0.0,0.0
calmattoso/INF1636,4254.0,4208.0,0.3333333333333333,0.0,0,0,0,262.0,0.0,0.0,0.0
calrissian/mango,4645.0,3498.0,1.375,0.0,0,0,0,937.0,1.2717770034843205,0.0,0.0
calrissian/rest-doclet,4175.0,3498.0,0.35714285714285715,0.0,0,0,0,437.0,3.289156626506024,0.0,0.0
cambierr/OvhApi,3774.0,3498.0,0.3333333333333333,0.0,0,0,0,301.0,2.9672131147540983,0.0,0.0
camelinaction/camelinaction2,3815.0,3487.0,1.4838709677419355,0.0,0,0,0,6172.0,0.0,0.0,0.0
cameronbraid/wordpress-java,5087.0,3537.0,0.8333333333333334,0.0,0,0,0,320.0,0.3333333333333333,0.0,0.0
cameronhunter/glacier-cli,4779.0,4771.0,1.0,0.0,0,0,0,291.0,2.578125,0.0,0.0
camliu89/wms,4612.0,4612.0,0.125,0.0,0,0,0,112.0,0.0,0.0,0.0
campaignmonitor/createsend-java,5406.0,3471.0,0.6666666666666666,0.0,0,0,0,493.0,1.09375,0.0,0.0
camposer/curso_pr_persistence,4317.0,4312.0,0.0,0.0,0,0,0,142.0,0.0,0.0,0.0
camunda/camunda-bpm-camel,4530.0,3464.0,0.9047619047619048,0.0,0,0,0,645.0,1.235,0.0,0.0
camunda/camunda-bpm-elasticsearch,4409.0,3872.0,0.8333333333333334,0.0,0,0,0,625.0,1.2487046632124352,0.0,0.0
camunda/camunda-bpmn-model,4364.0,3463.0,1.4,0.0,0,0,0,2513.0,1.2493540051679586,0.0,0.0
camunda/camunda-cmmn-model,4226.0,3472.0,0.2,0.0,0,0,0,1166.0,1.2534818941504178,0.0,0.0
camunda/camunda-cockpit-plugins,4142.0,3707.0,0.0,0.0,0,0,0,480.0,0.0,0.0,0.0
camunda/camunda-dmn-model,3848.0,3472.0,1.3333333333333333,0.0,0,0,0,1057.0,1.2584615384615385,0.0,0.0
camunda/camunda-dmn-xlsx,3650.0,3609.0,1.3333333333333333,0.0,0,0,0,278.0,1.3734939759036144,0.0,0.0
camunda/camunda-eclipse-plugin,4660.0,3653.0,1.0,0.0,0,0,0,2888.0,0.0,0.0,0.0
camunda/camunda-get-started,4271.0,3489.0,0.125,0.0,0,0,0,82.0,1.6521739130434783,0.0,0.0
camunda/camunda-get-started-javaee,4277.0,3489.0,0.6666666666666666,0.0,0,0,0,101.0,1.6785714285714286,0.0,0.0
camunda/camunda-xml-model,4226.0,3472.0,0.0,0.0,0,0,0,638.0,1.1372549019607843,0.0,0.0
canhnt/gaaa-tk,4710.0,4681.0,0.0,0.0,0,0,0,322.0,0.0,0.0,0.0
canoo/code-of-gotham,3892.0,3476.0,1.3333333333333333,0.0,0,0,0,214.0,0.07692307692307693,0.0,0.0
caoli5288/AntiSendPacket,3978.0,3964.0,0.0,0.0,0,0,0,53.0,1.2352941176470589,0.0,0.0
caoli5288/ChestSQL,4250.0,4242.0,0.0,0.0,0,0,0,32.0,0.0,0.0,0.0
caoli5288/PlayerSQL,4052.0,3493.0,0.8461538461538461,0.0,0,0,0,64.0,0.0,0.0,0.0
caoli5288/ProtectPlugin,4046.0,3925.0,0.7,0.0,0,0,0,104.0,0.0,0.0,0.0
caoli5288/economy,3494.0,3466.0,0.0,0.0,0,0,0,60.0,0.0,0.0,0.0
caoli5288/slashlimit,3588.0,3499.0,0.0,0.0,0,0,0,32.0,0.0,0.0,0.0
caoqianli/apk-parser,4357.0,3483.0,2.7115384615384617,0.0,0,0,0,553.0,3.3883495145631066,0.0,0.0
capezzbr/persistent-connection-daemon,4260.0,4249.0,1.6666666666666667,0.0,0,0,0,94.0,0.0,0.0,0.0
cardillo/joinery,4062.0,3590.0,2.5294117647058822,0.0,0,0,0,410.0,2.0,0.0,0.0
caricah/iotracah,3784.0,3561.0,0.25,0.0,0,0,0,1047.0,0.9716713881019831,0.0,0.0
carl-ellis/JEnigma,5451.0,5153.0,1.0,0.0,0,0,0,30.0,0.0,0.0,0.0
carlos-gb/POIUtils,3946.0,3714.0,0.0,0.0,0,0,0,177.0,0.2948717948717949,0.0,0.0
carlosedusousa/curso-java-fonts,4140.0,4089.0,0.0,0.0,0,0,0,1914.0,0.0,0.0,0.0
carlossg/jroller-export,5544.0,5543.0,1.5,0.0,0,0,0,35.0,0.6428571428571429,0.0,0.0
carlphilipp/stock-tracker,4583.0,3463.0,1.5,0.0,0,0,0,582.0,0.0,0.0,0.0
carlspring/commons-io,3751.0,3535.0,0.5,0.0,0,0,0,163.0,1.1730769230769231,0.0,0.0
carrotsearch/hppc,5410.0,3624.0,5.673076923076923,0.0,0,0,0,4102.0,15.843478260869565,0.0,0.0
carschno/predicates,3943.0,3906.0,0.0,0.0,0,0,0,138.0,1.1818181818181819,0.0,0.0
cartwrightian/cfnassist,4438.0,3499.0,4.75,0.0,0,0,0,508.0,0.0,0.0,0.0
carymrobbins/intellij-haskforce,4366.0,3464.0,13.434782608695652,0.0,0,0,0,3045.0,0.0006565988181221273,0.0,0.0
caseif/Steel,3880.0,3469.0,1.0,0.0,0,0,0,182.0,0.0,0.0,0.0
cash1981/civilization-boardgame-rest,4136.0,3471.0,0.8333333333333334,0.0,0,0,0,426.0,0.993006993006993,0.0,0.0
caskdata/cdap-ingest,4142.0,3786.0,0.5,0.0,0,0,0,1299.0,1.0468384074941453,0.0,0.0
caskdata/cdap-packs,4105.0,3503.0,2.0,0.0,0,0,0,218.0,0.0,0.0,0.0
caskdata/hydrator-plugins,3792.0,3462.0,1.1428571428571428,0.0,0,0,0,2792.0,1.4366543665436655,0.0,0.0
caskdata/netty-http,4157.0,3511.0,1.6363636363636365,0.0,0,0,0,252.0,1.7352941176470589,0.0,0.0
casmi/casmi-examples,5250.0,4335.0,0.6666666666666666,0.0,0,0,0,310.0,1.2842105263157895,0.0,0.0
casmi/cytoband-view,5219.0,3798.0,0.5,0.0,0,0,0,81.0,1.1923076923076923,0.0,0.0
castagna/EARQ,5547.0,5375.0,2.6666666666666665,0.0,0,0,0,401.0,2.154639175257732,0.0,0.0
castagna/GeoARQ,5534.0,5527.0,1.25,0.0,0,0,0,275.0,2.540983606557377,0.0,0.0
castagna/SARQ,5561.0,5375.0,5.666666666666667,0.0,0,0,0,263.0,1.7857142857142858,0.0,0.0
castagna/hbase-rdf,5480.0,4892.0,2.2222222222222223,0.0,0,0,0,1156.0,0.017421602787456445,0.0,0.0
castagna/jena-examples,5180.0,3764.0,1.8461538461538463,0.0,0,0,0,229.0,1.0,0.0,0.0
castagna/mr-pagerank,5377.0,3567.0,1.0,0.0,0,0,0,130.0,0.0,0.0,0.0
castagna/mr-wordcount-example,5449.0,5445.0,0.3333333333333333,0.0,0,0,0,70.0,0.0,0.0,0.0
castrinho8/ATM_network_simulator,4467.0,4467.0,0.0,0.0,0,0,0,964.0,0.0,0.0,0.0
casz/chess,4205.0,4205.0,0.0,0.0,0,0,0,120.0,1.05,0.0,0.0
catageek/ByteCartAPI,4462.0,3892.0,0.0,0.0,0,0,0,228.0,1.1944444444444444,0.0,0.0
catalinboja/cts-sourcecode,3915.0,3906.0,0.5,0.0,0,0,0,260.0,0.0,0.0,0.0
cbeams-archive/spring-framework-2.5.x,5485.0,5483.0,0.23076923076923078,0.0,0,0,0,13568.0,0.0,0.0,0.0
cbensemann/SimpleBPM,4255.0,3555.0,0.0,0.0,0,0,0,80.0,0.0,0.0,0.0
cbopp/gwt-taglist,4224.0,4205.0,0.0,0.0,0,0,0,206.0,1.2,0.0,0.0
cbrun/baseliner,4306.0,3462.0,1.5,0.0,0,0,0,334.0,0.03636363636363636,0.0,0.0
cbrun/org.eclipse.ecoretools.performance,4155.0,3830.0,0.0,0.0,0,0,0,186.0,0.0,0.0,0.0
cbsrbiobank/platedecoder,3791.0,3624.0,0.0,0.0,0,0,0,290.0,0.11594202898550725,0.0,0.0
cbuntain/ncaa_football_predictor,4672.0,4672.0,0.0,0.0,0,0,0,192.0,0.0,0.0,0.0
ccascone/JNetMan,4665.0,3939.0,1.0,0.0,0,0,0,78.0,0.0,0.0,0.0
cccties/chilo-producer,3900.0,3471.0,1.0,0.0,0,0,0,385.0,0.44936708860759494,0.0,0.0
cdap-guides/cdap-bi-guide,4080.0,3503.0,0.6666666666666666,0.0,0,0,0,104.0,1.1176470588235294,0.0,0.0
cdeptula/tdeoutputplugin,4404.0,3582.0,1.6666666666666667,0.0,0,0,0,44.0,0.09090909090909091,0.0,0.0
cdparra/reminiscens-lifeapi,4515.0,4270.0,0.0,0.0,0,0,0,660.0,0.0,0.0,0.0
cduicu/play-jaas,4785.0,4197.0,1.2,0.0,0,0,0,130.0,0.0,0.0,0.0
cedricvidal/jgitflow-semver,3704.0,3626.0,0.5,0.0,0,0,0,120.0,0.0,0.0,0.0
ceefour/webdav-servlet,5210.0,3959.0,1.2222222222222223,0.0,0,0,0,188.0,0.0,0.0,0.0
celi-uim/uima-drools,4949.0,4948.0,4.0,0.0,0,0,0,109.0,1.0833333333333333,0.0,0.0
celiafi/idiot,3959.0,3486.0,0.0,0.0,0,0,0,34.0,0.0,0.0,0.0
cenobites/struts2-json-plugin,4365.0,4361.0,2.5,0.0,0,0,0,334.0,1.6923076923076923,0.0,0.0
centic9/commons-test,3882.0,3472.0,0.5,0.0,0,0,0,192.0,1.2881355932203389,0.0,0.0
centralnic/spec5-reserved-names,4403.0,3982.0,0.8333333333333334,0.0,0,0,0,106.0,0.0,0.0,0.0
cernops/flume-timestamp-filter,4089.0,3853.0,0.0,0.0,0,0,0,54.0,1.2941176470588236,0.0,0.0
cert-se/megatron-java,4546.0,3895.0,4.2,0.0,0,0,0,1128.0,0.007104795737122558,0.0,0.0
cescoffier/vertx-intro-to-async-api,3779.0,3779.0,0.5,0.0,0,0,0,151.0,1.2553191489361701,0.0,0.0
cesquivias/mumbler,4095.0,3488.0,6.5,0.0,0,0,0,274.0,0.0,0.0,0.0
ceylon/ceylon-dist,5117.0,3473.0,1.5,0.0,0,0,0,302.0,0.0,0.0,0.0
cf-platform-eng/vrealize-service-broker-full,3737.0,3472.0,0.6666666666666666,0.0,0,0,0,239.0,1.0897435897435896,0.0,0.0
cfelde/CoherenceBloom,4514.0,4514.0,0.6666666666666666,0.0,0,0,0,50.0,0.0,0.0,0.0
cfelde/Cron4Joda,4504.0,4442.0,0.0,0.0,0,0,0,38.0,0.0,0.0,0.0
cfg4j/cfg4j-sample-apps,3841.0,3494.0,0.4444444444444444,0.0,0,0,0,409.0,1.7363636363636363,0.0,0.0
cfloersch/RtspClient,3909.0,3893.0,0.3333333333333333,0.0,0,0,0,186.0,0.0,0.0,0.0
cfmlprojects/runwar,4235.0,3473.0,0.0,0.0,0,0,0,188.0,0.0,0.0,0.0
cgfalcon/fluentexcel,4468.0,4325.0,1.0,0.0,0,0,0,100.0,0.08163265306122448,0.0,0.0
cgi-soa-masterclass/onlinepay,4306.0,4270.0,0.0,0.0,0,0,0,237.0,1.1866666666666668,0.0,0.0
cgiannoula/database-project,3510.0,3497.0,0.0,0.0,0,0,0,56.0,0.0,0.0,0.0
cgoldberg/netplot,4637.0,4637.0,0.3333333333333333,0.0,0,0,0,40.0,0.21052631578947367,0.0,0.0
cgutman/tinyrtsp,4241.0,3572.0,1.5,0.0,0,0,0,36.0,0.0,0.0,0.0
chabsiheng/datatable-hibernate-spring,4122.0,4122.0,2.5,0.0,0,0,0,48.0,0.0,0.0,0.0
chadmv/plow,4240.0,4218.0,0.8571428571428571,0.0,0,0,0,1176.0,0.0,0.0,0.0
chaitu236/TakServer,3727.0,3476.0,4.666666666666667,0.0,0,0,0,98.0,1.3333333333333333,0.0,0.0
chanedi/QuickProject,4326.0,3462.0,1.0,0.0,0,0,0,712.0,1.2602739726027397,0.0,0.0
changkejun/efw,3837.0,3665.0,1.3333333333333333,0.0,0,0,0,102.0,0.0,0.0,0.0
chanjarster/tomcat-mongo-access-log,4184.0,4080.0,1.2,0.0,0,0,0,167.0,1.673913043478261,0.0,0.0
chanjarster/weixin-java-tools,4138.0,3479.0,1.4785214785214784,0.0,0,0,0,1116.0,1.1492957746478873,0.0,0.0
chanwookpark/api-gateway,3727.0,3725.0,0.0,0.0,0,0,0,151.0,1.2553191489361701,0.0,0.0
chaoslawful/automatizer,4288.0,4285.0,0.0,0.0,0,0,0,201.0,1.3833333333333333,0.0,0.0
chargebee/chargebee-java,5002.0,3469.0,3.3333333333333335,0.0,0,0,0,918.0,9.21951219512195,0.0,0.0
charite/jannovar,4544.0,3483.0,0.8461538461538461,0.0,0,0,0,3500.0,2.8236914600550964,0.0,0.0
charles-cooper/idylblas,4636.0,4549.0,0.0,0.0,0,0,0,52.0,0.7,0.0,0.0
charles-cooper/idylfin,4650.0,4333.0,2.0,0.0,0,0,0,7155.0,0.2428705734879348,0.0,0.0
charybr/spring-data-rest-acl,4069.0,4067.0,5.333333333333333,0.0,0,0,0,172.0,0.0,0.0,0.0
chazzbg/ingress-bots-public,4250.0,4496.0,0.0,0.0,0,0,0,172.0,0.0,0.0,0.0
chb/i2b2-ssr,4952.0,3821.0,1.0,0.0,0,0,0,1710.0,0.08526187576126674,0.0,0.0
chbachman/ModularArmour,4189.0,3660.0,1.75,0.0,0,0,0,2285.0,1.584639498432602,0.0,0.0
cheeseum-mods/PistonEverything,4469.0,3998.0,0.5,0.0,0,0,0,95.0,1.5925925925925926,0.0,0.0
chelinho139/Tutoriales-Java,4027.0,4027.0,0.3333333333333333,0.0,0,0,0,134.0,0.0,0.0,0.0
chengluyu/sheet,3673.0,3623.0,1.5,0.0,0,0,0,226.0,0.0,0.0,0.0
chengxp3/galaxy,3623.0,3469.0,0.0,0.0,0,0,0,452.0,0.0,0.0,0.0
chenjianjx/freebencher,3628.0,3612.0,2.7857142857142856,0.0,0,0,0,130.0,3.739130434782609,0.0,0.0
chenlb/mmseg4j-solr,4277.0,3558.0,2.1610169491525424,0.0,0,0,0,135.0,1.0444444444444445,0.0,0.0
chenshuo/muduo-protorpc,5025.0,3594.0,1.391304347826087,0.0,0,0,0,402.0,0.0,0.0,0.0
chenzhc/tomcat-redis-session-manager-1.2-tomcat-7,3892.0,3892.0,0.0,0.0,0,0,0,53.0,1.2352941176470589,0.0,0.0
chenzhenyang/aquila,4043.0,4031.0,0.0,0.0,0,0,0,352.0,0.0,0.0,0.0
chetan/UASparser,5324.0,4030.0,1.95,0.0,0,0,0,146.0,1.288888888888889,0.0,0.0
chetan/sewer,5099.0,4485.0,1.5,0.0,0,0,0,306.0,0.0,0.0,0.0
chexagon/redis-session-manager,3861.0,3521.0,0.8571428571428571,0.0,0,0,0,94.0,1.5555555555555556,0.0,0.0
chicm/CmRaft,4048.0,3799.0,1.6666666666666667,0.0,0,0,0,480.0,2.1551724137931036,0.0,0.0
chidmdxx/Subasta-RMI,4448.0,4403.0,0.0,0.0,0,0,0,74.0,0.0,0.0,0.0
chids/logback-messaging-appenders,5792.0,5204.0,4.0,0.0,0,0,0,112.0,0.0,0.0,0.0
childnodeImport/JMWE,4807.0,4807.0,0.0,0.0,0,0,0,232.0,0.0,0.0,0.0
childsb/hdp2-glusterfs,4552.0,4536.0,0.0,0.0,0,0,0,72.0,0.0,0.0,0.0
chillenious/commons,4038.0,3825.0,4.0,0.0,0,0,0,974.0,1.1382636655948553,0.0,0.0
chinageek/maven-archetype-templates,4188.0,4187.0,0.7142857142857143,0.0,0,0,0,142.0,0.0,0.0,0.0
chinashiyu/gfw.press,3530.0,3471.0,4.211267605633803,0.0,0,0,0,100.0,0.0,0.0,0.0
chinnurtb/app-scraper,4389.0,4434.0,0.5,0.0,0,0,0,98.0,0.0,0.0,0.0
chipster/chipster,4669.0,3464.0,0.9166666666666666,0.0,0,0,0,5055.0,0.00039556962025316455,0.0,0.0
chirino/hawtdb,5779.0,4319.0,4.363636363636363,0.0,0,0,0,824.0,1.8962264150943395,0.0,0.0
chitreshkakwani/graphlib,4246.0,3473.0,0.0,0.0,0,0,0,247.0,0.8953488372093024,0.0,0.0
chncwang/easy2db,4158.0,4138.0,1.5,0.0,0,0,0,196.0,1.0,0.0,0.0
chocoteam/choco-parsers,4129.0,3482.0,0.3333333333333333,0.0,0,0,0,560.0,0.0,0.0,0.0
chompi/openrtb2x,4710.0,3462.0,0.24210526315789474,0.0,0,0,0,1064.0,2.247011952191235,0.0,0.0
chonton/testpojo-maven-plugin,3541.0,3475.0,0.0,0.0,0,0,0,118.0,1.8709677419354838,0.0,0.0
chorusjs/main,4222.0,4202.0,4.5,0.0,0,0,0,22.0,0.0,0.0,0.0
chory-amam/slack-capybara,3897.0,3615.0,1.5,0.0,0,0,0,194.0,0.6486486486486487,0.0,0.0
chotchki/pgGallery,5133.0,4993.0,1.1428571428571428,0.0,0,0,0,458.0,1.8016528925619835,0.0,0.0
choudharybikash/TestRepository1,4220.0,3951.0,0.0,0.0,0,0,0,16.0,0.0,0.0,0.0
chpladmin/chpl-api,3912.0,3469.0,0.0,0.0,0,0,0,6226.0,0.0,0.0,0.0
chrisengelsma/3d-painting,3707.0,3702.0,3.5,0.0,0,0,0,248.0,0.9761904761904762,0.0,0.0
chrisgray/dropwizard-consul,4158.0,3611.0,1.5,0.0,0,0,0,583.0,2.7950819672131146,0.0,0.0
chrisguitarguy/Beanstalkc,4364.0,4302.0,0.0,0.0,0,0,0,288.0,0.543859649122807,0.0,0.0
chrislee35/IMAPCrypt,5077.0,3883.0,1.75,0.0,0,0,0,182.0,0.0,0.0,0.0
chrislo27/Stray-core,4010.0,3644.0,1.0,0.0,0,0,0,976.0,0.0,0.0,0.0
chrismattmann/lucene-geo-gazetteer,3862.0,3482.0,1.4285714285714286,0.0,0,0,0,52.0,0.0,0.0,0.0
chrisokasaki/TradeMaximizer,3488.0,3487.0,1.0,0.0,0,0,0,30.0,0.13333333333333333,0.0,0.0
chrisphelps/Sudoku-java,4575.0,4506.0,0.0,0.0,0,0,0,50.0,0.0,0.0,0.0
chrisribble/uds-example-app,4229.0,4227.0,0.3333333333333333,0.0,0,0,0,965.0,8.072916666666666,0.0,0.0
chrissd23/play-publisher-bootstrapper,4078.0,4050.0,2.0,0.0,0,0,0,55.0,0.85,0.0,0.0
chrisstopher/TextEditor,4425.0,4282.0,0.5,0.0,0,0,0,76.0,0.0,0.0,0.0
christ66/cobertura,4785.0,3484.0,0.10897435897435898,0.0,0,0,0,858.0,0.0,0.0,0.0
christian-lefty/funbase,3714.0,3535.0,0.5,0.0,0,0,0,150.0,2.342857142857143,0.0,0.0
christiangda/pigiptools,3800.0,3772.0,1.0,0.0,0,0,0,220.0,1.1267605633802817,0.0,0.0
christinef/CACHECA,3959.0,3596.0,1.6666666666666667,0.0,0,0,0,58.0,0.0,0.0,0.0
christophe-martel/fa-tax-computation,3581.0,3580.0,0.0,0.0,0,0,0,302.0,0.0,0.0,0.0
christophstrobl/junit-example,4298.0,4289.0,0.0,0.0,0,0,0,124.0,0.13559322033898305,0.0,0.0
chrisvest/nanopool,6425.0,4267.0,4.0,0.0,0,0,0,180.0,0.0,0.0,0.0
chrisyco/duckshop,5288.0,4988.0,0.6666666666666666,0.0,0,0,0,152.0,0.0,0.0,0.0
chronakis/time-utils,5006.0,4372.0,1.0,0.0,0,0,0,84.0,2.7777777777777777,0.0,0.0
chschmitz/cycles-maven-plugin,4798.0,4239.0,1.0,0.0,0,0,0,140.0,0.0,0.0,0.0
chubbard/WatchTask,4323.0,3759.0,3.0,0.0,0,0,0,65.0,1.1904761904761905,0.0,0.0
chudooder/FEMultiplayer,4408.0,4291.0,1.1111111111111112,0.0,0,0,0,1778.0,0.0,0.0,0.0
chuidiang/chuidiang-ejemplos,4327.0,3475.0,0.125,0.0,0,0,0,1194.0,0.0,0.0,0.0
chungkwong/MathOCR,3925.0,3866.0,3.3333333333333335,0.0,0,0,0,360.0,0.0,0.0,0.0
chylex/Java-Checker,4021.0,3461.0,1.6666666666666667,0.0,0,0,0,111.0,1.6451612903225807,0.0,0.0
cihanblt/ideal_repo,3703.0,3654.0,0.5,0.0,0,0,0,1150.0,0.0,0.0,0.0
cilf/arquillian-java-ee-7-primefaces-5,4086.0,3483.0,0.0,0.0,0,0,0,2176.0,85.12,0.0,0.0
cinchapi/runway,4128.0,4030.0,0.5,0.0,0,0,0,93.0,0.02127659574468085,0.0,0.0
cinchapi/stalk,4176.0,4174.0,0.0,0.0,0,0,0,38.0,0.0,0.0,0.0
cincheo/jsweet,3901.0,3477.0,9.26086956521739,0.0,0,0,0,1391.0,1.4142156862745099,0.0,0.0
cincheo/jsweet-eclipse-plugin,3651.0,3491.0,1.3333333333333333,0.0,0,0,0,74.0,0.0,0.0,0.0
cincheo/jsweet-quickstart,3675.0,3479.0,0.8,0.0,0,0,0,33.0,0.1875,0.0,0.0
cinovo/cloudconductor-agent-redhat,4317.0,3806.0,1.5,0.0,0,0,0,249.0,1.0987654320987654,0.0,0.0
cinovo/cloudconductor-server,4317.0,3609.0,2.5,0.0,0,0,0,1228.0,1.2887700534759359,0.0,0.0
cisco-open-source/selenium,4066.0,3558.0,1.75,0.0,0,0,0,20882.0,0.0,0.0,0.0
cisco/ASAssets_Utilities,4248.0,3608.0,0.16666666666666666,0.0,0,0,0,2300.0,0.0,0.0,0.0
cisco/PDTool,4296.0,3498.0,0.16666666666666666,0.0,0,0,0,6538.0,0.0,0.0,0.0
cisco/jfnr,4095.0,3681.0,0.4,0.0,0,0,0,80.0,2.1,0.0,0.0
cismet/cids-custom-wuppertal,4875.0,3466.0,0.0,0.0,0,0,0,2172.0,0.0,0.0,0.0
citerus/dddsample-core,3971.0,3507.0,2.598360655737705,0.0,0,0,0,1201.0,1.591044776119403,0.0,0.0
citiususc/frog,3739.0,3673.0,2.5,0.0,0,0,0,154.0,1.25,0.0,0.0
citizenmatt/TeamPiazza,5005.0,4987.0,1.0,0.0,0,0,0,110.0,0.0,0.0,0.0
cityzendata/collectd-plugin-warp10,3617.0,3534.0,0.0,0.0,0,0,0,14.0,0.0,0.0,0.0
civitaspo/embulk-output-sftp,3728.0,3556.0,0.4,0.0,0,0,0,115.0,0.6,0.0,0.0
cjjava/cjoop-proguard,3556.0,3552.0,0.5,0.0,0,0,0,186.0,1.0819672131147542,0.0,0.0
cjwizard/cjwizard,4891.0,3629.0,1.375,0.0,0,0,0,250.0,2.581818181818182,0.0,0.0
ckaktus/GdR,4043.0,3929.0,0.0,0.0,0,0,0,20.0,0.0,0.0,0.0
claesn/ir2015,3705.0,3596.0,0.1111111111111111,0.0,0,0,0,126.0,0.0,0.0,0.0
clarkparsia/sparql-proxy,4611.0,4611.0,0.5,0.0,0,0,0,55.0,1.0,0.0,0.0
classtag/learn_akka,3712.0,3712.0,1.25,0.0,0,0,0,98.0,0.0,0.0,0.0
classtag/learn_spring_multi_cache,3711.0,3711.0,0.3333333333333333,0.0,0,0,0,93.0,0.96875,0.0,0.0
claudemamo/mule-transport-zeromq,4946.0,4292.0,0.5,0.0,0,0,0,136.0,0.0,0.0,0.0
clearbit/clearbit-java,3702.0,3472.0,1.0,0.0,0,0,0,148.0,2.411764705882353,0.0,0.0
clearcapital/oss-commands,3555.0,3479.0,0.25,0.0,0,0,0,34.0,0.0,0.0,0.0
clearcapital/oss-dropwizard-helpers,3555.0,3494.0,0.25,0.0,0,0,0,26.0,0.0,0.0,0.0
clearcapital/oss-http-client,3555.0,3461.0,0.25,0.0,0,0,0,46.0,0.0,0.0,0.0
clearnlp/clearnlp-demo,4419.0,4315.0,0.2,0.0,0,0,0,104.0,0.8648648648648649,0.0,0.0
clearnlp/clearnlp-dictionary,4508.0,4418.0,0.2,0.0,0,0,0,100.0,0.9142857142857143,0.0,0.0
clearstorydata/clearstorydata-and-google-cloud-dataflow-connector,3779.0,3779.0,0.0,0.0,0,0,0,78.0,0.0,0.0,0.0
clescot/metrics-example,4406.0,4405.0,1.0,0.0,0,0,0,123.0,2.6296296296296298,0.0,0.0
cletus/jmd,5826.0,5824.0,5.2,0.0,0,0,0,282.0,1.380952380952381,0.0,0.0
cli/sonews,4388.0,3521.0,3.5,0.0,0,0,0,773.0,1.0753968253968254,0.0,0.0
clinstid/energydashws,4456.0,4327.0,0.5,0.0,0,0,0,123.0,0.717391304347826,0.0,0.0
clodbrasilino/eficiencia-energetica-web,3876.0,3539.0,0.0,0.0,0,0,0,470.0,0.0,0.0,0.0
clohfink/RendezvousHash,4359.0,3877.0,3.4285714285714284,0.0,0,0,0,70.0,0.88,0.0,0.0
cloocher/graylog4j,5332.0,5298.0,0.5,0.0,0,0,0,27.0,0.6363636363636364,0.0,0.0
clopezno/poolobject,4337.0,3561.0,0.1,0.0,0,0,0,34.0,0.0,0.0,0.0
cloudant/java-cloudant,4143.0,3463.0,1.0769230769230769,0.0,0,0,0,665.0,0.875,0.0,0.0
cloudbees-attic/glassfish3-clickstack,4826.0,4513.0,0.25,0.0,0,0,0,84.0,0.0,0.0,0.0
cloudbees-attic/spring-load-time-weaving-clickstart,4539.0,4311.0,1.5,0.0,0,0,0,87.0,0.5428571428571428,0.0,0.0
cloudbees-attic/wildfly-clickstack,4432.0,4212.0,0.0,0.0,0,0,0,78.0,0.0,0.0,0.0
cloudcentric/bigmap,4344.0,4222.0,1.25,0.0,0,0,0,143.0,0.23076923076923078,0.0,0.0
cloudcentric/blacksmith,4302.0,4215.0,0.5,0.0,0,0,0,477.0,1.0316455696202531,0.0,0.0
cloudera/RecordBreaker,5548.0,4173.0,4.121212121212121,0.0,0,0,0,7004.0,0.0,0.0,0.0
cloudera/director-google-plugin,3953.0,3464.0,0.5,0.0,0,0,0,269.0,1.2261904761904763,0.0,0.0
cloudera/director-spi-tck,3860.0,3616.0,0.0,0.0,0,0,0,148.0,1.3333333333333333,0.0,0.0
cloudera/flume,5668.0,4497.0,4.7444444444444445,0.0,0,0,0,2000.0,0.0,0.0,0.0
cloudera/oryx,4418.0,3558.0,3.538057742782152,0.0,0,0,0,4501.0,3.3226950354609928,0.0,0.0
cloudera/sentry,4749.0,3479.0,1.0434782608695652,0.0,0,0,0,416.0,0.16580310880829016,0.0,0.0
cloudera/sqoop2,4669.0,3479.0,0.4375,0.0,0,0,0,1588.0,1.1927710843373494,0.0,0.0
cloudfakers/rhymestore,5534.0,4234.0,3.6666666666666665,0.0,0,0,0,312.0,0.1958041958041958,0.0,0.0
cloudfoundry-community/java-service-broker-example,4483.0,4480.0,0.4,0.0,0,0,0,20.0,0.0,0.0,0.0
cloudfoundry-community/postgresql-cf-service-broker,3898.0,3597.0,1.0,0.0,0,0,0,119.0,1.1842105263157894,0.0,0.0
cloudfoundry-samples/hello-spring-cloud,4214.0,3480.0,0.5,0.0,0,0,0,55.0,1.1666666666666667,0.0,0.0
cloudkeeper-project/cloudkeeper,3602.0,3474.0,0.8,0.0,0,0,0,4157.0,1.7267025089605734,0.0,0.0
cloudsoft/brooklyn-tosca,3749.0,3476.0,0.4,0.0,0,0,0,1270.0,3.129032258064516,0.0,0.0
cloudsoft/winrm4j,3920.0,3476.0,1.6666666666666667,0.0,0,0,0,396.0,2.422222222222222,0.0,0.0
cltl/EventCoreference,4434.0,3462.0,0.5,0.0,0,0,0,762.0,0.0,0.0,0.0
cltl/KafSaxParser,4541.0,3464.0,0.3333333333333333,0.0,0,0,0,782.0,0.0,0.0,0.0
cltl/OntoTagger,4542.0,3493.0,0.5,0.0,0,0,0,137.0,0.23809523809523808,0.0,0.0
clulab/banner,4065.0,3946.0,3.0,0.0,0,0,0,1394.0,0.0,0.0,0.0
clwillingham/java-socket.io.client,5259.0,4924.0,1.0363636363636364,0.0,0,0,0,154.0,0.0,0.0,0.0
clxy/BigFileUploadJava,4522.0,4438.0,1.205128205128205,0.0,0,0,0,92.0,1.2413793103448276,0.0,0.0
cmader/qSKOS,5383.0,4012.0,5.0,0.0,0,0,0,426.0,0.0,0.0,0.0
cmalai/pde-examples,4155.0,3704.0,0.0,0.0,0,0,0,256.0,0.0,0.0,0.0
cmccabe/jni_based_unix_groups_mapping_test,4561.0,4066.0,0.0,0.0,0,0,0,39.0,1.7272727272727273,0.0,0.0
cmccoy/startreerenaissance,4306.0,4271.0,0.6666666666666666,0.0,0,0,0,278.0,0.0,0.0,0.0
cmoen/mallet,4133.0,3498.0,0.5,0.0,0,0,0,3968.0,2.377067254685777,0.0,0.0
cmullins/song_recognition,4828.0,4828.0,1.5,0.0,0,0,0,585.0,1.1058201058201058,0.0,0.0
cn/GB2260.java,3668.0,3610.0,3.0,0.0,0,0,0,74.0,1.04,0.0,0.0
coadetiloye/Crossbow,5779.0,5779.0,0.5,0.0,0,0,0,336.0,0.0,0.0,0.0
coast-team/replication-benchmarker,4939.0,3602.0,1.25,0.0,0,0,0,2925.0,1.248612652608213,0.0,0.0
cocoxu/multip,3988.0,3475.0,1.0,0.0,0,0,0,182.0,0.0,0.0,0.0
cocuh/intellij-background-chibichara,3797.0,3787.0,12.5,0.0,0,0,0,42.0,0.0,0.0,0.0
code-brewery/java-ormen,3759.0,3710.0,0.0,0.0,0,0,0,123.0,1.2894736842105263,0.0,0.0
code-disaster/steamworks4j,4139.0,3467.0,8.933333333333334,0.0,0,0,0,740.0,2.524390243902439,0.0,0.0
code-distillery/aem-sample-project,4049.0,4036.0,0.0,0.0,0,0,0,178.0,1.2727272727272727,0.0,0.0
code-distillery/baselining-maven-plugin,4325.0,3539.0,1.2,0.0,0,0,0,241.0,1.3287671232876712,0.0,0.0
code-orchestra/colt-as,4526.0,3681.0,1.5555555555555556,0.0,0,0,0,444.0,0.0,0.0,0.0
code-up/the-code-bar,4313.0,4313.0,0.0,0.0,0,0,0,118.0,0.0,0.0,0.0
code4craft/jsoup-learning,4490.0,4345.0,2.0,0.0,0,0,0,647.0,1.98159509202454,0.0,0.0
code4craft/xsoup,4489.0,3500.0,2.0689655172413794,0.0,0,0,0,286.0,3.877551020408163,0.0,0.0
codebennet/Namecheap-DNS-Java-API,5081.0,4989.0,3.0,0.0,0,0,0,128.0,0.0,0.0,0.0
codeborne/mobileid,5073.0,3678.0,1.0,0.0,0,0,0,290.0,2.2318840579710146,0.0,0.0
codebox/javabean-tester,5242.0,3684.0,0.9090909090909091,0.0,0,0,0,6.0,0.0,0.0,0.0
codebox/readable-regex,5101.0,3684.0,2.0,0.0,0,0,0,24.0,0.0,0.0,0.0
codebulb/Java8PromisesWithCompletableFuture,3795.0,3795.0,0.3333333333333333,0.0,0,0,0,76.0,1.7142857142857142,0.0,0.0
codecentric/edmp-sample-app,3584.0,3482.0,1.0,0.0,0,0,0,73.0,1.4090909090909092,0.0,0.0
codecentric/elasticsearch-shield-kerberos-realm,3710.0,3471.0,1.0,0.0,0,0,0,698.0,10.5,0.0,0.0
codecentric/event-based-shopping-system,3734.0,3712.0,1.125,0.0,0,0,0,346.0,1.2523364485981308,0.0,0.0
codecentric/javafxsvg,3948.0,3479.0,3.0,0.0,0,0,0,68.0,0.3333333333333333,0.0,0.0
codecentric/jenkins-deployment-dashboard-plugin,4155.0,3965.0,1.2,0.0,0,0,0,441.0,1.7226890756302522,0.0,0.0
codefollower/CGroup4j,3628.0,3534.0,3.5,0.0,0,0,0,140.0,1.1555555555555554,0.0,0.0
codefollower/Cassandra-Java-Driver-Research,4400.0,3739.0,1.0555555555555556,0.0,0,0,0,1226.0,0.0,0.0,0.0
codefollower/Cassandra-Research,4564.0,3531.0,2.3142857142857145,0.0,0,0,0,10713.0,1.7504375218760937,0.0,0.0
codefordc/districthousing,4558.0,3536.0,0.543859649122807,0.0,0,0,0,1086.0,0.0,0.0,0.0
codegist/crest,5503.0,5103.0,1.6923076923076923,0.0,0,0,0,3413.0,0.9414298018949182,0.0,0.0
codeine-cd/codeine,4083.0,3486.0,3.3333333333333335,0.0,0,0,0,2026.0,0.9221902017291066,0.0,0.0
codelibs/elasticsearch-dictionary,4035.0,3501.0,2.5,0.0,0,0,0,151.0,2.026315789473684,0.0,0.0
codelibs/elasticsearch-extension,4087.0,3792.0,1.0,0.0,0,0,0,136.0,1.2857142857142858,0.0,0.0
codelibs/elasticsearch-minhash,4104.0,3501.0,3.25,0.0,0,0,0,128.0,1.6111111111111112,0.0,0.0
codelibs/elasticsearch-reindexing,4176.0,3470.0,3.473684210526316,0.0,0,0,0,115.0,1.65625,0.0,0.0
codelibs/elasticsearch-repository-ssh,4028.0,3501.0,2.0,0.0,0,0,0,97.0,1.3,0.0,0.0
codelibs/elasticsearch-river-web,4482.0,3487.0,4.882352941176471,0.0,0,0,0,138.0,0.0,0.0,0.0
codelibs/elasticsearch-taste,4264.0,3501.0,6.75,0.0,0,0,0,851.0,1.3984063745019921,0.0,0.0
codelion/gramtest,3893.0,3560.0,1.1428571428571428,0.0,0,0,0,119.0,2.3214285714285716,0.0,0.0
codenvy/che-core,3917.0,3464.0,0.5555555555555556,0.0,0,0,0,15551.0,2.4873052510098095,0.0,0.0
codenvy/eclipse-plugin,4268.0,3976.0,0.5714285714285714,0.0,0,0,0,342.0,0.0,0.0,0.0
codenvy/platform-api-client-java,4186.0,3490.0,0.3333333333333333,0.0,0,0,0,793.0,1.18,0.0,0.0
codenvy/plugin-datasource,4409.0,3905.0,0.125,0.0,0,0,0,2088.0,2.1468253968253967,0.0,0.0
codepilotde/AdServing,5047.0,5049.0,0.3333333333333333,0.0,0,0,0,2494.0,0.7519294377067255,0.0,0.0
coder-press/crazy-soap,3737.0,3735.0,0.0,0.0,0,0,0,141.0,2.7666666666666666,0.0,0.0
coderion/mongeez-maven-plugin,3571.0,3478.0,0.0,0.0,0,0,0,47.0,1.7692307692307692,0.0,0.0
coderliux/Jpetstore,3654.0,3560.0,0.375,0.0,0,0,0,356.0,0.4189189189189189,0.0,0.0
coderplay/cassandra-bench,3875.0,3506.0,0.0,0.0,0,0,0,84.0,0.0,0.0,0.0
codesearch-github/codesearch,5101.0,4149.0,0.6666666666666666,0.0,0,0,0,1574.0,0.0,0.0,0.0
codetrack-project/codetrack,3905.0,3770.0,0.0,0.0,0,0,0,850.0,1.625531914893617,0.0,0.0
codework/struts2-thymeleaf-plugin,4553.0,3505.0,1.5,0.0,0,0,0,113.0,3.4761904761904763,0.0,0.0
codice/imaging-nitf,4189.0,3487.0,1.0,0.0,0,0,0,3542.0,3.9563025210084035,0.0,0.0
coding4people/mosquito-report-api,3586.0,3561.0,3.5,0.0,0,0,0,503.0,1.15625,0.0,0.0
codingeass/Personal-Encyclopedia,4046.0,4030.0,1.0,0.0,0,0,0,144.0,0.06944444444444445,0.0,0.0
codingtony/impala-jdbc,4165.0,3469.0,0.0,0.0,0,0,0,3924.0,13.704,0.0,0.0
codota/codota-maven-plugin,3738.0,3644.0,0.0,0.0,0,0,0,44.0,0.0,0.0,0.0
codylerum/crm,5232.0,4536.0,1.1666666666666667,0.0,0,0,0,320.0,0.0,0.0,0.0
codylerum/itext-helper,4730.0,4233.0,0.0,0.0,0,0,0,68.0,1.0434782608695652,0.0,0.0
cogitate/twitter-zipkin-uuid,3845.0,3819.0,0.0,0.0,0,0,0,2072.0,0.0,0.0,0.0
cognitivabrasil/Cognix,3591.0,3541.0,0.0,0.0,0,0,0,805.0,0.408955223880597,0.0,0.0
cogroo/cogroo-community,4901.0,4291.0,0.25,0.0,0,0,0,798.0,0.0,0.0,0.0
cogswell-io/cogs-java-tools-sdk,3535.0,3531.0,0.0,0.0,0,0,0,89.0,0.9354838709677419,0.0,0.0
cogsys-tuebingen/SBVC,3515.0,3481.0,0.0,0.0,0,0,0,150.0,0.0,0.0,0.0
cogtool/cogtool,4396.0,4326.0,3.2857142857142856,0.0,0,0,0,12485.0,0.45952334055544614,0.0,0.0
cohenjo/liquibase-vertica,4322.0,3471.0,0.6,0.0,0,0,0,338.0,1.1481481481481481,0.0,0.0
coinbase/coinbase-java,4360.0,3464.0,1.0769230769230769,0.0,0,0,0,476.0,1.1655629139072847,0.0,0.0
coinspark/sparkbit-bitcoinj,4095.0,3945.0,1.0,0.0,0,0,0,1668.0,2.043583535108959,0.0,0.0
colin-lee/core-filter,3706.0,3703.0,0.5,0.0,0,0,0,135.0,3.48,0.0,0.0
colincowie10/ColinModding,3925.0,3925.0,0.0,0.0,0,0,0,655.0,0.21212121212121213,0.0,0.0
collectionspace/application,5074.0,3461.0,0.6,0.0,0,0,0,1999.0,0.003003003003003003,0.0,0.0
collectionspace/services,5051.0,3461.0,0.4444444444444444,0.0,0,0,0,10343.0,0.0005801585766776252,0.0,0.0
collectivemedia/celos,4425.0,3594.0,1.8571428571428572,0.0,0,0,0,1426.0,0.05763688760806916,0.0,0.0
colun/gvc,3894.0,3866.0,2.0,0.0,0,0,0,50.0,0.0,0.0,0.0
come25136/MineJapaneseInput,3503.0,3484.0,0.5,0.0,0,0,0,26.0,0.0,0.0,0.0
cometd/cometd,5325.0,3462.0,2.343065693430657,0.0,0,0,0,60332.0,61.11087866108787,0.0,0.0
comick/mini-gnutella,5067.0,5067.0,1.0,0.0,0,0,0,194.0,1.3793103448275863,0.0,0.0
commercehub-oss/bamboo-gitlab-plugin,4467.0,3608.0,1.6666666666666667,0.0,0,0,0,324.0,7.588235294117647,0.0,0.0
commercehub-oss/dropwizard-jclouds,4122.0,3474.0,2.5,0.0,0,0,0,180.0,0.0,0.0,0.0
commercehub-oss/gradle-avro-plugin,4437.0,3462.0,1.4285714285714286,0.0,0,0,0,282.0,1.0212765957446808,0.0,0.0
commercehub-oss/logstash-support,3943.0,3562.0,1.0,0.0,0,0,0,190.0,0.0,0.0,0.0
commercehub-oss/sensu-java-api,4227.0,3499.0,1.3333333333333333,0.0,0,0,0,116.0,0.0,0.0,0.0
commercetools/commercetools-jvm-sdk-contrib,3610.0,3497.0,0.0,0.0,0,0,0,137.0,2.088235294117647,0.0,0.0
comoyo/commons,4316.0,3472.0,0.6,0.0,0,0,0,498.0,0.0,0.0,0.0
compomics/icelogo,3912.0,3835.0,0.0,0.0,0,0,0,570.0,0.0,0.0,0.0
componio/nbDriva,4394.0,3752.0,1.5,0.0,0,0,0,310.0,0.0,0.0,0.0
computelab/chroma,3929.0,3619.0,0.0,0.0,0,0,0,190.0,0.6301369863013698,0.0,0.0
comtel2000/fx-experience,4711.0,3484.0,0.6666666666666666,0.0,0,0,0,433.0,0.30158730158730157,0.0,0.0
comtel2000/jfxvnc,3967.0,3468.0,4.6,0.0,0,0,0,388.0,0.06349206349206349,0.0,0.0
conankid2512/khatahu,3968.0,3863.0,0.0,0.0,0,0,0,1886.0,0.0,0.0,0.0
condorcraft110/ManipulativeTechnomancy,3469.0,3466.0,0.5,0.0,0,0,0,314.0,1.5909090909090908,0.0,0.0
conehead/HelpDesk,5063.0,5028.0,0.0,0.0,0,0,0,32.0,0.0,0.0,0.0
confluentinc/common,4015.0,3462.0,0.32,0.0,0,0,0,362.0,1.4666666666666666,0.0,0.0
confluentinc/schema-registry,4024.0,3462.0,1.5851851851851853,0.0,0,0,0,745.0,0.18421052631578946,0.0,0.0
confluentinc/support-metrics-client,3688.0,3471.0,0.3333333333333333,0.0,0,0,0,198.0,0.0,0.0,0.0
conicalflask/fs2,4879.0,4666.0,1.6666666666666667,0.0,0,0,0,1144.0,2.639676113360324,0.0,0.0
connectbot/simplesocks,3744.0,3744.0,0.5,0.0,0,0,0,107.0,1.5161290322580645,0.0,0.0
consolving/balancr,4748.0,3891.0,0.0,0.0,0,0,0,330.0,0.0,0.0,0.0
consulo/consulo-csharp,4186.0,3465.0,4.666666666666667,0.0,0,0,0,2900.0,0.0,0.0,0.0
consulo/consulo-unity3d,4109.0,3477.0,6.8,0.0,0,0,0,640.0,0.0,0.0,0.0
consulo/mono-soft-debugging,4270.0,3506.0,0.3333333333333333,0.0,0,0,0,446.0,0.0,0.0,0.0
continuuity/netty-http,4295.0,4158.0,2.7142857142857144,0.0,0,0,0,202.0,1.5789473684210527,0.0,0.0
continuumsecurity/resty-burp,5040.0,4604.0,3.111111111111111,0.0,0,0,0,98.0,0.0,0.0,0.0
conventions/issuetracker,4931.0,4222.0,1.2,0.0,0,0,0,633.0,0.08524590163934426,0.0,0.0
conveyal/geom2gtfs,4256.0,3555.0,4.0,0.0,0,0,0,64.0,0.35714285714285715,0.0,0.0
conveyal/gtfs-validator,4353.0,3482.0,1.4285714285714286,0.0,0,0,0,241.0,1.0759493670886076,0.0,0.0
conveyal/lodes-processor,4275.0,4246.0,0.5,0.0,0,0,0,44.0,0.0,0.0,0.0
conveyal/seamless-census,3765.0,3465.0,3.0,0.0,0,0,0,141.0,1.9722222222222223,0.0,0.0
conwetlab/fiware-rss,4032.0,3567.0,1.0,0.0,0,0,0,2673.0,1.4163473818646233,0.0,0.0
cookingfox/eventbus-adapter-java,3899.0,3594.0,0.5,0.0,0,0,0,134.0,2.25,0.0,0.0
coolarch/git-merge-maven-plugin,3964.0,3958.0,0.0,0.0,0,0,0,133.0,1.75,0.0,0.0
coopernurse/barrister-java,5013.0,3547.0,3.0,0.0,0,0,0,237.0,0.39,0.0,0.0
copperoxide/jWatermark,5239.0,5228.0,2.0,0.0,0,0,0,33.0,0.058823529411764705,0.0,0.0
copygirl/PocketBags,4268.0,4037.0,1.0,0.0,0,0,0,258.0,1.6619718309859155,0.0,0.0
corbel-platform/events,3681.0,3507.0,0.0,0.0,0,0,0,116.0,1.4705882352941178,0.0,0.0
core9/module-admin,4284.0,3948.0,0.0,0.0,0,0,0,103.0,0.058823529411764705,0.0,0.0
core9/module-admin-dashboard,4284.0,4175.0,0.0,0.0,0,0,0,77.0,0.13513513513513514,0.0,0.0
core9/module-git,4284.0,3963.0,0.0,0.0,0,0,0,69.0,0.15151515151515152,0.0,0.0
corespring/corespring-java,4459.0,4086.0,0.0,0.0,0,0,0,433.0,1.3461538461538463,0.0,0.0
coreydowning/springboot-retrofit-example,3701.0,3701.0,0.0,0.0,0,0,0,84.0,1.0714285714285714,0.0,0.0
coreyhulen/earnstone-id,4967.0,4967.0,1.3333333333333333,0.0,0,0,0,78.0,1.0769230769230769,0.0,0.0
corinis/Neo4jAdminServlet,4302.0,4242.0,0.0,0.0,0,0,0,66.0,0.9565217391304348,0.0,0.0
corney/jutorial,4449.0,4434.0,0.0,0.0,0,0,0,71.0,1.4761904761904763,0.0,0.0
corsoft/activemq-spring-client,4673.0,3722.0,0.5,0.0,0,0,0,49.0,0.42857142857142855,0.0,0.0
costasdroid/project_euler,4054.0,3521.0,0.5,0.0,0,0,0,464.0,0.0,0.0,0.0
cotdp/com-cotdp-hadoop,5309.0,4911.0,0.5,0.0,0,0,0,90.0,1.2857142857142858,0.0,0.0
cotiviti/cotiviti-parent,3756.0,3461.0,0.0,0.0,0,0,0,230.0,0.4946236559139785,0.0,0.0
couchbase/couchbase-lite-java-listener,4498.0,3542.0,0.28,0.0,0,0,0,112.0,0.0,0.0,0.0
couchbaselabs/devguide-examples,3731.0,3468.0,1.0,0.0,0,0,0,242.0,0.0,0.0,0.0
couchmate/TeamCity-Phabricator-Plugin,3719.0,3512.0,1.1428571428571428,0.0,0,0,0,257.0,1.2375,0.0,0.0
couragelabs/global-log-context,3960.0,3960.0,0.0,0.0,0,0,0,48.0,1.3333333333333333,0.0,0.0
coveo/nashorn-commonjs-modules,3552.0,3491.0,2.3333333333333335,0.0,0,0,0,163.0,2.230769230769231,0.0,0.0
coverity/pie,3881.0,3848.0,1.0,0.0,0,0,0,612.0,0.3798449612403101,0.0,0.0
covito/covito-svnadmin,4239.0,4239.0,0.125,0.0,0,0,0,515.0,1.1524390243902438,0.0,0.0
cpard/kafka-connect-mixpanel,3555.0,3547.0,0.0,0.0,0,0,0,89.0,1.5,0.0,0.0
cpatni/middleman,5531.0,5460.0,6.5,0.0,0,0,0,104.0,0.0,0.0,0.0
cpdomina/WebUtils,5226.0,5225.0,1.125,0.0,0,0,0,65.0,1.5263157894736843,0.0,0.0
cpieloth/GPGPU-on-Hadoop,5321.0,4872.0,1.0909090909090908,0.0,0,0,0,562.0,0.0,0.0,0.0
cpoepke/mule-end-to-end-test-demo,3982.0,3840.0,0.5,0.0,0,0,0,60.0,0.0,0.0,0.0
cpslabteam/codebase,4657.0,3534.0,0.0,0.0,0,0,0,493.0,1.1329113924050633,0.0,0.0
cqframework/ProfileGenerator,4087.0,4050.0,0.0,0.0,0,0,0,1488.0,2.613003095975232,0.0,0.0
craftfire/AuthDB,5372.0,4324.0,1.7142857142857142,0.0,0,0,0,162.0,0.0,0.0,0.0
craftoid/jbead,4872.0,4802.0,0.0,0.0,0,0,0,1051.0,2.3875,0.0,0.0
craftsmenlabs/gareth-jvm,3786.0,3469.0,4.0,0.0,0,0,0,1415.0,1.4393203883495145,0.0,0.0
craigstjean/jBPM-WAS7-Spring-Sample,4464.0,4457.0,0.3333333333333333,0.0,0,0,0,400.0,0.0,0.0,0.0
craigwblake/redline,5554.0,3469.0,1.303030303030303,0.0,0,0,0,472.0,2.6019417475728157,0.0,0.0
crate/crate,4633.0,3461.0,9.098591549295774,0.0,0,0,0,4972.0,0.008074283407347598,0.0,0.0
crawljax/crawljax,4763.0,3653.0,1.8047337278106508,0.0,0,0,0,1304.0,0.006144393241167435,0.0,0.0
crazycode/morphia,5445.0,5445.0,1.0,0.0,0,0,0,1558.0,3.799256505576208,0.0,0.0
crcsmnky/mongodb-hadoop-workshop,4157.0,4045.0,1.0,0.0,0,0,0,70.0,0.0,0.0,0.0
credentials/credentials_api,4971.0,3463.0,0.6666666666666666,0.0,0,0,0,153.0,0.9807692307692307,0.0,0.0
credentials/idemix_terminal,4997.0,3548.0,0.5,0.0,0,0,0,189.0,0.7285714285714285,0.0,0.0
credentials/irma_card_management,4803.0,4327.0,0.5,0.0,0,0,0,89.0,0.022222222222222223,0.0,0.0
credentials/irma_web_relay,4497.0,3780.0,0.0,0.0,0,0,0,121.0,0.46,0.0,0.0
credentials/sbcred_terminal,4321.0,4321.0,0.0,0.0,0,0,0,52.0,0.0,0.0,0.0
creitz/SudokuSolver,3999.0,3492.0,0.0,0.0,0,0,0,60.0,0.0,0.0,0.0
criccomini/ezdb,4712.0,3955.0,4.2,0.0,0,0,0,677.0,3.658333333333333,0.0,0.0
criedel/bitlyj,4905.0,4751.0,1.5,0.0,0,0,0,217.0,2.6595744680851063,0.0,0.0
crisis-economics/CRISIS,3934.0,3698.0,0.5,0.0,0,0,0,2830.0,0.0,0.0,0.0
cristal-ise/lookup-ldap,3954.0,3491.0,0.0,0.0,0,0,0,96.0,0.7222222222222222,0.0,0.0
cristcost/sensormix,4462.0,4277.0,2.4,0.0,0,0,0,1092.0,1.1895043731778425,0.0,0.0
cristcost/springsec,4376.0,4334.0,0.0,0.0,0,0,0,288.0,0.0,0.0,0.0
criteo/automerge-plugin,4143.0,3678.0,0.3333333333333333,0.0,0,0,0,56.0,0.0,0.0,0.0
croeder/ccp_nlp,4236.0,4135.0,0.0,0.0,0,0,0,1358.0,0.25165562913907286,0.0,0.0
crsx/crsx,4329.0,3596.0,4.0,0.0,0,0,0,1273.0,0.125,0.0,0.0
crukci-bioinformatics/clarityclient,4239.0,3472.0,0.3333333333333333,0.0,0,0,0,1090.0,0.0,0.0,0.0
crypto-coder/open-cyclos,4490.0,3897.0,0.16666666666666666,0.0,0,0,0,17254.0,0.0,0.0,0.0
cs509project/MARS,3562.0,3517.0,0.0,0.0,0,0,0,542.0,0.0,0.0,0.0
csc19601128/Phynixx,4980.0,3507.0,2.0,0.0,0,0,0,1420.0,0.0,0.0,0.0
cscheiblich/JWave,4339.0,3579.0,2.2758620689655173,0.0,0,0,0,419.0,0.825503355704698,0.0,0.0
cschneider/Karaf-Tutorial,5420.0,3504.0,0.75,0.0,0,0,0,2067.0,0.3836405529953917,0.0,0.0
cschneider/osgi-chat,3479.0,3465.0,0.5,0.0,0,0,0,325.0,1.0,0.0,0.0
cscott/JDoctest,5868.0,4268.0,0.5,0.0,0,0,0,98.0,0.9411764705882353,0.0,0.0
csev/tsugi-java,3845.0,3494.0,0.4,0.0,0,0,0,110.0,0.0,0.0,0.0
csev/tsugi-jpa-sample,3859.0,3568.0,0.0,0.0,0,0,0,48.0,0.0,0.0,0.0
csf-ngs/fastqc,5013.0,4666.0,4.0,0.0,0,0,0,365.0,0.6503496503496503,0.0,0.0
csgf/federated-login-ext,4191.0,3825.0,0.5,0.0,0,0,0,236.0,0.0,0.0,0.0
cshaxu/nagini,3916.0,3671.0,1.0,0.0,0,0,0,156.0,0.02564102564102564,0.0,0.0
cssquare/todo.txt,4715.0,4652.0,0.07692307692307693,0.0,0,0,0,63.0,0.7083333333333334,0.0,0.0
cst1201-d644/Chapter-1,3967.0,3967.0,0.038461538461538464,0.0,0,0,0,36.0,0.0,0.0,0.0
cst316/spring16project-Basic,3615.0,3524.0,0.25,0.0,0,0,0,1806.0,2.7578947368421054,0.0,0.0
cst316/spring16project-Haskell,3615.0,3524.0,0.0,0.0,0,0,0,1923.0,2.5724465558194773,0.0,0.0
cst316/spring16project-NewtonScript,3615.0,3524.0,0.0,0.0,0,0,0,2321.0,2.7215447154471546,0.0,0.0
cst316/spring16project-Team-Juneau,3614.0,3578.0,0.0,0.0,0,0,0,1901.0,2.7814070351758793,0.0,0.0
csutherl/pentaho-plugins,4637.0,4637.0,0.5,0.0,0,0,0,78.0,0.0,0.0,0.0
ctSkennerton/minced,4411.0,3751.0,4.75,0.0,0,0,0,36.0,0.0,0.0,0.0
cternes/openkeepass,4042.0,3477.0,2.217391304347826,0.0,0,0,0,929.0,2.0655021834061134,0.0,0.0
cternes/slackspace-angular-spring-keycloak,3561.0,3499.0,0.6666666666666666,0.0,0,0,0,118.0,0.7906976744186046,0.0,0.0
cthachuk/CoreHunter,5113.0,4801.0,1.3333333333333333,0.0,0,0,0,323.0,1.25,0.0,0.0
cthiemann/JNMatLib,5297.0,3528.0,0.5,0.0,0,0,0,46.0,0.0,0.0,0.0
cthiemann/SPaTo_Visual_Explorer,5437.0,5220.0,2.5,0.0,0,0,0,440.0,0.00909090909090909,0.0,0.0
ctnitchie/freemarkerdoclet,3826.0,3812.0,0.0,0.0,0,0,0,72.0,0.96,0.0,0.0
ctomc/keytool-maven-plugin,4336.0,4336.0,0.0,0.0,0,0,0,846.0,0.9241379310344827,0.0,0.0
ctripcorp/apollo,3573.0,3461.0,2.142857142857143,0.0,0,0,0,2407.0,1.1949602122015914,0.0,0.0
ctripcorp/dataworks-zeus,3827.0,3537.0,2.0,0.0,0,0,0,4536.0,3.460890493381468,0.0,0.0
cts2/cts2-framework,5193.0,3807.0,0.5454545454545454,0.0,0,0,0,16441.0,14.45945945945946,0.0,0.0
cuba-platform/cuba,3554.0,3462.0,4.380952380952381,0.0,0,0,0,7840.0,0.0,0.0,0.0
cucumber-ltd/shouty.java,4101.0,3464.0,0.0,0.0,0,0,0,73.0,1.2608695652173914,0.0,0.0
cuent/ModuloContable,3864.0,3792.0,0.0,0.0,0,0,0,1190.0,1.7133956386292835,0.0,0.0
culegooner/SpawnEggDropsMod,4546.0,4527.0,1.0,0.0,0,0,0,53.0,0.037037037037037035,0.0,0.0
culvertsoft/mgen,4210.0,3834.0,11.5,0.0,0,0,0,1340.0,0.0,0.0,0.0
cumtping/CodeGenerator,3607.0,3581.0,1.0,0.0,0,0,0,94.0,0.0,0.0,0.0
cunhaladm/IRSystemDomains,3759.0,3759.0,0.0,0.0,0,0,0,50.0,0.0,0.0,0.0
cupmanager/jangular,4362.0,3539.0,0.5,0.0,0,0,0,352.0,1.2777777777777777,0.0,0.0
curso-elementos/spring-boot,3952.0,3895.0,1.0,0.0,0,0,0,147.0,0.9215686274509803,0.0,0.0
custom-koncept-ltd/constructor,3789.0,3783.0,0.0,0.0,0,0,0,109.0,0.1346153846153846,0.0,0.0
cvand/la4j,3717.0,3709.0,0.0,0.0,0,0,0,879.0,3.540880503144654,0.0,0.0
cvanes/jenkins-tag-cloud-plugin,5016.0,4639.0,0.6666666666666666,0.0,0,0,0,141.0,2.085714285714286,0.0,0.0
cvut/JCOP,4325.0,4276.0,1.0,0.0,0,0,0,735.0,0.8565891472868217,0.0,0.0
cwan/im-log-stats,4817.0,3568.0,0.5,0.0,0,0,0,266.0,0.0,0.0,0.0
cwdesautels/euler,4264.0,4250.0,0.0,0.0,0,0,0,32.0,0.0,0.0,0.0
cwi-swat/jjtraveler,4888.0,4888.0,0.3333333333333333,0.0,0,0,0,252.0,0.0,0.0,0.0
cwk4229/Rocket,4583.0,4583.0,0.0,0.0,0,0,0,26.0,0.0,0.0,0.0
cwpenhale/red5-mobileconsole,4478.0,4410.0,1.0,0.0,0,0,0,2216.0,0.0,0.0,0.0
cyanobacterium/PowerAdvantageAPI,4016.0,3475.0,2.1666666666666665,0.0,0,0,0,1487.0,1.121593291404612,0.0,0.0
cyberbeat/java-css,5122.0,3936.0,1.25,0.0,0,0,0,168.0,0.0,0.0,0.0
cybercomsweden/javaee-exercises,3895.0,3855.0,0.25,0.0,0,0,0,256.0,0.0,0.0,0.0
cyberfox/shell-process,3931.0,3931.0,0.3333333333333333,0.0,0,0,0,27.0,0.07142857142857142,0.0,0.0
cybergarage/cybergarage-upnp,5071.0,3609.0,1.4130434782608696,0.0,0,0,0,1329.0,1.1766109785202863,0.0,0.0
cyberos/meng,3922.0,3922.0,0.0,0.0,0,0,0,22.0,0.0,0.0,0.0
cybertiger/Bukkit-Instances,4693.0,3490.0,0.4666666666666667,0.0,0,0,0,198.0,0.0,0.0,0.0
cybertiger/RhinoScriptEngine,4673.0,4621.0,0.0,0.0,0,0,0,99.0,1.3666666666666667,0.0,0.0
cyclus/cycic,4940.0,4352.0,0.8,0.0,0,0,0,154.0,0.0,0.0,0.0
cycorp/api-suite,4024.0,3611.0,5.666666666666667,0.0,0,0,0,5485.0,3.1666666666666665,0.0,0.0
cygri/vocidex,4497.0,4461.0,1.5,0.0,0,0,0,539.0,2.5083333333333333,0.0,0.0
cyklo/Bukkit-OtherBlocks,5397.0,5370.0,0.28,0.0,0,0,0,38.0,0.10526315789473684,0.0,0.0
cynosure7/Weever,4176.0,3568.0,0.5,0.0,0,0,0,84.0,1.0714285714285714,0.0,0.0
cypher256/eclipse-encoding-plugin,3475.0,3461.0,1.5,0.0,0,0,0,134.0,0.0,0.0,0.0
cyrill62/ebics-java,4800.0,3819.0,2.0,0.0,0,0,0,5639.0,40.09701492537314,0.0,0.0
cyriux/hexagonal-sentimental,3903.0,3729.0,1.6,0.0,0,0,0,170.0,0.0,0.0,0.0
cyrusinnovation/mockito-groovy-support,5002.0,3915.0,1.7647058823529411,0.0,0,0,0,76.0,0.8888888888888888,0.0,0.0
cytobank/acs,5425.0,3972.0,2.5,0.0,0,0,0,113.0,0.017543859649122806,0.0,0.0
cytomine/Cytomine-java-client,3899.0,3587.0,3.5,0.0,0,0,0,230.0,1.0933333333333333,0.0,0.0
cytoscape/network-merge,3744.0,3503.0,0.0,0.0,0,0,0,203.0,1.7962962962962963,0.0,0.0
czarneckid/delicious-java,5818.0,5818.0,2.0,0.0,0,0,0,88.0,0.045454545454545456,0.0,0.0
czifro-tech/jsocket,4004.0,3467.0,2.0,0.0,0,0,0,108.0,0.0,0.0,0.0
czjvic/netbeans-plugin-run-my-script,3790.0,3763.0,1.0,0.0,0,0,0,30.0,0.0,0.0,0.0
czyuan/AMC,4104.0,3724.0,1.0,0.0,0,0,0,820.0,0.0,0.0,0.0
d-fens/drftpd,5530.0,4137.0,0.42857142857142855,0.0,0,0,0,3260.0,0.0,0.0,0.0
d-rep/Microblog,5043.0,4107.0,1.25,0.0,0,0,0,327.0,2.0121951219512195,0.0,0.0
d4span/freemindfx,4153.0,4149.0,0.0,0.0,0,0,0,1914.0,0.0041841004184100415,0.0,0.0
dCache/nfs4j,4879.0,3463.0,3.076923076923077,0.0,0,0,0,2841.0,1.04389721627409,0.0,0.0
daalft/PaliNLP2,4229.0,3822.0,1.6666666666666667,0.0,0,0,0,276.0,0.014492753623188406,0.0,0.0
dabbertorres/BZMakeMap,3881.0,3878.0,0.0,0.0,0,0,0,28.0,0.0,0.0,0.0
daboross/minecraft-commandline-interface,4479.0,3474.0,0.3333333333333333,0.0,0,0,0,134.0,1.0909090909090908,0.0,0.0
dactiv/fear,3647.0,3518.0,0.5,0.0,0,0,0,1149.0,0.5296703296703297,0.0,0.0
daijyc/pig,4205.0,4168.0,0.5,0.0,0,0,0,4962.0,0.0024203307785397336,0.0,0.0
dain/snappy,5206.0,3527.0,5.416666666666667,0.0,0,0,0,181.0,0.859375,0.0,0.0
daishisystems/robotFactory,3969.0,3891.0,1.3333333333333333,0.0,0,0,0,208.0,0.0,0.0,0.0
dajester2013/CFArangoCache,4335.0,4273.0,0.5,0.0,0,0,0,157.0,0.6065573770491803,0.0,0.0
dakk/mlp-java,4809.0,4775.0,1.0,0.0,0,0,0,13154.0,0.0,0.0,0.0
dakrone/tigris,4595.0,3476.0,0.5,0.0,0,0,0,36.0,0.0,0.0,0.0
dakside/jhackshop,3893.0,3568.0,0.0,0.0,0,0,0,232.0,0.0,0.0,0.0
dakusui/jcunit,4493.0,3491.0,6.666666666666667,0.0,0,0,0,1931.0,2.0780590717299576,0.0,0.0
dallaslu/gettext-commons,3931.0,3672.0,0.75,0.0,0,0,0,212.0,0.9722222222222222,0.0,0.0
damiencarol/thrift-jdbc-server,4035.0,3994.0,0.0,0.0,0,0,0,796.0,20.8,0.0,0.0
damnhandy/Handy-URI-Templates,4992.0,3474.0,5.434782608695652,0.0,0,0,0,226.0,0.0,0.0,0.0
damorim/compilers-cin,3884.0,3826.0,0.16666666666666666,0.0,0,0,0,170.0,0.0,0.0,0.0
dancastellani/jax-rs-base-api,4464.0,4464.0,1.0,0.0,0,0,0,49.0,0.8333333333333334,0.0,0.0
danfickle/cpp-to-java-source-converter,4940.0,4013.0,1.6666666666666667,0.0,0,0,0,347.0,2.3625,0.0,0.0
dangdangdotcom/config-toolkit,4074.0,3489.0,1.0364583333333333,0.0,0,0,0,976.0,3.3736263736263736,0.0,0.0
dangt85/Force.comDeployTools,4170.0,3959.0,0.0,0.0,0,0,0,136.0,0.09090909090909091,0.0,0.0
danhaywood/zzz-playtime-isis-todoapp-angularjs,4391.0,4178.0,0.0,0.0,0,0,0,10515.0,0.005147759771210677,0.0,0.0
daniel-beck/jenkins-tortoisesvn-browser-plugin,4345.0,4241.0,0.0,0.0,0,0,0,111.0,2.52,0.0,0.0
danielabar/framegen,4404.0,3564.0,0.0,0.0,0,0,0,754.0,0.0,0.0,0.0
danielajgrout/dashreports,4536.0,4291.0,2.0,0.0,0,0,0,6758.0,0.0,0.0,0.0
danielbchapman/groups,4866.0,3500.0,0.5,0.0,0,0,0,260.0,0.2982456140350877,0.0,0.0
danielm59/FastFood,4190.0,3486.0,0.6666666666666666,0.0,0,0,0,830.0,1.3959183673469389,0.0,0.0
danielnaber/jwordsplitter,4820.0,3541.0,8.333333333333334,0.0,0,0,0,226.0,1.9310344827586208,0.0,0.0
danielnaber/oxygen-languagetool-plugin,4220.0,3464.0,1.5,0.0,0,0,0,100.0,0.0,0.0,0.0
danigiri/storm-sockets,4284.0,4256.0,0.5,0.0,0,0,0,83.0,1.2692307692307692,0.0,0.0
danisola/bandit,4389.0,3830.0,2.142857142857143,0.0,0,0,0,123.0,0.7777777777777778,0.0,0.0
danka74/SnomedCTParser,4493.0,3478.0,0.625,0.0,0,0,0,308.0,2.0789473684210527,0.0,0.0
danlentz/cassandra,5200.0,3568.0,0.5,0.0,0,0,0,2737.0,0.0043891733723482075,0.0,0.0
daqcri/AETAS_Dataset,3744.0,3741.0,0.0,0.0,0,0,0,34.0,0.0,0.0,0.0
daquino/outout,3777.0,3772.0,0.0,0.0,0,0,0,149.0,0.7962962962962963,0.0,0.0
darcy-framework/darcy-webdriver,4278.0,3548.0,0.6666666666666666,0.0,0,0,0,578.0,2.8739495798319328,0.0,0.0
darkgem/coffee,4214.0,4179.0,0.5714285714285714,0.0,0,0,0,96.0,0.0,0.0,0.0
darkmi/JSPStudy,4027.0,3974.0,2.0,0.0,0,0,0,222.0,0.0,0.0,0.0
darlingtonamz/CoffeeMaker,3735.0,3732.0,0.0,0.0,0,0,0,8.0,0.0,0.0,0.0
darrachequesne/spring-data-jpa-datatables-sample,3780.0,3773.0,1.3333333333333333,0.0,0,0,0,92.0,1.1333333333333333,0.0,0.0
darxriggs/codenarc-eclipse,5251.0,3842.0,1.5,0.0,0,0,0,270.0,0.125,0.0,0.0
darylteo/directory-watcher,4560.0,3466.0,0.5,0.0,0,0,0,66.0,0.0,0.0,0.0
dasein-cloud/dasein-cloud-brightbox,3961.0,3679.0,0.0,0.0,0,0,0,150.0,0.0,0.0,0.0
dasein-cloud/dasein-cloud-core,3808.0,3520.0,0.0,0.0,0,0,0,2270.0,3.1402714932126696,0.0,0.0
dasein-cloud/dasein-cloud-digitalocean,3808.0,3605.0,0.0,0.0,0,0,0,530.0,3.4285714285714284,0.0,0.0
dasein-cloud/dasein-cloud-google,3808.0,3465.0,0.0,0.0,0,0,0,148.0,0.02702702702702703,0.0,0.0
dasein-cloud/dasein-cloud-skeleton,3808.0,3679.0,0.0,0.0,0,0,0,74.0,0.5333333333333333,0.0,0.0
dasein-cloud/dasein-cloud-softlayer-DEPRECATED,3808.0,3679.0,0.0,0.0,0,0,0,68.0,0.0,0.0,0.0
dasein-cloud/dasein-cloud-tier3,3808.0,3679.0,0.0,0.0,0,0,0,119.0,0.6888888888888889,0.0,0.0
dasein-cloud/dasein-cloud-zimory,3808.0,3679.0,0.0,0.0,0,0,0,227.0,3.3255813953488373,0.0,0.0
dashorst/wicketstuff-security,5374.0,5374.0,1.5,0.0,0,0,0,1462.0,0.0,0.0,0.0
dasunhegoda/MSC_EAD_CS,3754.0,3753.0,0.0,0.0,0,0,0,283.0,0.06521739130434782,0.0,0.0
dat2/jvm_language,3849.0,3848.0,0.0,0.0,0,0,0,54.0,0.0,0.0,0.0
dataArtisans/flink-dataflow,3953.0,3473.0,2.625,0.0,0,0,0,547.0,2.2890625,0.0,0.0
datacite/mds,5551.0,3541.0,1.4285714285714286,0.0,0,0,0,936.0,0.0,0.0,0.0
datacite/oaip,5306.0,4050.0,1.0,0.0,0,0,0,508.0,1.984375,0.0,0.0
datacleaner/AnalyzerBeans,4316.0,3979.0,0.9,0.0,0,0,0,6105.0,1.1774193548387097,0.0,0.0
datag/jtimesched,4809.0,3689.0,0.3333333333333333,0.0,0,0,0,217.0,1.0845070422535212,0.0,0.0
dataiku/wt1,4681.0,3568.0,2.25,0.0,0,0,0,319.0,1.962962962962963,0.0,0.0
datanucleus/datanucleus-maven-plugin,4394.0,3519.0,0.5,0.0,0,0,0,93.0,0.96875,0.0,0.0
dataspawn/tweeterstreamer,3807.0,3800.0,0.0,0.0,0,0,0,66.0,0.0,0.0,0.0
datastax/cassandra-log4j-appender,4455.0,3921.0,1.0555555555555556,0.0,0,0,0,69.0,0.84,0.0,0.0
datastax/java-driver,4774.0,3462.0,1.3839662447257384,0.0,0,0,0,4788.0,3.8629130966952263,0.0,0.0
dataz/dataz-core,3874.0,3503.0,0.0,0.0,0,0,0,608.0,0.0,0.0,0.0
datjandra/Clairvaux,3711.0,3684.0,0.0,0.0,0,0,0,118.0,0.0,0.0,0.0
datumbox/DPMM-Clustering,4180.0,4180.0,0.42857142857142855,0.0,0,0,0,76.0,0.8888888888888888,0.0,0.0
dauer/geohash,4534.0,4044.0,1.0,0.0,0,0,0,60.0,0.0,0.0,0.0
davdiv/Webcam-applet,5014.0,4949.0,1.0,0.0,0,0,0,56.0,0.0,0.0,0.0
davejoyce/composite-dao,4626.0,3568.0,0.0,0.0,0,0,0,248.0,2.3859649122807016,0.0,0.0
davemanton/GameOfLife,3971.0,3971.0,0.0,0.0,0,0,0,30.0,0.0,0.0,0.0
davetron5000/restunit,6319.0,6204.0,1.0,0.0,0,0,0,215.0,0.38461538461538464,0.0,0.0
davetron5000/vimdoclet,6310.0,5269.0,2.0,0.0,0,0,0,815.0,0.022277227722772276,0.0,0.0
davidB/scala-maven-plugin,6407.0,3512.0,3.2025316455696204,0.0,0,0,0,839.0,0.22486772486772486,0.0,0.0
davidB/spoon-maven-plugin,6150.0,4681.0,1.3333333333333333,0.0,0,0,0,192.0,0.0,0.0,0.0
davidandrzej/LogicLDA,5548.0,5022.0,2.25,0.0,0,0,0,169.0,0.9482758620689655,0.0,0.0
davidar/jasmin,3822.0,3822.0,3.0,0.0,0,0,0,378.0,0.0,0.0,0.0
davidar/lljvm,5866.0,3806.0,4.756756756756757,0.0,0,0,0,324.0,0.0,0.0,0.0
davidbcook/led-controller,3993.0,3982.0,3.3333333333333335,0.0,0,0,0,144.0,0.0,0.0,0.0
davidcarboni/Cryptolite,5277.0,3557.0,3.0,0.0,0,0,0,128.0,1.3333333333333333,0.0,0.0
daviddoran/bejeweled-bot,4594.0,4593.0,0.5,0.0,0,0,0,24.0,0.0,0.0,0.0
davidgiven/luje,3612.0,3612.0,3.0,0.0,0,0,0,595.0,0.003355704697986577,0.0,0.0
davidi2/rune-emu,4459.0,4460.0,0.25,0.0,0,0,0,4096.0,0.0,0.0,0.0
davidmoten/audio-recognition,3993.0,3978.0,0.6666666666666666,0.0,0,0,0,216.0,2.1132075471698113,0.0,0.0
davidmoten/functional-jpa,4345.0,3817.0,3.0,0.0,0,0,0,155.0,1.488888888888889,0.0,0.0
davidmoten/geo,4562.0,3546.0,4.142857142857143,0.0,0,0,0,252.0,3.183673469387755,0.0,0.0
davidmoten/graph-layout,3752.0,3749.0,0.0,0.0,0,0,0,121.0,2.730769230769231,0.0,0.0
davidmoten/rtree-3d,3606.0,3583.0,1.0,0.0,0,0,0,212.0,0.0,0.0,0.0
davido/gerrit-ci-plugin,3685.0,3569.0,2.5,0.0,0,0,0,120.0,0.0,0.0,0.0
davidrudder23/OpenNotification,4664.0,4015.0,1.6666666666666667,0.0,0,0,0,3014.0,0.0013271400132714001,0.0,0.0
davstromb/othello,3692.0,3525.0,0.3333333333333333,0.0,0,0,0,100.0,0.0,0.0,0.0
dawnbreaks/NettyRPC,4324.0,3478.0,1.2307692307692308,0.0,0,0,0,279.0,1.3452380952380953,0.0,0.0
dayatang/hrm-demo,4491.0,4088.0,0.8918918918918919,0.0,0,0,0,138.0,0.0,0.0,0.0
dayatang/opencis,4487.0,4487.0,0.0,0.0,0,0,0,500.0,0.0,0.0,0.0
dayatang/test-sample-banking,4445.0,4444.0,0.0,0.0,0,0,0,102.0,0.0,0.0,0.0
dbastin/donkey,4478.0,4312.0,0.0,0.0,0,0,0,5693.0,4.176789587852495,0.0,0.0
dbcls/ConvRDF,4437.0,4437.0,0.0,0.0,0,0,0,18.0,0.0,0.0,0.0
dbflute-example/dbflute-example-on-springboot,4062.0,3563.0,0.5,0.0,0,0,0,2351.0,1.5436746987951808,0.0,0.0
dbflute-session/dbflute-hands-on,3607.0,3463.0,0.0,0.0,0,0,0,106.0,0.0,0.0,0.0
dblock/3licenses,4890.0,4748.0,1.25,0.0,0,0,0,692.0,0.26058631921824105,0.0,0.0
dblock/waffle,5002.0,3479.0,1.7830188679245282,0.0,0,0,0,1414.0,0.0,0.0,0.0
dboissier/mongo4idea,4805.0,3477.0,9.137931034482758,0.0,0,0,0,414.0,0.0,0.0,0.0
dbpedia/MissingBot,4276.0,3973.0,1.0,0.0,0,0,0,102.0,0.0,0.0,0.0
dbuschman7/mongoFS,4317.0,3518.0,2.3333333333333335,0.0,0,0,0,512.0,1.5205479452054795,0.0,0.0
dcapwell/notes,3950.0,3713.0,0.0,0.0,0,0,0,146.0,0.0,0.0,0.0
dcatteeu/PCPSolver,4371.0,3754.0,0.3333333333333333,0.0,0,0,0,66.0,0.0,0.0,0.0
dcendents/mybatis-generator-plugins,3884.0,3689.0,3.0,0.0,0,0,0,169.0,1.1666666666666667,0.0,0.0
dclements/cultivar_old,4287.0,4227.0,0.5,0.0,0,0,0,400.0,0.0,0.0,0.0
dclements/makrut,4604.0,4514.0,0.0,0.0,0,0,0,314.0,0.0,0.0,0.0
dclements/riak-java-crdt,4751.0,4644.0,6.25,0.0,0,0,0,164.0,0.0,0.0,0.0
ddarriba/jmodeltest2,3930.0,3574.0,1.8571428571428572,0.0,0,0,0,625.0,1.5224719101123596,0.0,0.0
ddossot/mule-in-action-2e,4838.0,4365.0,0.9111111111111111,0.0,0,0,0,1852.0,0.0,0.0,0.0
ddossot/vertx-react-demo,4251.0,4230.0,2.0,0.0,0,0,0,393.0,5.596153846153846,0.0,0.0
ddpush/DDPushServer-v1,4150.0,3568.0,1.1666666666666667,0.0,0,0,0,100.0,0.0,0.0,0.0
deanhiller/channelmanager2,4752.0,4722.0,0.5,0.0,0,0,0,828.0,0.0,0.0,0.0
deanriverson/griffon-javafx-plugin,5237.0,4193.0,1.3333333333333333,0.0,0,0,0,154.0,0.0,0.0,0.0
deanwampler/HiveUDFs,4537.0,4489.0,1.25,0.0,0,0,0,84.0,0.047619047619047616,0.0,0.0
debezium/debezium,3615.0,3463.0,5.636363636363637,0.0,0,0,0,1191.0,1.5718562874251496,0.0,0.0
debop/spring-batch-experiments,4522.0,3535.0,0.5,0.0,0,0,0,1660.0,0.012106537530266344,0.0,0.0
deborahvm/ECommerceApp,3720.0,3702.0,0.0,0.0,0,0,0,128.0,0.0,0.0,0.0
decatur/j2js-compiler,5187.0,3588.0,19.0,0.0,0,0,0,316.0,0.0,0.0,0.0
decatur/j2js-jre,5187.0,3588.0,2.5,0.0,0,0,0,250.0,0.0,0.0,0.0
decoomanj/hazelcast-consul-spi,3871.0,3709.0,2.0,0.0,0,0,0,38.0,0.0,0.0,0.0
decs/trie,5428.0,5427.0,0.5,0.0,0,0,0,20.0,0.0,0.0,0.0
deephacks/confit,4525.0,4115.0,1.75,0.0,0,0,0,2332.0,1.2461752433936022,0.0,0.0
deepjava/compiler,4032.0,3464.0,0.16666666666666666,0.0,0,0,0,1202.0,0.0,0.0,0.0
deeplearning4j/deeplearning4j-word2vec-examples,3832.0,3709.0,0.3125,0.0,0,0,0,42.0,0.0,0.0,0.0
deeplearning4j/dl4j-spark-cdh5-examples,3736.0,3467.0,1.0384615384615385,0.0,0,0,0,81.0,1.1923076923076923,0.0,0.0
deercoder/hadoop-practice,3691.0,3655.0,0.0,0.0,0,0,0,134.0,0.0,0.0,0.0
defei/codelogger-utils,4062.0,3694.0,0.0,0.0,0,0,0,414.0,1.0364963503649636,0.0,0.0
defrac/defrac-plugin-intellij,4051.0,3589.0,1.0,0.0,0,0,0,468.0,0.0,0.0,0.0
dehowell/ontology,4071.0,3905.0,0.3333333333333333,0.0,0,0,0,56.0,1.2222222222222223,0.0,0.0
dehuinet/minxing_java_sdk,3826.0,3462.0,0.5,0.0,0,0,0,282.0,0.6296296296296297,0.0,0.0
deib-polimi/modaclouds-cpim-library,4390.0,3728.0,0.0,0.0,0,0,0,623.0,0.8153153153153153,0.0,0.0
dejanpaler/edit-2015,3822.0,3798.0,0.11764705882352941,0.0,0,0,0,284.0,0.0,0.0,0.0
delight-im/Java-Crash-ID,3919.0,3609.0,2.0,0.0,0,0,0,14.0,0.0,0.0,0.0
delight-im/Java-Shapefile-Parser,4001.0,3609.0,0.75,0.0,0,0,0,60.0,0.0,0.0,0.0
delphix/dsp,4276.0,3564.0,1.0,0.0,0,0,0,1632.0,0.0,0.0,0.0
deluan/shiro-faces,5525.0,4164.0,0.8888888888888888,0.0,0,0,0,176.0,2.13953488372093,0.0,0.0
delwink/jssf,3647.0,3635.0,0.0,0.0,0,0,0,56.0,0.0,0.0,0.0
delwiv/IMIE-amphi,4090.0,4087.0,0.0,0.0,0,0,0,432.0,0.034334763948497854,0.0,0.0
demilich1/metastone,3777.0,3460.0,1.1794871794871795,0.0,0,0,0,4076.0,0.0,0.0,0.0
demiurgosoft/easy-socket-transmission,3863.0,3709.0,0.5,0.0,0,0,0,8.0,0.0,0.0,0.0
demkada/Java-Logger,3949.0,3928.0,0.8333333333333334,0.0,0,0,0,114.0,1.0526315789473684,0.0,0.0
demoiselle/framework,5190.0,3528.0,1.025,0.0,0,0,0,3914.0,0.7156726768377254,0.0,0.0
demoiselle/validation,5190.0,4478.0,2.0,0.0,0,0,0,730.0,6.413793103448276,0.0,0.0
dengwenkang/Annotation,3833.0,3833.0,1.0,0.0,0,0,0,24.0,0.0,0.0,0.0
denisecase/SimSchool,3721.0,3721.0,0.0,0.0,0,0,0,64.0,0.8695652173913043,0.0,0.0
denisneuling/apitrary.jar,4755.0,4568.0,0.0,0.0,0,0,0,822.0,0.9014084507042254,0.0,0.0
dennishendriksen/molgenis-lifelines,4512.0,4032.0,0.0,0.0,0,0,0,270.0,0.0,0.0,0.0
derive4j/derive4j,3741.0,3478.0,14.9,0.0,0,0,0,1047.0,6.1953125,0.0,0.0
dermotte/LIRE,3849.0,3506.0,2.2,0.0,0,0,0,1906.0,0.4151898734177215,0.0,0.0
deruyter/updatejob-plugin,5439.0,5435.0,1.0,0.0,0,0,0,20.0,0.0,0.0,0.0
desliner/rx-workshop,3743.0,3610.0,1.0,0.0,0,0,0,97.0,1.5357142857142858,0.0,0.0
despegar/khronus-java-client,4045.0,3503.0,1.5,0.0,0,0,0,176.0,3.085714285714286,0.0,0.0
despegar/soffheap,4430.0,4316.0,2.5,0.0,0,0,0,212.0,0.0,0.0,0.0
dested/Mapbook,5260.0,5260.0,1.0,0.0,0,0,0,61.0,0.1724137931034483,0.0,0.0
destin/maven-test-support-plugin,4416.0,3584.0,2.0,0.0,0,0,0,216.0,0.0,0.0,0.0
detectlanguage/detectlanguage-java,4447.0,4153.0,0.36363636363636365,0.0,0,0,0,159.0,2.735294117647059,0.0,0.0
detro/jsonconf,4282.0,4238.0,1.0,0.0,0,0,0,166.0,0.0,0.0,0.0
dev-mraj/WebTrimmer,4483.0,3648.0,0.0,0.0,0,0,0,116.0,0.07017543859649122,0.0,0.0
devacto/java-puzzles,4421.0,4225.0,0.0,0.0,0,0,0,108.0,0.0,0.0,0.0
developersdo/developer-influencers,4255.0,4068.0,1.0,0.0,0,0,0,336.0,0.09937888198757763,0.0,0.0
devette/experiments,3690.0,3489.0,0.5,0.0,0,0,0,20448.0,2.1271442986881937,0.0,0.0
devicehive/devicehive-java,3827.0,3503.0,0.3333333333333333,0.0,0,0,0,779.0,2.089005235602094,0.0,0.0
devicehive/devicehive-java-server,4577.0,3562.0,1.1333333333333333,0.0,0,0,0,1369.0,1.7561643835616438,0.0,0.0
devjunix/libjt400-java,3722.0,3476.0,0.0,0.0,0,0,0,5544.0,0.0,0.0,0.0
devng/jetris,3788.0,3779.0,0.5,0.0,0,0,0,158.0,1.3333333333333333,0.0,0.0
devnull-tools/boteco,3574.0,3461.0,0.5,0.0,0,0,0,880.0,0.0,0.0,0.0
devnull-tools/cafeina,4220.0,4021.0,2.0,0.0,0,0,0,245.0,1.0493827160493827,0.0,0.0
devstackio/devstack-cb-io,3737.0,3518.0,0.0,0.0,0,0,0,214.0,1.0,0.0,0.0
devsumo/java-cxf-examples,3985.0,3528.0,0.0,0.0,0,0,0,152.0,0.0,0.0,0.0
devsunny/varlengthprotocol,4453.0,4453.0,0.0,0.0,0,0,0,103.0,1.1818181818181819,0.0,0.0
dfch/biz.dfch.j.graylog.plugin.output.amqpclient,3920.0,3645.0,0.0,0.0,0,0,0,121.0,1.236842105263158,0.0,0.0
dfci-cccb/raven-repository,3926.0,3883.0,0.0,0.0,0,0,0,200.0,2.590909090909091,0.0,0.0
dfdeshom/custom-mlt,4619.0,4268.0,1.75,0.0,0,0,0,69.0,1.55,0.0,0.0
dfilimon/streaming-storm,4581.0,4581.0,1.75,0.0,0,0,0,72.0,0.0,0.0,0.0
dfjdejulio/bio,4449.0,4449.0,0.0,0.0,0,0,0,76.0,0.0,0.0,0.0
dflick-pivotal/sentimentr-release,3888.0,3639.0,2.5,0.0,0,0,0,422.0,0.0,0.0,0.0
dfreiretioc/IOC1,3672.0,3672.0,0.0,0.0,0,0,0,45.0,0.47368421052631576,0.0,0.0
dgomezferro/pasc,4987.0,4807.0,0.5,0.0,0,0,0,146.0,1.441860465116279,0.0,0.0
dgrandemange/IsoMsgActionLib,5436.0,4201.0,0.5,0.0,0,0,0,945.0,0.6160220994475138,0.0,0.0
dgrandemange/spring-glue4jpos,4896.0,3880.0,1.0,0.0,0,0,0,111.0,0.45652173913043476,0.0,0.0
dhatim/safesql,3587.0,3465.0,0.25,0.0,0,0,0,551.0,3.0272727272727273,0.0,0.0
dhbw-horb/forgetIT,5404.0,5355.0,1.6,0.0,0,0,0,228.0,0.0,0.0,0.0
dhemery/runtime-suite,5547.0,5275.0,2.5,0.0,0,0,0,446.0,1.089655172413793,0.0,0.0
dhinojosa/intro_to_reactive,3568.0,3523.0,1.5,0.0,0,0,0,70.0,0.0,0.0,0.0
dhinojosa/javarx-study,3633.0,3494.0,2.0,0.0,0,0,0,108.0,1.6666666666666667,0.0,0.0
dhirajsb/hawtapp-camel-hello-world,3772.0,3758.0,0.25,0.0,0,0,0,58.0,0.8571428571428571,0.0,0.0
dhmay/msInspect,4625.0,4184.0,0.5,0.0,0,0,0,3566.0,2.8086253369272236,0.0,0.0
dhoepelman/in4389,4201.0,4191.0,0.0,0.0,0,0,0,73.0,1.125,0.0,0.0
dhonza/JCOOL,5009.0,3568.0,1.6666666666666667,0.0,0,0,0,1254.0,0.0,0.0,0.0
dhruvgairola/privacyCleaning,3916.0,3698.0,0.5,0.0,0,0,0,499.0,1.1118012422360248,0.0,0.0
dialex/JCDP,4815.0,3640.0,5.375,0.0,0,0,0,66.0,0.0,0.0,0.0
dianping/Dolphin,3695.0,3590.0,1.5,0.0,0,0,0,1011.0,0.0673469387755102,0.0,0.0
dibbhatt/kafka-spark-consumer,4153.0,3630.0,1.9256198347107438,0.0,0,0,0,175.0,1.1607142857142858,0.0,0.0
dice-project/DICE-Profiles,3722.0,3461.0,0.0,0.0,0,0,0,2456.0,0.0,0.0,0.0
dick-the-deployer/dick,3659.0,3481.0,1.6666666666666667,0.0,0,0,0,30262.0,90.55045871559633,0.0,0.0
dick-the-deployer/dick-worker,3667.0,3481.0,0.0,0.0,0,0,0,138.0,0.0,0.0,0.0
dickerpulli/spring-boot-starter-admin-client,4199.0,4156.0,0.4166666666666667,0.0,0,0,0,147.0,3.730769230769231,0.0,0.0
didclab/stork,4526.0,3868.0,0.5,0.0,0,0,0,490.0,0.0,0.0,0.0
diennea/majordodo,3954.0,3463.0,1.0,0.0,0,0,0,975.0,0.8651026392961877,0.0,0.0
diesieben07/SevenCommons,4531.0,3469.0,2.3333333333333335,0.0,0,0,0,1593.0,4.041666666666667,0.0,0.0
diffplug/JMatIO,4751.0,3693.0,0.625,0.0,0,0,0,278.0,1.0434782608695652,0.0,0.0
diffplug/TestRepo_1.3.0,4334.0,4334.0,0.0,0.0,0,0,0,166.0,0.0,0.0,0.0
diffplug/matfilerw,3723.0,3563.0,3.0,0.0,0,0,0,1035.0,6.165354330708661,0.0,0.0
digidotcom/XBeeJavaLibrary,4171.0,3510.0,1.3076923076923077,0.0,0,0,0,2269.0,2.384169884169884,0.0,0.0
digimead-specific/PojoSRX,4433.0,3982.0,0.0,0.0,0,0,0,208.0,1.1343283582089552,0.0,0.0
digital-crafting-habitat/dch_hack1ng_d4ys_workshop,3707.0,3703.0,0.3333333333333333,0.0,0,0,0,916.0,1.4772727272727273,0.0,0.0
digitalfondue/lavagna,4064.0,3465.0,9.071428571428571,0.0,0,0,0,3696.0,1.7054108216432866,0.0,0.0
digitalinteraction/infiauto,4984.0,3605.0,1.5,0.0,0,0,0,163.0,1.5106382978723405,0.0,0.0
digitalis-io/cassandra-probe,4084.0,3483.0,1.5,0.0,0,0,0,203.0,0.5949367088607594,0.0,0.0
digitalpetri/ethernet-ip,3937.0,3481.0,1.5714285714285714,0.0,0,0,0,477.0,1.4214285714285715,0.0,0.0
digitalpetri/opc-ua-stack,4182.0,3527.0,1.4545454545454546,0.0,0,0,0,1642.0,1.2172211350293543,0.0,0.0
digs-uwo/dcsim-projects,4027.0,4026.0,0.5,0.0,0,0,0,478.0,0.0,0.0,0.0
diirt/util,4248.0,4067.0,0.0,0.0,0,0,0,655.0,2.5944055944055946,0.0,0.0
dimaki/refuel,4123.0,3567.0,9.0,0.0,0,0,0,166.0,1.169811320754717,0.0,0.0
dimalinux/SSLPing,3938.0,3766.0,1.0,0.0,0,0,0,55.0,0.7142857142857143,0.0,0.0
dingshao0402/DouroMainland,3543.0,3536.0,1.0,0.0,0,0,0,302.0,1.4942528735632183,0.0,0.0
dingy007/JStreakAPI,3921.0,3898.0,2.0,0.0,0,0,0,451.0,0.3471502590673575,0.0,0.0
dinix2008/quasar-groovy,4058.0,3932.0,2.0,0.0,0,0,0,3347.0,109.63333333333334,0.0,0.0
diogoduailibe/lzstring4j,4393.0,3735.0,1.0769230769230769,0.0,0,0,0,30.0,0.6666666666666666,0.0,0.0
dipoo/egdownloader,4227.0,3489.0,3.6666666666666665,0.0,0,0,0,492.0,0.0,0.0,0.0
directededge/directed-edge-bindings,6124.0,3519.0,4.833333333333333,0.0,0,0,0,148.0,0.0,0.0,0.0
dirkmc/press,5648.0,3774.0,1.0,0.0,0,0,0,126.0,0.031746031746031744,0.0,0.0
dirtyequi/EntityRemoverPlugin,3916.0,3916.0,0.0,0.0,0,0,0,36.0,0.0,0.0,0.0
disbrain/BrainDAL,4271.0,4024.0,1.0,0.0,0,0,0,170.0,0.15,0.0,0.0
disit/iclos,3707.0,3702.0,2.0,0.0,0,0,0,882.0,0.0,0.0,0.0
diverproject/Biblioteca,4068.0,4056.0,0.0,0.0,0,0,0,192.0,0.0,0.0,0.0
dividuum/mmbukkit,4345.0,4345.0,2.0,0.0,0,0,0,32.0,0.0,0.0,0.0
djonko/GeoAnalytique,4373.0,4229.0,0.0,0.0,0,0,0,218.0,0.0,0.0,0.0
djp3/qualoscopy,3883.0,3757.0,0.0,0.0,0,0,0,344.0,0.0,0.0,0.0
djrice/java-exec,5634.0,5153.0,1.6,0.0,0,0,0,109.0,1.2647058823529411,0.0,0.0
djyou/lustre,3821.0,3533.0,0.6666666666666666,0.0,0,0,0,192.0,0.0,0.0,0.0
dkaffeine/MoreExp,4879.0,4719.0,0.0,0.0,0,0,0,34.0,0.0,0.0,0.0
dkf/jsonmarshaller,5847.0,5847.0,0.6666666666666666,0.0,0,0,0,630.0,0.0,0.0,0.0
dkhenry/Minecraft-JMX-Plugin,5268.0,4876.0,2.0,0.0,0,0,0,52.0,0.0,0.0,0.0
dkmfbk/knowledgestore,3983.0,3463.0,1.0,0.0,0,0,0,2364.0,1.4141414141414141,0.0,0.0
dkmsntua/SociosApi,4095.0,3707.0,0.5,0.0,0,0,0,416.0,0.0,0.0,0.0
dkonarev/com.dk.teamsafe,3896.0,3811.0,0.5,0.0,0,0,0,687.0,1.7243243243243243,0.0,0.0
dkpro/dkpro-core-examples,3691.0,3467.0,1.0,0.0,0,0,0,407.0,1.787037037037037,0.0,0.0
dl1bff/ircDDB-DV,5658.0,5133.0,1.5,0.0,0,0,0,46.0,0.0,0.0,0.0
dlbunker/ps-guitar-db,4052.0,4051.0,0.19047619047619047,0.0,0,0,0,141.0,1.108695652173913,0.0,0.0
dlew/rxjava-multiple-sources-sample,3831.0,3828.0,6.410256410256411,0.0,0,0,0,58.0,0.8571428571428571,0.0,0.0
dlhartveld/reactive-stream,4725.0,4622.0,0.5,0.0,0,0,0,203.0,0.09183673469387756,0.0,0.0
dlmiles/full-example-ee7-jca-eis,4211.0,4204.0,0.8333333333333334,0.0,0,0,0,2357.0,14.971223021582734,0.0,0.0
dlord/MinecartDelivery,5104.0,5103.0,2.5,0.0,0,0,0,26.0,0.0,0.0,0.0
dmart28/reveno,3909.0,3488.0,4.9411764705882355,0.0,0,0,0,1054.0,0.0,0.0,0.0
dmbeer/wicket-bootstrap-example,4386.0,4150.0,0.5,0.0,0,0,0,86.0,0.0,0.0,0.0
dmcg/fakir,3882.0,3781.0,4.666666666666667,0.0,0,0,0,231.0,3.0652173913043477,0.0,0.0
dmgerman/joa,4979.0,3843.0,0.5,0.0,0,0,0,733.0,0.24770642201834864,0.0,0.0
dmillerw/AlchemicalBling,4185.0,4079.0,0.6666666666666666,0.0,0,0,0,139.0,0.043478260869565216,0.0,0.0
dmillerw/Colored-Chests,4305.0,3837.0,0.0,0.0,0,0,0,111.0,0.05454545454545454,0.0,0.0
dmillerw/Insomnia,4082.0,4076.0,0.25,0.0,0,0,0,45.0,0.13636363636363635,0.0,0.0
dmillerw/LoreExpansion_old,4211.0,3624.0,2.25,0.0,0,0,0,315.0,1.7738095238095237,0.0,0.0
dmillerw/RemoteIO,4443.0,3860.0,0.9375,0.0,0,0,0,1390.0,0.017391304347826087,0.0,0.0
dmillerw/TooMuchRain,4204.0,3668.0,0.25,0.0,0,0,0,76.0,1.7142857142857142,0.0,0.0
dmillerw/WiresAndCircuits,3488.0,3484.0,0.0,0.0,0,0,0,351.0,1.879120879120879,0.0,0.0
dmnapolitano/stanford-0mq,4386.0,3703.0,0.5,0.0,0,0,0,66.0,1.2380952380952381,0.0,0.0
dmozealous/ImageComparator,4125.0,4090.0,2.0,0.0,0,0,0,60.0,0.0,0.0,0.0
dmpe/Semester2and5-Examples,4715.0,3877.0,0.0,0.0,0,0,0,946.0,0.0,0.0,0.0
dmrzh/simplex-crm-b2b,4079.0,3708.0,0.0,0.0,0,0,0,708.0,0.0,0.0,0.0
dmuino/atlas-oss-plugin,4016.0,4014.0,0.0,0.0,0,0,0,226.0,0.0,0.0,0.0
dmulloy2/SwornAPI,4202.0,3461.0,0.3333333333333333,0.0,0,0,0,297.0,1.3222222222222222,0.0,0.0
dmulloy2/SwornRPG,4702.0,3462.0,0.42857142857142855,0.0,0,0,0,162.0,0.0,0.0,0.0
dmunguiatec/ic5701,4088.0,3695.0,0.0,0.0,0,0,0,264.0,0.0,0.0,0.0
dmytrodanylyk/folding-plugin,3805.0,3684.0,8.25242718446602,0.0,0,0,0,56.0,0.0,0.0,0.0
dnault/therapi-json-rpc,3855.0,3490.0,0.5,0.0,0,0,0,559.0,0.7101449275362319,0.0,0.0
doanduyhai/Achilles,4777.0,3519.0,2.5652173913043477,0.0,0,0,0,6570.0,5.261878453038674,0.0,0.0
dobermai/Hibernate-Flyway-Integration,4898.0,4895.0,2.111111111111111,0.0,0,0,0,87.0,1.8695652173913044,0.0,0.0
doctau/jboss-modules-maven-plugin,4662.0,4659.0,0.0,0.0,0,0,0,49.0,1.6428571428571428,0.0,0.0
doctorcanada/plants_vs_zombies-greenfoot,4028.0,4028.0,0.0,0.0,0,0,0,860.0,0.0,0.0,0.0
documents4j/documents4j,4513.0,3463.0,2.7142857142857144,0.0,0,0,0,1917.0,1.9243353783231083,0.0,0.0
docusign/docusign-soap-sdk,5430.0,3510.0,0.7083333333333334,0.0,0,0,0,1932.0,0.0,0.0,0.0
dom4j/visdom,3820.0,3820.0,0.0,0.0,0,0,0,926.0,0.5355191256830601,0.0,0.0
domaframework/spring-boot-sample,4238.0,3468.0,2.0,0.0,0,0,0,85.0,0.35135135135135137,0.0,0.0
domainAPI/domainAPI_java_wrapper,5436.0,5436.0,0.5,0.0,0,0,0,99.0,0.9705882352941176,0.0,0.0
domdorn/geo-ip,5773.0,5773.0,1.0,0.0,0,0,0,77.0,0.7241379310344828,0.0,0.0
domeos/server,3588.0,3464.0,1.6,0.0,0,0,0,5055.0,0.030108390204737052,0.0,0.0
dominicjprice/aethers-notebook,5689.0,4939.0,2.0,0.0,0,0,0,16.0,0.0,0.0,0.0
dominicschaff/ClickatellJavaLibrary,4004.0,4004.0,0.0,0.0,0,0,0,14.0,0.0,0.0,0.0
dominikschulz/JSpellCorrect,4865.0,4865.0,0.0,0.0,0,0,0,14.0,0.0,0.0,0.0
domix/diable,3864.0,3713.0,3.0,0.0,0,0,0,101.0,0.6410256410256411,0.0,0.0
donal-s/KappaTools,4838.0,4836.0,0.0,0.0,0,0,0,88.0,0.0,0.0,0.0
donaldsiziba/train-timetables,4052.0,3779.0,0.0,0.0,0,0,0,261.0,1.704225352112676,0.0,0.0
donatellosantoro/Llunatic,4159.0,3466.0,2.0,0.0,0,0,0,6198.0,0.0,0.0,0.0
donbeave/elasticsearch-analysis-hanlp,3753.0,3710.0,0.7142857142857143,0.0,0,0,0,130.0,0.9333333333333333,0.0,0.0
donbeave/grails-google-drive,4228.0,3662.0,1.0,0.0,0,0,0,98.0,0.0,0.0,0.0
dongaihua/highlight-elasticsearch,4646.0,4646.0,0.0,0.0,0,0,0,13110.0,1.6341463414634145,0.0,0.0
dongbe/ProjetIBD,4282.0,4275.0,0.0,0.0,0,0,0,250.0,0.0,0.0,0.0
donsunsoft/donsun-framework,4281.0,4083.0,0.0,0.0,0,0,0,658.0,1.1884057971014492,0.0,0.0
dooApp/spoon-maven-plugin,4408.0,4380.0,0.2,0.0,0,0,0,46.0,0.0,0.0,0.0
doomdagger/jextractor,4315.0,4313.0,0.5,0.0,0,0,0,56.0,0.0,0.0,0.0
doubledutch/ProjectPika,3760.0,3689.0,1.0,0.0,0,0,0,140.0,0.8979591836734694,0.0,0.0
dougm/jets3t,6173.0,6100.0,0.2,0.0,0,0,0,3148.0,1.0259365994236311,0.0,0.0
dounine/clouddisk,3535.0,3488.0,0.4166666666666667,0.0,0,0,0,948.0,1.035143769968051,0.0,0.0
dourgey/DrinkingSoda,3643.0,3462.0,1.0,0.0,0,0,0,8.0,0.0,0.0,0.0
dowenliu-xyz/ali-ddns,3639.0,3619.0,0.0,0.0,0,0,0,312.0,1.4130434782608696,0.0,0.0
dowenliu-xyz/elasticsearch-analysis-token-filter-pinyin,3480.0,3479.0,1.0,0.0,0,0,0,46.0,0.0,0.0,0.0
dowenliu-xyz/solrj-util,4163.0,4151.0,0.3333333333333333,0.0,0,0,0,137.0,1.3095238095238095,0.0,0.0
dpandya/jsr286-gwt-rpc,4590.0,3483.0,0.5,0.0,0,0,0,176.0,0.0,0.0,0.0
dpaukov/combinatoricslib,4087.0,3483.0,6.0,0.0,0,0,0,467.0,2.5096153846153846,0.0,0.0
dperezcabrera/jpoker,3990.0,3466.0,1.5,0.0,0,0,0,733.0,1.049792531120332,0.0,0.0
dpishchukhin/ace-maven-plugin-sample,4451.0,4449.0,0.5,0.0,0,0,0,314.0,0.0,0.0,0.0
dprg/roomba,3639.0,3639.0,0.2,0.0,0,0,0,1346.0,0.0,0.0,0.0
dpwspoon/tools.github,3932.0,3675.0,0.3333333333333333,0.0,0,0,0,52.0,0.0,0.0,0.0
dr-jts/jeql,4623.0,3623.0,2.5,0.0,0,0,0,1483.0,0.006756756756756757,0.0,0.0
drackows/socket-rpc,4333.0,3721.0,0.0,0.0,0,0,0,91.0,1.4444444444444444,0.0,0.0
draem0507/java_puzzlers,3967.0,3961.0,0.0,0.0,0,0,0,170.0,0.0,0.0,0.0
dragon66/animated-gif-writer,3701.0,3525.0,0.0,0.0,0,0,0,114.0,0.0,0.0,0.0
dragon66/icafe,4114.0,3465.0,3.1666666666666665,0.0,0,0,0,4332.0,0.0018475750577367205,0.0,0.0
dragon66/java-psd-library,3792.0,3792.0,0.0,0.0,0,0,0,152.0,0.0,0.0,0.0
drbild/c2dm4j,5045.0,4266.0,5.0,0.0,0,0,0,322.0,1.1764705882352942,0.0,0.0
drdozer/sbol-data,4196.0,3499.0,0.0,0.0,0,0,0,945.0,4.07051282051282,0.0,0.0
dreajay/hrms,4053.0,4036.0,0.16666666666666666,0.0,0,0,0,2454.0,0.0,0.0,0.0
dream-lab/goffish,3927.0,3856.0,1.0,0.0,0,0,0,1658.0,0.0,0.0,0.0
dreedyman/Rio,5514.0,3462.0,1.5454545454545454,0.0,0,0,0,7315.0,1.2900179856115108,0.0,0.0
dresden-ocl/dresdenocl,4746.0,3767.0,1.375,0.0,0,0,0,16556.0,0.0,0.0,0.0
drewjst/Purdue,3943.0,3526.0,0.0,0.0,0,0,0,818.0,0.0,0.0,0.0
drewwills/Soffit,3512.0,3464.0,0.6,0.0,0,0,0,128.0,0.9545454545454546,0.0,0.0
drfmunoz/mtg-price-crawler,4641.0,4255.0,0.0,0.0,0,0,0,467.0,1.1476510067114094,0.0,0.0
drftpd-ng/drftpd3,3636.0,3513.0,0.75,0.0,0,0,0,5096.0,0.0,0.0,0.0
drheydenreich/jcifs,5169.0,5017.0,0.5,0.0,0,0,0,1154.0,0.6094808126410836,0.0,0.0
dribeiro/cadastroCliente,5179.0,5170.0,0.5,0.0,0,0,0,172.0,0.0,0.0,0.0
dries007/TFCSeedMaker,3653.0,3558.0,2.0,0.0,0,0,0,180.0,1.0847457627118644,0.0,0.0
dries007/TFCraft-NEIplugin,4076.0,3602.0,5.5,0.0,0,0,0,224.0,1.476923076923077,0.0,0.0
dries007/j8051,4040.0,3736.0,1.0,0.0,0,0,0,332.0,1.752808988764045,0.0,0.0
drifkin/bezier-editor-tool,4527.0,4527.0,1.0,0.0,0,0,0,62.0,0.0,0.0,0.0
drifted-in/planisphere-core,4202.0,3722.0,0.75,0.0,0,0,0,394.0,1.0461538461538462,0.0,0.0
drimavo/megasena,3477.0,3477.0,0.0,0.0,0,0,0,43.0,1.0,0.0,0.0
drissamri/linkshortener,4049.0,3918.0,3.0,0.0,0,0,0,356.0,1.168141592920354,0.0,0.0
drmirror/followt,4499.0,4494.0,3.0,0.0,0,0,0,108.0,0.6829268292682927,0.0,0.0
droolsjbpm/drools,5415.0,3462.0,0.7219069239500567,0.0,0,0,0,25072.0,1.4868585732165207,0.0,0.0
droolsjbpm/jbpm-dashboard,4549.0,3487.0,0.1282051282051282,0.0,0,0,0,408.0,0.0,0.0,0.0
droolsjbpm/jbpm-form-modeler,4693.0,3464.0,0.13333333333333333,0.0,0,0,0,8857.0,4.084478021978022,0.0,0.0
droolsjbpm/optaplanner,5417.0,3461.0,1.4744525547445255,0.0,0,0,0,16856.0,0.9737167048862233,0.0,0.0
dropbox/pem-converter-maven-plugin,4394.0,3801.0,1.0,0.0,0,0,0,116.0,5.375,0.0,0.0
droplet/DropletBroadcast,4978.0,4544.0,0.0,0.0,0,0,0,42.0,0.0,0.0,0.0
dropwitch/dropwitch,3649.0,3501.0,1.0,0.0,0,0,0,159.0,0.9272727272727272,0.0,0.0
dropwizard/dropwizard-flyway,4256.0,3468.0,3.0,0.0,0,0,0,103.0,1.1818181818181819,0.0,0.0
dropwizard/dropwizard-protobuf,4151.0,3462.0,1.6363636363636365,0.0,0,0,0,167.0,2.6944444444444446,0.0,0.0
dropwizard/metrics,5771.0,3465.0,3.7435661764705883,0.0,0,0,0,3222.0,3.208400646203554,0.0,0.0
drosenstark/Mjdj-API,5553.0,4075.0,1.5,0.0,0,0,0,80.0,0.0,0.0,0.0
drosenstark/mjdj,5540.0,3503.0,0.5,0.0,0,0,0,176.0,0.0,0.0,0.0
drrb/rust-netbeans,4526.0,3940.0,3.1,0.0,0,0,0,1053.0,0.6574307304785895,0.0,0.0
drtshock/FactionShock,3969.0,3968.0,1.8,0.0,0,0,0,40.0,0.0,0.0,0.0
drtshock/Potato,4420.0,3498.0,0.19070904645476772,0.0,0,0,0,63.0,1.0952380952380953,0.0,0.0
drugis/addis-core,4333.0,3461.0,0.16666666666666666,0.0,0,0,0,2719.0,0.026061057334326135,0.0,0.0
druid-io/druid,4801.0,3462.0,4.437007874015748,0.0,0,0,0,13439.0,1.8746036321706543,0.0,0.0
druid-io/druid-api,4493.0,3553.0,0.3870967741935484,0.0,0,0,0,468.0,1.3098591549295775,0.0,0.0
dryman/Hadoop-CombineFileInputFormat,4342.0,3764.0,1.8333333333333333,0.0,0,0,0,51.0,1.3125,0.0,0.0
dryuf/dryuf-concurrent,3656.0,3637.0,0.0,0.0,0,0,0,378.0,2.5238095238095237,0.0,0.0
ds84182/OpenGX,4193.0,4117.0,1.3333333333333333,0.0,0,0,0,374.0,0.5405405405405406,0.0,0.0
dschadow/JavaSecurity,4373.0,3486.0,1.0,0.0,0,0,0,1565.0,2.0595854922279795,0.0,0.0
dselman/tweetamo,4380.0,4378.0,0.5,0.0,0,0,0,106.0,0.0,0.0,0.0
dsp/projectsonar,5794.0,5648.0,2.6,0.0,0,0,0,546.0,0.007326007326007326,0.0,0.0
dstepanov/coffeescript-netbeans,5350.0,4023.0,6.066666666666666,0.0,0,0,0,160.0,0.0,0.0,0.0
dstl/baleen,3752.0,3465.0,3.25,0.0,0,0,0,2628.0,0.0,0.0,0.0
dstreev/hdp-data-gen,4480.0,4028.0,1.3333333333333333,0.0,0,0,0,184.0,1.206896551724138,0.0,0.0
dsuriyaraj/CarRental,3864.0,3864.0,0.0,0.0,0,0,0,466.0,0.0,0.0,0.0
dswarm/dswarm-gdm,4082.0,3577.0,0.5,0.0,0,0,0,42.0,1.3846153846153846,0.0,0.0
dswarm/dswarm-xsd2jsonschema,4082.0,3577.0,0.3333333333333333,0.0,0,0,0,159.0,1.22,0.0,0.0
dswarm/wikidata-d-swarm-importer,3784.0,3756.0,0.6666666666666666,0.0,0,0,0,97.0,1.4137931034482758,0.0,0.0
dtag-dbu/speechalyzer,4863.0,4702.0,1.5,0.0,0,0,0,1040.0,0.0,0.0,0.0
dtendr/mysticalmyriad,4155.0,3629.0,0.6666666666666666,0.0,0,0,0,240.0,1.6119402985074627,0.0,0.0
dtondin/Sisop_2,3832.0,3831.0,0.0,0.0,0,0,0,16.0,0.0,0.0,0.0
dualspiral/Hammer,3942.0,3585.0,0.5,0.0,0,0,0,406.0,0.0,0.0,0.0
duchien85/netty-cookbook,3903.0,3903.0,1.5,0.0,0,0,0,1318.0,0.0,0.0,0.0
duckdoom5/RpgEssentials,5086.0,4075.0,1.5555555555555556,0.0,0,0,0,1222.0,0.0,0.0,0.0
ducreyna/java-jwt-simple,3953.0,3952.0,0.0,0.0,0,0,0,92.0,0.0,0.0,0.0
duerrfk/sdn-mq,4180.0,4173.0,0.3333333333333333,0.0,0,0,0,84.0,0.0,0.0,0.0
duke-compsci308-fall2013/example_browser,4455.0,4451.0,0.0,0.0,0,0,0,30.0,0.0,0.0,0.0
duke-compsci308-fall2014/example_bins,4131.0,4113.0,0.25,0.0,0,0,0,26.0,0.0,0.0,0.0
duke-compsci308-fall2015/example_roulette,3750.0,3707.0,0.0,0.0,0,0,0,34.0,0.0,0.0,0.0
duke-compsci308-spring2016/lab_bins,3631.0,3511.0,0.0,0.0,0,0,0,22.0,0.0,0.0,0.0
dukeboard/kevoree-log,4501.0,3560.0,0.0,0.0,0,0,0,252.0,2.792452830188679,0.0,0.0
dumptruckman/ActionMenuPlus,4632.0,3615.0,0.0,0.0,0,0,0,193.0,1.9,0.0,0.0
dumptruckman/BarterSigns,5257.0,4881.0,1.0,0.0,0,0,0,106.0,0.0,0.0,0.0
duncanje/jitgapi,4275.0,4071.0,0.0,0.0,0,0,0,70.0,0.4,0.0,0.0
dunse/Flotr2JF,5044.0,5041.0,1.5,0.0,0,0,0,48.0,0.0,0.0,0.0
duosecurity/duo_client_java,4751.0,3489.0,0.3333333333333333,0.0,0,0,0,151.0,1.06,0.0,0.0
duosecurity/duo_java,5236.0,3784.0,1.1333333333333333,0.0,0,0,0,50.0,0.0,0.0,0.0
duracloud/duracloud,5065.0,3461.0,0.4,0.0,0,0,0,9100.0,2.0185430463576157,0.0,0.0
duracloud/snapshot,4337.0,3489.0,0.0,0.0,0,0,0,929.0,2.270642201834862,0.0,0.0
dverstap/wintersleep-graphviz,4246.0,4246.0,1.0,0.0,0,0,0,377.0,6.813953488372093,0.0,0.0
dviveiros/contentbowl,4072.0,4058.0,0.3333333333333333,0.0,0,0,0,167.0,1.930232558139535,0.0,0.0
dvorka/keepass2-to-keepassx,4179.0,4080.0,4.0,0.0,0,0,0,506.0,10.7,0.0,0.0
dwango/quercus,4775.0,4769.0,2.0,0.0,0,0,0,4584.0,0.02830605926581159,0.0,0.0
dwclark/postgresql,3837.0,3703.0,0.6666666666666666,0.0,0,0,0,252.0,0.0,0.0,0.0
dwdyer/uncommons-maths,5536.0,4235.0,5.444444444444445,0.0,0,0,0,461.0,0.930379746835443,0.0,0.0
dweiss/dk.brics.automaton,5385.0,5381.0,1.4285714285714286,0.0,0,0,0,302.0,4.333333333333333,0.0,0.0
dweiss/java-sizeof,5019.0,3540.0,5.2,0.0,0,0,0,937.0,23.37837837837838,0.0,0.0
dweiss/language-detection,4594.0,4592.0,0.5,0.0,0,0,0,409.0,1.0,0.0,0.0
dwimberger/crowd-radius-server,4913.0,3927.0,1.7142857142857142,0.0,0,0,0,89.0,0.84375,0.0,0.0
dwing4g/jane,4394.0,3582.0,1.3333333333333333,0.0,0,0,0,1082.0,1.9706959706959708,0.0,0.0
dwrensha/capnproto-java,4236.0,3561.0,4.533333333333333,0.0,0,0,0,250.0,0.0,0.0,0.0
dwtalk/JHawtCode,4177.0,3461.0,0.0,0.0,0,0,0,175.0,1.2777777777777777,0.0,0.0
dwws-ufes/2015-transparencia,3878.0,3815.0,0.0,0.0,0,0,0,368.0,0.041884816753926704,0.0,0.0
dyeo/VanillaTeleporter,3893.0,3521.0,0.3333333333333333,0.0,0,0,0,692.0,0.4874551971326165,0.0,0.0
dylanhansch/SpecGrabber,3635.0,3488.0,0.0,0.0,0,0,0,54.0,0.8,0.0,0.0
dylnb/LambdaCalculator,4431.0,3634.0,2.8,0.0,0,0,0,973.0,0.012269938650306749,0.0,0.0
dzolotov/quant,4405.0,4126.0,2.0,0.0,0,0,0,202.0,0.0,0.0,0.0
dzwicker/wicket-svg,4758.0,4624.0,1.3333333333333333,0.0,0,0,0,173.0,1.1818181818181819,0.0,0.0
e-Contract/eid-applet,3928.0,3708.0,1.0,0.0,0,0,0,2151.0,0.1946992864424057,0.0,0.0
e-Contract/mycarenet,3929.0,3518.0,0.3333333333333333,0.0,0,0,0,3158.0,3.7664233576642334,0.0,0.0
e-motions/emotions2maude_behavior,3520.0,3519.0,0.0,0.0,0,0,0,36.0,0.0,0.0,0.0
e32wong/clocom,4046.0,3500.0,0.0,0.0,0,0,0,100.0,0.0,0.0,0.0
eBay/WebRex,3687.0,3682.0,3.5,0.0,0,0,0,1366.0,1.0810810810810811,0.0,0.0
eBay/embedded-druid,3612.0,3612.0,2.9,0.0,0,0,0,96.0,1.5,0.0,0.0
eBay/geosense,4662.0,4583.0,1.2857142857142858,0.0,0,0,0,111.0,0.9736842105263158,0.0,0.0
eBay/myriad,4115.0,4095.0,0.23809523809523808,0.0,0,0,0,316.0,0.9444444444444444,0.0,0.0
eBay/oink,4212.0,3609.0,4.2,0.0,0,0,0,475.0,1.5597014925373134,0.0,0.0
eBay/parallec-plugins,3702.0,3697.0,1.6666666666666667,0.0,0,0,0,34.0,0.0,0.0,0.0
eBay/reactive-source,4277.0,4238.0,0.4,0.0,0,0,0,503.0,1.2371794871794872,0.0,0.0
eFaps/eFaps-Kernel,3926.0,3464.0,0.5,0.0,0,0,0,1250.0,0.0,0.0,0.0
eNnillaMS/MineJobs,4336.0,4128.0,0.0,0.0,0,0,0,215.0,0.024,0.0,0.0
ePages-de/restdocs-wiremock,3576.0,3492.0,0.6666666666666666,0.0,0,0,0,138.0,0.0,0.0,0.0
eXsio/congregation-assistant,4180.0,3832.0,0.0,0.0,0,0,0,456.0,0.0,0.0,0.0
eamelink/play-jpastats,5128.0,3989.0,2.5,0.0,0,0,0,160.0,0.0,0.0,0.0
eark-project/dm-hdfs-storage,4185.0,3660.0,0.5,0.0,0,0,0,82.0,0.0,0.0,0.0
earlye/dropwizard-multi-config,3721.0,3527.0,0.5,0.0,0,0,0,136.0,3.111111111111111,0.0,0.0
eatnumber1/google-gson,5240.0,5240.0,1.0208333333333333,0.0,0,0,0,1406.0,2.292682926829268,0.0,0.0
eatnumber1/javautil,6002.0,3568.0,1.0,0.0,0,0,0,448.0,0.0,0.0,0.0
eaudeweb/sdmx2rdf,3941.0,3853.0,0.0,0.0,0,0,0,304.0,1.0297029702970297,0.0,0.0
eb4j/eb4j,3750.0,3461.0,0.25,0.0,0,0,0,324.0,0.0,0.0,0.0
ebayopensource/turmeric-monitoring,5324.0,3537.0,1.3333333333333333,0.0,0,0,0,2880.0,0.0,0.0,0.0
ebean-orm-examples/example-java8,4051.0,3471.0,1.1666666666666667,0.0,0,0,0,223.0,1.8793103448275863,0.0,0.0
ebean-orm/avaje-ebeanorm-querybean,3797.0,3463.0,1.0,0.0,0,0,0,503.0,3.0,0.0,0.0
ebean-orm/finder-generator,3797.0,3527.0,0.3333333333333333,0.0,0,0,0,1270.0,3.1707317073170733,0.0,0.0
ebourg/jsign,4956.0,3506.0,1.2352941176470589,0.0,0,0,0,289.0,0.8252427184466019,0.0,0.0
ebourgeois/protobuf-client-server,4103.0,4092.0,0.0,0.0,0,0,0,64.0,0.0625,0.0,0.0
ecabrerar/taller-desarrollo-web-java,4209.0,4184.0,0.0,0.0,0,0,0,586.0,0.0,0.0,0.0
echin94/AgeCalculator,3925.0,3920.0,0.0,0.0,0,0,0,28.0,0.0,0.0,0.0
ecki/jmhbench-cryptospeed,3883.0,3498.0,0.5,0.0,0,0,0,115.0,6.357142857142857,0.0,0.0
ecki/seeburger-vfs2,4512.0,3496.0,0.0,0.0,0,0,0,484.0,0.8421052631578947,0.0,0.0
eclecticlogic/pedal-loader,4003.0,3468.0,1.5,0.0,0,0,0,158.0,1.4042553191489362,0.0,0.0
eclecticlogic/whisper,4386.0,3868.0,5.5,0.0,0,0,0,134.0,1.0909090909090908,0.0,0.0
eclipse/cft,3736.0,3462.0,0.2222222222222222,0.0,0,0,0,1752.0,0.0,0.0,0.0
eclipse/dawnsci,4072.0,3462.0,0.6470588235294118,0.0,0,0,0,3468.0,0.0,0.0,0.0
eclipse/eclipse-collections-kata,3632.0,3470.0,1.588235294117647,0.0,0,0,0,187.0,0.52,0.0,0.0
eclipse/eclipselink.runtime,4729.0,3461.0,0.7,0.0,0,0,0,55180.0,0.0,0.0,0.0
eclipse/elk,3710.0,3462.0,1.0,0.0,0,0,0,2130.0,0.0,0.0,0.0
eclipse/sisu.mojos,4729.0,3589.0,0.3333333333333333,0.0,0,0,0,76.0,1.7142857142857142,0.0,0.0
eclipse/sisu.plexus,4828.0,3528.0,0.6666666666666666,0.0,0,0,0,734.0,0.746268656716418,0.0,0.0
eclipse/smarthome,4358.0,3462.0,1.0198019801980198,0.0,0,0,0,127135.0,19.292413331100317,0.0,0.0
ecologylab/BigSemanticsWrapperRepository,4710.0,3475.0,0.1111111111111111,0.0,0,0,0,2510.0,0.0,0.0,0.0
ecosur-infonomia/ecosur-custom-ingesters,4584.0,4004.0,0.0,0.0,0,0,0,56.0,0.0,0.0,0.0
ecrit/pharmacy_at,4466.0,4096.0,0.0,0.0,0,0,0,824.0,0.0,0.0,0.0
ecu-sle-lab/seng6245-imp-stage1,3989.0,3980.0,0.0,0.0,0,0,0,100.0,0.0,0.0,0.0
ecu-sle-lab/seng6245-intro-examples,3988.0,3988.0,0.0,0.0,0,0,0,34.0,0.0,0.0,0.0
edanuff/JoSQL,5536.0,5534.0,0.8,0.0,0,0,0,427.0,1.2014925373134329,0.0,0.0
eddspencer/number-to-words,3862.0,3862.0,0.5,0.0,0,0,0,33.0,1.1818181818181819,0.0,0.0
eddysystems/eddy,3885.0,3718.0,12.5,0.0,0,0,0,438.0,0.0,0.0,0.0
ederst/ccr-parameter-plugin,4522.0,4480.0,0.0,0.0,0,0,0,194.0,2.260869565217391,0.0,0.0
edescourtis/actor,4616.0,4582.0,2.4,0.0,0,0,0,59.0,0.7727272727272727,0.0,0.0
edjacob25/stuff,4412.0,4401.0,0.0,0.0,0,0,0,46.0,0.0,0.0,0.0
edkuqo/spring-amqp,4114.0,4114.0,0.0,0.0,0,0,0,203.0,1.7962962962962963,0.0,0.0
edmcouncil/rdf-toolkit,4078.0,3561.0,1.0,0.0,0,0,0,444.0,0.0,0.0,0.0
edmunds/etm-core,5267.0,4637.0,1.0,0.0,0,0,0,474.0,0.0,0.0,0.0
edouardhue/comeon,4666.0,3463.0,0.6666666666666666,0.0,0,0,0,412.0,0.0,0.0,0.0
eduanc/PPMC,3920.0,3904.0,0.0,0.0,0,0,0,74.0,0.0,0.0,0.0
eduardoguzman/sisob-data-extractor,4082.0,3569.0,0.0,0.0,0,0,0,3336.0,0.0,0.0,0.0
educloudalliance/xroad-rest-gateway,4211.0,3476.0,3.2,0.0,0,0,0,152.0,0.0,0.0,0.0
edulify/play-sitemap-module.edulify.com,4634.0,3505.0,3.0,0.0,0,0,0,138.0,0.0,0.0,0.0
edulopez44/GravityX,3570.0,3556.0,0.0,0.0,0,0,0,68.0,0.0,0.0,0.0
eduosi/Mcrypt,4304.0,4290.0,0.0,0.0,0,0,0,237.0,0.9506172839506173,0.0,0.0
eduosi/cas-client-support,4262.0,4260.0,0.0,0.0,0,0,0,44.0,0.0,0.0,0.0
edvin/fxldemo,3605.0,3466.0,1.0,0.0,0,0,0,36.0,0.7142857142857143,0.0,0.0
edward-yakop/flexmojos,5535.0,5518.0,0.09090909090909091,0.0,0,0,0,4930.0,0.0,0.0,0.0
edwardcapriolo/nibiru,4036.0,3621.0,2.0,0.0,0,0,0,701.0,1.1383928571428572,0.0,0.0
eedrummer/ccr-importer,5424.0,5416.0,0.8571428571428571,0.0,0,0,0,557.0,1.4085365853658536,0.0,0.0
eeichinger/jcurl,3563.0,3556.0,3.5,0.0,0,0,0,92.0,1.3571428571428572,0.0,0.0
eeue56/relearn-yourself-a-java,4034.0,4028.0,0.5,0.0,0,0,0,14.0,0.0,0.0,0.0
eevans/twissandra-j,4644.0,3566.0,1.6666666666666667,0.0,0,0,0,326.0,0.954954954954955,0.0,0.0
ef-labs/vertx-when,4522.0,3478.0,3.5,0.0,0,0,0,244.0,1.236842105263158,0.0,0.0
efsavage/ajah,5399.0,3471.0,1.0,0.0,0,0,0,3032.0,0.0,0.0,0.0
egavard/humfray,3929.0,3686.0,1.0,0.0,0,0,0,129.0,1.119047619047619,0.0,0.0
eggsy84/spring-boot-frontend,3639.0,3633.0,0.3333333333333333,0.0,0,0,0,81.0,1.32,0.0,0.0
egidisa/LiveBet,4022.0,3957.0,0.5,0.0,0,0,0,352.0,0.0,0.0,0.0
egillespie/performance-playground,4213.0,3826.0,2.0,0.0,0,0,0,52.0,0.07692307692307693,0.0,0.0
egonw/bioclipse.ons,6243.0,4056.0,1.75,0.0,0,0,0,290.0,0.0,0.0,0.0
ehab-abdelhamid/GraMi,4297.0,3522.0,0.9285714285714286,0.0,0,0,0,666.0,0.0,0.0,0.0
ehaikyu/DataAnalysisWin,3589.0,3570.0,0.0,0.0,0,0,0,1916.0,0.010482180293501049,0.0,0.0
eiabea/LearningJavaTheStudentWay,3978.0,3976.0,0.0,0.0,0,0,0,26.0,0.0,0.0,0.0
eidoscode/builder-pattern-sample,4092.0,4091.0,0.5,0.0,0,0,0,81.0,1.7727272727272727,0.0,0.0
eis/dom4j-example,4482.0,4480.0,0.0,0.0,0,0,0,38.0,1.0769230769230769,0.0,0.0
eisental/etCommon,5072.0,4400.0,0.5,0.0,0,0,0,83.0,1.6956521739130435,0.0,0.0
eishub/BW4T,4255.0,3564.0,0.6666666666666666,0.0,0,0,0,3062.0,1.094949494949495,0.0,0.0
eitchnet/ch.eitchnet.privilege,5244.0,3578.0,0.5,0.0,0,0,0,204.0,0.0,0.0,0.0
eitchnet/strolch,4109.0,3461.0,1.0,0.0,0,0,0,5305.0,1.143957345971564,0.0,0.0
ejw0013/vegemite-smoothie,3518.0,3512.0,0.0,0.0,0,0,0,208.0,0.0,0.0,0.0
eknkc/a-cma,5072.0,3908.0,0.6666666666666666,0.0,0,0,0,596.0,0.0,0.0,0.0
ekoontz/Lily,5450.0,5449.0,1.25,0.0,0,0,0,2591.0,0.17169179229480738,0.0,0.0
ekoshkin/teamcity-azure-active-directory,3951.0,3560.0,2.0,0.0,0,0,0,105.0,0.9722222222222222,0.0,0.0
eksopl/asagi,5023.0,4083.0,3.769230769230769,0.0,0,0,0,240.0,1.1428571428571428,0.0,0.0
elBukkit/MagicPlugin,5359.0,3463.0,0.8333333333333334,0.0,0,0,0,6468.0,0.22260391618000688,0.0,0.0
elastic/elasticsearch,5789.0,3461.0,2.9522904062229904,0.0,0,0,0,18611.0,0.0001074575542660649,0.0,0.0
elastic/elasticsearch-analysis-stempel,5079.0,3763.0,2.176470588235294,0.0,0,0,0,80.0,0.0,0.0,0.0
elastic/elasticsearch-cloud-aws,5124.0,3470.0,3.791946308724832,0.0,0,0,0,138.0,0.0,0.0,0.0
elastic/elasticsearch-lang-python,5124.0,3753.0,4.0,0.0,0,0,0,64.0,0.0,0.0,0.0
elastic/elasticsearch-mapper-attachments,5124.0,3599.0,3.797872340425532,0.0,0,0,0,298.0,0.0,0.0,0.0
elastic/elasticsearch-metrics-reporter-java,4519.0,3534.0,3.4791666666666665,0.0,0,0,0,161.0,0.9636363636363636,0.0,0.0
elastic/elasticsearch-transport-thrift,5125.0,3802.0,2.242424242424242,0.0,0,0,0,88.0,0.0,0.0,0.0
elastic/securemock,3805.0,3471.0,0.3333333333333333,0.0,0,0,0,106.0,4.352941176470588,0.0,0.0
elastic/shield-custom-realm-example,3748.0,3461.0,0.9,0.0,0,0,0,56.0,0.0,0.0,0.0
elasticsoftwarefoundation/elasticactors,4676.0,3480.0,2.5,0.0,0,0,0,1935.0,1.4900900900900902,0.0,0.0
eldemcan/markettsp,3540.0,3535.0,0.0,0.0,0,0,0,214.0,0.0,0.0,0.0
eldridge/jira-mailhandler-aliased,4807.0,3879.0,0.3333333333333333,0.0,0,0,0,74.0,0.0,0.0,0.0
elelpublic/resthelper,4028.0,3778.0,0.0,0.0,0,0,0,73.0,0.02702702702702703,0.0,0.0
eleme/hackathon-2015,3666.0,3665.0,1.5217391304347827,0.0,0,0,0,348.0,0.0,0.0,0.0
elephantscale/hbase-book,4129.0,3996.0,0.1111111111111111,0.0,0,0,0,205.0,0.4642857142857143,0.0,0.0
elexis/elexis-3-portguide,4442.0,4414.0,0.0,0.0,0,0,0,6.0,0.0,0.0,0.0
elezar/testmailserver,3752.0,3752.0,0.0,0.0,0,0,0,137.0,3.3461538461538463,0.0,0.0
elias54/Fake-Ores-2,3834.0,3494.0,0.6,0.0,0,0,0,240.0,0.46938775510204084,0.0,0.0
eliasruizhz/GOOGLE-Calendar-API-Insert-Example,3868.0,3868.0,0.0,0.0,0,0,0,8.0,0.0,0.0,0.0
elimelec/hr,3716.0,3619.0,1.0,0.0,0,0,0,486.0,0.0,0.0,0.0
eliotk/OpenExo,5207.0,4884.0,2.0,0.0,0,0,0,10.0,0.0,0.0,0.0
ellepannitto/Progetto_Java,3561.0,3518.0,0.0,0.0,0,0,0,24.0,0.0,0.0,0.0
elliotledger/petla-api,3509.0,3509.0,0.0,0.0,0,0,0,74.0,0.0,0.0,0.0
elliottsj/nextbusapi,4376.0,4012.0,0.0,0.0,0,0,0,270.0,0.0,0.0,0.0
elminsterjimmy/PSN-API,3798.0,3527.0,2.5,0.0,0,0,0,240.0,0.0,0.0,0.0
elmot/vaadin-transactional-container-addon,3799.0,3566.0,0.0,0.0,0,0,0,258.0,3.0980392156862746,0.0,0.0
elodina/dropwizard-kafka-http,4353.0,3959.0,3.4358974358974357,0.0,0,0,0,68.0,1.1818181818181819,0.0,0.0
elorabella/kittenquest,3656.0,3652.0,0.0,0.0,0,0,0,80.0,1.1538461538461537,0.0,0.0
emabrey/JavaRTMP,3893.0,3788.0,1.5,0.0,0,0,0,135.0,0.20967741935483872,0.0,0.0
email2vimalraj/CucumberExtentReporter,3561.0,3494.0,1.0,0.0,0,0,0,93.0,1.1666666666666667,0.0,0.0
emboss/krypt-core-java,5142.0,4668.0,0.7142857142857143,0.0,0,0,0,181.0,0.03333333333333333,0.0,0.0
emboss/siphash-java,4923.0,4743.0,1.0,0.0,0,0,0,74.0,1.3043478260869565,0.0,0.0
embulk/embulk-output-gcs,3931.0,3505.0,2.5,0.0,0,0,0,104.0,0.5238095238095238,0.0,0.0
emcconsulting/enhanced-pet-clinic,3534.0,3529.0,0.0,0.0,0,0,0,469.0,1.0986842105263157,0.0,0.0
emcconsulting/enhanced-petclinic,3521.0,3521.0,0.0,0.0,0,0,0,466.0,1.12,0.0,0.0
ementalo/TeleConfirmLite,5377.0,4137.0,1.0,0.0,0,0,0,85.0,1.1071428571428572,0.0,0.0
emeric254/Java-STRI-S4,3651.0,3555.0,0.3333333333333333,0.0,0,0,0,180.0,0.0,0.0,0.0
emfjson/emfjson-mongo,4092.0,3531.0,1.0,0.0,0,0,0,196.0,3.5,0.0,0.0
emicklei/jcollectd-jboss,4525.0,4481.0,0.0,0.0,0,0,0,34.0,0.0,0.0,0.0
emicklei/selfdiagnose,4492.0,3470.0,0.14285714285714285,0.0,0,0,0,552.0,0.8121827411167513,0.0,0.0
emigonza/POStest,4911.0,4911.0,1.0,0.0,0,0,0,442.0,0.0,0.0,0.0
emilybache/Single-Sign-On-Kata,4457.0,3814.0,0.0,0.0,0,0,0,76.0,0.0,0.0,0.0
emmanuelbernard/hibernate-ogm-old,5393.0,5304.0,3.0,0.0,0,0,0,390.0,0.020618556701030927,0.0,0.0
emmanuelbernard/visitors-pit-of-hell,4187.0,4187.0,0.0,0.0,0,0,0,36.0,0.0,0.0,0.0
emmt/TiPi,4234.0,3527.0,2.0,0.0,0,0,0,881.0,0.06791569086651054,0.0,0.0
emop/ClickGate,4416.0,4219.0,0.0,0.0,0,0,0,192.0,0.0,0.0,0.0
emop/TaodianApi,4416.0,4371.0,0.0,0.0,0,0,0,113.0,0.875,0.0,0.0
empeeoh/BACnet4J,4581.0,4053.0,0.5,0.0,0,0,0,1980.0,3.4153005464480874,0.0,0.0
emris/BCTFCcrossover,4621.0,3649.0,1.0,0.0,0,0,0,619.0,0.3258426966292135,0.0,0.0
enableiot/iotanalytics-backend,3675.0,3496.0,1.0,0.0,0,0,0,421.0,0.8389261744966443,0.0,0.0
encog/encog-sample-java,4094.0,4092.0,1.0,0.0,0,0,0,31.0,1.3,0.0,0.0
endercrest/ColorCube,4032.0,3524.0,1.0,0.0,0,0,0,311.0,1.0686274509803921,0.0,0.0
endgameinc/storm-metrics-statsd,4352.0,4116.0,1.1666666666666667,0.0,0,0,0,64.0,1.0,0.0,0.0
endymuhardin/belajar-restful,5068.0,4248.0,0.8235294117647058,0.0,0,0,0,459.0,0.1542056074766355,0.0,0.0
endymuhardin/contoh-jee6,5336.0,5336.0,1.3333333333333333,0.0,0,0,0,222.0,0.0,0.0,0.0
enguerrand/xdat,3895.0,3651.0,0.75,0.0,0,0,0,282.0,0.0,0.0,0.0
enioka/jqm,4386.0,3554.0,4.5,0.0,0,0,0,1310.0,0.0,0.0,0.0
enis/gora,5725.0,5508.0,5.0,0.0,0,0,0,929.0,1.1452702702702702,0.0,0.0
enixjin/TMS,4473.0,4414.0,0.5,0.0,0,0,0,186.0,0.0,0.0,0.0
enjoy0924/plum-distribute,3751.0,3616.0,0.0,0.0,0,0,0,1032.0,2.51528384279476,0.0,0.0
enorvelle/AddressDiscoverer,4395.0,4164.0,0.2,0.0,0,0,0,578.0,0.0,0.0,0.0
enricobacis/storm-joiner,4311.0,4165.0,0.5,0.0,0,0,0,88.0,0.1951219512195122,0.0,0.0
enricozb/SplitWorlds,4133.0,4086.0,0.0,0.0,0,0,0,74.0,0.0,0.0,0.0
enterprisegeeks/java8_study,4075.0,3763.0,0.2,0.0,0,0,0,122.0,1.263157894736842,0.0,0.0
entrobe/sc-recommendations,3966.0,3941.0,1.0,0.0,0,0,0,125.0,0.49019607843137253,0.0,0.0
entrusc/Pi-RC-Switch,4462.0,3930.0,2.1666666666666665,0.0,0,0,0,52.0,0.8421052631578947,0.0,0.0
enviroCar/enviroCar-tools,4443.0,3703.0,0.0,0.0,0,0,0,553.0,0.4666666666666667,0.0,0.0
eonum/pipeline,4010.0,3695.0,1.5,0.0,0,0,0,349.0,0.22151898734177214,0.0,0.0
epappas/booking-java-stub,4264.0,4264.0,0.0,0.0,0,0,0,155.0,1.3404255319148937,0.0,0.0
epiresdasilva/cte-multi-table-bulk-id-stategy,3926.0,3554.0,1.5,0.0,0,0,0,200.0,1.543859649122807,0.0,0.0
epokmedia/storm-local-multilang,5029.0,5029.0,7.666666666666667,0.0,0,0,0,40.0,0.0,0.0,0.0
eponvert/upparse,4571.0,4475.0,3.0,0.0,0,0,0,363.0,1.0932203389830508,0.0,0.0
eraether/WatchWordBot,3481.0,3461.0,1.0,0.0,0,0,0,95.0,0.9393939393939394,0.0,0.0
erdikoch/OZU-CS320-Group-IRREGULAR,4318.0,4256.0,1.0,0.0,0,0,0,94.0,0.0,0.0,0.0
eregon/mozart-graal,3583.0,3463.0,4.5,0.0,0,0,0,300.0,0.026845637583892617,0.0,0.0
eric-lemesre/OpenConcerto,4446.0,4421.0,0.0,0.0,0,0,0,6642.0,0.0,0.0,0.0
ericbarnhill/barnhill-ij-toolkit,3851.0,3538.0,0.0,0.0,0,0,0,84.0,0.0,0.0,0.0
ericdahl/spring-boot-github-oauth,3837.0,3617.0,0.0,0.0,0,0,0,82.0,1.2307692307692308,0.0,0.0
erichVK5/FootprintTextForPCB,3774.0,3479.0,0.5,0.0,0,0,0,28.0,0.0,0.0,0.0
erichVK5/WilkinsonPowerDividerFootprintGenerator,3819.0,3818.0,0.0,0.0,0,0,0,6.0,0.0,0.0,0.0
erichVK5/image2footprint,3515.0,3508.0,0.5,0.0,0,0,0,6.0,0.0,0.0,0.0
erichVK5/translate2geda,3578.0,3510.0,1.5,0.0,0,0,0,140.0,0.0,0.0,0.0
erickrar/pgm-java,4316.0,3786.0,0.25,0.0,0,0,0,76.0,0.0,0.0,0.0
erickzanardo/gson2xml,4093.0,3786.0,1.5,0.0,0,0,0,36.0,0.0,0.0,0.0
erikzielke/model_generator,4457.0,3529.0,0.0,0.0,0,0,0,153.0,1.163265306122449,0.0,0.0
erimatnor/PhonePledge,5287.0,3934.0,1.5,0.0,0,0,0,327.0,1.5376344086021505,0.0,0.0
ernieyu/Swing-range-slider,5473.0,4369.0,2.857142857142857,0.0,0,0,0,30.0,0.9090909090909091,0.0,0.0
ernieyu/simple-feed-parser,5365.0,4206.0,1.2857142857142858,0.0,0,0,0,127.0,0.2631578947368421,0.0,0.0
ervandew/formic,5888.0,4138.0,2.0,0.0,0,0,0,1410.0,1.8265582655826558,0.0,0.0
erwinvaneyk/Dragons-Arena,3952.0,3862.0,0.5,0.0,0,0,0,462.0,0.9182389937106918,0.0,0.0
erwolff/nodus,4136.0,3819.0,0.5,0.0,0,0,0,402.0,1.3949579831932772,0.0,0.0
esadykov/log-analyzer,4400.0,4386.0,0.0,0.0,0,0,0,117.0,1.131578947368421,0.0,0.0
esaito/ExemplosDemoiselle,4066.0,3815.0,1.0,0.0,0,0,0,1210.0,0.0,0.0,0.0
esbtools/esb-gateways,3688.0,3618.0,0.0,0.0,0,0,0,512.0,2.0793650793650795,0.0,0.0
esbtools/esb-message-admin,3975.0,3472.0,0.5,0.0,0,0,0,9651.0,13.619741100323624,0.0,0.0
esbtools/event-handler,3653.0,3467.0,0.5,0.0,0,0,0,484.0,1.3061224489795917,0.0,0.0
eschoenawa/MRTPath,4283.0,4264.0,0.5,0.0,0,0,0,118.0,0.0,0.0,0.0
escidoc-ng/escidoc-ng,4163.0,3970.0,0.0,0.0,0,0,0,1680.0,1.8054298642533937,0.0,0.0
eseifert/vectorgraphics2d,3955.0,3460.0,2.1818181818181817,0.0,0,0,0,288.0,0.0,0.0,0.0
esendex/esendex-java-sdk,4539.0,3507.0,0.16666666666666666,0.0,0,0,0,1238.0,3.040650406504065,0.0,0.0
esha/spring-boot-starter-axon,4119.0,4014.0,1.5,0.0,0,0,0,90.0,1.4074074074074074,0.0,0.0
eskatos/asadmin,5531.0,4694.0,1.3076923076923077,0.0,0,0,0,417.0,1.1037037037037036,0.0,0.0
esotericizm/BitquarkJ,4089.0,4089.0,0.0,0.0,0,0,0,2035.0,1.6969147005444647,0.0,0.0
espenhw/maven-trang-plugin,5963.0,5962.0,0.75,0.0,0,0,0,26.0,0.0,0.0,0.0
espeo/vertx-microservice-archetype,3773.0,3676.0,1.6666666666666667,0.0,0,0,0,68.0,0.8,0.0,0.0
espernet/caroline,4831.0,4644.0,0.5,0.0,0,0,0,58.0,0.0,0.0,0.0
esteban-flores/em,4029.0,4028.0,0.0,0.0,0,0,0,360.0,0.055248618784530384,0.0,0.0
esteinberg/plantuml4idea,4958.0,3466.0,3.5,0.0,0,0,0,318.0,0.0,0.0,0.0
estevaosaleme/PlaySEM_SEVideoPlayer,3865.0,3825.0,0.5,0.0,0,0,0,110.0,0.0,0.0,0.0
eswaraj/platform,4215.0,3496.0,0.0,0.0,0,0,0,2748.0,0.0,0.0,0.0
esz/jsonrpc,4627.0,4444.0,1.0,0.0,0,0,0,351.0,1.495049504950495,0.0,0.0
etcinitd/jalf,4112.0,3505.0,1.0,0.0,0,0,0,450.0,1.095890410958904,0.0,0.0
etdube/pdi-fastjsoninput-plugin,3995.0,3522.0,0.8,0.0,0,0,0,238.0,4.153846153846154,0.0,0.0
etecture/dynamic-messages,4596.0,4184.0,0.5,0.0,0,0,0,176.0,0.78125,0.0,0.0
etecture/dynamic-repositories,4596.0,4185.0,0.5,0.0,0,0,0,438.0,0.0,0.0,0.0
etecture/dynamic-resources,4474.0,4184.0,0.0,0.0,0,0,0,614.0,0.0,0.0,0.0
eteration/glassmaker,4298.0,4229.0,3.3333333333333335,0.0,0,0,0,904.0,0.0,0.0,0.0
eternnoir/MCRest,3941.0,3900.0,0.5,0.0,0,0,0,136.0,0.12307692307692308,0.0,0.0
etsy/jenkins-deployinator,5033.0,4946.0,4.333333333333333,0.0,0,0,0,96.0,0.0,0.0,0.0
eucalyptus/bodega,4877.0,4781.0,0.0,0.0,0,0,0,104.0,0.12,0.0,0.0
eugene-krivosheyev/async-task-manager,3589.0,3537.0,0.0,0.0,0,0,0,98.0,1.0303030303030303,0.0,0.0
eugenebell/IoT-API-Microservice,3989.0,3822.0,0.0,0.0,0,0,0,175.0,1.0517241379310345,0.0,0.0
eurekin/cv,4306.0,4302.0,0.5,0.0,0,0,0,40.0,0.0,0.0,0.0
eurismarpires/fabricaES_MuralUFG,4040.0,4039.0,0.0,0.0,0,0,0,148.0,0.0,0.0,0.0
eurra/flexbuilders,4291.0,4124.0,0.0,0.0,0,0,0,146.0,0.08450704225352113,0.0,0.0
evanchsa/eik,5811.0,3568.0,1.4285714285714286,0.0,0,0,0,2480.0,1.6715758468335788,0.0,0.0
eventsourcing/es4j-graphql,3551.0,3501.0,6.333333333333333,0.0,0,0,0,77.0,0.02564102564102564,0.0,0.0
eveoh/blackboard-mytimetable,4407.0,3472.0,0.6666666666666666,0.0,0,0,0,127.0,0.6875,0.0,0.0
eveoh/mytimetable-api-client,4396.0,3486.0,0.3333333333333333,0.0,0,0,0,96.0,0.8823529411764706,0.0,0.0
eveoh/sakai-mytimetable,4450.0,4357.0,0.0,0.0,0,0,0,226.0,0.8860759493670886,0.0,0.0
everit-org-archive/http-context-simple,4165.0,4107.0,0.0,0.0,0,0,0,72.0,1.2173913043478262,0.0,0.0
everit-org-archive/querydsl-support-api,4194.0,3695.0,0.0,0.0,0,0,0,50.0,1.25,0.0,0.0
everit-org/authentication-cas-ecm,3718.0,3680.0,0.0,0.0,0,0,0,256.0,0.1864406779661017,0.0,0.0
everit-org/authentication-context-ri-ecm,3731.0,3679.0,0.0,0.0,0,0,0,204.0,0.2391304347826087,0.0,0.0
everit-org/authentication-http-form,4164.0,3680.0,0.0,0.0,0,0,0,50.0,1.25,0.0,0.0
everit-org/authentication-http-session,4157.0,3680.0,0.0,0.0,0,0,0,50.0,1.25,0.0,0.0
everit-org/authentication-oauth2-api,3757.0,3680.0,0.0,0.0,0,0,0,47.0,1.2666666666666666,0.0,0.0
everit-org/authentication-oauth2-ri-ecm,3757.0,3680.0,0.0,0.0,0,0,0,288.0,0.0,0.0,0.0
everit-org/authentication-simple,4278.0,3680.0,0.0,0.0,0,0,0,76.0,0.0,0.0,0.0
everit-org/authenticator-api,4177.0,3680.0,0.0,0.0,0,0,0,41.0,1.3076923076923077,0.0,0.0
everit-org/authnr-permission-checker-api,3974.0,3680.0,0.0,0.0,0,0,0,47.0,1.2666666666666666,0.0,0.0
everit-org/authnr-qdsl-util-api,3974.0,3679.0,0.0,0.0,0,0,0,47.0,1.2666666666666666,0.0,0.0
everit-org/blobstore-jdbc-ecm,3738.0,3680.0,0.0,0.0,0,0,0,126.0,0.0,0.0,0.0
everit-org/blobstore-mem-ecm,3715.0,3680.0,0.0,0.0,0,0,0,127.0,0.9318181818181818,0.0,0.0
everit-org/commons-dbcp-ecm,3735.0,3524.0,0.0,0.0,0,0,0,188.0,0.7536231884057971,0.0,0.0
everit-org/ecm-annotation,4114.0,3531.0,0.0,0.0,0,0,0,182.0,1.0666666666666667,0.0,0.0
everit-org/ecm-annotation-metadatabuilder,4110.0,3531.0,0.0,0.0,0,0,0,108.0,1.3333333333333333,0.0,0.0
everit-org/ecm-util-method,4087.0,3680.0,0.0,0.0,0,0,0,106.0,1.2727272727272727,0.0,0.0
everit-org/email-javamail-dkim-ecm,3591.0,3576.0,0.0,0.0,0,0,0,139.0,1.0,0.0,0.0
everit-org/email-queue,3580.0,3570.0,0.0,0.0,0,0,0,124.0,1.2307692307692308,0.0,0.0
everit-org/email-store-ri-ecm,3632.0,3571.0,0.0,0.0,0,0,0,209.0,0.5119047619047619,0.0,0.0
everit-org/eosgi-maven-plugin,4688.0,3478.0,0.5714285714285714,0.0,0,0,0,140.0,0.0,0.0,0.0
everit-org/expression-mvel,4029.0,3624.0,0.0,0.0,0,0,0,87.0,1.4230769230769231,0.0,0.0
everit-org/jetty-server-api,3926.0,3711.0,0.0,0.0,0,0,0,62.0,1.2,0.0,0.0
everit-org/liquibase-ecm,4408.0,3680.0,0.0,0.0,0,0,0,114.0,0.0,0.0,0.0
everit-org/liquibase-ext-osgi,3766.0,3520.0,0.0,0.0,0,0,0,145.0,1.127659574468085,0.0,0.0
everit-org/osgi-xmlcommons-full,3743.0,3680.0,0.5,0.0,0,0,0,115.0,2.3333333333333335,0.0,0.0
everit-org/password-encryptor-pbkdf2,4168.0,3680.0,0.6666666666666666,0.0,0,0,0,50.0,1.25,0.0,0.0
everit-org/resource-resolver-api,4172.0,3710.0,0.0,0.0,0,0,0,44.0,1.2857142857142858,0.0,0.0
everit-org/resource-ri,4333.0,3519.0,0.0,0.0,0,0,0,114.0,1.135135135135135,0.0,0.0
everit-org/sms-esendex,3821.0,3710.0,0.0,0.0,0,0,0,44.0,1.2857142857142858,0.0,0.0
everit-org/templating-api,4030.0,3555.0,0.0,0.0,0,0,0,50.0,1.25,0.0,0.0
everit-org/templating-text,4030.0,3483.0,0.0,0.0,0,0,0,158.0,1.2,0.0,0.0
everit-org/transaction-map-readcommited,3821.0,3703.0,0.0,0.0,0,0,0,92.0,1.3571428571428572,0.0,0.0
everit-org/transaction-unchecked,3827.0,3703.0,0.0,0.0,0,0,0,74.0,1.1666666666666667,0.0,0.0
everit-org/webresource,4274.0,3680.0,0.0,0.0,0,0,0,237.0,0.8117647058823529,0.0,0.0
evgenyigumnov/common,3871.0,3688.0,4.0,0.0,0,0,0,247.0,1.0,0.0,0.0
evolsnow/socks-server,3711.0,3711.0,0.5,0.0,0,0,0,161.0,0.1518987341772152,0.0,0.0
evolvingstuff/MonaLisa,4724.0,4608.0,3.0,0.0,0,0,0,52.0,0.0,0.0,0.0
evolvingstuff/SimpleLSTM,4942.0,4608.0,1.0,0.0,0,0,0,38.0,0.0,0.0,0.0
evrignaud/fim,3815.0,3493.0,7.625,0.0,0,0,0,730.0,1.0627615062761506,0.0,0.0
ewaldinho/nanovm,4075.0,4075.0,0.0,0.0,0,0,0,346.0,0.0,0.0,0.0
ewestfal/rice-xml-converter,4470.0,4470.0,0.6,0.0,0,0,0,75.0,0.9615384615384616,0.0,0.0
ewhauser/protobuf-java-format,3798.0,3798.0,0.0,0.0,0,0,0,191.0,0.6805555555555556,0.0,0.0
ewidgetfx/ewidgetfx,4407.0,4262.0,2.0,0.0,0,0,0,381.0,0.18857142857142858,0.0,0.0
ewolff/SCS-ESI,3488.0,3462.0,1.6666666666666667,0.0,0,0,0,176.0,0.0,0.0,0.0
ewolff/spring-boot-demos,4280.0,3611.0,2.6,0.0,0,0,0,274.0,1.4074074074074074,0.0,0.0
excella-core/excella-reports,4130.0,3542.0,1.0,0.0,0,0,0,645.0,1.1560975609756097,0.0,0.0
excelsior-oss/excelsior-jet-api,3480.0,3461.0,0.6666666666666666,0.0,0,0,0,225.0,1.1971830985915493,0.0,0.0
excilys/spring-dbunit,5261.0,3462.0,2.0588235294117645,0.0,0,0,0,410.0,1.2440944881889764,0.0,0.0
exercism/xjava,4309.0,3462.0,1.105263157894737,0.0,0,0,0,1036.0,0.0,0.0,0.0
exo-addons/brand-advocacy,4060.0,3668.0,0.0,0.0,0,0,0,1405.0,3.4115384615384614,0.0,0.0
exo-addons/cmis-search-connector,4254.0,4226.0,0.0,0.0,0,0,0,50.0,0.0,0.0,0.0
exo-addons/exchange-extension,4414.0,3583.0,1.5,0.0,0,0,0,180.0,1.1379310344827587,0.0,0.0
exo-addons/exo-es-search,3798.0,3497.0,0.0,0.0,0,0,0,320.0,0.0,0.0,0.0
exo-addons/remove-my-account,3982.0,3651.0,0.0,0.0,0,0,0,390.0,2.611764705882353,0.0,0.0
exo-addons/wiki-rdbms,3834.0,3504.0,0.0,0.0,0,0,0,708.0,2.127906976744186,0.0,0.0
exoplatform/cmis-addon,4157.0,3479.0,0.0,0.0,0,0,0,222.0,0.0,0.0,0.0
exoplatform/social-client-java,4109.0,3759.0,0.0,0.0,0,0,0,284.0,0.0,0.0,0.0
expkg-zone58/ex-xparse,3785.0,3536.0,2.0,0.0,0,0,0,128.0,0.0,0.0,0.0
extjwnl/extjwnl,4356.0,3479.0,2.388888888888889,0.0,0,0,0,882.0,1.1913357400722022,0.0,0.0
extrema/jetty-embedded,4262.0,4254.0,0.5,0.0,0,0,0,64.0,0.0,0.0,0.0
eyesniper2/skRayFall,4031.0,3472.0,0.5,0.0,0,0,0,492.0,0.0,0.0,0.0
ezScrum/ezScrum,4431.0,3463.0,1.2,0.0,0,0,0,5646.0,0.0,0.0,0.0
ezbake/ezbake-batch,3941.0,3850.0,0.0,0.0,0,0,0,250.0,0.0,0.0,0.0
ezbake/ezbake-data-access,3940.0,3850.0,0.0,0.0,0,0,0,1794.0,0.0,0.0,0.0
ezbake/ezbake-training,3941.0,3941.0,0.0,0.0,0,0,0,184.0,0.0,0.0,0.0
ezbake/ezbakehelpers-hdfsutils,4044.0,4044.0,0.0,0.0,0,0,0,34.0,0.0,0.0,0.0
ezbake/redisMQ,4082.0,4082.0,1.0,0.0,0,0,0,44.0,0.0,0.0,0.0
ezbuy/tgen,3585.0,3469.0,0.6666666666666666,0.0,0,0,0,366.0,0.0,0.0,0.0
ezeeb/pipes-tinkerforge,4712.0,4172.0,0.0,0.0,0,0,0,136.0,0.0,0.0,0.0
ezoengine/GKEngine,5047.0,4906.0,0.75,0.0,0,0,0,2054.0,0.0,0.0,0.0
ezraerb/nflodap,4631.0,4594.0,0.0,0.0,0,0,0,76.0,0.0,0.0,0.0
f1337m4573r/NoCheatPlus,4991.0,4991.0,0.14285714285714285,0.0,0,0,0,214.0,0.0,0.0,0.0
fabiankessler/readonly-embedded-dbs-benchmark,4300.0,4298.0,0.0,0.0,0,0,0,160.0,0.9454545454545454,0.0,0.0
fabianm/brainfuck-java,5238.0,4017.0,2.8333333333333335,0.0,0,0,0,70.0,0.88,0.0,0.0
fabiopetroni/VGP,3841.0,3788.0,0.2,0.0,0,0,0,82.0,0.0,0.0,0.0
fabiophillip/calculadoralib,4228.0,4210.0,0.0,0.0,0,0,0,105.0,1.962962962962963,0.0,0.0
fabiosarts/SocialNetwork,3757.0,3736.0,0.5,0.0,0,0,0,205.0,1.0441176470588236,0.0,0.0
fabioz/eclipse.spellchecker,4438.0,3462.0,2.0,0.0,0,0,0,206.0,0.0,0.0,0.0
fabric8io/data-mapper,4073.0,3932.0,1.3333333333333333,0.0,0,0,0,2546.0,0.9906103286384976,0.0,0.0
fabric8io/docker-client,3623.0,3469.0,0.6666666666666666,0.0,0,0,0,2471.0,6.35472972972973,0.0,0.0
fabric8io/docker-maven-plugin,4283.0,3462.0,2.2606060606060607,0.0,0,0,0,1033.0,1.7096774193548387,0.0,0.0
fabric8io/kubernetes-zipkin,3549.0,3484.0,0.5714285714285714,0.0,0,0,0,279.0,1.6493506493506493,0.0,0.0
fabric8io/openshift-elasticsearch-plugin,3771.0,3532.0,0.5,0.0,0,0,0,207.0,1.0735294117647058,0.0,0.0
fabrician/allocation-failure-custom-condition,4634.0,4588.0,0.0,0.0,0,0,0,30.0,0.0,0.0,0.0
fabrician/apache-httpd-enabler,4704.0,3575.0,0.2,0.0,0,0,0,70.0,0.0,0.0,0.0
fahadkalil/EDD_2014_2,4136.0,4136.0,0.5,0.0,0,0,0,22.0,0.0,0.0,0.0
faisal-hameed/java-code-bank,3620.0,3501.0,0.5,0.0,0,0,0,152.0,0.0,0.0,0.0
falconair/lowlevelfix,5502.0,3943.0,3.75,0.0,0,0,0,122.0,1.263157894736842,0.0,0.0
famaridon/vdoc-maven-plugin,4116.0,3948.0,0.5,0.0,0,0,0,179.0,1.290909090909091,0.0,0.0
fangjian0423/mybatis-helper,4000.0,3569.0,1.3333333333333333,0.0,0,0,0,106.0,1.2727272727272727,0.0,0.0
fangzy/spring-redis-plugin,3989.0,3521.0,0.9230769230769231,0.0,0,0,0,276.0,1.564102564102564,0.0,0.0
fanout/java-gripcontrol,3717.0,3682.0,0.0,0.0,0,0,0,103.0,1.088235294117647,0.0,0.0
fanyingming/JingDongDataMining,3846.0,3846.0,0.3333333333333333,0.0,0,0,0,200.0,0.0,0.0,0.0
farescom/TTSClient,4268.0,4248.0,0.0,0.0,0,0,0,128.0,0.0,0.0,0.0
farina-game/farina,4110.0,4086.0,0.3333333333333333,0.0,0,0,0,78.0,0.10526315789473684,0.0,0.0
farina-game/farina-server,4092.0,4090.0,0.0,0.0,0,0,0,56.0,0.6363636363636364,0.0,0.0
farukcank/jmdns,5054.0,5054.0,0.5,0.0,0,0,0,453.0,0.9354838709677419,0.0,0.0
faryu/power-capturelyse,4383.0,4348.0,0.0,0.0,0,0,0,230.0,0.0,0.0,0.0
fastcat-co/fastcatsearch,4658.0,3465.0,2.4,0.0,0,0,0,5165.0,1.1583129584352079,0.0,0.0
fastcat-co/fastcatsearch3,3605.0,3485.0,0.0,0.0,0,0,0,5292.0,1.1872366044551474,0.0,0.0
fastconnect/tibco-codereview,3839.0,3601.0,0.8333333333333334,0.0,0,0,0,1010.0,0.0,0.0,0.0
fastconnect/tibco-fcunit,3861.0,3611.0,0.7142857142857143,0.0,0,0,0,664.0,0.0,0.0,0.0
fastnsilver/gwt-datehandling-example,4790.0,4786.0,0.5,0.0,0,0,0,222.0,1.7966101694915255,0.0,0.0
fayder/restcountries,4450.0,3463.0,10.272727272727273,0.0,0,0,0,287.0,1.7532467532467533,0.0,0.0
fbaligand/lognavigator,4279.0,3682.0,0.6666666666666666,0.0,0,0,0,258.0,0.06349206349206349,0.0,0.0
fbernitt/logparser,5122.0,5088.0,0.3333333333333333,0.0,0,0,0,251.0,1.0481927710843373,0.0,0.0
fbiville/liquigraph,4072.0,3461.0,2.5,0.0,0,0,0,644.0,1.1666666666666667,0.0,0.0
fchauvel/trio,4180.0,3756.0,1.0,0.0,0,0,0,2886.0,6.322766570605188,0.0,0.0
fcrepo3/fcrepo,5482.0,3572.0,1.5714285714285714,0.0,0,0,0,6232.0,0.006437077566784679,0.0,0.0
fcrepo4-exts/fcrepo-audit,4081.0,3499.0,0.0,0.0,0,0,0,169.0,4.107142857142857,0.0,0.0
fcrepo4-labs/fcrepo-namespace-util,3513.0,3490.0,0.3333333333333333,0.0,0,0,0,133.0,6.4375,0.0,0.0
fcrepo4-labs/fcrepo4-swordserver,4016.0,3497.0,0.0,0.0,0,0,0,231.0,3.682926829268293,0.0,0.0
fcrespel/jenkins-cas-plugin,4905.0,3505.0,0.3333333333333333,0.0,0,0,0,364.0,2.8157894736842106,0.0,0.0
fdagostini/ExemplosJavaSE,3527.0,3464.0,0.0,0.0,0,0,0,280.0,0.0,0.0,0.0
fdicerbo/fiware-dba,4556.0,4061.0,0.0,0.0,0,0,0,382.0,2.2666666666666666,0.0,0.0
federicopastore/TibcoBuilder,4415.0,4415.0,0.0,0.0,0,0,0,193.0,2.875,0.0,0.0
feedzai/fos-r,4347.0,3576.0,0.5,0.0,0,0,0,76.0,0.0,0.0,0.0
feedzai/pdb,4507.0,3510.0,2.3333333333333335,0.0,0,0,0,344.0,0.0,0.0,0.0
feldim2425/MoreOverlays,3548.0,3462.0,2.0,0.0,0,0,0,160.0,0.7457627118644068,0.0,0.0
feldoh/JZookeeperEdit,4270.0,3700.0,0.6666666666666666,0.0,0,0,0,60.0,0.5833333333333334,0.0,0.0
felipebz/sonar-plsql,3853.0,3472.0,1.0,0.0,0,0,0,1760.0,1.169064748201439,0.0,0.0
felipedelcampo/TBrindes,4330.0,4330.0,0.0,0.0,0,0,0,16.0,0.0,0.0,0.0
felipesere/collection-json-parser,4334.0,4310.0,3.0,0.0,0,0,0,372.0,1.1694915254237288,0.0,0.0
fellow99/every-cloud,4607.0,4086.0,0.0,0.0,0,0,0,1788.0,1.1964285714285714,0.0,0.0
fengsage/jfinal-admin-gen,4362.0,4362.0,0.75,0.0,0,0,0,191.0,1.0634920634920635,0.0,0.0
fengyouchao/sockslib,3925.0,3515.0,1.5714285714285714,0.0,0,0,0,980.0,2.8613861386138613,0.0,0.0
fenix-framework/fenix-framework,5012.0,3524.0,2.0,0.0,0,0,0,5921.0,3.739341085271318,0.0,0.0
ferdiknight/bloomfilter,4502.0,4493.0,0.0,0.0,0,0,0,45.0,1.1333333333333333,0.0,0.0
fergunet/GPRuleRefinement,3695.0,3512.0,0.5,0.0,0,0,0,98.0,0.0,0.0,0.0
ferhaterdassade/acarsanServer,3959.0,3959.0,0.0,0.0,0,0,0,145.0,0.0,0.0,0.0
fernandonogueira/java-api-blueprint-generator,3935.0,3927.0,0.0,0.0,0,0,0,90.0,1.1724137931034482,0.0,0.0
fernandospr/java-wns,4569.0,3473.0,0.64,0.0,0,0,0,363.0,3.2142857142857144,0.0,0.0
fernandospr/javapns-jdk16,4457.0,3654.0,1.0789473684210527,0.0,0,0,0,380.0,1.0078740157480315,0.0,0.0
ferrufino/VideoJuegosITESM,4334.0,4315.0,0.0,0.0,0,0,0,370.0,0.0,0.0,0.0
ffacon/tapestry5-angular-demo,4213.0,3588.0,1.7142857142857142,0.0,0,0,0,1351.0,1.3573200992555832,0.0,0.0
ffalchi/it.cnr.isti.vir,4701.0,3489.0,1.0,0.0,0,0,0,832.0,0.002398081534772182,0.0,0.0
ffray/maven-dependencytransfer-plugin,5187.0,5170.0,1.0,0.0,0,0,0,44.0,1.5384615384615385,0.0,0.0
ffromm/build-blocker-plugin,4924.0,4923.0,0.038461538461538464,0.0,0,0,0,135.0,2.1515151515151514,0.0,0.0
fgavilondo/neo4j-webgraph,4488.0,4482.0,0.5,0.0,0,0,0,278.0,1.2183908045977012,0.0,0.0
fge/grappa,4255.0,3544.0,6.142857142857143,0.0,0,0,0,756.0,0.7463768115942029,0.0,0.0
fge/grappa-tracer-backport,3984.0,3919.0,0.5,0.0,0,0,0,81.0,0.024390243902439025,0.0,0.0
fge/jsonschema2pojo,4677.0,4561.0,0.2,0.0,0,0,0,732.0,0.5664335664335665,0.0,0.0
fhanik/sirenofshame-java,3748.0,3493.0,0.5,0.0,0,0,0,76.0,0.0,0.0,0.0
fhcampuswien/atom,4122.0,3499.0,1.0,0.0,0,0,0,2864.0,0.14200298953662183,0.0,0.0
fhermeni/from-entropy,4684.0,4094.0,0.0,0.0,0,0,0,1800.0,0.0,0.0,0.0
fhg-fokus-nubomedia/nubomedia-media-client,3606.0,3526.0,0.5,0.0,0,0,0,166.0,2.8,0.0,0.0
fhocutt/jwbf-test,4143.0,4142.0,0.0,0.0,0,0,0,68.0,0.0,0.0,0.0
fhopf/lucene-solr-talk,4911.0,3930.0,1.25,0.0,0,0,0,612.0,0.0,0.0,0.0
fhuberts/ece2013_semver,4403.0,4403.0,0.0,0.0,0,0,0,212.0,0.0,0.0,0.0
fhuberts/musicTreePrograms,4635.0,3521.0,1.5,0.0,0,0,0,1958.0,0.0020429009193054137,0.0,0.0
fhussonnois/storm-hazelcast,4117.0,4116.0,0.625,0.0,0,0,0,63.0,1.25,0.0,0.0
fi-content2-games-platform/FIcontent.Gaming.Enabler.Leaderboard,4427.0,3463.0,0.2,0.0,0,0,0,182.0,0.0,0.0,0.0
fibon/maven-confluence-plugin,5158.0,5156.0,1.5,0.0,0,0,0,50.0,0.0,0.0,0.0
fiji/AnalyzeSkeleton,4274.0,3476.0,0.2222222222222222,0.0,0,0,0,107.0,2.037037037037037,0.0,0.0
fiji/SPIM_Registration,4356.0,3476.0,0.4666666666666667,0.0,0,0,0,2412.0,3.029166666666667,0.0,0.0
fikr4n/iclib-java,3837.0,3823.0,1.0,0.0,0,0,0,64.0,0.0,0.0,0.0
filipemb/HSQLDBPersistence,3555.0,3530.0,0.5,0.0,0,0,0,190.0,0.0,0.0,0.0
fillumina/PerformanceTools,4454.0,4154.0,7.0,0.0,0,0,0,886.0,1.4285714285714286,0.0,0.0
filonsegundo/CasePoo,3470.0,3463.0,0.0,0.0,0,0,0,198.0,0.0,0.0,0.0
findusl/KarteikartenMemory,3952.0,3520.0,0.0,0.0,0,0,0,50.0,0.0,0.0,0.0
fingahoverit/neo4j-neo4j_ogm,3675.0,3669.0,0.0,0.0,0,0,0,141.0,0.75,0.0,0.0
finmath/finmath-lib,4657.0,3463.0,1.6285714285714286,0.0,0,0,0,2296.0,0.5392265193370166,0.0,0.0
finn-no/serdes-shootout,3882.0,3856.0,0.0,0.0,0,0,0,123.0,0.23214285714285715,0.0,0.0
finn-no/unleash-client-java,4063.0,3519.0,0.8,0.0,0,0,0,172.0,1.2222222222222223,0.0,0.0
finnyb/javampd,4407.0,3513.0,0.8666666666666667,0.0,0,0,0,999.0,1.0705521472392638,0.0,0.0
fipro78/e4translationexample,4511.0,3730.0,0.5,0.0,0,0,0,212.0,0.0,0.0,0.0
fireandfuel/MetroProgressIndicator,4104.0,3774.0,0.0,0.0,0,0,0,52.0,0.7,0.0,0.0
fireduck64/jelectrum,4159.0,3526.0,3.3333333333333335,0.0,0,0,0,638.0,0.9090909090909091,0.0,0.0
firepick1/FireBOM,4418.0,3602.0,1.3333333333333333,0.0,0,0,0,490.0,1.967741935483871,0.0,0.0
fireshort/spring-boot-quickstart,3674.0,3619.0,0.8181818181818182,0.0,0,0,0,714.0,1.9125683060109289,0.0,0.0
firmanali/6306121099,4254.0,4253.0,0.0,0.0,0,0,0,10.0,0.0,0.0,0.0
first-team-58/2014-Krugelfang,4207.0,4114.0,0.5,0.0,0,0,0,1832.0,0.0,0.0,0.0
fit2cloud/fit2cloud-general-java-sdk,3801.0,3484.0,0.5,0.0,0,0,0,161.0,1.6222222222222222,0.0,0.0
fiware-cybercaptor/cybercaptor-server,3780.0,3618.0,0.6666666666666666,0.0,0,0,0,648.0,1.8235294117647058,0.0,0.0
fixteam/fixflow,4686.0,3789.0,1.3494623655913978,0.0,0,0,0,8652.0,0.0,0.0,0.0
fizmo/dropwizard-bundle-guice,4520.0,4493.0,3.0,0.0,0,0,0,126.0,1.5555555555555556,0.0,0.0
fjakop/ngcalsync,4530.0,3499.0,0.5,0.0,0,0,0,484.0,1.0955414012738853,0.0,0.0
fjam/os-project,4009.0,4009.0,0.0,0.0,0,0,0,40.0,0.0,0.0,0.0
fjorum/fjorum,3908.0,3592.0,1.25,0.0,0,0,0,471.0,3.197802197802198,0.0,0.0
flapdoodle-oss/de.flapdoodle.apache.pivot,4351.0,4342.0,0.0,0.0,0,0,0,395.0,3.753623188405797,0.0,0.0
flashy3/Galacticraft-Planets,4512.0,4519.0,0.0,0.0,0,0,0,366.0,0.0,0.0,0.0
flaxsearch/BioSolr,4122.0,3580.0,3.25,0.0,0,0,0,2746.0,0.0,0.0,0.0
flaxsearch/hackday,4526.0,3918.0,1.5,0.0,0,0,0,806.0,0.0,0.0,0.0
flemouel/taxi-trace,4094.0,4093.0,0.25,0.0,0,0,0,62.0,0.0,0.0,0.0
flexgp/FCUBE,3990.0,3954.0,1.5,0.0,0,0,0,176.0,0.0,0.0,0.0
flexiblepower/powermatcher,4156.0,3535.0,0.9333333333333333,0.0,0,0,0,1120.0,0.0,0.0,0.0
flextao/inflector,5945.0,5944.0,1.25,0.0,0,0,0,52.0,0.8421052631578947,0.0,0.0
flightstats/hub,4071.0,3461.0,2.5,0.0,0,0,0,1379.0,0.7292490118577075,0.0,0.0
flipkart-incubator/ranger,3958.0,3495.0,1.1428571428571428,0.0,0,0,0,320.0,1.6590909090909092,0.0,0.0
flipkart-incubator/storm-mysql,3567.0,3474.0,3.3333333333333335,0.0,0,0,0,206.0,1.1044776119402986,0.0,0.0
flipkart-incubator/zjsonpatch,4046.0,3483.0,2.2222222222222223,0.0,0,0,0,181.0,1.588235294117647,0.0,0.0
floatec/meteor-storm-libGDX,3969.0,3954.0,0.0,0.0,0,0,0,115.0,0.925,0.0,0.0
flok99/CoffeeSaint,4246.0,3927.0,0.8,0.0,0,0,0,172.0,0.0,0.0,0.0
floragunncom/search-guard,3858.0,3465.0,4.678571428571429,0.0,0,0,0,1163.0,5.71523178807947,0.0,0.0
floragunncom/search-guard-ssl,3656.0,3468.0,1.5238095238095237,0.0,0,0,0,253.0,0.9651162790697675,0.0,0.0
florentp/spring-simplejdbcupdate,5246.0,3520.0,1.6,0.0,0,0,0,50.0,0.0,0.0,0.0
floric/DBV_Scheibenwischer,3498.0,3466.0,0.0,0.0,0,0,0,10.0,0.0,0.0,0.0
florinpatrascu/jpublish,3924.0,3543.0,0.6666666666666666,0.0,0,0,0,2291.0,0.14098972922502334,0.0,0.0
flosell/ultrahook-java-client,4411.0,4232.0,0.0,0.0,0,0,0,139.0,1.0,0.0,0.0
flow/cache,4825.0,4142.0,1.0,0.0,0,0,0,133.0,1.6486486486486487,0.0,0.0
flow/caustic,4535.0,3518.0,3.25,0.0,0,0,0,606.0,2.606060606060606,0.0,0.0
flow/persistence,4562.0,3518.0,0.3333333333333333,0.0,0,0,0,386.0,2.0842105263157893,0.0,0.0
flowdock/jenkins-flowdock-plugin,5022.0,3995.0,0.375,0.0,0,0,0,129.0,2.5172413793103448,0.0,0.0
flower-platform/flower-platform-arduino-ide-plugin,3680.0,3497.0,0.5,0.0,0,0,0,154.0,0.0,0.0,0.0
flqw/ScreensFramework,4025.0,3933.0,0.5,0.0,0,0,0,42.0,0.0,0.0,0.0
flsusp/http-queue,4287.0,4150.0,1.0,0.0,0,0,0,200.0,2.2083333333333335,0.0,0.0
fluffypaws/prefect,3635.0,3635.0,0.0,0.0,0,0,0,139.0,1.525,0.0,0.0
fluo-io/webindex,3749.0,3468.0,0.25,0.0,0,0,0,515.0,1.1144578313253013,0.0,0.0
fluxroot/flux,5093.0,3491.0,1.0833333333333333,0.0,0,0,0,290.0,0.6071428571428571,0.0,0.0
flyaruu/tasman,3918.0,3780.0,0.0,0.0,0,0,0,892.0,0.06466512702078522,0.0,0.0
flyerhzm/contactlist,5932.0,4235.0,2.8666666666666667,0.0,0,0,0,102.0,0.0,0.0,0.0
fmantz/DPF_Text,3904.0,3900.0,0.0,0.0,0,0,0,750.0,0.0,0.0,0.0
fmarchioni/mastertheboss,3874.0,3478.0,0.3333333333333333,0.0,0,0,0,266.0,0.0,0.0,0.0
fmichel/MaDKit-demos,4905.0,3625.0,0.5,0.0,0,0,0,136.0,0.0,0.0,0.0
fomkin/native-dependency-maven-plugin-base,4852.0,4692.0,0.0,0.0,0,0,0,132.0,1.0454545454545454,0.0,0.0
fommil/openssh-java,4338.0,3467.0,1.6666666666666667,0.0,0,0,0,73.0,1.2608695652173914,0.0,0.0
fonfica/gradle4eclipse,4729.0,4728.0,0.5,0.0,0,0,0,110.0,0.0,0.0,0.0
foo4u/spring-mvc-cache-control,4983.0,3716.0,1.7619047619047619,0.0,0,0,0,114.0,0.0,0.0,0.0
foondation/tutorials-java,4338.0,3861.0,0.0,0.0,0,0,0,48.0,0.0,0.0,0.0
forairan/vcpu,3715.0,3715.0,0.0,0.0,0,0,0,71.0,1.4761904761904763,0.0,0.0
forax/vmboiler,4002.0,3878.0,4.0,0.0,0,0,0,225.0,0.14150943396226415,0.0,0.0
forcedotcom/DeskApiClient-Java,3778.0,3464.0,0.0,0.0,0,0,0,967.0,3.0207253886010363,0.0,0.0
forcedotcom/SiteCrawler,4287.0,3519.0,2.75,0.0,0,0,0,120.0,0.975609756097561,0.0,0.0
forcedotcom/salesforce-datacom-api-java-client,4395.0,3759.0,0.7777777777777778,0.0,0,0,0,135.0,1.1136363636363635,0.0,0.0
fordfrog/apgdiff,4882.0,3463.0,2.1272727272727274,0.0,0,0,0,1219.0,0.9780487804878049,0.0,0.0
forge/angularjs-addon,4296.0,3482.0,1.5833333333333333,0.0,0,0,0,356.0,1.1130434782608696,0.0,0.0
forge/core,5348.0,3461.0,1.131578947368421,0.0,0,0,0,13662.0,1.3253833049403747,0.0,0.0
forge/furnace,4597.0,3463.0,0.8461538461538461,0.0,0,0,0,3844.0,1.6044985941893157,0.0,0.0
forge/javaee-descriptors,4469.0,3799.0,0.0,0.0,0,0,0,6524.0,0.958295557570263,0.0,0.0
forgedbits/cfjirajqlfp,4636.0,4636.0,0.5,0.0,0,0,0,88.0,0.0,0.0,0.0
formcept/formcept-enhancer,4922.0,4320.0,0.3333333333333333,0.0,0,0,0,64.0,1.4736842105263157,0.0,0.0
fornwall/android-jarsigner,4148.0,3650.0,1.0,0.0,0,0,0,74.0,0.0,0.0,0.0
foundation-runtime/service-directory,4152.0,3580.0,0.0,0.0,0,0,0,1090.0,0.0,0.0,0.0
fozziethebeat/S-Space,5247.0,3724.0,1.92,0.0,0,0,0,4944.0,3.0572597137014315,0.0,0.0
fp7-alien/test_harness,4408.0,4178.0,0.0,0.0,0,0,0,72.0,0.0,0.0,0.0
fp7-netide/Engine,4053.0,3461.0,3.5,0.0,0,0,0,1484.0,0.0,0.0,0.0
fp7-netide/IDE,4053.0,3463.0,1.75,0.0,0,0,0,1278.0,0.0,0.0,0.0
fpetrola/humo,3783.0,3511.0,0.0,0.0,0,0,0,170.0,0.0,0.0,0.0
fpw/uosl,4066.0,3692.0,1.5,0.0,0,0,0,558.0,0.0,0.0,0.0
fracpete/multisearch-weka-package-examples,3510.0,3480.0,0.5,0.0,0,0,0,63.0,1.25,0.0,0.0
fracpete/ptstemmer-weka-package,4223.0,3533.0,0.5,0.0,0,0,0,89.0,1.7916666666666667,0.0,0.0
fraisse/jbehave-desktop,5067.0,5373.0,0.5,0.0,0,0,0,142.0,0.05714285714285714,0.0,0.0
framegrace/beume,4231.0,4227.0,2.0,0.0,0,0,0,102.0,0.8108108108108109,0.0,0.0
francesc79/test-procrun,3949.0,3947.0,0.0,0.0,0,0,0,99.0,1.15625,0.0,0.0
francis-liberty/oj,4473.0,4432.0,0.0,0.0,0,0,0,280.0,0.0,0.0,0.0
francisBorromeo/zoom07,4320.0,4130.0,0.3333333333333333,0.0,0,0,0,170.0,0.0,0.0,0.0
franciscaconcha/ProyectoLogisim,4289.0,4183.0,2.0,0.0,0,0,0,8094.0,0.0,0.0,0.0
francisliu/hbase,4836.0,4724.0,0.0,0.0,0,0,0,4491.0,0.9232270657124269,0.0,0.0
francoisledroff/force-cq,4044.0,3463.0,0.0,0.0,0,0,0,206.0,0.0,0.0,0.0
frangelh/bibliofilo,4190.0,4164.0,1.0,0.0,0,0,0,166.0,0.0,0.0,0.0
frankbille/ScoreBoard,5082.0,3730.0,1.0,0.0,0,0,0,1034.0,2.427350427350427,0.0,0.0
frasiek/java-studiies-projects,4020.0,3873.0,0.0,0.0,0,0,0,1270.0,0.0,0.0,0.0
fraunhoferfokus/govapps,3772.0,3772.0,0.5,0.0,0,0,0,3365.0,1.704070407040704,0.0,0.0
frc2399/2013-code-v3,4686.0,4645.0,0.0,0.0,0,0,0,118.0,0.0,0.0,0.0
fred4jupiter/fredbet,3814.0,3460.0,1.3333333333333333,0.0,0,0,0,2280.0,0.9908256880733946,0.0,0.0
fredericjoanis/crc-scoreboard,4087.0,3562.0,0.0,0.0,0,0,0,1340.0,0.0,0.0,0.0
frederikhappel/graylog2-plugin-alarmcallback-nsca,4509.0,4509.0,0.5,0.0,0,0,0,35.0,0.05555555555555555,0.0,0.0
frederikkaspar/Kaspar,3992.0,3623.0,1.0,0.0,0,0,0,410.0,0.0,0.0,0.0
fredorange/JLInX,5317.0,5095.0,1.5,0.0,0,0,0,384.0,0.0,0.0,0.0
fredtargaryen/Floocraft,4192.0,3484.0,0.6666666666666666,0.0,0,0,0,492.0,1.6058394160583942,0.0,0.0
freeacs/dbi,4340.0,3774.0,0.0,0.0,0,0,0,262.0,0.0,0.0,0.0
freeacs/monitor,4341.0,3758.0,0.0,0.0,0,0,0,114.0,0.0,0.0,0.0
freeacs/tr069,4345.0,3596.0,1.1666666666666667,0.0,0,0,0,368.0,0.0,0.0,0.0
freeacs/tr069tc,4341.0,3758.0,0.0,0.0,0,0,0,176.0,0.0,0.0,0.0
freeacs/web,4341.0,3578.0,0.0,0.0,0,0,0,1362.0,0.0,0.0,0.0
freecode/paradigm-irc,4200.0,4181.0,0.0,0.0,0,0,0,52.0,0.0,0.0,0.0
freeplane/freeplane,4842.0,3467.0,1.4857142857142858,0.0,0,0,0,7118.0,1.2246376811594204,0.0,0.0
freerouting/freerouting,4188.0,4184.0,1.5555555555555556,0.0,0,0,0,1933.0,1.7140115163147793,0.0,0.0
freesamael/npu-java-course-spring-2015,3888.0,3833.0,0.0,0.0,0,0,0,88.0,0.0,0.0,0.0
freewind/javacc,4766.0,4863.0,0.0,0.0,0,0,0,578.0,2.1134751773049647,0.0,0.0
freiheit-com/fdc-mock-helper,3786.0,3469.0,0.0,0.0,0,0,0,71.0,0.6071428571428571,0.0,0.0
freiheit-com/fdc-serializable-function,3788.0,3469.0,0.3333333333333333,0.0,0,0,0,194.0,0.8405797101449275,0.0,0.0
freiheit-com/fuava_simplebatch,3806.0,3485.0,0.16666666666666666,0.0,0,0,0,903.0,0.6080691642651297,0.0,0.0
frickler/Html2Rtf,4651.0,4481.0,1.3333333333333333,0.0,0,0,0,86.0,0.0,0.0,0.0
friesey/PdfEventPrep,4163.0,4105.0,0.0,0.0,0,0,0,90.0,0.6285714285714286,0.0,0.0
frincon/openeos,4228.0,4211.0,0.5,0.0,0,0,0,4964.0,0.07782426778242678,0.0,0.0
frohoff/inspector-gadget,4259.0,3505.0,4.0,0.0,0,0,0,104.0,2.24,0.0,0.0
fromi/spring-google-openidconnect,4016.0,3931.0,1.2307692307692308,0.0,0,0,0,158.0,3.161290322580645,0.0,0.0
frozen007/LogAnalysis,4746.0,3471.0,0.16666666666666666,0.0,0,0,0,328.0,0.8205128205128205,0.0,0.0
fschopp/java-types,4194.0,3857.0,5.0,0.0,0,0,0,246.0,1.4929577464788732,0.0,0.0
ftakiyama/AC-FOVE,5183.0,4350.0,1.0,0.0,0,0,0,990.0,0.0,0.0,0.0
ftsuda82/IntegracaoJBDC,3769.0,3769.0,0.0,0.0,0,0,0,46.0,1.4285714285714286,0.0,0.0
fuinorg/ddd-4-java,4280.0,3698.0,3.0,0.0,0,0,0,337.0,1.110091743119266,0.0,0.0
fuinorg/event-store-commons,3869.0,3544.0,1.5,0.0,0,0,0,1406.0,2.0343839541547277,0.0,0.0
fuinorg/event-store-maven-plugin,3874.0,3819.0,0.3333333333333333,0.0,0,0,0,266.0,2.123076923076923,0.0,0.0
fumandito/recruiting-old-style,4422.0,3569.0,0.25,0.0,0,0,0,1444.0,1.5703703703703704,0.0,0.0
funcool/buddy-hashers,4006.0,3538.0,2.4285714285714284,0.0,0,0,0,46.0,0.0,0.0,0.0
funkypandagame/protoc-gen-as3,3940.0,3936.0,0.0,0.0,0,0,0,326.0,0.0,0.0,0.0
fusepool/fusepool-ecs,4630.0,4147.0,1.0,0.0,0,0,0,108.0,0.0,0.0,0.0
fusepoolP3/p3-batchrefine,4218.0,3529.0,3.6666666666666665,0.0,0,0,0,624.0,0.3445692883895131,0.0,0.0
fusepoolP3/p3-transformer-howto,4109.0,3540.0,0.25,0.0,0,0,0,34.0,0.0,0.0,0.0
fusesource/hudson-results,4472.0,3692.0,0.5,0.0,0,0,0,43.0,0.5,0.0,0.0
fushar/testerdream,4709.0,3781.0,2.6,0.0,0,0,0,32.0,0.42857142857142855,0.0,0.0
fusioncharts/jsp-wrapper,3676.0,3500.0,0.0,0.0,0,0,0,248.0,0.0,0.0,0.0
fuzzylite/jfuzzylite,4201.0,3462.0,1.8333333333333333,0.0,0,0,0,870.0,0.0,0.0,0.0
fwi/fwutil-jdbc,3902.0,3531.0,0.0,0.0,0,0,0,206.0,1.25,0.0,0.0
fylance/tirisa,4453.0,4453.0,0.0,0.0,0,0,0,54.0,0.0,0.0,0.0
g1910/relational-algebra-interpreter-using-antlr-v4,3937.0,3937.0,0.0,0.0,0,0,0,94.0,0.0,0.0,0.0
g4s8/plistconv,3706.0,3571.0,0.5,0.0,0,0,0,185.0,0.75,0.0,0.0
ga4gh/compliance,4136.0,3463.0,0.25925925925925924,0.0,0,0,0,1808.0,4.350877192982456,0.0,0.0
gabfssilva/microservices-sample-undertow-cdi-jaxrs,3759.0,3758.0,4.5,0.0,0,0,0,154.0,1.183673469387755,0.0,0.0
gabfssilva/rabbitmq-support,4160.0,4093.0,0.3333333333333333,0.0,0,0,0,199.0,1.140625,0.0,0.0
gabrieldt/Piada_joaozinho,3496.0,3465.0,0.3333333333333333,0.0,0,0,0,76.0,0.0,0.0,0.0
gabrielribeirro/pisces,3839.0,3836.0,0.0,0.0,0,0,0,81.0,1.1923076923076923,0.0,0.0
gabrielsr/bomberman-libgdx,4059.0,3991.0,0.75,0.0,0,0,0,277.0,0.007194244604316547,0.0,0.0
gabrieltavaresmelo/jPetriNetsSim,4458.0,4458.0,0.0,0.0,0,0,0,238.0,0.7142857142857143,0.0,0.0
gaetanregaud/Projet_BDS,4255.0,4235.0,0.3333333333333333,0.0,0,0,0,310.0,0.0,0.0,0.0
gaia-ucm/jbt,4668.0,4161.0,4.0,0.0,0,0,0,648.0,0.0,0.0,0.0
gajduk/TwitterLinkPrediction,4113.0,3535.0,0.0,0.0,0,0,0,160.0,0.0,0.0,0.0
gakuzzzz/xanadu,3906.0,3589.0,6.5,0.0,0,0,0,194.0,2.0833333333333335,0.0,0.0
galactocalypse/2048,4283.0,4232.0,0.0,0.0,0,0,0,14.0,0.0,0.0,0.0
galactocalypse/dots,4282.0,4282.0,0.0,0.0,0,0,0,10.0,0.0,0.0,0.0
galaran/SpL-Editor,5167.0,5073.0,1.5,0.0,0,0,0,68.0,0.0,0.0,0.0
galperie/twu-biblioteca-EllenAndAkon,3835.0,3834.0,0.0,0.0,0,0,0,38.0,0.0,0.0,0.0
gambitproject/gte,5337.0,3875.0,0.9655172413793104,0.0,0,0,0,1050.0,0.1825726141078838,0.0,0.0
gamers411/nodeka_nembot,4162.0,4162.0,0.0,0.0,0,0,0,76.0,0.0,0.0,0.0
gammagec/GwtJitsu,4774.0,4338.0,0.0,0.0,0,0,0,178.0,0.0,0.0,0.0
ganesh-karthick/Hadoop,4652.0,4005.0,0.0,0.0,0,0,0,282.0,0.0,0.0,0.0
gangchen03/netflixbluemix,3562.0,3554.0,0.5,0.0,0,0,0,380.0,0.0,0.0,0.0
ganshane/shakey,4100.0,3755.0,1.08,0.0,0,0,0,1124.0,2.853448275862069,0.0,0.0
ganskef/LittleProxy-mitm,3943.0,3473.0,1.3529411764705883,0.0,0,0,0,245.0,2.1166666666666667,0.0,0.0
garbagetown/hadoop-hands-on,3491.0,3476.0,0.0,0.0,0,0,0,128.0,0.6530612244897959,0.0,0.0
garcia-jj/google-spelling,5691.0,4679.0,2.0,0.0,0,0,0,67.0,1.2857142857142858,0.0,0.0
garciaomar/vision,3612.0,3573.0,0.0,0.0,0,0,0,4.0,0.0,0.0,0.0
gardir/INF1010-V16,3639.0,3512.0,0.0,0.0,0,0,0,284.0,0.0,0.0,0.0
garethahealy/camel-dynamic-loadbalancer,3992.0,3610.0,0.5,0.0,0,0,0,625.0,2.125,0.0,0.0
garnryang/Team8,3870.0,3779.0,0.5,0.0,0,0,0,202.0,0.0,0.0,0.0
garybentley/quollwriter,4773.0,3465.0,4.5,0.0,0,0,0,2886.0,0.001386001386001386,0.0,0.0
garyhodgson/tinymce-renderer-plugin,5542.0,4982.0,1.9166666666666667,0.0,0,0,0,278.0,0.0,0.0,0.0
garypolhill/netlogo-bitstring,3739.0,3479.0,0.0,0.0,0,0,0,66.0,0.0,0.0,0.0
garys-esri/routing-plus-java,4217.0,4217.0,0.0,0.0,0,0,0,58.0,0.0,0.0,0.0
gastaldi/jira-maven-plugin,5411.0,3560.0,0.6363636363636364,0.0,0,0,0,245.0,1.0493827160493827,0.0,0.0
gatein/gatein-shindig,5248.0,4200.0,0.5454545454545454,0.0,0,0,0,7662.0,1.0779116465863454,0.0,0.0
gautamsabba/UIFramework,3849.0,3731.0,0.3333333333333333,0.0,0,0,0,126.0,0.0,0.0,0.0
gavilancomun/explore-javaFX-3D,3910.0,3902.0,0.0,0.0,0,0,0,60.0,0.38461538461538464,0.0,0.0
gazman-sdk/quadratic-sieve,3603.0,3587.0,1.5,0.0,0,0,0,46.0,0.0,0.0,0.0
gbarton/textFileIndexer,4445.0,4419.0,0.0,0.0,0,0,0,112.0,0.0,0.0,0.0
gbif/common-mybatis,4185.0,3590.0,0.5,0.0,0,0,0,127.0,1.3076923076923077,0.0,0.0
gbif/registry,4359.0,3468.0,0.4,0.0,0,0,0,2567.0,1.191304347826087,0.0,0.0
gcauchis/ScalablePress4J,3552.0,3461.0,0.5,0.0,0,0,0,252.0,1.0975609756097562,0.0,0.0
gconcon/appengine-guestbookwithguice-java,4290.0,4290.0,0.3333333333333333,0.0,0,0,0,104.0,1.3125,0.0,0.0
gdenning/pushsignal-server,4860.0,4716.0,0.3333333333333333,0.0,0,0,0,682.0,1.953757225433526,0.0,0.0
gdespres/commons-configuration-zookeeper,4165.0,4162.0,1.5,0.0,0,0,0,147.0,1.3863636363636365,0.0,0.0
gearpump/gearpump_tap_integration,3723.0,3693.0,0.0,0.0,0,0,0,87.0,1.4230769230769231,0.0,0.0
gearsystems/twitstream,3901.0,3890.0,0.0,0.0,0,0,0,367.0,0.3961038961038961,0.0,0.0
geckoboard-java-api/geckoboard-java-api,4588.0,3854.0,0.3,0.0,0,0,0,311.0,1.0686274509803921,0.0,0.0
geckoboard-java-api/highchart-java-api,4567.0,3660.0,1.1363636363636365,0.0,0,0,0,258.0,1.1325301204819278,0.0,0.0
geekdenz/game-ai,4064.0,3949.0,0.0,0.0,0,0,0,76.0,0.7857142857142857,0.0,0.0
geektrust/lengaburu-traffic,3653.0,3610.0,0.0,0.0,0,0,0,48.0,0.0,0.0,0.0
geekybedouin/project_jebr,4040.0,3823.0,0.0,0.0,0,0,0,332.0,0.0,0.0,0.0
gehaxelt/Flink-WikipediaEditCount,3610.0,3594.0,0.0,0.0,0,0,0,135.0,1.2619047619047619,0.0,0.0
gellegbs/MobLanterns,4423.0,4378.0,0.6666666666666666,0.0,0,0,0,156.0,0.0,0.0,0.0
gemoc/activitydiagram,3830.0,3482.0,0.0,0.0,0,0,0,3210.0,0.0,0.0,0.0
geneos/adempiere,4422.0,4450.0,0.0,0.0,0,0,0,24826.0,0.0,0.0,0.0
gengen1988/MobileBO,4285.0,4285.0,0.0,0.0,0,0,0,76.0,0.0,0.0,0.0
gengkev/eDAB,4727.0,3908.0,0.3333333333333333,0.0,0,0,0,238.0,0.0,0.0,0.0
genjosanzo/galaxy-ce,4996.0,3568.0,0.5,0.0,0,0,0,3050.0,0.006574621959237344,0.0,0.0
genmymodel/generators,4744.0,3590.0,1.5,0.0,0,0,0,98.0,0.0,0.0,0.0
gentoku/pinnacle-api-client,3825.0,3825.0,1.75,0.0,0,0,0,64.0,0.0,0.0,0.0
genxium/PlayHongKongResort,3843.0,3497.0,0.0,0.0,0,0,0,460.0,0.0,0.0,0.0
geoalgo/voronoiSettlers,4044.0,3837.0,0.5,0.0,0,0,0,306.0,0.0,0.0,0.0
geomajas/geomajas-project-geometry,4410.0,3885.0,0.5,0.0,0,0,0,390.0,1.7692307692307692,0.0,0.0
geomajas/geomajas-project-sld-editor,4410.0,3568.0,0.0,0.0,0,0,0,1086.0,0.7897435897435897,0.0,0.0
georchestra/cadastrapp,3903.0,3463.0,0.125,0.0,0,0,0,699.0,0.7707509881422925,0.0,0.0
geoserver/geofence,4091.0,3514.0,1.0714285714285714,0.0,0,0,0,3328.0,0.0,0.0,0.0
geosolutions-it/OpenSDI-Manager2,4311.0,3490.0,0.07692307692307693,0.0,0,0,0,1088.0,0.0,0.0,0.0
geosolutions-it/geobatch,4984.0,3537.0,0.9411764705882353,0.0,0,0,0,4298.0,0.0,0.0,0.0
geosolutions-it/http-proxy,5093.0,3519.0,0.5,0.0,0,0,0,156.0,1.853658536585366,0.0,0.0
geraldox100/avaliacao_online,4382.0,4363.0,0.0,0.0,0,0,0,76.0,0.0,0.0,0.0
gerrit-review/gerrit,3924.0,3483.0,1.8363636363636364,0.0,0,0,0,8470.0,0.0,0.0,0.0
gerritjvv/pjson,4160.0,3473.0,22.666666666666668,0.0,0,0,0,90.0,0.0,0.0,0.0
gesellix/fest-assert-awt-2.x,4929.0,4865.0,0.5,0.0,0,0,0,92.0,0.0,0.0,0.0
getlantern/kaleidoscope-sim,4933.0,4889.0,0.6666666666666666,0.0,0,0,0,28.0,0.0,0.0,0.0
geub/spring-struts-testcase,4372.0,4275.0,0.5,0.0,0,0,0,171.0,1.0892857142857142,0.0,0.0
gfkl/Flapparser,4289.0,4268.0,0.0,0.0,0,0,0,64.0,0.0,0.0,0.0
gforcedev/alexml,3577.0,3462.0,1.5,0.0,0,0,0,92.0,0.0,0.0,0.0
gganebnyi/hdp-yarn-sandbox,4506.0,4502.0,0.0,0.0,0,0,0,70.0,0.0,0.0,0.0
ggasoftware/gga-selenium-framework,4217.0,3532.0,0.5833333333333334,0.0,0,0,0,2106.0,0.0,0.0,0.0
ggsato/CloudSonar,3700.0,3681.0,1.0,0.0,0,0,0,176.0,0.0,0.0,0.0
ggsm/reversi,3637.0,3571.0,0.0,0.0,0,0,0,269.0,1.0449438202247192,0.0,0.0
ghajba/Java,4604.0,3507.0,0.0,0.0,0,0,0,108.0,0.0,0.0,0.0
ghajba/algorithms,4489.0,3926.0,0.0,0.0,0,0,0,44.0,0.0,0.0,0.0
ghasedak/MagfaApi,3612.0,3612.0,0.0,0.0,0,0,0,50.0,0.0,0.0,0.0
ghillert/spring-boot-jsp-demo,3571.0,3543.0,1.5555555555555556,0.0,0,0,0,187.0,1.2586206896551724,0.0,0.0
ghostsun/van,4299.0,4194.0,0.5,0.0,0,0,0,294.0,0.0,0.0,0.0
giagiannis/panic,3969.0,3526.0,0.0,0.0,0,0,0,1718.0,0.398884239888424,0.0,0.0
giaunv/bookmarks-rest-oauth2-springboot,3876.0,3871.0,0.0,0.0,0,0,0,56.0,0.0,0.0,0.0
gigabit101/BaublesHud,3861.0,3548.0,2.5,0.0,0,0,0,146.0,1.6097560975609757,0.0,0.0
gigabit101/Talismans,4201.0,3966.0,0.5,0.0,0,0,0,240.0,1.5072463768115942,0.0,0.0
gigaherz/ElementsOfPower,4733.0,3462.0,1.2,0.0,0,0,0,1334.0,1.6703296703296704,0.0,0.0
gigaherz/Enderthing,3521.0,3462.0,0.5,0.0,0,0,0,219.0,0.00909090909090909,0.0,0.0
gigaherz/Survivalist,3581.0,3462.0,1.0,0.0,0,0,0,388.0,1.5454545454545454,0.0,0.0
gigya/flume-ng-elasticsearch-ser-ex,4127.0,3576.0,0.42857142857142855,0.0,0,0,0,46.0,0.18181818181818182,0.0,0.0
gilberto-torrezan/gwt-views,3876.0,3479.0,2.0,0.0,0,0,0,163.0,1.75,0.0,0.0
gilberto-torrezan/viacep,3817.0,3605.0,0.5,0.0,0,0,0,102.0,1.4666666666666666,0.0,0.0
gildur/SimplePropertiesEditor,5794.0,4032.0,1.2727272727272727,0.0,0,0,0,68.0,0.0,0.0,0.0
gill3s/opentipbot,3931.0,3931.0,1.6666666666666667,0.0,0,0,0,525.0,0.42857142857142855,0.0,0.0
gilnoh/tl_usage_example,4242.0,4015.0,0.0,0.0,0,0,0,248.0,0.0,0.0,0.0
gilt/flume-logstash-sink,4024.0,4022.0,3.0,0.0,0,0,0,48.0,1.3333333333333333,0.0,0.0
gilt/scala-1-day,4509.0,3841.0,3.217391304347826,0.0,0,0,0,290.0,0.0,0.0,0.0
gilt/util-dedup,4896.0,4570.0,1.5,0.0,0,0,0,14.0,0.0,0.0,0.0
ginserra/semantic-search-portlet,3819.0,3819.0,0.0,0.0,0,0,0,284.0,0.0,0.0,0.0
gioele/xpathapi-jaxp,5195.0,4475.0,1.0,0.0,0,0,0,106.0,1.1764705882352942,0.0,0.0
giorgiosironi/game-of-life-modern-java,3648.0,3611.0,2.9444444444444446,0.0,0,0,0,181.0,0.8153846153846154,0.0,0.0
giovanebmr/javaifto,4476.0,4439.0,1.5,0.0,0,0,0,866.0,0.0,0.0,0.0
git-moss/Push2Display,3637.0,3522.0,0.6666666666666666,0.0,0,0,0,6517.0,0.0003068425897514575,0.0,0.0
gitblit/gitblit-smartticketbranches-plugin,4263.0,3676.0,1.0,0.0,0,0,0,244.0,7.84,0.0,0.0
gitblit/google-guice,4191.0,3741.0,0.0,0.0,0,0,0,7989.0,6.810363836824696,0.0,0.0
gitblit/moxie,5062.0,4183.0,1.25,0.0,0,0,0,914.0,0.035555555555555556,0.0,0.0
gitchina/springside-3.3.4,4129.0,3569.0,0.0,0.0,0,0,0,8104.0,0.0,0.0,0.0
github-ribbon/room-booking,4100.0,4100.0,0.0,0.0,0,0,0,594.0,0.0,0.0,0.0
githubdemo-organization/githubdemoclass,4421.0,3714.0,0.0,0.0,0,0,0,22.0,0.0,0.0,0.0
giuseppefutia/rdf-public-contracts,3864.0,3603.0,0.0,0.0,0,0,0,100.0,1.1875,0.0,0.0
giuseppetotaro/ctakes-clinical-pipeline,3785.0,3689.0,1.0,0.0,0,0,0,55.0,0.85,0.0,0.0
gkopff/logback-raygun,4268.0,3536.0,1.0,0.0,0,0,0,103.0,2.375,0.0,0.0
gkzhong/checkstyle,4813.0,4805.0,0.0,0.0,0,0,0,3228.0,0.636734693877551,0.0,0.0
gladyscarrizales/calcolatrice,3773.0,3549.0,0.5,0.0,0,0,0,39.0,1.4166666666666667,0.0,0.0
glefur/s-prototyper,4127.0,4042.0,0.0,0.0,0,0,0,476.0,0.0,0.0,0.0
gleim/rippletx,4307.0,4277.0,1.0,0.0,0,0,0,65.0,0.7916666666666666,0.0,0.0
glor/Doppelkopf,3656.0,3479.0,1.0,0.0,0,0,0,25.0,0.25,0.0,0.0
gluster/gmc,5139.0,4970.0,2.2,0.0,0,0,0,1956.0,0.0,0.0,0.0
glyn/Gemini-Blueprint,5029.0,4992.0,1.4,0.0,0,0,0,4556.0,0.0,0.0,0.0
glyph/amp-java,4245.0,3921.0,0.25,0.0,0,0,0,83.0,0.023809523809523808,0.0,0.0
glyptodon/guacamole-client,4575.0,3470.0,3.8160377358490565,0.0,0,0,0,11530.0,7.337651821862348,0.0,0.0
gmh33/Java-CUP-jLex-Example,5730.0,5730.0,1.25,0.0,0,0,0,106.0,0.0,0.0,0.0
gmind7/bakery-spring-foundation-config,4375.0,4351.0,0.25,0.0,0,0,0,857.0,2.071090047393365,0.0,0.0
gmlaxfanatic/Contraptions,3938.0,3908.0,0.5,0.0,0,0,0,180.0,0.0,0.0,0.0
gmuecke/whoopdicity,4086.0,3862.0,0.3333333333333333,0.0,0,0,0,138.0,0.0,0.0,0.0
gnahraf/io-util,4512.0,4343.0,0.0,0.0,0,0,0,664.0,1.9880239520958083,0.0,0.0
gneuvill/lombok-intellij-plugin,4481.0,4444.0,0.0,0.0,0,0,0,790.0,0.0,0.0,0.0
gnip/support,4406.0,3468.0,0.7857142857142857,0.0,0,0,0,370.0,0.0,0.0,0.0
gnomezgrave/A-Star,4438.0,4438.0,0.6666666666666666,0.0,0,0,0,8.0,0.0,0.0,0.0
gnosygnu/xowa,4187.0,3463.0,8.2,0.0,0,0,0,9123.0,0.00021920210434020167,0.0,0.0
go1dshtein/flume-regexp-interceptor,4082.0,4081.0,0.5,0.0,0,0,0,66.0,0.9565217391304348,0.0,0.0
goaop/idea-plugin,3860.0,3462.0,2.0,0.0,0,0,0,302.0,0.0,0.0,0.0
gocd-contrib/deb-repo-poller,4480.0,3648.0,1.0,0.0,0,0,0,122.0,0.0,0.0,0.0
gocd-contrib/script-executor-task,4022.0,3494.0,0.5714285714285714,0.0,0,0,0,96.0,1.92,0.0,0.0
gocd/go-plugins,4262.0,3462.0,0.4375,0.0,0,0,0,554.0,0.0,0.0,0.0
gokcer/atilim-comodo-java-egitim,3964.0,3964.0,0.3333333333333333,0.0,0,0,0,42.0,0.0,0.0,0.0
goldenapple3/RFDrills,3986.0,3482.0,0.8333333333333334,0.0,0,0,0,358.0,0.4657534246575342,0.0,0.0
goldmann/node-info,4290.0,4170.0,0.16666666666666666,0.0,0,0,0,62.0,1.368421052631579,0.0,0.0
gomathi/merkle-tree,4020.0,3939.0,0.3333333333333333,0.0,0,0,0,204.0,0.0,0.0,0.0
goneall/SpdxEclipsePlugin,3926.0,3926.0,0.0,0.0,0,0,0,202.0,0.0,0.0,0.0
gonmarques/cdi-properties,4142.0,3879.0,4.333333333333333,0.0,0,0,0,6338.0,18.855263157894736,0.0,0.0
google-code-export/ntorrent,3931.0,3931.0,0.0,0.0,0,0,0,1424.0,0.8237623762376237,0.0,0.0
google/K2,4210.0,3531.0,3.35,0.0,0,0,0,346.0,0.0,0.0,0.0
google/allocation-instrumenter,3960.0,3500.0,5.181818181818182,0.0,0,0,0,854.0,35.21739130434783,0.0,0.0
google/android-arscblamer,3535.0,3534.0,22.181818181818183,0.0,0,0,0,192.0,0.0,0.0,0.0
google/binnavi,3771.0,3487.0,5.7317073170731705,0.0,0,0,0,19323.0,0.8591507619470335,0.0,0.0
google/cloud-reporting,3766.0,3498.0,0.4,0.0,0,0,0,72.0,0.0,0.0,0.0
google/consumer-surveys,3840.0,3489.0,1.4545454545454546,0.0,0,0,0,102.0,0.0,0.0,0.0
google/domaintest,4197.0,3500.0,4.083333333333333,0.0,0,0,0,693.0,4.435185185185185,0.0,0.0
google/error-prone-javac,4128.0,3728.0,1.0,0.0,0,0,0,16294.0,0.0,0.0,0.0
google/firing-range,4107.0,3665.0,5.625,0.0,0,0,0,472.0,0.0,0.0,0.0
google/gmail-oauth2-tools,3870.0,3609.0,2.4,0.0,0,0,0,84.0,0.0,0.0,0.0
google/google-java-format,3871.0,3462.0,5.845070422535211,0.0,0,0,0,1125.0,1.4891640866873066,0.0,0.0
google/google-oauth-java-client,4066.0,3475.0,1.8773584905660377,0.0,0,0,0,620.0,0.0,0.0,0.0
google/ideal,3772.0,3623.0,1.75,0.0,0,0,0,1726.0,0.0,0.0,0.0
google/java-thread-sanitizer,4126.0,4124.0,1.2142857142857142,0.0,0,0,0,76.0,0.0,0.0,0.0
google/jimfs,4438.0,3487.0,7.628787878787879,0.0,0,0,0,520.0,1.8955223880597014,0.0,0.0
google/martian-java,3518.0,3517.0,0.6666666666666666,0.0,0,0,0,187.0,1.15,0.0,0.0
google/nfc-smart-tag,3927.0,3926.0,1.0,0.0,0,0,0,360.0,0.0,0.0,0.0
google/openrtb,4184.0,3472.0,2.7,0.0,0,0,0,203.0,0.05,0.0,0.0
google/openrtb-doubleclick,4185.0,3471.0,2.090909090909091,0.0,0,0,0,307.0,0.03289473684210526,0.0,0.0
google/reagera,3511.0,3511.0,2.5,0.0,0,0,0,32.0,0.0,0.0,0.0
google/rich-test-results,4071.0,3570.0,4.625,0.0,0,0,0,84.0,0.0,0.0,0.0
google/safe-html-types,3612.0,3468.0,0.25,0.0,0,0,0,389.0,1.128,0.0,0.0
googleads/adwords-alerting,3546.0,3463.0,0.8,0.0,0,0,0,373.0,1.5714285714285714,0.0,0.0
googleads/aw-reporting,4439.0,3476.0,1.6222222222222222,0.0,0,0,0,1661.0,0.6354992076069731,0.0,0.0
googlearchive/appengine-angular-guestbook-java,4639.0,3736.0,1.88,0.0,0,0,0,180.0,0.4931506849315068,0.0,0.0
googlearchive/bigquery-samples-python,3975.0,3745.0,0.7777777777777778,0.0,0,0,0,134.0,0.0,0.0,0.0
googlearchive/crc32c-java,4652.0,3736.0,1.6666666666666667,0.0,0,0,0,16.0,0.0,0.0,0.0
googlegenomics/gatk-tools-java,4136.0,3682.0,0.6666666666666666,0.0,0,0,0,258.0,2.0,0.0,0.0
googlemaps/google-maps-services-java,4141.0,3462.0,1.2693602693602695,0.0,0,0,0,634.0,1.8545454545454545,0.0,0.0
gootara-org/ios-image-util,4407.0,3603.0,3.0,0.0,0,0,0,144.0,0.0,0.0,0.0
gorayni/CsvRandomSimulator,3762.0,3569.0,0.0,0.0,0,0,0,216.0,1.0704225352112675,0.0,0.0
gordolio/websocketChat,3581.0,3468.0,0.0,0.0,0,0,0,434.0,1.1142857142857143,0.0,0.0
goreycn/AppCodePlugin,3722.0,3654.0,1.0,0.0,0,0,0,48.0,0.0,0.0,0.0
gorried/hexgraph,4060.0,3785.0,0.0,0.0,0,0,0,322.0,0.06369426751592357,0.0,0.0
gosaliajigar/DesignPatterns,4420.0,3535.0,0.0,0.0,0,0,0,238.0,0.0,0.0,0.0
goshippo/shippo-java-client,3920.0,3491.0,1.1111111111111112,0.0,0,0,0,327.0,2.91044776119403,0.0,0.0
gossi/eclipse-transpiler-plugin,4362.0,3871.0,4.0,0.0,0,0,0,222.0,0.0,0.0,0.0
gotrecillo/programacion,4026.0,3956.0,0.0,0.0,0,0,0,404.0,0.0,0.0,0.0
gpfeifer/angular-d3,3843.0,3836.0,0.0,0.0,0,0,0,96.0,0.0,0.0,0.0
gpp256/APK-Crawler,4390.0,4390.0,3.0,0.0,0,0,0,36.0,0.0,0.0,0.0
gquintana/metrics-sql,4038.0,3933.0,1.0,0.0,0,0,0,267.0,1.1647058823529413,0.0,0.0
graben1437/titan1.0.1.kafka,3714.0,3568.0,1.25,0.0,0,0,0,11726.0,2.5369439071566733,0.0,0.0
graben1437/titan1withtp3.1,3688.0,3568.0,1.1428571428571428,0.0,0,0,0,10880.0,2.652415562206071,0.0,0.0
grahamedgecombe/android-ssl,4240.0,4237.0,2.3333333333333335,0.0,0,0,0,753.0,1.1327800829875518,0.0,0.0
grahamedgecombe/tiny-basic-compiler,4630.0,4630.0,1.0,0.0,0,0,0,201.0,1.171875,0.0,0.0
grails/grails-gdoc-engine,5450.0,4995.0,2.0,0.0,0,0,0,502.0,0.0,0.0,0.0
grandamp/KSValidationService,3677.0,3530.0,0.0,0.0,0,0,0,220.0,1.894736842105263,0.0,0.0
grandwazir/BukkitDevUploader,4863.0,4717.0,2.0,0.0,0,0,0,46.0,1.2,0.0,0.0
grandwazir/DimensionDoor,5285.0,4623.0,2.0,0.0,0,0,0,74.0,0.0,0.0,0.0
grandwazir/bukkit-utilities-core,5110.0,4151.0,1.5,0.0,0,0,0,564.0,0.9789473684210527,0.0,0.0
granthbr/integrationCollab,3859.0,3833.0,0.0,0.0,0,0,0,148.0,0.0,0.0,0.0
graphstream/gs-core,5709.0,3490.0,3.7777777777777777,0.0,0,0,0,1842.0,1.292857142857143,0.0,0.0
graphstream/gs-deps,5332.0,4414.0,0.6,0.0,0,0,0,204.0,1.2698412698412698,0.0,0.0
graphstream/gs-gama,4331.0,3851.0,0.0,0.0,0,0,0,110.0,0.0,0.0,0.0
grassrootza/grassroot-platform,3692.0,3462.0,0.6666666666666666,0.0,0,0,0,3778.0,1.2006773920406435,0.0,0.0
gratianlup/FuzzyStringMatching,4519.0,4491.0,0.5,0.0,0,0,0,32.0,0.0,0.0,0.0
gravitee-io/gravitee-gateway,3854.0,3463.0,1.625,0.0,0,0,0,1290.0,0.02190923317683881,0.0,0.0
gravitee-io/gravitee-oauth2-server,3792.0,3461.0,0.0,0.0,0,0,0,188.0,1.5185185185185186,0.0,0.0
gravitee-io/gravitee-policy-ipfiltering,3620.0,3467.0,0.0,0.0,0,0,0,87.0,0.9666666666666667,0.0,0.0
gravitee-io/gravitee-policy-maven-archetype,3806.0,3467.0,0.0,0.0,0,0,0,95.0,0.7714285714285715,0.0,0.0
gravitee-io/gravitee-repository-elasticsearch,3694.0,3471.0,0.0,0.0,0,0,0,111.0,0.9736842105263158,0.0,0.0
gravitee-io/gravitee-resource-api,3490.0,3471.0,0.0,0.0,0,0,0,50.0,0.8888888888888888,0.0,0.0
gravitonian/alfresco-maven-sdk2-test,3999.0,3966.0,0.5,0.0,0,0,0,46200.0,386.25210084033614,0.0,0.0
graymalkin/irssi-log-parser,4310.0,4294.0,0.0,0.0,0,0,0,45.0,0.6111111111111112,0.0,0.0
greatman/craftconomy3,4911.0,3464.0,0.5757575757575758,0.0,0,0,0,308.0,0.0,0.0,0.0
greatman/javaircserver,4461.0,3798.0,0.0,0.0,0,0,0,376.0,1.098360655737705,0.0,0.0
greenber/Hashlab,4260.0,4260.0,0.0,0.0,0,0,0,34.0,0.0,0.0,0.0
greenbird/mule-test-tools,4591.0,3717.0,0.0,0.0,0,0,0,152.0,2.4,0.0,0.0
greenjoe/lambdaFromString,3748.0,3521.0,3.8333333333333335,0.0,0,0,0,223.0,2.5918367346938775,0.0,0.0
greenlaw110/atmsim,4248.0,4244.0,0.5,0.0,0,0,0,149.0,1.4318181818181819,0.0,0.0
greenlover1991/rms,5060.0,4535.0,0.8,0.0,0,0,0,910.0,0.0,0.0,0.0
greenpeppersoftware/greenpepper3-remote-agent,4332.0,3897.0,0.0,0.0,0,0,0,124.0,0.0,0.0,0.0
greensopinion/swagger-jaxrs-maven,4294.0,3482.0,1.0,0.0,0,0,0,308.0,2.0789473684210527,0.0,0.0
greese/dasein-cloud-atmos,4819.0,3945.0,0.5,0.0,0,0,0,161.0,2.5277777777777777,0.0,0.0
greese/dasein-cloud-aws,4923.0,3822.0,0.36363636363636365,0.0,0,0,0,292.0,0.3333333333333333,0.0,0.0
greese/dasein-cloud-cloudsigma,4800.0,4051.0,0.3333333333333333,0.0,0,0,0,249.0,3.577777777777778,0.0,0.0
greese/dasein-cloud-digitalocean,4256.0,3807.0,0.3333333333333333,0.0,0,0,0,472.0,3.3863636363636362,0.0,0.0
greese/dasein-cloud-enstratus,4772.0,4686.0,1.0,0.0,0,0,0,74.0,0.0,0.0,0.0
greese/dasein-cloud-joyent,4801.0,3801.0,0.125,0.0,0,0,0,274.0,2.9285714285714284,0.0,0.0
greese/dasein-cloud-openstack,4914.0,3790.0,0.2857142857142857,0.0,0,0,0,176.0,0.022727272727272728,0.0,0.0
greese/dasein-cloud-opsource,4800.0,4483.0,1.0,0.0,0,0,0,224.0,2.9130434782608696,0.0,0.0
greese/dasein-cloud-skeleton,4757.0,3962.0,0.3333333333333333,0.0,0,0,0,74.0,0.5333333333333333,0.0,0.0
greese/dasein-cloud-tier3,4576.0,4144.0,0.0,0.0,0,0,0,106.0,0.4,0.0,0.0
greese/dasein-cloud-vcloud,4837.0,3801.0,0.2727272727272727,0.0,0,0,0,106.0,0.16,0.0,0.0
greese/dasein-cloud-vsphere,4828.0,3730.0,0.14285714285714285,0.0,0,0,0,92.0,0.0,0.0,0.0
greg2001/ant-flaka,4070.0,4017.0,0.0,0.0,0,0,0,564.0,0.5155555555555555,0.0,0.0
greglu/dropwizard-cookbook,4430.0,4041.0,1.1428571428571428,0.0,0,0,0,114.0,0.0,0.0,0.0
gresrun/arithmetic-parser,4500.0,4492.0,0.0,0.0,0,0,0,107.0,0.18,0.0,0.0
greveritt/external_sort,4914.0,4914.0,1.0,0.0,0,0,0,14.0,0.0,0.0,0.0
griddynamics/computervision,3574.0,3472.0,0.0,0.0,0,0,0,346.0,0.0,0.0,0.0
griddynamics/jagger,5054.0,3555.0,1.1875,0.0,0,0,0,3450.0,0.11390079608083283,0.0,0.0
griddynamics/nexus-replication-plugin,3890.0,3811.0,1.0,0.0,0,0,0,82.0,0.0,0.0,0.0
griffon-plugins/griffon-preferences-plugin,4147.0,3720.0,0.0,0.0,0,0,0,324.0,0.0,0.0,0.0
griffon/griffon,5299.0,3464.0,2.849056603773585,0.0,0,0,0,10310.0,0.0,0.0,0.0
griffon/griffon-spring-plugin,5061.0,4294.0,1.0,0.0,0,0,0,66.0,0.0,0.0,0.0
grigorerm/java-school,3549.0,3546.0,0.0,0.0,0,0,0,525.0,0.1598360655737705,0.0,0.0
grizeldi/z21-drive,3829.0,3460.0,1.0,0.0,0,0,0,157.0,1.18,0.0,0.0
grmcdorman/SunlessSeaSaveEditor,3599.0,3576.0,0.5,0.0,0,0,0,50.0,0.0,0.0,0.0
grom358/zemscript,4251.0,4251.0,0.0,0.0,0,0,0,184.0,0.0,0.0,0.0
groovy/gmaven,4886.0,3526.0,2.3333333333333335,0.0,0,0,0,2112.0,0.0,0.0,0.0
grostirolla1/smartplug,3917.0,3913.0,0.0,0.0,0,0,0,56.0,0.0,0.0,0.0
groupby/scrapie,4182.0,3569.0,2.3333333333333335,0.0,0,0,0,212.0,0.0,0.0,0.0
groupdocs-total/groupdocs-java,4961.0,3703.0,0.4,0.0,0,0,0,3163.0,1.0461982675649664,0.0,0.0
groupon/DotCi-Plugins-Starter-Pack,4210.0,3505.0,0.8333333333333334,0.0,0,0,0,226.0,1.6774193548387097,0.0,0.0
groupon/Message-Bus,4519.0,4396.0,2.6666666666666665,0.0,0,0,0,507.0,0.6931216931216931,0.0,0.0
groupon/Novie,4330.0,4284.0,0.3333333333333333,0.0,0,0,0,704.0,1.6391752577319587,0.0,0.0
groupon/jesos,4168.0,3742.0,4.363636363636363,0.0,0,0,0,178.0,0.11764705882352941,0.0,0.0
groupon/mongo-deep-mapreduce,4591.0,4561.0,1.2941176470588236,0.0,0,0,0,102.0,0.0,0.0,0.0
groupon/odo,4207.0,3465.0,10.272727272727273,0.0,0,0,0,1043.0,1.8560885608856088,0.0,0.0
groupon/pebble,3945.0,3852.0,1.2857142857142858,0.0,0,0,0,925.0,2.0657894736842106,0.0,0.0
growbit/turbogwt-http,4259.0,4036.0,4.5,0.0,0,0,0,304.0,0.0,0.0,0.0
grro/reactivecassandra,3935.0,3759.0,2.3333333333333335,0.0,0,0,0,290.0,3.7254901960784315,0.0,0.0
grum/Ashley,4104.0,4099.0,1.0,0.0,0,0,0,392.0,0.5095541401273885,0.0,0.0
grundic/teamcity-web-parameters,4063.0,3535.0,2.1666666666666665,0.0,0,0,0,113.0,0.017543859649122806,0.0,0.0
grunka/Fortuna,4816.0,4045.0,2.0,0.0,0,0,0,193.0,1.305084745762712,0.0,0.0
grzegorz2047/AceOfSpadesMiniGame,4242.0,4242.0,1.0,0.0,0,0,0,167.0,1.1296296296296295,0.0,0.0
grzegorzblaszczyk/jtimecalc,5874.0,4922.0,1.0,0.0,0,0,0,128.0,0.03125,0.0,0.0
gs1oliot/oliot-epcis,4226.0,4179.0,1.5,0.0,0,0,0,648.0,2.452054794520548,0.0,0.0
gs1oliot/oliot-fc,4227.0,3589.0,0.4,0.0,0,0,0,3315.0,1.2939424031777558,0.0,0.0
gsavin/csss2013-gpsapp,4548.0,4537.0,0.0,0.0,0,0,0,172.0,0.0,0.0,0.0
gsdlab/ClaferChocoSoo,4456.0,4263.0,0.0,0.0,0,0,0,30.0,0.0,0.0,0.0
gsdlab/chocosolver,4795.0,3646.0,0.75,0.0,0,0,0,2261.0,1.169467787114846,0.0,0.0
gseguin/NanoHTTPd,5296.0,5292.0,2.230769230769231,0.0,0,0,0,13.0,0.5,0.0,0.0
gsh199449/DistributedCrawler,4363.0,4343.0,0.8333333333333334,0.0,0,0,0,240.0,0.06837606837606838,0.0,0.0
gshakhn/ideauidesigner-maven-plugin,4687.0,3874.0,0.8,0.0,0,0,0,59.0,1.2105263157894737,0.0,0.0
gsi-upm/VoteSim,4668.0,4123.0,0.0,0.0,0,0,0,102.0,0.0,0.0,0.0
gspandy/dubbo,4931.0,4931.0,0.6666666666666666,0.0,0,0,0,4326.0,0.0,0.0,0.0
gssbzn/acreencias,4176.0,4099.0,0.0,0.0,0,0,0,66.0,0.0,0.0,0.0
gstreamer-java/gst1-java-core,3739.0,3494.0,0.7777777777777778,0.0,0,0,0,1153.0,2.63855421686747,0.0,0.0
gsummer/cyNeo4j,4324.0,3818.0,0.625,0.0,0,0,0,218.0,1.0555555555555556,0.0,0.0
gtenham/magnolia-templating,4003.0,3672.0,2.0,0.0,0,0,0,1534.0,2.544378698224852,0.0,0.0
gtesei/pippoproxy,4526.0,3787.0,0.5,0.0,0,0,0,155.0,1.0784313725490196,0.0,0.0
gturri/dokuJClient,4748.0,3516.0,7.5,0.0,0,0,0,877.0,1.7887931034482758,0.0,0.0
gubatron/SellerTrade,3992.0,3893.0,2.0,0.0,0,0,0,167.0,0.011904761904761904,0.0,0.0
guchuanlong/MyXApp,3724.0,3460.0,0.0,0.0,0,0,0,721.0,0.10787172011661808,0.0,0.0
gudmundur/atunit,6235.0,5201.0,2.0,0.0,0,0,0,573.0,1.7096774193548387,0.0,0.0
guerda/license-report,4669.0,4161.0,0.0,0.0,0,0,0,106.0,0.8421052631578947,0.0,0.0
guhao/zo-spring-boot,3884.0,3852.0,1.4,0.0,0,0,0,344.0,3.242424242424242,0.0,0.0
guide-me/GuideMe,4526.0,3582.0,0.5,0.0,0,0,0,192.0,0.0,0.0,0.0
guigarage/Photonia,3765.0,3693.0,0.5,0.0,0,0,0,336.0,0.0,0.0,0.0
guikeller/jetty-runner,4167.0,3636.0,3.2,0.0,0,0,0,143.0,0.013888888888888888,0.0,0.0
guillaume-alvarez/ShapeOfThingsThatWere,4101.0,3637.0,2.0,0.0,0,0,0,671.0,1.0179372197309418,0.0,0.0
guillaumewibaux/AER3,3972.0,3916.0,0.0,0.0,0,0,0,586.0,0.0,0.0,0.0
guoguibing/librec,4358.0,3484.0,1.6453488372093024,0.0,0,0,0,320.0,0.0,0.0,0.0
guojiangshan/canyin,4286.0,3567.0,0.0,0.0,0,0,0,344.0,0.0,0.0,0.0
gusennan/Date4JWithTimeZone,4265.0,4265.0,0.0,0.0,0,0,0,121.0,1.1538461538461537,0.0,0.0
gustavoilc/UberDB,4106.0,4011.0,0.0,0.0,0,0,0,352.0,0.0,0.0,0.0
gutomaia/guruha,5313.0,5313.0,0.5,0.0,0,0,0,67.0,0.029411764705882353,0.0,0.0
gwt-plugins/gwt-eclipse-plugin,3906.0,3478.0,5.4,0.0,0,0,0,27218.0,7.584507042253521,0.0,0.0
gwtw/growing-with-the-web,4531.0,3489.0,3.4444444444444446,0.0,0,0,0,324.0,0.4148148148148148,0.0,0.0
gxianglong/kratos-1,3757.0,3757.0,0.30434782608695654,0.0,0,0,0,428.0,0.0,0.0,0.0
gyfora/StreamKV,3745.0,3719.0,6.5,0.0,0,0,0,194.0,0.27906976744186046,0.0,0.0
gyk001/word-excel-util,4195.0,4151.0,0.0,0.0,0,0,0,388.0,1.12,0.0,0.0
gyscos/CMANes,5028.0,5016.0,1.0,0.0,0,0,0,284.0,0.0,0.0,0.0
gzls/core,4114.0,4108.0,0.0,0.0,0,0,0,213.0,0.9861111111111112,0.0,0.0
gzu-liyujiang/MapSlicingTool,3858.0,3645.0,0.3333333333333333,0.0,0,0,0,168.0,0.0,0.0,0.0
h20/MusicBigData,4261.0,4241.0,0.5,0.0,0,0,0,206.0,0.0,0.0,0.0
h4ssi/sample-safe,3893.0,3893.0,0.0,0.0,0,0,0,44.0,0.875,0.0,0.0
ha-jdbc/ha-jdbc,5057.0,3534.0,1.9761904761904763,0.0,0,0,0,2622.0,1.2555831265508686,0.0,0.0
hackergarten/LdapAuth,3889.0,3518.0,0.6666666666666666,0.0,0,0,0,68.0,0.0,0.0,0.0
hadooparchitecturebook/clickstream-tutorial,4091.0,3862.0,1.0384615384615385,0.0,0,0,0,154.0,0.0,0.0,0.0
hadooparchitecturebook/hadoop-arch-book,4195.0,3856.0,1.297872340425532,0.0,0,0,0,594.0,0.0,0.0,0.0
hadrsystems/nics-monitoring,3689.0,3465.0,0.5,0.0,0,0,0,76.0,0.0,0.0,0.0
hadrsystems/nics-tools,3689.0,3465.0,0.5,0.0,0,0,0,265.0,0.8105263157894737,0.0,0.0
haebin/flume-timestamp-interceptor,4527.0,4527.0,0.0,0.0,0,0,0,60.0,0.9523809523809523,0.0,0.0
hafizhme/povo,3583.0,3510.0,0.0,0.0,0,0,0,98.0,0.0,0.0,0.0
hageok/GArduino,3882.0,3599.0,2.0,0.0,0,0,0,34.0,0.0,0.0,0.0
hakandilek/publicplay,4848.0,4298.0,1.8571428571428572,0.0,0,0,0,664.0,0.0,0.0,0.0
hal/testsuite,3969.0,3462.0,0.0,0.0,0,0,0,1086.0,0.0,0.0,0.0
halestudio/slf4j-plus,4741.0,3912.0,1.5,0.0,0,0,0,376.0,0.0,0.0,0.0
halolimat/clocacits,4209.0,4206.0,0.4444444444444444,0.0,0,0,0,104.0,0.0,0.0,0.0
halvors/Electrometrics,3837.0,3718.0,1.3333333333333333,0.0,0,0,0,802.0,1.7570093457943925,0.0,0.0
hamcrest/JavaHamcrest,5006.0,3462.0,5.298780487804878,0.0,0,0,0,693.0,1.3095238095238095,0.0,0.0
hammacher/javaslicer,4588.0,3541.0,1.0,0.0,0,0,0,1704.0,2.610810810810811,0.0,0.0
hammerdr/go-docker-registry-poller,4052.0,4044.0,1.0,0.0,0,0,0,52.0,0.16,0.0,0.0
hammyau/ODFExplorer,3799.0,3603.0,0.5,0.0,0,0,0,322.0,0.0,0.0,0.0
hamnis/funclite,4442.0,3758.0,0.0,0.0,0,0,0,120.0,1.588235294117647,0.0,0.0
hanack/intellij-generator-plugin,5944.0,5915.0,1.0,0.0,0,0,0,262.0,0.0,0.0,0.0
hank/litecoinj,4615.0,4397.0,0.28,0.0,0,0,0,799.0,1.6244343891402715,0.0,0.0
hankcs/IceNAT,4052.0,3936.0,0.5714285714285714,0.0,0,0,0,36.0,0.0,0.0,0.0
hankcs/maxent_iis,3727.0,3727.0,0.6666666666666666,0.0,0,0,0,48.0,0.9411764705882353,0.0,0.0
hansson/rento,4528.0,4077.0,0.6666666666666666,0.0,0,0,0,1083.0,1.4227129337539433,0.0,0.0
hantsy/ee8-sandbox,3610.0,3527.0,0.3333333333333333,0.0,0,0,0,645.0,2.1474358974358974,0.0,0.0
haogrgr/haogrgr-projects,3968.0,3550.0,1.0,0.0,0,0,0,838.0,0.1319796954314721,0.0,0.0
haopeng/sase,4502.0,4148.0,0.75,0.0,0,0,0,686.0,0.0,0.0,0.0
happygiraffe/jslint4java,6213.0,4357.0,3.2916666666666665,0.0,0,0,0,561.0,0.815,0.0,0.0
happygiraffe/jslint4java-eclipse,5504.0,4458.0,3.25,0.0,0,0,0,138.0,0.0,0.0,0.0
harbulot/keygenapp,5841.0,5583.0,0.6666666666666666,0.0,0,0,0,178.0,0.06896551724137931,0.0,0.0
harshadura/platform-communications,4298.0,4303.0,0.0,0.0,0,0,0,3393.0,0.46550472040668117,0.0,0.0
hascong/ExerciseForJava,4348.0,4052.0,0.0,0.0,0,0,0,24.0,0.0,0.0,0.0
hata/embulk-decoder-commons-compress,3943.0,3505.0,0.5,0.0,0,0,0,208.0,0.23404255319148937,0.0,0.0
hatboysam/muse-x,4315.0,4241.0,0.5,0.0,0,0,0,56.0,0.0,0.0,0.0
hatemalimam/lazyprime,4397.0,4396.0,0.75,0.0,0,0,0,185.0,1.528301886792453,0.0,0.0
hatsunearu/OneDegreeNorth-FRC-2013,4692.0,3682.0,0.6666666666666666,0.0,0,0,0,28.0,0.0,0.0,0.0
hauserulrich/SysP16,3468.0,3464.0,0.0,0.0,0,0,0,200.0,0.0,0.0,0.0
hawesie/lejos-bluetooth-example,3675.0,3568.0,0.0,0.0,0,0,0,26.0,0.0,0.0,0.0
hawesie/rp-shared,3632.0,3555.0,0.0,0.0,0,0,0,106.0,0.0,0.0,0.0
hawkular/hawkular-bus,3989.0,3633.0,0.38461538461538464,0.0,0,0,0,2567.0,8.114173228346457,0.0,0.0
hawkular/hawkular-client-java,3926.0,3521.0,0.14285714285714285,0.0,0,0,0,269.0,1.011111111111111,0.0,0.0
hawkular/hawkular-command-gateway,3755.0,3494.0,0.125,0.0,0,0,0,533.0,2.1796875,0.0,0.0
hawkular/hawkular-nest,3687.0,3633.0,0.5,0.0,0,0,0,152.0,0.0,0.0,0.0
hawtio/hawtio-java,3871.0,3598.0,0.0,0.0,0,0,0,35773.0,106.08459214501511,0.0,0.0
hbz/thumby,3940.0,3576.0,0.0,0.0,0,0,0,138.0,0.0,0.0,0.0
hccampos/smooth-scroll-plugin,4401.0,3566.0,1.625,0.0,0,0,0,26.0,0.0,0.0,0.0
hce/scoringsystem,5876.0,4840.0,1.0,0.0,0,0,0,196.0,0.0,0.0,0.0
hceylan/guava,5017.0,5017.0,1.5142857142857142,0.0,0,0,0,2747.0,0.29083333333333333,0.0,0.0
hcoca/RMAutomationUIFramework,3521.0,3490.0,0.0,0.0,0,0,0,810.0,0.0,0.0,0.0
hcolato/ufg,4253.0,4244.0,0.0,0.0,0,0,0,148.0,0.0,0.0,0.0
hdinsight/eventhubs-client,3869.0,3568.0,1.0,0.0,0,0,0,130.0,1.2195121951219512,0.0,0.0
hdsdi3g/DCP-Verify,5082.0,5082.0,0.5,0.0,0,0,0,38.0,0.0,0.0,0.0
headius/invokebinder,5384.0,3623.0,5.25,0.0,0,0,0,125.0,0.8863636363636364,0.0,0.0
headius/protoj,5018.0,4934.0,3.0,0.0,0,0,0,59.0,1.3888888888888888,0.0,0.0
heapfault/jct,4102.0,4019.0,0.0,0.0,0,0,0,170.0,0.0,0.0,0.0
heldeen/cf-signal-resource-bundle,3864.0,3631.0,2.0,0.0,0,0,0,68.0,1.6842105263157894,0.0,0.0
heliumv/zemecs,4287.0,3874.0,0.0,0.0,0,0,0,52.0,0.0,0.0,0.0
helixproject/helix,3676.0,3625.0,0.5,0.0,0,0,0,308.0,0.0,0.0,0.0
hellais/Onionoo,5093.0,5093.0,1.0,0.0,0,0,0,43.0,0.045454545454545456,0.0,0.0
hellojavaer/poi-excel-utils,3642.0,3539.0,2.0,0.0,0,0,0,310.0,2.8,0.0,0.0
hellojinjie/hive-function,4431.0,4193.0,0.6666666666666666,0.0,0,0,0,71.0,1.173913043478261,0.0,0.0
helvalius/tomighty-achievements,5422.0,5421.0,1.5,0.0,0,0,0,294.0,0.0,0.0,0.0
hendrosteven/springmvc-jpa-sample,3932.0,3897.0,0.0,0.0,0,0,0,222.0,0.0,0.0,0.0
heneke/thymeleaf-extras-togglz,4553.0,3784.0,1.0,0.0,0,0,0,145.0,1.1956521739130435,0.0,0.0
hengyunabc/metrics-zabbix,3962.0,3539.0,1.6666666666666667,0.0,0,0,0,74.0,1.619047619047619,0.0,0.0
henryyan/java-lib,4569.0,3568.0,1.3333333333333333,0.0,0,0,0,956.0,1.3971631205673758,0.0,0.0
herbiehp/unicenta,4000.0,3998.0,1.0,0.0,0,0,0,4634.0,0.0,0.0,0.0
hernad/easyrec,4826.0,4826.0,0.9090909090909091,0.0,0,0,0,7913.0,1.2227198697068404,0.0,0.0
heroku/direct-to-heroku-client-java,5018.0,4478.0,2.6666666666666665,0.0,0,0,0,120.0,1.2972972972972974,0.0,0.0
heroku/heroku-bamboo-plugin,5012.0,3736.0,0.8,0.0,0,0,0,72.0,0.0,0.0,0.0
heroku/heroku.jar,5173.0,4151.0,2.1,0.0,0,0,0,811.0,0.6141479099678456,0.0,0.0
herwix/droolsjbpm-core,4456.0,4453.0,0.0,0.0,0,0,0,188.0,0.0,0.0,0.0
hesenrre/Valkyrie,5598.0,5598.0,2.0,0.0,0,0,0,200.0,0.0,0.0,0.0
hesenrre/commons,5658.0,5634.0,2.5,0.0,0,0,0,80.0,0.0,0.0,0.0
heuermh/adam-plugins,4296.0,3475.0,1.2857142857142858,0.0,0,0,0,96.0,1.3793103448275863,0.0,0.0
heuermh/java-gcon,4635.0,3925.0,1.0,0.0,0,0,0,249.0,0.32407407407407407,0.0,0.0
heuermh/variation-cytoscape3-app,4302.0,4137.0,0.3333333333333333,0.0,0,0,0,671.0,1.1013824884792627,0.0,0.0
heunfa/Duesterwald,3511.0,3473.0,0.0,0.0,0,0,0,122.0,0.0,0.0,0.0
hevs-isi/gdx2d,4576.0,3471.0,1.5454545454545454,0.0,0,0,0,1638.0,1.172147001934236,0.0,0.0
heyimblake/HiveMCRank,3703.0,3526.0,0.5,0.0,0,0,0,93.0,1.6538461538461537,0.0,0.0
hferentschik/ogm-kitchensink,5180.0,4801.0,0.8888888888888888,0.0,0,0,0,1809.0,19.55952380952381,0.0,0.0
hflicka/ecg-dsp-tool,4296.0,4295.0,0.0,0.0,0,0,0,72.0,0.0,0.0,0.0
hgoebl/simplify-java,4539.0,3668.0,2.2857142857142856,0.0,0,0,0,168.0,1.6956521739130435,0.0,0.0
hhaslam11/Text-Fighter,3639.0,3469.0,1.0,0.0,0,0,0,94.0,0.0,0.0,0.0
hhazewinkel/smi4j,4391.0,3668.0,1.0,0.0,0,0,0,934.0,1.12,0.0,0.0
hibernate/hibernate-jpa-api,4953.0,3560.0,0.8181818181818182,0.0,0,0,0,418.0,0.0,0.0,0.0
hibernate/hibernate-ogm,5360.0,3462.0,1.4,0.0,0,0,0,6945.0,1.186697247706422,0.0,0.0
hierynomus/assumeng,5044.0,4646.0,1.6666666666666667,0.0,0,0,0,95.0,2.0416666666666665,0.0,0.0
high-level/zodiark,4485.0,4318.0,0.5,0.0,0,0,0,845.0,1.5738396624472575,0.0,0.0
highkay/sgtcloud-libgdx-sdk,3781.0,3781.0,0.5,0.0,0,0,0,42.0,0.0,0.0,0.0
highkay/slf4j-libgdx,4110.0,4107.0,0.5,0.0,0,0,0,51.0,0.9444444444444444,0.0,0.0
highsource/db-fahrplan-api,3582.0,3579.0,3.5,0.0,0,0,0,106.0,0.0,0.0,0.0
highsource/hyperjaxb3,4110.0,3672.0,0.6153846153846154,0.0,0,0,0,8980.0,0.21013779527559054,0.0,0.0
highsource/maven-jaxb2-plugin-support,3919.0,3533.0,0.0,0.0,0,0,0,286.0,0.0,0.0,0.0
highway-to-urhell/highway-to-urhell,4254.0,3470.0,5.0,0.0,0,0,0,330.0,1.102803738317757,0.0,0.0
hihellobyeoh/HTech,3937.0,3462.0,0.0,0.0,0,0,0,385.0,0.8455882352941176,0.0,0.0
hilarycheng/bert_java,4275.0,4274.0,0.4,0.0,0,0,0,55.0,1.1666666666666667,0.0,0.0
hilbix/org.jetbrains,3974.0,3974.0,0.0,0.0,0,0,0,18.0,0.0,0.0,0.0
hillst/PhenoFront,4449.0,4070.0,0.0,0.0,0,0,0,782.0,1.515695067264574,0.0,0.0
himanshu-soni/gpx-parser,3816.0,3784.0,1.0,0.0,0,0,0,68.0,0.0,0.0,0.0
hina0118/play-doma,5089.0,4913.0,2.3333333333333335,0.0,0,0,0,152.0,0.0,0.0,0.0
hinsenchan/sosafe_security_system_sim,3901.0,3891.0,0.5,0.0,0,0,0,317.0,0.9,0.0,0.0
hiohiohio/omegat-plugin-linkbuilder,4146.0,3715.0,1.0,0.0,0,0,0,139.0,1.0,0.0,0.0
hiredman/archiva,5337.0,5338.0,0.16666666666666666,0.0,0,0,0,8368.0,0.0,0.0,0.0
hirooka/chukasa,3679.0,3471.0,2.0,0.0,0,0,0,606.0,0.7022222222222222,0.0,0.0
hiroshitoda/Selenium-sample-with-Jenkins,4327.0,4278.0,1.6666666666666667,0.0,0,0,0,1356.0,0.026865671641791045,0.0,0.0
hitech95/Bow-Warfare,3902.0,3501.0,0.0,0.0,0,0,0,196.0,0.0,0.0,0.0
hitech95/SkyWars,4464.0,4463.0,0.2,0.0,0,0,0,188.0,0.0,0.0,0.0
hivemq/hivemq-maven-plugin,4500.0,3741.0,0.3333333333333333,0.0,0,0,0,119.0,4.05,0.0,0.0
hivemq/hivemq-stormpath-plugin,4269.0,4255.0,0.16666666666666666,0.0,0,0,0,96.0,0.8,0.0,0.0
hjs4827/girlsRuleShop,3880.0,3780.0,0.0,0.0,0,0,0,206.0,0.0,0.0,0.0
hjwylde/qux-java,4274.0,3472.0,0.0,0.0,0,0,0,1342.0,0.27411167512690354,0.0,0.0
hkminegod/FreezeMod,4480.0,3907.0,0.0,0.0,0,0,0,34.0,0.0,0.0,0.0
hkuchampudi/MegaProject_Solutions,3864.0,3775.0,0.5,0.0,0,0,0,66.0,0.0,0.0,0.0
hllorens/cognitionis-nlp-libraries,4220.0,3486.0,1.0,0.0,0,0,0,942.0,0.0,0.0,0.0
hllorens/timeml-normalizer,4258.0,4194.0,0.6666666666666666,0.0,0,0,0,112.0,1.4545454545454546,0.0,0.0
hlprmnky/swf-tech-talk,3619.0,3582.0,0.0,0.0,0,0,0,364.0,0.0,0.0,0.0
hmagalhaes/exemplo-rh,4300.0,4300.0,0.0,0.0,0,0,0,216.0,0.0,0.0,0.0
hmetaxa/MixLDA,4380.0,3462.0,0.0,0.0,0,0,0,6472.0,1.1565090199902486,0.0,0.0
hmlingesh/dynatrace-service-broker,3870.0,3850.0,0.0,0.0,0,0,0,216.0,0.5952380952380952,0.0,0.0
hnlaomie/fourinone,4032.0,4032.0,0.0,0.0,0,0,0,931.0,0.7522123893805309,0.0,0.0
hnlj0915/web-practise,4227.0,4225.0,0.0,0.0,0,0,0,156.0,0.1643835616438356,0.0,0.0
hnunner/maven-kar-archive,4400.0,4340.0,0.0,0.0,0,0,0,289.0,1.3068181818181819,0.0,0.0
hoangpt/izi-prj.tracker,4316.0,4298.0,0.5,0.0,0,0,0,72.0,0.0,0.0,0.0
hocken/wxg,5292.0,3561.0,2.272727272727273,0.0,0,0,0,97.0,0.475,0.0,0.0
hol353/translator-apsim,4907.0,3477.0,0.3333333333333333,0.0,0,0,0,59.0,0.34615384615384615,0.0,0.0
holdenk/learning-spark-examples,4302.0,3689.0,1.2233009708737863,0.0,0,0,0,372.0,0.0,0.0,0.0
holgerbrandl/themoviedbapi,4339.0,3480.0,3.0,0.0,0,0,0,446.0,1.2463768115942029,0.0,0.0
holisticon/jboss-modules-ant-task,5136.0,3770.0,1.3333333333333333,0.0,0,0,0,126.0,0.9090909090909091,0.0,0.0
holisticon/vaadin-fluent-ui,4393.0,4393.0,1.0,0.0,0,0,0,72.0,0.0,0.0,0.0
holmari/gerritstats,3796.0,3628.0,1.8333333333333333,0.0,0,0,0,314.0,1.2577319587628866,0.0,0.0
holmbergius/Wildbook,5743.0,3461.0,1.9230769230769231,0.0,0,0,0,4014.0,1.5074235807860261,0.0,0.0
holmes-org/holmes-validation,4584.0,4269.0,1.0,0.0,0,0,0,288.0,1.7662337662337662,0.0,0.0
holodeck-b2b/Holodeck-B2B,4063.0,3469.0,1.0,0.0,0,0,0,1900.0,0.9858712715855573,0.0,0.0
homberghp/correctorsworkbench,4410.0,3961.0,0.0,0.0,0,0,0,2234.0,0.0,0.0,0.0
honcho-messaging/honcho-dispatcher,4019.0,4000.0,0.0,0.0,0,0,0,58.0,0.0,0.0,0.0
hoozheng/AndroidRobot,3822.0,3511.0,0.5483870967741935,0.0,0,0,0,1014.0,0.0,0.0,0.0
hopru711/TwinProject,3701.0,3701.0,0.0,0.0,0,0,0,30.0,0.0,0.0,0.0
hopshadoop/hops-metadata-dal,3917.0,3467.0,0.06666666666666667,0.0,0,0,0,1022.0,1.5679442508710801,0.0,0.0
hortonworks/dstream,3963.0,3723.0,1.8333333333333333,0.0,0,0,0,1186.0,1.4434782608695653,0.0,0.0
hortonworks/simple-yarn-app,4515.0,3666.0,1.0222222222222221,0.0,0,0,0,63.0,0.7083333333333334,0.0,0.0
hoserdude/spring-boot-mybatis-profile-sandbox,4350.0,3758.0,1.3541666666666667,0.0,0,0,0,63.0,1.25,0.0,0.0
hostnet/eclipse_plugin_dead,5017.0,5016.0,1.0,0.0,0,0,0,68.0,0.0,0.0,0.0
hotelbeds-sdk/hotel-api-sdk-java,3746.0,3472.0,0.6666666666666666,0.0,0,0,0,1272.0,2.109677419354839,0.0,0.0
housejester/d8a-conjure,4712.0,4516.0,1.8333333333333333,0.0,0,0,0,263.0,1.1927710843373494,0.0,0.0
housejester/jsondumper,6329.0,5982.0,1.0,0.0,0,0,0,324.0,1.196078431372549,0.0,0.0
hoverruan/weiboclient4j,5206.0,3584.0,1.6666666666666667,0.0,0,0,0,962.0,1.3241379310344827,0.0,0.0
howard/composite-split,4177.0,4177.0,0.0,0.0,0,0,0,78.0,0.0,0.0,0.0
hpe-idol/find,3974.0,3461.0,0.7058823529411765,0.0,0,0,0,1376.0,0.0,0.0,0.0
hpedrorodrigues/Sort.java,3770.0,3683.0,0.5,0.0,0,0,0,130.0,0.0625,0.0,0.0
hpiasg/asgbreezegui,3743.0,3507.0,0.0,0.0,0,0,0,82.0,0.0,0.0,0.0
hpiasg/asgcommon,3743.0,3507.0,0.0,0.0,0,0,0,227.0,1.523076923076923,0.0,0.0
hpiasg/asglogic,3553.0,3463.0,0.5,0.0,0,0,0,312.0,0.0,0.0,0.0
hpiasg/desij,4022.0,3507.0,0.0,0.0,0,0,0,618.0,0.0,0.0,0.0
hpttlook/flume_monitor_source,4206.0,4078.0,0.6666666666666666,0.0,0,0,0,145.0,0.5344827586206896,0.0,0.0
hridesh/panini,3965.0,3461.0,1.0,0.0,0,0,0,3075.0,1.9448717948717948,0.0,0.0
hrmohr/newrelic-deployment-notifier-plugin,3941.0,3893.0,0.0,0.0,0,0,0,138.0,2.1176470588235294,0.0,0.0
hs-web/webbuilder,3713.0,3467.0,1.3214285714285714,0.0,0,0,0,2157.0,0.9738292011019284,0.0,0.0
hschott/ready-websocket-plugin,3741.0,3527.0,1.5,0.0,0,0,0,404.0,1.1472868217054264,0.0,0.0
hsenasilva/project-test,3763.0,3757.0,0.0,0.0,0,0,0,400.0,0.0,0.0,0.0
htools/htools,3810.0,3591.0,0.0,0.0,0,0,0,2252.0,1.3098384728340675,0.0,0.0
http-kit/http-kit,5026.0,3465.0,7.0144927536231885,0.0,0,0,0,268.0,0.0,0.0,0.0
hu-semesterprojekt-genombrowser/Alazen-Integration,3676.0,3590.0,0.0,0.0,0,0,0,107.0,0.3191489361702128,0.0,0.0
huahin/huahin-core,4922.0,4670.0,1.3333333333333333,0.0,0,0,0,499.0,2.9603960396039604,0.0,0.0
huahin/huahin-manager,4964.0,4273.0,1.4,0.0,0,0,0,104.0,0.0,0.0,0.0
huahin/huahin-unit,4936.0,4670.0,1.0,0.0,0,0,0,84.0,0.0,0.0,0.0
huangyaping/spring-boot-rest,4041.0,4034.0,0.0,0.0,0,0,0,233.0,2.8958333333333335,0.0,0.0
huangye177/magate,4338.0,3990.0,1.0,0.0,0,0,0,384.0,0.0,0.0,0.0
huanzhou/jeecms6,3981.0,3981.0,0.2,0.0,0,0,0,7764.0,0.0,0.0,0.0
huberflores/CodeOffloadingAnnotations,4687.0,3990.0,0.7142857142857143,0.0,0,0,0,192.0,1.180327868852459,0.0,0.0
hudson2-plugins/artifactory-plugin,4855.0,4848.0,0.0,0.0,0,0,0,1235.0,2.4336917562724016,0.0,0.0
hudson3-plugins/crowd2-plugin,4666.0,4241.0,0.0,0.0,0,0,0,228.0,2.5098039215686274,0.0,0.0
hudson3-plugins/disk-usage-plugin,4884.0,3986.0,0.5,0.0,0,0,0,237.0,2.5961538461538463,0.0,0.0
hudson3-plugins/ivy-plugin,4873.0,4872.0,0.0,0.0,0,0,0,782.0,2.0205128205128204,0.0,0.0
hufuman/excel2db,4308.0,4304.0,0.5,0.0,0,0,0,46.0,0.0,0.0,0.0
huherto/springyRecords,4341.0,3461.0,2.5,0.0,0,0,0,122.0,0.0,0.0,0.0
hundsun/ares-studio,4204.0,4180.0,1.0,0.0,0,0,0,16941.0,0.7169660038486209,0.0,0.0
hungyao/context-toolkit,4926.0,4925.0,0.3333333333333333,0.0,0,0,0,1072.0,0.0,0.0,0.0
huohuo/spring-velocity-maven-mvc,3847.0,3828.0,0.25,0.0,0,0,0,87.0,2.238095238095238,0.0,0.0
hurik/JGeagle,4432.0,4000.0,3.0,0.0,0,0,0,265.0,1.0340909090909092,0.0,0.0
hurik/MangaManagerAndDownloader,4004.0,3696.0,1.0,0.0,0,0,0,453.0,1.2971014492753623,0.0,0.0
hustbill/akka-distributed-workers-java,4145.0,3916.0,0.0,0.0,0,0,0,64.0,0.0,0.0,0.0
hwdmedia/hwdmedia-amf,4446.0,3846.0,0.5,0.0,0,0,0,61.0,1.0,0.0,0.0
hyberbin/hyberbin-osgi,3681.0,3675.0,1.0,0.0,0,0,0,175.0,0.8095238095238095,0.0,0.0
hybridbpm/hybridbpm,3785.0,3717.0,3.0,0.0,0,0,0,1048.0,0.14285714285714285,0.0,0.0
hydrodog/LiquiZ,4107.0,4072.0,0.0,0.0,0,0,0,232.0,0.0,0.0,0.0
hyee/OpenCSV,3925.0,3471.0,0.5,0.0,0,0,0,82.0,0.0,0.0,0.0
hyounesy/ALEA,3563.0,3490.0,0.0,0.0,0,0,0,78.0,0.0,0.0,0.0
hyperbox/api,3819.0,3476.0,0.6666666666666666,0.0,0,0,0,1293.0,0.7378435517970402,0.0,0.0
hypereddie/TinyHttp,4006.0,3926.0,1.0,0.0,0,0,0,70.0,0.0,0.0,0.0
hyperthunk/def-proxy,5499.0,5490.0,1.6666666666666667,0.0,0,0,0,196.0,0.0,0.0,0.0
hypower-org/jcreate,4927.0,4582.0,0.5,0.0,0,0,0,36.0,0.0,0.0,0.0
hzbarcea/activemq-osgi,3972.0,3820.0,0.0,0.0,0,0,0,140.0,0.7307692307692307,0.0,0.0
hzbarcea/camel-vista,4588.0,4437.0,0.0,0.0,0,0,0,327.0,1.2254901960784315,0.0,0.0
hzbarcea/x12-parser,4105.0,4105.0,1.0,0.0,0,0,0,359.0,0.2848101265822785,0.0,0.0
i386/feedle,5914.0,5163.0,1.1666666666666667,0.0,0,0,0,91.0,1.1,0.0,0.0
iCarto/siga,4400.0,3567.0,0.6666666666666666,0.0,0,0,0,27430.0,0.0,0.0,0.0
iChun/MobVsMob,4431.0,4428.0,0.5,0.0,0,0,0,64.0,0.0,0.0,0.0
iChun/Sync,4389.0,3894.0,0.7380952380952381,0.0,0,0,0,282.0,0.6296296296296297,0.0,0.0
iChun/Tabula,4051.0,3691.0,1.5,0.0,0,0,0,503.0,0.5634517766497462,0.0,0.0
iCodingStar/Laboratory-devices-management-system,3491.0,3481.0,0.6666666666666666,0.0,0,0,0,1122.0,0.017953321364452424,0.0,0.0
iKeirNez/CommunicationsFramework,4267.0,3813.0,1.6,0.0,0,0,0,324.0,1.1650485436893203,0.0,0.0
iRail/brail2gtfs-rt,3815.0,3571.0,2.0,0.0,0,0,0,243.0,2.152542372881356,0.0,0.0
iSECPartners/extractparam,3947.0,3946.0,0.5,0.0,0,0,0,16.0,0.0,0.0,0.0
ia-toki/judgels-jophiel-commons,3856.0,3807.0,0.0,0.0,0,0,0,156.0,0.0,0.0,0.0
ia-toki/judgels-uriel,3940.0,3785.0,0.5,0.0,0,0,0,668.0,0.0,0.0,0.0
iainworkman/370Project,4120.0,4028.0,1.0,0.0,0,0,0,578.0,0.0,0.0,0.0
iamaamir/Mp3-Arranger,4144.0,3978.0,0.3333333333333333,0.0,0,0,0,161.0,0.29577464788732394,0.0,0.0
ian-bartholomew/spring-boot-docker-hello-world,3937.0,3931.0,0.0,0.0,0,0,0,37.0,1.5454545454545454,0.0,0.0
iandees/josm-notes,4538.0,4050.0,1.0,0.0,0,0,0,193.0,0.010309278350515464,0.0,0.0
ianliu0420/BaseMode_SpringMongo,4048.0,4048.0,0.0,0.0,0,0,0,256.0,2.03125,0.0,0.0
ianso/scriptus,5255.0,3537.0,9.75,0.0,0,0,0,640.0,0.0,0.0,0.0
iansrobinson/neode,4893.0,4074.0,1.6666666666666667,0.0,0,0,0,499.0,2.3947368421052633,0.0,0.0
iay/java-docker,3841.0,3591.0,0.5,0.0,0,0,0,20.0,0.0,0.0,0.0
ib-ruby/ib-ruby,6049.0,3868.0,1.7551020408163265,0.0,0,0,0,2328.0,0.0,0.0,0.0
ibauersachs/dnssecjava,4604.0,3478.0,4.666666666666667,0.0,0,0,0,1226.0,1.0396039603960396,0.0,0.0
iblancasa/hackathon_telefonicaTodosIncluidos,3726.0,3726.0,0.5,0.0,0,0,0,78.0,0.9629629629629629,0.0,0.0
ibm-datapower/ertool,3609.0,3469.0,1.0,0.0,0,0,0,296.0,0.0,0.0,0.0
ibm-messaging/iot-gateway-samples,3581.0,3466.0,0.0,0.0,0,0,0,152.0,0.0,0.0,0.0
ibm-messaging/mq-wlm-client,4326.0,4313.0,0.3333333333333333,0.0,0,0,0,302.0,0.0,0.0,0.0
ibm-messaging/mqlight-fishalive-java,3863.0,3462.0,0.0,0.0,0,0,0,94.0,0.0,0.0,0.0
ibm-rtvs/Examples,4121.0,3782.0,0.75,0.0,0,0,0,220.0,0.0,0.0,0.0
ibmcnxdev/photosharing-java,3765.0,3609.0,0.5,0.0,0,0,0,148.0,0.0,0.0,0.0
ibmcontest/phonebookdemo,3707.0,3507.0,0.0,0.0,0,0,0,14153.0,226.30645161290323,0.0,0.0
ibmcontest/phonebookdemo-slow,3603.0,3507.0,0.0,0.0,0,0,0,14150.0,226.25806451612902,0.0,0.0
ibmcontest/phonebookdemo-v2,3622.0,3507.0,0.0,0.0,0,0,0,14157.0,219.234375,0.0,0.0
ibmecod/cognitive-devoxx-videosearch,3520.0,3490.0,0.0,0.0,0,0,0,1443.0,2.036312849162011,0.0,0.0
ibmjstart/bluemix-tweet-downloader,4421.0,4316.0,1.0,0.0,0,0,0,36.0,0.0,0.0,0.0
ibmwtx/PDF,3610.0,3570.0,0.5,0.0,0,0,0,74.0,0.0,0.0,0.0
ibocon/project-SemanticAnalyzer,3914.0,3888.0,0.0,0.0,0,0,0,44.0,0.0,0.0,0.0
ibrahim-netto/FabricaDados,4092.0,4085.0,0.0,0.0,0,0,0,68.0,0.0,0.0,0.0
ical4j/ical4j-extensions,4399.0,3525.0,0.0,0.0,0,0,0,432.0,1.981651376146789,0.0,0.0
icaromedeiros/r2r,4806.0,4806.0,0.6666666666666666,0.0,0,0,0,913.0,0.0,0.0,0.0
icclab/watchtower-automation,3966.0,3850.0,0.5,0.0,0,0,0,124.0,0.0,0.0,0.0
icelemon1314/mapleLemon,3762.0,3508.0,1.5,0.0,0,0,0,1368.0,0.0,0.0,0.0
icelxt/TimeMagic,3820.0,3807.0,0.0,0.0,0,0,0,340.0,2.1707317073170733,0.0,0.0
icholy/geokettle-2.0,4326.0,4326.0,0.25,0.0,0,0,0,21362.0,1.5155504360704295,0.0,0.0
ickeinderbahn/freibier,4387.0,4337.0,0.0,0.0,0,0,0,234.0,0.0,0.0,0.0
icode/ameba-session,4132.0,3534.0,1.0,0.0,0,0,0,40.0,0.0,0.0,0.0
iddi/oocsi,4557.0,3521.0,3.5,0.0,0,0,0,170.0,0.0,0.0,0.0
ideaalloc/wechat-app,4009.0,4009.0,0.0,0.0,0,0,0,604.0,1.6287425149700598,0.0,0.0
idega/com.idega.builder,6014.0,3508.0,4.5,0.0,0,0,0,1302.0,0.0,0.0,0.0
idega/com.idega.core,6014.0,3462.0,1.75,0.0,0,0,0,5190.0,0.0,0.0,0.0
idekerlab/cyREST,4821.0,3594.0,2.1818181818181817,0.0,0,0,0,505.0,1.38,0.0,0.0
identityxx/penrose-server,6395.0,6093.0,2.8,0.0,0,0,0,4480.0,0.0008928571428571428,0.0,0.0
idf/DocumentMiner,4048.0,3777.0,0.5,0.0,0,0,0,2382.0,0.0,0.0,0.0
idf/commons-util,4003.0,3703.0,1.0,0.0,0,0,0,235.0,1.2465753424657535,0.0,0.0
idiazt/spring-aop-xml-example,4235.0,4235.0,0.0,0.0,0,0,0,115.0,1.162162162162162,0.0,0.0
ieb/symplectic-harvester,5233.0,4752.0,1.8,0.0,0,0,0,126.0,0.0,0.0,0.0
ieg-vienna/ieg-prefuse,4528.0,3534.0,0.5,0.0,0,0,0,350.0,3.9661016949152543,0.0,0.0
if-056-java/animalsRepo,3806.0,3729.0,0.3333333333333333,0.0,0,0,0,664.0,0.0,0.0,0.0
if-Team/Nukkit-Plugins,3510.0,3466.0,0.25,0.0,0,0,0,480.0,0.0,0.0,0.0
ifnul/ums-backend,3856.0,3499.0,1.375,0.0,0,0,0,10123.0,1.0089153046062407,0.0,0.0
igd-geo/mongomvcc,5024.0,3978.0,7.363636363636363,0.0,0,0,0,356.0,1.4757281553398058,0.0,0.0
ignite/spring-reference,5117.0,4513.0,1.5,0.0,0,0,0,444.0,0.0,0.0,0.0
igniterealtime/REST-API-Client,3911.0,3683.0,1.1818181818181819,0.0,0,0,0,110.0,1.1111111111111112,0.0,0.0
igniterealtime/community-plugins,3651.0,3463.0,1.1666666666666667,0.0,0,0,0,13860.0,0.0,0.0,0.0
igor-petruk/protobuf-maven-plugin,5060.0,3993.0,2.1538461538461537,0.0,0,0,0,111.0,2.3461538461538463,0.0,0.0
ihaolin/common,3678.0,3639.0,1.1666666666666667,0.0,0,0,0,96.0,0.0851063829787234,0.0,0.0
ihaolin/wechat,3690.0,3501.0,1.4210526315789473,0.0,0,0,0,292.0,0.027586206896551724,0.0,0.0
ihaolin/wepay,3665.0,3466.0,1.5,0.0,0,0,0,277.0,0.79,0.0,0.0
ihavespoons/PASSword,4237.0,3715.0,0.5,0.0,0,0,0,6.0,0.0,0.0,0.0
ihuerga/deeplearning4j-nlp-examples,4059.0,4064.0,0.0,0.0,0,0,0,199.0,1.0454545454545454,0.0,0.0
iiitb2014/plagiarismcheck,3645.0,3645.0,0.3333333333333333,0.0,0,0,0,16.0,0.0,0.0,0.0
iisi-nj/gemlite,3682.0,3681.0,0.0,0.0,0,0,0,28.0,0.0,0.0,0.0
iitp-stockmart/stockmart,4125.0,4060.0,0.0,0.0,0,0,0,175.0,1.9333333333333333,0.0,0.0
ijlhjj/documents,3969.0,3919.0,0.0,0.0,0,0,0,798.0,0.0,0.0,0.0
ijpb/MorphoLibJ,4326.0,3461.0,0.5,0.0,0,0,0,1353.0,0.9014989293361885,0.0,0.0
ikCourage/LFS,3835.0,3547.0,2.25,0.0,0,0,0,42.0,0.0,0.0,0.0
ikai/App-Engine-Java-Mapper-API-demos,5645.0,5605.0,3.2857142857142856,0.0,0,0,0,98.0,0.0,0.0,0.0
ikeike443/bloghub,3559.0,3495.0,0.0,0.0,0,0,0,255.0,0.9883720930232558,0.0,0.0
ikromin/jphotoframe,3760.0,3539.0,2.0,0.0,0,0,0,77.0,0.07894736842105263,0.0,0.0
ikumen/tlrl,3925.0,3508.0,0.0,0.0,0,0,0,703.0,1.2638888888888888,0.0,0.0
ilrt/caboto,3928.0,3928.0,0.0,0.0,0,0,0,812.0,1.6339285714285714,0.0,0.0
iluwatar/java-design-patterns,4146.0,3462.0,2.958653131963357,0.0,0,0,0,8726.0,1.5179363160016122,0.0,0.0
ilya-murzinov/WhiteSWTTestApplication,4324.0,4317.0,0.0,0.0,0,0,0,113.0,1.1081081081081081,0.0,0.0
im-qq/GCache,4146.0,4116.0,1.6,0.0,0,0,0,138.0,0.0,0.0,0.0
imagej/ij1-patcher,4316.0,3476.0,0.5,0.0,0,0,0,234.0,1.9333333333333333,0.0,0.0
imagej/ij1-tests,5019.0,3470.0,1.5,0.0,0,0,0,401.0,1.1,0.0,0.0
imagej/imagej-ops,4302.0,3469.0,0.6842105263157895,0.0,0,0,0,4570.0,1.9043552519214346,0.0,0.0
imatin/James,4619.0,3568.0,0.5,0.0,0,0,0,4903.0,1.373452544704264,0.0,0.0
imglib/imglib2-algorithm-gpl,4078.0,3461.0,0.0,0.0,0,0,0,297.0,1.4767441860465116,0.0,0.0
imie-source/TennisRules,4103.0,3861.0,0.0,0.0,0,0,0,106.0,0.0,0.0,0.0
iminto/baicai,3772.0,3466.0,0.5,0.0,0,0,0,1317.0,1.4348958333333333,0.0,0.0
immutables/maven-shade-plugin,3967.0,3766.0,3.5,0.0,0,0,0,1596.0,0.18904109589041096,0.0,0.0
imperial-modaclouds/modaclouds-sda-weka,4237.0,3738.0,0.0,0.0,0,0,0,84.0,0.0,0.0,0.0
import-io/importio-client-libs-deprecated,4470.0,3742.0,0.7439024390243902,0.0,0,0,0,208.0,0.0,0.0,0.0
imtopsales/vysper-demo,4283.0,4283.0,0.0,0.0,0,0,0,108.0,0.0,0.0,0.0
in28minutes/JavaWebApplicationStepByStep,3647.0,3632.0,0.5,0.0,0,0,0,166.0,1.1111111111111112,0.0,0.0
in28minutes/MavenIn28Minutes,3754.0,3568.0,0.20833333333333334,0.0,0,0,0,710.0,0.0,0.0,0.0
in28minutes/MockitoIn28Minutes,3754.0,3635.0,0.3076923076923077,0.0,0,0,0,518.0,0.26521739130434785,0.0,0.0
inbloom/batch-upload-tool,4848.0,4220.0,0.5,0.0,0,0,0,127.0,0.8666666666666667,0.0,0.0
inbloom/ldap-in-memory,4324.0,4220.0,0.75,0.0,0,0,0,218.0,1.728813559322034,0.0,0.0
incognitos/common,4269.0,3732.0,0.0,0.0,0,0,0,126.0,1.2,0.0,0.0
ind9/jets3t,3694.0,3692.0,0.0,0.0,0,0,0,2938.0,1.0153846153846153,0.0,0.0
indeedeng/imhotep-tsv-converter,4079.0,4059.0,0.5,0.0,0,0,0,122.0,0.5833333333333334,0.0,0.0
indeedeng/status,4365.0,3462.0,1.3333333333333333,0.0,0,0,0,407.0,1.6517857142857142,0.0,0.0
indiv0/text-to-speech,4432.0,4432.0,0.0,0.0,0,0,0,42.0,0.0,0.0,0.0
inductiveautomation/ignition-sdk-archetypes,3820.0,3741.0,0.25,0.0,0,0,0,251.0,0.875,0.0,0.0
indvd00m/vaadin7-console-addon,4157.0,3554.0,1.5,0.0,0,0,0,726.0,7.837837837837838,0.0,0.0
indy256/codelibrary,5387.0,3467.0,2.1666666666666665,0.0,0,0,0,546.0,0.0,0.0,0.0
inesc-id-esw/jvstm,4784.0,4094.0,1.2,0.0,0,0,0,544.0,0.007352941176470588,0.0,0.0
inevo/mondrian,5547.0,5547.0,0.5,0.0,0,0,0,2688.0,0.001486988847583643,0.0,0.0
infielddesign/aem-id-solrindexer,3821.0,3821.0,0.3333333333333333,0.0,0,0,0,285.0,1.3764705882352941,0.0,0.0
infina/chocolatecraft,4423.0,4423.0,0.0,0.0,0,0,0,142.0,0.0,0.0,0.0
infinispan/infinispan-cachestore-hbase,4527.0,4471.0,0.2857142857142857,0.0,0,0,0,122.0,0.0,0.0,0.0
infinispan/infinispan-hadoop,3770.0,3528.0,0.5,0.0,0,0,0,3854.0,30.403361344537814,0.0,0.0
infinispan/infinispan-simple-tutorials,3772.0,3507.0,0.6666666666666666,0.0,0,0,0,714.0,1.5621890547263682,0.0,0.0
informatik-mannheim/Moduro-Toolbox,4130.0,3545.0,1.0,0.0,0,0,0,383.0,0.1751412429378531,0.0,0.0
infsci2560sp16/testassignment4-BrianKolowitz,3652.0,3539.0,0.0,0.0,0,0,0,272.0,0.7959183673469388,0.0,0.0
ingenieux/codecommit-url-helper,3547.0,3547.0,0.3333333333333333,0.0,0,0,0,122.0,2.2758620689655173,0.0,0.0
ingojaeckel/dynamo-toolbox,4977.0,4974.0,1.5,0.0,0,0,0,74.0,1.1666666666666667,0.0,0.0
initrunlevel0/SimpleGARobocode,4384.0,4358.0,0.0,0.0,0,0,0,64.0,0.0,0.0,0.0
inkysea/vmware-vrealize-automation,3667.0,3541.0,2.5,0.0,0,0,0,436.0,1.945945945945946,0.0,0.0
innoq/LiQID,4948.0,3469.0,0.625,0.0,0,0,0,791.0,8.037974683544304,0.0,0.0
inreachventures/aws-signing-request-interceptor,3703.0,3466.0,1.0526315789473684,0.0,0,0,0,107.0,2.739130434782609,0.0,0.0
inseptember/MemCachedSessionManager,4392.0,4239.0,0.0,0.0,0,0,0,260.0,1.2345679012345678,0.0,0.0
insideout10/stanbol-freeling,4716.0,3834.0,3.8,0.0,0,0,0,297.0,0.04794520547945205,0.0,0.0
instacount/appengine-counter,4447.0,3541.0,2.0,0.0,0,0,0,362.0,3.3529411764705883,0.0,0.0
instantor/PropsLoader,4165.0,4127.0,0.0,0.0,0,0,0,122.0,0.0,0.0,0.0
insula/log4j-sns,5048.0,5032.0,0.5,0.0,0,0,0,84.0,0.8666666666666667,0.0,0.0
intarsys/native-c,4544.0,4535.0,0.2,0.0,0,0,0,168.0,0.0,0.0,0.0
intarsys/runtime,4544.0,4535.0,0.0,0.0,0,0,0,2020.0,0.0,0.0,0.0
integram/cleverbus,4061.0,3613.0,1.0,0.0,0,0,0,3529.0,1.1753597122302157,0.0,0.0
intel-hadoop/HiBench,4935.0,3462.0,1.271186440677966,0.0,0,0,0,1604.0,0.0,0.0,0.0
intel-hadoop/zookeeper-rhino,4255.0,4222.0,0.3333333333333333,0.0,0,0,0,2640.0,0.006074411541381929,0.0,0.0
intelie/lognit-cli,5088.0,3489.0,2.4,0.0,0,0,0,503.0,1.117283950617284,0.0,0.0
intelligentautomation/proteus,4730.0,4470.0,3.0,0.0,0,0,0,1296.0,0.0,0.0,0.0
intelligentautomation/proteus-common,4729.0,4523.0,1.0,0.0,0,0,0,208.0,1.5593220338983051,0.0,0.0
intentmedia/admm,4618.0,4204.0,2.3333333333333335,0.0,0,0,0,208.0,0.7272727272727273,0.0,0.0
interseroh/demo-gwt-springboot,3535.0,3470.0,1.0,0.0,0,0,0,888.0,1.920704845814978,0.0,0.0
intrbiz/SNMP-IB,4449.0,3805.0,0.0,0.0,0,0,0,25810.0,32.60053619302949,0.0,0.0
inventionsbyhamid/File-Organizer,3609.0,3608.0,2.5,0.0,0,0,0,54.0,0.0,0.0,0.0
invider/trux,4442.0,4427.0,0.3333333333333333,0.0,0,0,0,106.0,0.0,0.0,0.0
ion-programming/LD28,4386.0,4366.0,0.0,0.0,0,0,0,130.0,0.0,0.0,0.0
ioos/sos-injector-example,4584.0,4090.0,0.5,0.0,0,0,0,74.0,1.04,0.0,0.0
iorch/prototypes,4508.0,4508.0,0.0,0.0,0,0,0,142.0,0.0,0.0,0.0
ipeirotis/Get-Another-Label,5018.0,4562.0,1.8235294117647058,0.0,0,0,0,316.0,1.087378640776699,0.0,0.0
ipfaffen/prishonor,3681.0,3680.0,1.5,0.0,0,0,0,646.0,0.012422360248447204,0.0,0.0
ipfs/java-ipfs-api,3759.0,3461.0,3.6666666666666665,0.0,0,0,0,120.0,1.8125,0.0,0.0
ipkn/crow-benchmark,4097.0,4093.0,2.0,0.0,0,0,0,164.0,0.0,0.0,0.0
irfen/lucene-example,4177.0,4108.0,1.0,0.0,0,0,0,70.0,0.0,0.0,0.0
irfen/redis-example,4130.0,4130.0,2.0,0.0,0,0,0,167.0,1.930232558139535,0.0,0.0
irfiit/yago,4088.0,4017.0,0.0,0.0,0,0,0,150.0,0.0,0.0,0.0
irobertson/invokedynamic-talk-code,4094.0,4093.0,2.0,0.0,0,0,0,162.0,2.4324324324324325,0.0,0.0
ironmanMA/Random-Forest,4555.0,3498.0,0.7586206896551724,0.0,0,0,0,56.0,0.0,0.0,0.0
ironpinguin/serialized-php-parser,5057.0,3932.0,2.25,0.0,0,0,0,56.0,1.2222222222222223,0.0,0.0
irundaia/sbt-sassify,3690.0,3479.0,7.0,0.0,0,0,0,348.0,0.0,0.0,0.0
irvinhomem/DumpFSLocal,4471.0,4459.0,0.0,0.0,0,0,0,48.0,0.17391304347826086,0.0,0.0
isa-group/FaMA,4248.0,3463.0,0.7142857142857143,0.0,0,0,0,2828.0,0.0,0.0,0.0
isabinin/aws-apigateway-swagger-exporter,3673.0,3580.0,1.75,0.0,0,0,0,51.0,1.1176470588235294,0.0,0.0
isaiah/rbtree-jruby,4783.0,4529.0,2.0,0.0,0,0,0,58.0,0.0,0.0,0.0
isapp/firebase-queue-java,3688.0,3668.0,1.0,0.0,0,0,0,118.0,2.1379310344827585,0.0,0.0
isbm/srmf,4638.0,4413.0,0.0,0.0,0,0,0,178.0,0.06896551724137931,0.0,0.0
isel-leic-cg/1415i-public,4067.0,4044.0,0.0,0.0,0,0,0,262.0,0.0,0.0,0.0
isel-leic-ls/1314-2-common,4305.0,4233.0,0.08695652173913043,0.0,0,0,0,118.0,0.06896551724137931,0.0,0.0
iservport/helianto-plan,3833.0,3466.0,0.0,0.0,0,0,0,550.0,1.032967032967033,0.0,0.0
isisaddons/isis-module-security,4140.0,3469.0,0.5,0.0,0,0,0,1836.0,2.4289156626506023,0.0,0.0
isisaddons/isis-module-stringinterpolator,4312.0,3469.0,0.0,0.0,0,0,0,839.0,4.323308270676692,0.0,0.0
isisaddons/isis-wicket-fullcalendar2,4430.0,3468.0,0.6666666666666666,0.0,0,0,0,870.0,3.9726027397260273,0.0,0.0
isisaddons/isis-wicket-gmap3,4717.0,3468.0,0.0,0.0,0,0,0,856.0,3.9583333333333335,0.0,0.0
isitgeorge/PlayerProtect,4131.0,4131.0,0.0,0.0,0,0,0,38.0,1.6363636363636365,0.0,0.0
ismb/it.ismb.pert.osgi.dal,4109.0,3794.0,0.0,0.0,0,0,0,42.0,0.0,0.0,0.0
ismb/jemma.osgi.dal,4074.0,3794.0,0.3333333333333333,0.0,0,0,0,98.0,0.0,0.0,0.0
ismb/jemma.osgi.dal.functions.eh,3794.0,3786.0,0.0,0.0,0,0,0,107.0,0.868421052631579,0.0,0.0
isparkes/OpenRate,4158.0,3539.0,1.0714285714285714,0.0,0,0,0,1148.0,1.1506849315068493,0.0,0.0
isr-web-team/isr-web-team,4787.0,4608.0,0.0,0.0,0,0,0,387.0,1.7047619047619047,0.0,0.0
ist-dsi-archive/bennu-signals,4269.0,3513.0,0.0,0.0,0,0,0,149.0,4.291666666666667,0.0,0.0
ist-dsi/fenixedu-id-cards,4249.0,3752.0,0.0,0.0,0,0,0,6946.0,97.25714285714285,0.0,0.0
isuruanu/ussd-session-manager,4015.0,4015.0,0.0,0.0,0,0,0,88.0,0.0,0.0,0.0
isurunix/image2ascii,3941.0,3486.0,0.0,0.0,0,0,0,47.0,0.5789473684210527,0.0,0.0
iswangheng/DataMining-over-Sina-Weibo,5203.0,5141.0,1.75,0.0,0,0,0,516.0,0.0,0.0,0.0
it-yudharta/java-tutorial,3550.0,3529.0,0.0,0.0,0,0,0,36.0,0.0,0.0,0.0
itachi1706/Bukkit,4291.0,3804.0,0.0,0.0,0,0,0,1320.0,0.0,0.0,0.0
italiangrid/voms-api-java,5155.0,3591.0,0.5,0.0,0,0,0,1185.0,2.1215277777777777,0.0,0.0
italiangrid/voms-clients,4798.0,3528.0,0.4,0.0,0,0,0,456.0,2.1636363636363636,0.0,0.0
ithempel/ms4j,4670.0,4610.0,0.3333333333333333,0.0,0,0,0,69.0,1.1304347826086956,0.0,0.0
itoshkov/nand2tetris-emu,4065.0,3753.0,1.0,0.0,0,0,0,1410.0,1.231121281464531,0.0,0.0
itshorty/libsybos,4452.0,3724.0,0.5,0.0,0,0,0,127.0,3.375,0.0,0.0
itspanzi/WaitUtils,5327.0,5278.0,7.5,0.0,0,0,0,84.0,1.0714285714285714,0.0,0.0
itszootime/aquacrop-interface,4976.0,4703.0,0.5,0.0,0,0,0,230.0,1.2222222222222223,0.0,0.0
itszootime/geojson-java,4707.0,4375.0,0.0,0.0,0,0,0,259.0,0.9325842696629213,0.0,0.0
itweet/bigtable-sql,3847.0,3731.0,1.0,0.0,0,0,0,3532.0,1.3397887323943662,0.0,0.0
ivangrod/gwt_boot,4029.0,4012.0,0.0,0.0,0,0,0,178.0,0.0,0.0,0.0
ivnik/telnet-groovysh,4226.0,3862.0,4.75,0.0,0,0,0,31.0,0.35714285714285715,0.0,0.0
ivylabs/ivy-pdi-git-steps,4050.0,3566.0,1.0,0.0,0,0,0,364.0,1.3888888888888888,0.0,0.0
iwarapter/sonar-puppet,3836.0,3475.0,2.5,0.0,0,0,0,1062.0,0.0,0.0,0.0
iwxfer/video2gif,3965.0,3529.0,3.0,0.0,0,0,0,108.0,0.75,0.0,0.0
ixa-ehu/ixa-pipe-chunk,4417.0,3524.0,0.0,0.0,0,0,0,155.0,2.4857142857142858,0.0,0.0
ixa-ehu/ixa-pipe-time,4032.0,3533.0,0.5,0.0,0,0,0,43.0,0.045454545454545456,0.0,0.0
ixa-ehu/ixa-pipe-tok,4575.0,3524.0,0.2857142857142857,0.0,0,0,0,179.0,2.4146341463414633,0.0,0.0
izacus/slo_ner_service,4348.0,4348.0,2.0,0.0,0,0,0,40.0,0.47058823529411764,0.0,0.0
izenecloud/laser,4108.0,4101.0,1.3846153846153846,0.0,0,0,0,425.0,1.05,0.0,0.0
izerui/spring-boot-jpa-simple,4262.0,3565.0,0.0,0.0,0,0,0,68.0,0.0,0.0,0.0
izerui/webapp-framework,4372.0,4359.0,0.0,0.0,0,0,0,640.0,1.9875776397515528,0.0,0.0
iziteq/izi-travel-java-api,4127.0,3525.0,1.5,0.0,0,0,0,398.0,2.5977011494252875,0.0,0.0
j-shepard/antlr-calculator,4411.0,4403.0,1.0,0.0,0,0,0,33.0,0.3333333333333333,0.0,0.0
j-shepard/java-vs-scala,4152.0,4152.0,1.0,0.0,0,0,0,56.0,0.0,0.0,0.0
j0ach1mmall3/FreeAutoMessage,3771.0,3463.0,0.6666666666666666,0.0,0,0,0,150.0,1.1020408163265305,0.0,0.0
j0ach1mmall3/JLib,3754.0,3468.0,0.0,0.0,0,0,0,716.0,1.2197309417040358,0.0,0.0
j0holo/gamingen_pakeergarage,3717.0,3692.0,0.0,0.0,0,0,0,218.0,0.0,0.0,0.0
j256/ormlite-core,4665.0,3462.0,1.9496402877697843,0.0,0,0,0,1989.0,3.3665768194070083,0.0,0.0
j256/simplejmx,4666.0,3653.0,3.2222222222222223,0.0,0,0,0,513.0,2.327731092436975,0.0,0.0
j8spec/j8spec,3861.0,3537.0,17.0,0.0,0,0,0,270.0,1.7777777777777777,0.0,0.0
jClarity/student-programme,4180.0,4179.0,0.0,0.0,0,0,0,53.0,0.8947368421052632,0.0,0.0
jDramaix/gss.gwt,4448.0,3910.0,3.0,0.0,0,0,0,284.0,0.0,0.0,0.0
jDramaix/selectable,4826.0,4826.0,1.0,0.0,0,0,0,220.0,0.0,0.0,0.0
jGauravGupta/JPAModeler,3644.0,3466.0,4.0,0.0,0,0,0,2324.0,0.0,0.0,0.0
jMonkeyEngine-Contributions/Lemur,3761.0,3470.0,2.0,0.0,0,0,0,1324.0,1.8771929824561404,0.0,0.0
jMotif/SAX,3948.0,3498.0,2.3076923076923075,0.0,0,0,0,517.0,0.6212121212121212,0.0,0.0
jOOQ/jOOR,5100.0,3518.0,5.921739130434783,0.0,0,0,0,86.0,0.0,0.0,0.0
ja-fra/zk-configuration,4295.0,4295.0,1.5,0.0,0,0,0,85.0,1.625,0.0,0.0
jaak-s/extraTrees,4381.0,4006.0,5.5,0.0,0,0,0,242.0,0.4897959183673469,0.0,0.0
jabbrwcky/selenium-api,4105.0,4049.0,0.25,0.0,0,0,0,163.0,0.75,0.0,0.0
jacketattack/UnionFindPercolation,4462.0,4228.0,0.0,0.0,0,0,0,32.0,0.0,0.0,0.0
jacomyal/ABCD-Gephi-Plugin,4323.0,4169.0,0.3333333333333333,0.0,0,0,0,44.0,0.0,0.0,0.0
jaconel/PrefixrAntTask,5082.0,4997.0,1.3333333333333333,0.0,0,0,0,24.0,0.0,0.0,0.0
jacopofar/jhc-06-morecolours,4752.0,4749.0,0.0,0.0,0,0,0,16.0,0.0,0.0,0.0
jadahl/jgroups-android,5976.0,5976.0,1.3333333333333333,0.0,0,0,0,2179.0,0.6436363636363637,0.0,0.0
jadar/DeveloperCapes,4666.0,3742.0,1.8235294117647058,0.0,0,0,0,156.0,0.5079365079365079,0.0,0.0
jadetang/maliang,3714.0,3711.0,2.1666666666666665,0.0,0,0,0,253.0,0.6020408163265306,0.0,0.0
jadler-mocking/jadler,4767.0,3543.0,1.9444444444444444,0.0,0,0,0,727.0,2.4723926380368098,0.0,0.0
jadyer/demo-cas-server-web,3755.0,3755.0,0.0,0.0,0,0,0,624.0,1.6608187134502923,0.0,0.0
jaeksoft/jcifs-krb5,3572.0,3480.0,0.5,0.0,0,0,0,1867.0,1.6647058823529413,0.0,0.0
jaesga/latch-facebook-hack,3990.0,3990.0,0.25,0.0,0,0,0,65.0,1.0454545454545454,0.0,0.0
jahlborn/rmiio,3723.0,3562.0,1.0,0.0,0,0,0,588.0,0.9064039408866995,0.0,0.0
jaideepcoder/solr2trec,3694.0,3674.0,0.0,0.0,0,0,0,18.0,0.0,0.0,0.0
jaimegarza/syntax,4921.0,3539.0,1.5,0.0,0,0,0,381.0,0.17613636363636365,0.0,0.0
jajja/jorm,4681.0,3465.0,6.5,0.0,0,0,0,355.0,3.95,0.0,0.0
jake-freeman/stream-thing,3766.0,3737.0,0.5,0.0,0,0,0,514.0,0.0,0.0,0.0
jakedouglas/fnv-java,5266.0,5266.0,4.0,0.0,0,0,0,54.0,1.5,0.0,0.0
jakubholynet/blog,5175.0,3649.0,0.8297872340425532,0.0,0,0,0,364.0,0.0,0.0,0.0
jakubnabrdalik/hentai-cloudy-rental,3762.0,3761.0,3.5,0.0,0,0,0,43293.0,266.9130434782609,0.0,0.0
jalpedersen/jetty-hazelcast,5423.0,4302.0,5.666666666666667,0.0,0,0,0,127.0,0.8666666666666667,0.0,0.0
jamee/openshift-jweb-demo,4408.0,4408.0,0.0,0.0,0,0,0,463.0,1.4444444444444444,0.0,0.0
jamel/dbf,4516.0,3554.0,1.2105263157894737,0.0,0,0,0,101.0,0.28888888888888886,0.0,0.0
jamel/j7zip,4511.0,4511.0,1.0,0.0,0,0,0,390.0,2.260869565217391,0.0,0.0
james-hu/jabb-core-java8,3958.0,3542.0,0.0,0.0,0,0,0,700.0,1.3113207547169812,0.0,0.0
jamesagnew/hapi-fhir,4192.0,3461.0,1.242603550295858,0.0,0,0,0,24730.0,2.485310119695321,0.0,0.0
jameseh96/agarAI,3603.0,3598.0,0.0,0.0,0,0,0,78.0,1.0769230769230769,0.0,0.0
jamesmoss/guy-manuel-helmet-led-controller,5396.0,5396.0,2.0,0.0,0,0,0,8.0,0.0,0.0,0.0
jamesosullivan/SimpleTCT,4194.0,3970.0,0.3333333333333333,0.0,0,0,0,237.0,0.042735042735042736,0.0,0.0
jamf/HealthCheckUtility,3575.0,3546.0,10.5,0.0,0,0,0,72.0,0.0,0.0,0.0
jan-zajic/mesos-hbase,3753.0,3748.0,1.4,0.0,0,0,0,240.0,0.0,0.0,0.0
jankotek/JDBM3,5216.0,4813.0,3.611111111111111,0.0,0,0,0,433.0,1.48,0.0,0.0
jankotek/elsa,3575.0,3479.0,3.0,0.0,0,0,0,321.0,4.211538461538462,0.0,0.0
jankroken/commandline,5330.0,3784.0,2.0,0.0,0,0,0,392.0,2.5813953488372094,0.0,0.0
jann2005/scene-classification-spark,3747.0,3747.0,0.0,0.0,0,0,0,57.0,1.4705882352941178,0.0,0.0
jannehietamaki/mungbean,5832.0,5168.0,4.4,0.0,0,0,0,796.0,1.3389121338912133,0.0,0.0
jannehietamaki/spring-object-mapper,5464.0,5460.0,0.5,0.0,0,0,0,162.0,1.9047619047619047,0.0,0.0
jansoren/akka-persistence-java-example,3640.0,3512.0,1.0,0.0,0,0,0,184.0,0.0,0.0,0.0
janvdbergh/secappdev-oauth,4659.0,3945.0,0.0,0.0,0,0,0,104.0,1.9259259259259258,0.0,0.0
janwtr/coba-git,3884.0,3862.0,0.0,0.0,0,0,0,82.0,0.0,0.0,0.0
janyou/ANTLR-Swift-Target,3640.0,3462.0,2.5,0.0,0,0,0,113.0,0.16981132075471697,0.0,0.0
jaquadro/Chameleon,3870.0,3461.0,2.6666666666666665,0.0,0,0,0,243.0,2.152542372881356,0.0,0.0
jaquadro/ForgeMods,4547.0,4166.0,1.6,0.0,0,0,0,604.0,0.0,0.0,0.0
jaquadro/StorageDrawers,4133.0,3461.0,1.3611111111111112,0.0,0,0,0,3465.0,0.0005770340450086555,0.0,0.0
jar398/jade,4261.0,4261.0,0.0,0.0,0,0,0,55.0,1.0,0.0,0.0
jarcec/sqoop-data-generator,4648.0,4648.0,0.0,0.0,0,0,0,59.0,1.2105263157894737,0.0,0.0
jaroslav-kuchar/Multimode-Networks,5031.0,4701.0,3.25,0.0,0,0,0,58.0,0.0,0.0,0.0
jaroslav-kuchar/Social-Network-Analysis,5267.0,4701.0,4.4,0.0,0,0,0,94.0,0.0,0.0,0.0
jaroslav-kuchar/rCBA,3864.0,3534.0,0.0,0.0,0,0,0,170.0,0.0,0.0,0.0
jarski/LazyList,4270.0,4025.0,0.3333333333333333,0.0,0,0,0,678.0,8.0,0.0,0.0
jarzi/CommandPattern,3934.0,3934.0,0.0,0.0,0,0,0,28.0,0.0,0.0,0.0
jasminb/jsonapi-converter,3588.0,3462.0,3.272727272727273,0.0,0,0,0,281.0,1.1797752808988764,0.0,0.0
jasondevj/hotpotato,5425.0,5341.0,0.2857142857142857,0.0,0,0,0,1276.0,3.174089068825911,0.0,0.0
jasongoodwin/learning-akka,3997.0,3578.0,1.411764705882353,0.0,0,0,0,1188.0,0.0,0.0,0.0
jassman/servlet_examen,4042.0,4042.0,0.0,0.0,0,0,0,1149.0,1.5198776758409787,0.0,0.0
jatecs/jatecs,3556.0,3497.0,0.8,0.0,0,0,0,1850.0,0.0,0.0,0.0
jatovm/malva,5566.0,5043.0,2.0,0.0,0,0,0,110.0,0.0,0.0,0.0
jattenberg/MALLET,4600.0,3588.0,0.0,0.0,0,0,0,4012.0,2.3916849015317285,0.0,0.0
java-course-ee/java-course-ee,4333.0,3489.0,0.4230769230769231,0.0,0,0,0,7122.0,0.0,0.0,0.0
java-park-mail-ru/2016-02-IOTA,3592.0,3480.0,0.0,0.0,0,0,0,102.0,1.0588235294117647,0.0,0.0
java8/Java8InAction,4431.0,3554.0,1.4682779456193353,0.0,0,0,0,510.0,1.7925925925925925,0.0,0.0
javaJake/profileinspector,3754.0,3754.0,0.5,0.0,0,0,0,35.0,0.6428571428571429,0.0,0.0
javabeanz/owasp-security-logging,4271.0,3464.0,4.0,0.0,0,0,0,423.0,1.3464566929133859,0.0,0.0
javabits/pojo-mbean,4093.0,4089.0,0.0,0.0,0,0,0,198.0,1.0769230769230769,0.0,0.0
javadba/dl4j-spark-ml-examples,3831.0,3744.0,0.0,0.0,0,0,0,67.0,0.76,0.0,0.0
javadera/shainweb,3526.0,3476.0,0.0,0.0,0,0,0,998.0,0.23214285714285715,0.0,0.0
javadev/jasper-xml-to-pdf-generator,4715.0,3543.0,1.0,0.0,0,0,0,198.0,1.125,0.0,0.0
javadev/latintoukrainian,3890.0,3718.0,0.5,0.0,0,0,0,140.0,1.0869565217391304,0.0,0.0
javadev/odt-to-pdf-converter,4618.0,3785.0,0.3333333333333333,0.0,0,0,0,106.0,1.7241379310344827,0.0,0.0
javadev/ukrainiantolatin,5090.0,3813.0,0.5,0.0,0,0,0,219.0,0.40217391304347827,0.0,0.0
javamelody/sonar-javamelody,4545.0,3472.0,0.3333333333333333,0.0,0,0,0,60.0,1.875,0.0,0.0
javanna/elasticsearch-river-solr,4781.0,3912.0,1.631578947368421,0.0,0,0,0,133.0,1.2926829268292683,0.0,0.0
javaparser/javaparser,5160.0,3463.0,3.3502824858757063,0.0,0,0,0,624.0,1.1776649746192893,0.0,0.0
javasoze/meaningfulweb,5440.0,4676.0,2.0,0.0,0,0,0,432.0,0.7468354430379747,0.0,0.0
javedmshah/duosecurity,3630.0,3625.0,0.0,0.0,0,0,0,66.0,0.0,0.0,0.0
javgh/MtGoxCachingProxy,4365.0,4365.0,0.75,0.0,0,0,0,78.0,0.8571428571428571,0.0,0.0
jawher/moulder-j,5605.0,4748.0,4.666666666666667,0.0,0,0,0,326.0,2.493150684931507,0.0,0.0
jaxio/usi2011,5209.0,5207.0,2.0,0.0,0,0,0,947.0,0.6582633053221288,0.0,0.0
jayfella/BlockShop,4498.0,4498.0,0.0,0.0,0,0,0,68.0,0.1875,0.0,0.0
jayfella/SimpleJail,4606.0,4558.0,0.0,0.0,0,0,0,148.0,0.08333333333333333,0.0,0.0
jayfella/TerrainWorld,4423.0,3867.0,1.0,0.0,0,0,0,69.0,0.15151515151515152,0.0,0.0
jayhorn/jayhorn,3782.0,3462.0,2.3333333333333335,0.0,0,0,0,1567.0,0.38088012139605465,0.0,0.0
jayjiahua/Cinpockema,3500.0,3470.0,1.0,0.0,0,0,0,308.0,0.8558558558558559,0.0,0.0
jayqqaa12/jbase,3738.0,3479.0,0.8,0.0,0,0,0,564.0,1.043010752688172,0.0,0.0
jaytaylor/persistit,4870.0,4870.0,0.1111111111111111,0.0,0,0,0,918.0,0.0,0.0,0.0
jayway/JsonPath,5439.0,3488.0,3.5724907063197024,0.0,0,0,0,1070.0,1.9703703703703703,0.0,0.0
jayway/facebook-test-java-api,5437.0,4823.0,1.8333333333333333,0.0,0,0,0,105.0,0.8157894736842105,0.0,0.0
jayway/maven-lab-plugin,5692.0,4718.0,4.0,0.0,0,0,0,165.0,0.9821428571428571,0.0,0.0
jazorp/jazorp,3502.0,3487.0,0.6,0.0,0,0,0,150.0,1.8,0.0,0.0
jb-aero/SKCompat,4016.0,3564.0,0.25,0.0,0,0,0,218.0,2.230769230769231,0.0,0.0
jbackfield/image-generator,4107.0,3930.0,0.0,0.0,0,0,0,48.0,1.125,0.0,0.0
jbake-org/jbake-forge-addon,4474.0,3854.0,0.3,0.0,0,0,0,366.0,1.2,0.0,0.0
jbaruch/spring-configs-battle,4087.0,3729.0,1.0,0.0,0,0,0,180.0,0.0,0.0,0.0
jbayer/cloudfoundry-sticky-session,4454.0,4133.0,0.5,0.0,0,0,0,58.0,1.5294117647058822,0.0,0.0
jbfromlbc/insightcmislab2014,4171.0,4126.0,0.0,0.0,0,0,0,242.0,4.777777777777778,0.0,0.0
jbgi/eventsrc4j,3496.0,3462.0,0.5,0.0,0,0,0,72.0,3.2857142857142856,0.0,0.0
jbman/wichteln,4393.0,3669.0,0.0,0.0,0,0,0,146.0,1.288888888888889,0.0,0.0
jbosgi/jbosgi-spi,5436.0,3527.0,0.6666666666666666,0.0,0,0,0,78.0,0.0,0.0,0.0
jboss-developer/jboss-portal-quickstarts,4869.0,3871.0,0.2647058823529412,0.0,0,0,0,1260.0,0.0,0.0,0.0
jboss-logging/slf4j-jboss-logmanager,5305.0,4120.0,0.75,0.0,0,0,0,48.0,1.125,0.0,0.0
jboss/jboss-annotations-api_spec,5271.0,4451.0,0.5,0.0,0,0,0,90.0,1.2857142857142858,0.0,0.0
jboss/jboss-ejb-api_spec,5249.0,4450.0,0.75,0.0,0,0,0,286.0,1.096774193548387,0.0,0.0
jboss/jboss-jaxrpc-api_spec,5235.0,5020.0,1.0,0.0,0,0,0,201.0,1.0757575757575757,0.0,0.0
jbossas/jboss-vfs,5408.0,3510.0,0.5,0.0,0,0,0,797.0,1.2088353413654618,0.0,0.0
jbosschina/cluster,4837.0,3682.0,0.6363636363636364,0.0,0,0,0,2696.0,0.200652528548124,0.0,0.0
jbossorg/sbs-human-friendly-urls,4568.0,3997.0,0.0,0.0,0,0,0,122.0,0.0,0.0,0.0
jboulon/schlep,4450.0,4450.0,1.3333333333333333,0.0,0,0,0,464.0,0.0,0.0,0.0
jbrisbin/disruptor,5114.0,5114.0,6.333333333333333,0.0,0,0,0,284.0,0.0,0.0,0.0
jbundle/osgi,5303.0,4000.0,1.25,0.0,0,0,0,190.0,1.2,0.0,0.0
jcabi/jcabi-aspects,4485.0,3492.0,3.0684931506849313,0.0,0,0,0,580.0,1.1630434782608696,0.0,0.0
jcabi/jcabi-beanstalk-maven-plugin,4485.0,3461.0,0.6363636363636364,0.0,0,0,0,323.0,2.1139240506329116,0.0,0.0
jcabi/jcabi-dynamo,4485.0,3487.0,1.1428571428571428,0.0,0,0,0,824.0,6.604166666666667,0.0,0.0
jcabi/jcabi-heroku-maven-plugin,4485.0,3501.0,0.6666666666666666,0.0,0,0,0,140.0,0.02857142857142857,0.0,0.0
jcabi/jcabi-http,4339.0,3466.0,2.4,0.0,0,0,0,388.0,1.0232558139534884,0.0,0.0
jcabi/jcabi-jdbc,4486.0,3500.0,2.0,0.0,0,0,0,3722.0,59.049180327868854,0.0,0.0
jcabi/jcabi-latex-maven-plugin,4208.0,3501.0,0.5714285714285714,0.0,0,0,0,141.0,0.9183673469387755,0.0,0.0
jcabi/jcabi-manifests,4486.0,3463.0,1.4705882352941178,0.0,0,0,0,135.0,0.8541666666666666,0.0,0.0
jcabi/jcabi-matchers,4251.0,3501.0,0.5384615384615384,0.0,0,0,0,176.0,0.8709677419354839,0.0,0.0
jcabi/jcabi-mysql-maven-plugin,4454.0,3501.0,1.3157894736842106,0.0,0,0,0,9880.0,97.81818181818181,0.0,0.0
jcabi/jcabi-ssh,4133.0,3501.0,2.358974358974359,0.0,0,0,0,190.0,0.9538461538461539,0.0,0.0
jcabi/jcabi-w3c,4251.0,3501.0,0.9166666666666666,0.0,0,0,0,146.0,0.8461538461538461,0.0,0.0
jcdesimp/Landlord,4308.0,3478.0,0.3181818181818182,0.0,0,0,0,126.0,0.06451612903225806,0.0,0.0
jcgay/buildplan-maven-plugin,4865.0,3679.0,3.0,0.0,0,0,0,181.0,1.3272727272727274,0.0,0.0
jcgay/maven-profiler,4537.0,3705.0,4.25,0.0,0,0,0,136.0,0.0,0.0,0.0
jchambers/jeospatial,5080.0,3828.0,3.5,0.0,0,0,0,141.0,0.6481481481481481,0.0,0.0
jcjolley/journalApp,4233.0,4204.0,0.5,0.0,0,0,0,16.0,0.0,0.0,0.0
jcjones/SCHUA,5157.0,5152.0,1.0,0.0,0,0,0,46.0,0.0,0.0,0.0
jclawson/dropwizardry,4295.0,3946.0,1.5,0.0,0,0,0,210.0,1.164179104477612,0.0,0.0
jcorcoran/BNO055_FRC,3724.0,3627.0,0.75,0.0,0,0,0,48.0,0.0,0.0,0.0
jcordes73/jboss-as-zookeeper,3821.0,3819.0,0.0,0.0,0,0,0,100.0,0.0,0.0,0.0
jcreel/SAFCreator,3903.0,3492.0,0.4,0.0,0,0,0,104.0,0.0,0.0,0.0
jcustenborder/flume-ng-rabbitmq,4933.0,3574.0,1.0512820512820513,0.0,0,0,0,89.0,1.3703703703703705,0.0,0.0
jdavisonc/seedboxer,4877.0,4170.0,3.5,0.0,0,0,0,1277.0,1.494535519125683,0.0,0.0
jdcasey/build-migration-maven-plugin,4977.0,3491.0,1.0,0.0,0,0,0,134.0,0.6666666666666666,0.0,0.0
jdcasey/user-manager,5278.0,5250.0,2.0,0.0,0,0,0,96.0,0.0,0.0,0.0
jdebrabant/parallel_arules,5152.0,4212.0,0.3333333333333333,0.0,0,0,0,340.0,0.0,0.0,0.0
jdewald/qjnes,5238.0,3486.0,1.5,0.0,0,0,0,537.0,1.2275449101796407,0.0,0.0
jdf/equivalence-lock,5780.0,5780.0,1.3333333333333333,0.0,0,0,0,14.0,0.0,0.0,0.0
jdoe123/plugins-github,4286.0,4246.0,0.0,0.0,0,0,0,550.0,1.1907514450867052,0.0,0.0
jdoklovic/maven-cli-plugin,6344.0,4078.0,3.875,0.0,0,0,0,285.0,1.3372093023255813,0.0,0.0
jdrusso/ScraperBike2013,4706.0,4652.0,0.0,0.0,0,0,0,698.0,0.0,0.0,0.0
jdubois/Tudu-Lists,5643.0,4438.0,0.7674418604651163,0.0,0,0,0,837.0,1.555084745762712,0.0,0.0
jdupl/lancoder,4375.0,3495.0,2.0,0.0,0,0,0,846.0,1.0724637681159421,0.0,0.0
jdw/FractalZoom,5966.0,5966.0,1.0,0.0,0,0,0,20.0,0.0,0.0,0.0
jeantessier/dependency-finder,3726.0,3545.0,2.3333333333333335,0.0,0,0,0,2495.0,0.005622489959839358,0.0,0.0
jefalbino/jsmart-web,4219.0,3469.0,2.0,0.0,0,0,0,804.0,0.974169741697417,0.0,0.0
jefalbino/jsmartdb,4114.0,3779.0,0.5,0.0,0,0,0,165.0,1.0363636363636364,0.0,0.0
jefalbino/jsmartdb-test,4114.0,4114.0,0.5,0.0,0,0,0,126.0,0.0,0.0,0.0
jeffhain/jafama,3658.0,3653.0,4.5,0.0,0,0,0,66.0,0.0,0.0,0.0
jeffskj/flock,4027.0,3992.0,0.0,0.0,0,0,0,119.0,1.457142857142857,0.0,0.0
jelena927/softverski-proces,3747.0,3693.0,0.0,0.0,0,0,0,264.0,0.0,0.0,0.0
jelmerk/window-matching-agent,5434.0,5025.0,1.6,0.0,0,0,0,27.0,0.23076923076923078,0.0,0.0
jembi/rhea-shr-adapter,4774.0,4093.0,0.0,0.0,0,0,0,504.0,2.1475409836065573,0.0,0.0
jembi/sdmx-hd-lib,5701.0,4796.0,2.0,0.0,0,0,0,1508.0,0.18208092485549132,0.0,0.0
jembrown/EmpPrior,3930.0,3481.0,0.0,0.0,0,0,0,34.0,0.0,0.0,0.0
jemygraw/ShootPlane,4490.0,4293.0,1.0909090909090908,0.0,0,0,0,162.0,0.0,0.0,0.0
jenkins-infra/ircbot,5501.0,3461.0,0.8947368421052632,0.0,0,0,0,149.0,1.775,0.0,0.0
jenkinsci/analysis-collector-plugin,5482.0,3484.0,1.0,0.0,0,0,0,477.0,1.4214285714285715,0.0,0.0
jenkinsci/aws-credentials-plugin,3784.0,3468.0,0.14285714285714285,0.0,0,0,0,64.0,0.0,0.0,0.0
jenkinsci/bitbucket-build-status-notifier-plugin,3623.0,3462.0,1.2105263157894737,0.0,0,0,0,140.0,2.303030303030303,0.0,0.0
jenkinsci/boot-clj-plugin,3526.0,3471.0,0.0,0.0,0,0,0,135.0,1.605263157894737,0.0,0.0
jenkinsci/cobertura-plugin,5482.0,3470.0,0.6493506493506493,0.0,0,0,0,562.0,2.4761904761904763,0.0,0.0
jenkinsci/coverity-plugin,5144.0,3598.0,1.2941176470588236,0.0,0,0,0,3230.0,1.5712707182320442,0.0,0.0
jenkinsci/crowd2-plugin,5200.0,3585.0,0.43478260869565216,0.0,0,0,0,269.0,2.6724137931034484,0.0,0.0
jenkinsci/disk-usage-plugin,5482.0,3596.0,0.4,0.0,0,0,0,553.0,1.3233532934131738,0.0,0.0
jenkinsci/docker-workflow-plugin,3855.0,3462.0,1.0681818181818181,0.0,0,0,0,651.0,0.6762295081967213,0.0,0.0
jenkinsci/dumpinfo-buildwrapper-plugin,5438.0,4419.0,0.5,0.0,0,0,0,91.0,0.6571428571428571,0.0,0.0
jenkinsci/ec2-plugin,5480.0,3464.0,0.5118110236220472,0.0,0,0,0,599.0,1.598802395209581,0.0,0.0
jenkinsci/environment-script-plugin,4882.0,3497.0,0.5,0.0,0,0,0,151.0,1.825,0.0,0.0
jenkinsci/fortify-cloudscan-plugin,3715.0,3469.0,1.0,0.0,0,0,0,14321.0,221.796875,0.0,0.0
jenkinsci/gatekeeper-plugin,4365.0,3770.0,0.6666666666666666,0.0,0,0,0,279.0,1.9577464788732395,0.0,0.0
jenkinsci/github-plugin,5482.0,3463.0,0.6832579185520362,0.0,0,0,0,1164.0,1.5548780487804879,0.0,0.0
jenkinsci/google-metadata-plugin,4283.0,4065.0,0.6666666666666666,0.0,0,0,0,120.0,3.0833333333333335,0.0,0.0
jenkinsci/hello-world-plugin,5482.0,3615.0,0.7297297297297297,0.0,0,0,0,96.0,1.92,0.0,0.0
jenkinsci/housekeeper-plugin,4100.0,4095.0,0.0,0.0,0,0,0,108.0,1.793103448275862,0.0,0.0
jenkinsci/html5-notifier-plugin,5171.0,3897.0,2.6666666666666665,0.0,0,0,0,217.0,2.0555555555555554,0.0,0.0
jenkinsci/job-import-plugin,5262.0,3519.0,0.5333333333333333,0.0,0,0,0,129.0,1.8529411764705883,0.0,0.0
jenkinsci/job-poll-action-plugin,5031.0,3510.0,0.3333333333333333,0.0,0,0,0,110.0,1.8620689655172413,0.0,0.0
jenkinsci/m2release-plugin,5480.0,3484.0,0.4528301886792453,0.0,0,0,0,489.0,2.0245901639344264,0.0,0.0
jenkinsci/maven-invoker-plugin,4903.0,3588.0,0.3333333333333333,0.0,0,0,0,204.0,3.4210526315789473,0.0,0.0
jenkinsci/mesos-plugin,4519.0,3461.0,2.2427184466019416,0.0,0,0,0,447.0,1.8376068376068375,0.0,0.0
jenkinsci/optional-plugin-helper-module,3862.0,3578.0,0.0,0.0,0,0,0,34.0,0.0,0.0,0.0
jenkinsci/packer-plugin,4283.0,3524.0,1.25,0.0,0,0,0,207.0,1.603448275862069,0.0,0.0
jenkinsci/parameter-separator-plugin,4206.0,3617.0,0.5,0.0,0,0,0,129.0,2.3666666666666667,0.0,0.0
jenkinsci/progress-bar-column-plugin,5243.0,4419.0,0.6666666666666666,0.0,0,0,0,138.0,2.242424242424242,0.0,0.0
jenkinsci/sbt-plugin,5458.0,3615.0,2.4285714285714284,0.0,0,0,0,139.0,3.0357142857142856,0.0,0.0
jenkinsci/scripttrigger-plugin,5306.0,3555.0,0.5,0.0,0,0,0,241.0,2.5849056603773586,0.0,0.0
jenkinsci/seleniumhtmlreport,5453.0,3718.0,1.0,0.0,0,0,0,180.0,2.1363636363636362,0.0,0.0
jenkinsci/trac-plugin,5482.0,3745.0,1.2222222222222223,0.0,0,0,0,238.0,2.0,0.0,0.0
jenkinsci/transifex-plugin,4445.0,4093.0,1.6666666666666667,0.0,0,0,0,104.0,0.0,0.0,0.0
jenkinsci/xldeploy-plugin,4514.0,3540.0,0.0,0.0,0,0,0,491.0,1.1806451612903226,0.0,0.0
jenkinsci/xstream,5795.0,3513.0,1.4,0.0,0,0,0,6161.0,5.470303030303031,0.0,0.0
jennybrown8/codeanalyzer,4258.0,3639.0,1.0,0.0,0,0,0,203.0,1.1538461538461537,0.0,0.0
jensalm/spring-rest-server,4415.0,4279.0,1.967741935483871,0.0,0,0,0,362.0,2.918918918918919,0.0,0.0
jenshadlich/PhotoMosaic,3884.0,3616.0,0.0,0.0,0,0,0,127.0,0.6875,0.0,0.0
jentfoo/XboxMediaProcessor,4507.0,3694.0,1.0,0.0,0,0,0,46.0,0.4,0.0,0.0
jento-tm/liferay-mail-client,4445.0,4392.0,0.0,0.0,0,0,0,253.0,1.984375,0.0,0.0
jentrata/jentrata,4639.0,4110.0,0.5,0.0,0,0,0,1672.0,2.348051948051948,0.0,0.0
jenzz/Java-NoOp,3802.0,3673.0,5.0,0.0,0,0,0,201.0,1.2741935483870968,0.0,0.0
jeo/jeo,4506.0,3762.0,1.0,0.0,0,0,0,1949.0,1.4839285714285715,0.0,0.0
jereksel/LayersBuilder,3685.0,3684.0,0.25,0.0,0,0,0,156.0,0.0,0.0,0.0
jeremiehuchet/nominatim-java-api,5255.0,3467.0,1.2380952380952381,0.0,0,0,0,197.0,1.0615384615384615,0.0,0.0
jeremiehuchet/onebusaway-java-api,5255.0,3568.0,0.25,0.0,0,0,0,165.0,0.9821428571428571,0.0,0.0
jeremybrooks/SuprSetr,5702.0,3589.0,5.0,0.0,0,0,0,501.0,0.5024875621890548,0.0,0.0
jerolba/funsteroid,3837.0,3514.0,0.0,0.0,0,0,0,521.0,1.3525641025641026,0.0,0.0
jerryryle/armcc_eclipse,3964.0,3964.0,0.0,0.0,0,0,0,44.0,0.0,0.0,0.0
jerrywang1981/dlithome,4115.0,3767.0,0.0,0.0,0,0,0,274.0,0.014598540145985401,0.0,0.0
jescov/jescov-ant,5151.0,5150.0,1.5,0.0,0,0,0,38.0,0.6666666666666666,0.0,0.0
jesg/selenium-grid-demo,4255.0,4255.0,0.5,0.0,0,0,0,31.0,1.3,0.0,0.0
jesse-gallagher/portfolio,4790.0,4534.0,0.0,0.0,0,0,0,370.0,0.0,0.0,0.0
jessefugitt/jms-tools,3905.0,3833.0,0.0,0.0,0,0,0,157.0,1.0,0.0,0.0
jessy1092/AutoCommunique,4481.0,4413.0,0.0,0.0,0,0,0,30.0,0.0,0.0,0.0
jessyZu/jsongood,3651.0,3571.0,0.0,0.0,0,0,0,431.0,0.740506329113924,0.0,0.0
jestjest/quizme,3584.0,3566.0,0.0,0.0,0,0,0,212.0,0.0,0.0,0.0
jesuino/jbpm-rewards-client,3682.0,3663.0,1.5,0.0,0,0,0,182.0,0.0,0.0,0.0
jesusaurus/jenkins-logstash-plugin,4707.0,4307.0,0.23809523809523808,0.0,0,0,0,139.0,2.7,0.0,0.0
jet-black/jwebconsole,4328.0,4284.0,0.0,0.0,0,0,0,2499.0,4.0556900726392255,0.0,0.0
jethroo/WADL-first-REST-Webservice-CXF-Example,4381.0,3581.0,1.1428571428571428,0.0,0,0,0,195.0,4.15625,0.0,0.0
jettison-json/jettison,3899.0,3797.0,1.0,0.0,0,0,0,254.0,1.3246753246753247,0.0,0.0
jetty-project/embedded-servlet-3.0,4875.0,4396.0,2.4166666666666665,0.0,0,0,0,80.0,1.28,0.0,0.0
jewzaam/needless-compass,4354.0,4279.0,0.5,0.0,0,0,0,342.0,1.4747474747474747,0.0,0.0
jexenberger/yadi,4244.0,4191.0,6.666666666666667,0.0,0,0,0,149.0,1.2127659574468086,0.0,0.0
jfaerman/iot,3832.0,3825.0,0.5,0.0,0,0,0,64.0,0.0,0.0,0.0
jfager/functional-critbit,5424.0,4171.0,4.0,0.0,0,0,0,226.0,1.8,0.0,0.0
jfallows/specification.wse,3996.0,3990.0,0.0,0.0,0,0,0,69.0,1.0869565217391304,0.0,0.0
jfclere/tomcat-vault,3954.0,3954.0,0.0,0.0,0,0,0,20.0,0.0,0.0,0.0
jfclere/tomcat7-eap6-examples,4398.0,4388.0,0.0,0.0,0,0,0,1042.0,1.527027027027027,0.0,0.0
jfcmacro/lavadorasduales,4279.0,4208.0,0.0,0.0,0,0,0,37.0,0.16666666666666666,0.0,0.0
jffnothing/phoenix-4.0.0-incubating,4199.0,3569.0,0.0,0.0,0,0,0,3826.0,1.74559686888454,0.0,0.0
jfmwz/storm-example,4276.0,3569.0,0.7142857142857143,0.0,0,0,0,612.0,0.0,0.0,0.0
jfschaefer/layeredgraphlayout,3791.0,3771.0,0.0,0.0,0,0,0,122.0,0.13793103448275862,0.0,0.0
jgardella/duck-duck-goose,3849.0,3676.0,0.5,0.0,0,0,0,92.0,0.41025641025641024,0.0,0.0
jgkamat/JPlanetSimulator,4197.0,3827.0,3.0,0.0,0,0,0,193.0,1.0952380952380953,0.0,0.0
jglobus/JGlobus,5614.0,3483.0,0.5454545454545454,0.0,0,0,0,2781.0,1.134009009009009,0.0,0.0
jglrxavpok/UncraftingTable,4475.0,4037.0,2.5,0.0,0,0,0,173.0,0.36486486486486486,0.0,0.0
jgonian/commons-ip-math,4085.0,3536.0,2.2,0.0,0,0,0,248.0,1.3333333333333333,0.0,0.0
jhalterman/modelmapper,5531.0,3465.0,4.119565217391305,0.0,0,0,0,2230.0,2.7088607594936707,0.0,0.0
jhalterman/typetools,5532.0,3490.0,6.620689655172414,0.0,0,0,0,152.0,2.4,0.0,0.0
jhaood/github-job-keywords,3990.0,3605.0,0.6666666666666666,0.0,0,0,0,587.0,1.1,0.0,0.0
jharting/weld-collections-benchmark,4072.0,4058.0,0.0,0.0,0,0,0,64.0,0.0,0.0,0.0
jhberges/camel-consul-leader,3653.0,3496.0,1.6666666666666667,0.0,0,0,0,123.0,2.6296296296296298,0.0,0.0
jhclark/bigfatlm,5395.0,5182.0,5.5,0.0,0,0,0,366.0,1.0924369747899159,0.0,0.0
jhead/Starfury,5320.0,4989.0,3.6666666666666665,0.0,0,0,0,92.0,0.0,0.0,0.0
jherson/aws,3710.0,3709.0,0.0,0.0,0,0,0,20.0,0.0,0.0,0.0
jhunters/jprotobuf,4361.0,3497.0,1.4479166666666667,0.0,0,0,0,1132.0,0.5369127516778524,0.0,0.0
jiach/MetaDiff,3974.0,3524.0,0.5,0.0,0,0,0,194.0,0.0,0.0,0.0
jiafu1115/spark-plugin,3505.0,3478.0,0.0,0.0,0,0,0,182.0,2.088888888888889,0.0,0.0
jiangy/jspider,4533.0,4528.0,0.5,0.0,0,0,0,34.0,0.0,0.0,0.0
jiecao-fm/hashids-java,4260.0,3555.0,4.205128205128205,0.0,0,0,0,82.0,3.25,0.0,0.0
jilliankokernak/jilliankokernak,4107.0,4107.0,0.0,0.0,0,0,0,8.0,0.0,0.0,0.0
jimdowling/id2210-vt14,4267.0,4246.0,0.0,0.0,0,0,0,254.0,0.0,0.0,0.0
jimmoores/quandl4j,4231.0,3537.0,1.5,0.0,0,0,0,1978.0,1.203883495145631,0.0,0.0
jimmyy/Plupload,5299.0,5261.0,2.5,0.0,0,0,0,116.0,0.0,0.0,0.0
jinahya/bit-io,4451.0,3536.0,5.0,0.0,0,0,0,146.0,0.0,0.0,0.0
jingwei/krati,5765.0,4463.0,2.7358490566037736,0.0,0,0,0,2581.0,2.1065182829888713,0.0,0.0
jinie/Camel_Surveillance,3596.0,3593.0,0.0,0.0,0,0,0,133.0,1.2142857142857142,0.0,0.0
jinmingjian/eclipse.themes.darker,4749.0,4593.0,5.0,0.0,0,0,0,126.0,0.0,0.0,0.0
jirkapinkas/abcvids,4373.0,3777.0,0.0,0.0,0,0,0,445.0,1.725,0.0,0.0
jirkapinkas/example-spring-boot,4308.0,4308.0,0.625,0.0,0,0,0,168.0,3.3125,0.0,0.0
jirkapinkas/jsfeshop,4325.0,4322.0,0.0,0.0,0,0,0,262.0,1.5675675675675675,0.0,0.0
jirutka/commons-hibernate,4998.0,4676.0,0.6666666666666666,0.0,0,0,0,57.0,1.2777777777777777,0.0,0.0
jirutka/spring-rest-exception-handler,4275.0,3500.0,2.6176470588235294,0.0,0,0,0,300.0,1.3186813186813187,0.0,0.0
jisonami/Jisonami2,3529.0,3470.0,0.5,0.0,0,0,0,220.0,0.0,0.0,0.0
jitlogic/zico,4241.0,3652.0,0.6,0.0,0,0,0,606.0,0.0,0.0,0.0
jitpack/maven-modular,3977.0,3823.0,1.0,0.0,0,0,0,112.0,1.6774193548387097,0.0,0.0
jitsi/jicofo,4043.0,3463.0,0.575,0.0,0,0,0,884.0,0.9533333333333334,0.0,0.0
jitsi/jipopro,4167.0,3827.0,0.25,0.0,0,0,0,212.0,0.5783132530120482,0.0,0.0
jitsi/jitsi-hammer,4225.0,3499.0,0.5,0.0,0,0,0,195.0,1.0307692307692307,0.0,0.0
jitsi/turnserver,4248.0,3692.0,1.7,0.0,0,0,0,148.0,0.0,0.0,0.0
jittagornp/GoogleCloudPrint,4525.0,4391.0,1.368421052631579,0.0,0,0,0,391.0,1.119047619047619,0.0,0.0
jiucai/appframework,4586.0,3550.0,1.0,0.0,0,0,0,775.0,0.6793103448275862,0.0,0.0
jivesoftware/aquarium,3750.0,3500.0,0.0,0.0,0,0,0,102.0,0.0,0.0,0.0
jivesoftware/jive-utils,4415.0,3500.0,0.5,0.0,0,0,0,657.0,1.295,0.0,0.0
jivesoftware/tasmo,4367.0,3838.0,1.5,0.0,0,0,0,1178.0,0.0,0.0,0.0
jiwhiz/JiwhizBlogWeb,4636.0,3945.0,1.8888888888888888,0.0,0,0,0,1048.0,1.4090909090909092,0.0,0.0
jjeffcaii/zight-mm-server,3957.0,3568.0,0.0,0.0,0,0,0,370.0,6.454545454545454,0.0,0.0
jjenkov/butterfly-di-container,3674.0,3496.0,1.8571428571428572,0.0,0,0,0,422.0,1.2121212121212122,0.0,0.0
jjenkov/iap-tools-java,3668.0,3462.0,25.0,0.0,0,0,0,502.0,1.0731707317073171,0.0,0.0
jjenkov/java-nio-server,3713.0,3705.0,1.205128205128205,0.0,0,0,0,70.0,0.0,0.0,0.0
jjfiv/galago-git,3861.0,3463.0,0.6666666666666666,0.0,0,0,0,2867.0,0.43755310110450296,0.0,0.0
jjj5311/CivChat2,3925.0,3811.0,0.0,0.0,0,0,0,64.0,0.0,0.0,0.0
jkennedy1980/clang-scanbuild-plugin,5419.0,4474.0,0.3448275862068966,0.0,0,0,0,302.0,0.5982905982905983,0.0,0.0
jkff/greg,5472.0,3925.0,5.666666666666667,0.0,0,0,0,312.0,1.0784313725490196,0.0,0.0
jkorab/smx-bootstraps,5100.0,4645.0,0.4444444444444444,0.0,0,0,0,128.0,0.0,0.0,0.0
jkrasnay/webjar,5379.0,5375.0,1.5,0.0,0,0,0,42.0,0.75,0.0,0.0
jkriss/monomic,6427.0,6190.0,6.5,0.0,0,0,0,180.0,0.0,0.0,0.0
jkschoen/jsma,4789.0,4652.0,0.0,0.0,0,0,0,244.0,0.01639344262295082,0.0,0.0
jkubrynski/spring-boot-new-relic-agent,3691.0,3611.0,2.0,0.0,0,0,0,5941.0,493.25,0.0,0.0
jlaws/xoauth,4568.0,4562.0,0.5,0.0,0,0,0,46.0,0.0,0.0,0.0
jledit/jledit,4721.0,4708.0,0.6666666666666666,0.0,0,0,0,480.0,1.6240601503759398,0.0,0.0
jlinn/asana-api-java,4408.0,3589.0,0.6428571428571429,0.0,0,0,0,221.0,1.1857142857142857,0.0,0.0
jlinn/quartz-redis-jobstore,4164.0,3512.0,1.75,0.0,0,0,0,209.0,2.9069767441860463,0.0,0.0
jloisel/elastic-crud,3632.0,3577.0,14.666666666666666,0.0,0,0,0,412.0,0.287292817679558,0.0,0.0
jloisel/reactive-couchbase,3955.0,3955.0,1.5,0.0,0,0,0,600.0,1.44,0.0,0.0
jluchiji/centipede,4086.0,4086.0,0.0,0.0,0,0,0,316.0,0.0,0.0,0.0
jlvivero/JavaReader,3870.0,3539.0,0.0,0.0,0,0,0,8.0,0.0,0.0,0.0
jmaassen/ConstellationOnYarn,3494.0,3464.0,0.0,0.0,0,0,0,102.0,0.0392156862745098,0.0,0.0
jmacglashan/burlap,4462.0,3465.0,1.3846153846153846,0.0,0,0,0,4374.0,4.56071964017991,0.0,0.0
jmarginier/chess,4513.0,4233.0,0.0,0.0,0,0,0,1836.0,0.0,0.0,0.0
jmchandonia/RBTnSeq,3666.0,3477.0,0.0,0.0,0,0,0,225.0,0.026785714285714284,0.0,0.0
jmdns/jmdns,4175.0,3470.0,1.2777777777777777,0.0,0,0,0,736.0,2.146067415730337,0.0,0.0
jmeetsma/Iglu-Common,5192.0,3987.0,0.5,0.0,0,0,0,436.0,0.0,0.0,0.0
jmeetsma/Iglu-Util,5187.0,3960.0,0.5,0.0,0,0,0,1134.0,1.6178343949044587,0.0,0.0
jmibanez/jmeter-rmi-plugin,6180.0,5061.0,2.6666666666666665,0.0,0,0,0,85.0,0.07142857142857142,0.0,0.0
jmiettinen/wikilinks,3917.0,3730.0,0.0,0.0,0,0,0,142.0,1.5121951219512195,0.0,0.0
jmimo/netty-icap,5403.0,5003.0,1.1666666666666667,0.0,0,0,0,590.0,1.9205298013245033,0.0,0.0
jmini/Eclipse-Copyright-Generator,4025.0,4025.0,0.0,0.0,0,0,0,180.0,0.0,0.0,0.0
jmnarloch/zuul-trie-matcher-spring-cloud-starter,3648.0,3605.0,2.0,0.0,0,0,0,239.0,1.6515151515151516,0.0,0.0
jni-/user-login,4085.0,3721.0,0.0,0.0,0,0,0,152.0,0.8518518518518519,0.0,0.0
jnickg/JLiff,3490.0,3489.0,0.0,0.0,0,0,0,22.0,0.0,0.0,0.0
jnioche/libsvm-java,4872.0,4865.0,0.2222222222222222,0.0,0,0,0,36.0,0.0,0.0,0.0
jnordwick/zerog-grisu,3987.0,3505.0,0.5,0.0,0,0,0,54.0,0.0,0.0,0.0
jnr/jnr-process,3983.0,3479.0,1.5555555555555556,0.0,0,0,0,81.0,3.1875,0.0,0.0
jnr/jnr-x86asm,5430.0,3833.0,3.0,0.0,0,0,0,277.0,1.1348314606741574,0.0,0.0
joakim666/spring-boot-spring-loaded-java8-example,4087.0,3845.0,1.875,0.0,0,0,0,97.0,1.1935483870967742,0.0,0.0
joantolos/business,3990.0,3534.0,0.0,0.0,0,0,0,437.0,0.1625615763546798,0.0,0.0
joaquinpereira/RNSII,5057.0,4549.0,0.5,0.0,0,0,0,730.0,0.0,0.0,0.0
jodal/mmfplanner,5514.0,5513.0,0.6666666666666666,0.0,0,0,0,469.0,0.9622641509433962,0.0,0.0
joedayz/TallerServiciosWeb,3874.0,3800.0,0.0,0.0,0,0,0,926.0,0.0,0.0,0.0
joedayz/javaee7-samples,4412.0,3982.0,0.3333333333333333,0.0,0,0,0,534.0,0.0,0.0,0.0
joel-costigliola/assertj-assertions-generator,4659.0,3486.0,1.0526315789473684,0.0,0,0,0,473.0,1.1879194630872483,0.0,0.0
joel-costigliola/fest-guava-assert,4807.0,4523.0,1.2,0.0,0,0,0,132.0,0.9777777777777777,0.0,0.0
joelb-git/lqt,4463.0,3500.0,3.4,0.0,0,0,0,78.0,1.0769230769230769,0.0,0.0
joeldossantos/aNa,5389.0,4158.0,0.7777777777777778,0.0,0,0,0,394.0,0.0,0.0,0.0
joelso/trello4j,4999.0,3712.0,1.25,0.0,0,0,0,232.0,2.1785714285714284,0.0,0.0
joerghoh/cq5-healthcheck,4896.0,4105.0,1.7777777777777777,0.0,0,0,0,370.0,1.4128440366972477,0.0,0.0
joergwicker/mlcbmad,4085.0,3691.0,0.5,0.0,0,0,0,26.0,0.0,0.0,0.0
joergwicker/scavenger,3961.0,3484.0,0.6666666666666666,0.0,0,0,0,920.0,3.4235294117647057,0.0,0.0
joesondow/amazoncomponents,4228.0,4231.0,0.0,0.0,0,0,0,66.0,0.0,0.0,0.0
joestelmach/zipper,5538.0,3569.0,1.2,0.0,0,0,0,153.0,3.1666666666666665,0.0,0.0
joeywen/fudannlp,4502.0,4502.0,0.7666666666666667,0.0,0,0,0,2542.0,0.0,0.0,0.0
joeywen/mongodb-client,4442.0,4442.0,0.0,0.0,0,0,0,28.0,0.0,0.0,0.0
johan/closure-compiler,5738.0,5648.0,0.75,0.0,0,0,0,2832.0,1.2204545454545455,0.0,0.0
johan12345/vertretungsplan-server,4138.0,3788.0,1.0,0.0,0,0,0,221.0,0.5340909090909091,0.0,0.0
johanandren/Stack-Detective,5391.0,4957.0,3.5,0.0,0,0,0,367.0,0.905511811023622,0.0,0.0
johanandren/wicket-googlevis,5348.0,5348.0,0.25,0.0,0,0,0,85.0,1.0,0.0,0.0
johanhaleby/message-counter-lab,4336.0,4331.0,0.0,0.0,0,0,0,168.0,1.2692307692307692,0.0,0.0
johanley/date4j,3814.0,3758.0,2.8333333333333335,0.0,0,0,0,95.0,1.2333333333333334,0.0,0.0
johann-petrak/gateplugin-StringAnnotation,4301.0,3498.0,1.0,0.0,0,0,0,133.0,0.014925373134328358,0.0,0.0
john-morales/concurrent-utils,4673.0,4435.0,0.0,0.0,0,0,0,139.0,2.40625,0.0,0.0
johnament/hammock,4311.0,3468.0,2.642857142857143,0.0,0,0,0,552.0,1.3987730061349692,0.0,0.0
johnament/resteasy-netty-cdi,4349.0,4216.0,1.5,0.0,0,0,0,110.0,1.2941176470588236,0.0,0.0
johnament/restful-and-beyond-tut2184,4126.0,4095.0,0.6666666666666666,0.0,0,0,0,689.0,0.9656652360515021,0.0,0.0
johncarl81/bundler,4233.0,4193.0,0.5,0.0,0,0,0,186.0,1.6862745098039216,0.0,0.0
johncarl81/silver,4340.0,3522.0,1.0,0.0,0,0,0,413.0,5.685185185185185,0.0,0.0
johnflan/JavaEnigma,4706.0,4703.0,1.75,0.0,0,0,0,125.0,1.175,0.0,0.0
johnfosborneiii/jdg-xml-cache-store-lm,4018.0,4006.0,0.0,0.0,0,0,0,86.0,0.0,0.0,0.0
johnlcox/motif,3862.0,3800.0,42.666666666666664,0.0,0,0,0,1201.0,3.5953488372093023,0.0,0.0
johnluetke/WeatherAPI,4977.0,4175.0,2.8,0.0,0,0,0,186.0,2.272727272727273,0.0,0.0
johnp/ModularWotClanInfo,4884.0,4535.0,0.6666666666666666,0.0,0,0,0,181.0,0.17857142857142858,0.0,0.0
johnzzhang/ProjectGoKart,4087.0,4087.0,0.0,0.0,0,0,0,990.0,0.0,0.0,0.0
jojo-bacon/FRC4087-2016-Robot-Code,3614.0,3521.0,0.5,0.0,0,0,0,42.0,0.0,0.0,0.0
jojona/Kex_UCTP_GA_SA,3577.0,3534.0,0.0,0.0,0,0,0,724.0,0.0,0.0,0.0
jojule/DocumentManager,5014.0,3987.0,3.0,0.0,0,0,0,87.0,2.238095238095238,0.0,0.0
joke1196/Teaching-HEIGVD-RES-2015-Vagrant,3926.0,3898.0,0.0,0.0,0,0,0,240.0,0.0,0.0,0.0
joker23/GT-Car-Rental,4513.0,4513.0,0.0,0.0,0,0,0,173.0,2.268292682926829,0.0,0.0
jollydays/camel-hystrix-endpoint,3875.0,3717.0,0.5,0.0,0,0,0,129.0,2.3666666666666667,0.0,0.0
joluet/okde-java,4404.0,3741.0,2.5,0.0,0,0,0,120.0,0.7727272727272727,0.0,0.0
jonabbey/Ganymede,5114.0,4060.0,1.3333333333333333,0.0,0,0,0,2228.0,0.0,0.0,0.0
jonahkichwacoders/org.eclipse.dataset,3755.0,3581.0,1.5,0.0,0,0,0,479.0,0.012552301255230125,0.0,0.0
jonahkichwacoders/org.eclipse.dataset.examples,3751.0,3737.0,0.6666666666666666,0.0,0,0,0,50.0,0.0,0.0,0.0
jonashackt/tutorial-soap-spring-boot-cxf,3623.0,3471.0,1.3333333333333333,0.0,0,0,0,1198.0,3.381165919282511,0.0,0.0
jonasoreland/teambuilder,3728.0,3550.0,1.0,0.0,0,0,0,210.0,2.4166666666666665,0.0,0.0
jonathanlermitage/tikione-steam-cleaner,4634.0,3471.0,12.117647058823529,0.0,0,0,0,266.0,0.0,0.0,0.0
jonathanqbo/springframework,4347.0,4165.0,0.0,0.0,0,0,0,375.0,0.8560606060606061,0.0,0.0
jonathanswenson/starschema-bigquery-jdbc,4154.0,3461.0,0.8888888888888888,0.0,0,0,0,242.0,0.12173913043478261,0.0,0.0
jonbuffington/gwt-test-example,5440.0,5398.0,1.0,0.0,0,0,0,228.0,2.423076923076923,0.0,0.0
jonesd/abora-ash,4344.0,4327.0,0.5,0.0,0,0,0,190.0,1.096774193548387,0.0,0.0
jonfhancock/JsonToJava,4521.0,3592.0,3.75,0.0,0,0,0,256.0,0.0,0.0,0.0
jonhare/COMP6237,3697.0,3505.0,0.0,0.0,0,0,0,1656.0,0.0,0.0,0.0
jonnyli1125/DawnCraft,4847.0,4847.0,0.0,0.0,0,0,0,122.0,0.0,0.0,0.0
jonnyli1125/MCDawn-Full,4694.0,4677.0,1.0,0.0,0,0,0,106.0,0.0,0.0,0.0
jonnyzzz/TeamCity.Virtual,4303.0,3473.0,2.590909090909091,0.0,0,0,0,230.0,0.0,0.0,0.0
joonty/memegen,5040.0,3659.0,0.2,0.0,0,0,0,133.0,2.6551724137931036,0.0,0.0
jopecko/logback-flume-ng,4514.0,4508.0,0.6666666666666666,0.0,0,0,0,126.0,1.5555555555555556,0.0,0.0
jorabin/KeePassJava2,3655.0,3634.0,2.4,0.0,0,0,0,272.0,1.382716049382716,0.0,0.0
jordw/heftydb,4382.0,3936.0,14.285714285714286,0.0,0,0,0,626.0,1.4316939890710383,0.0,0.0
jorgaf/LoxaWebSiteExport,4769.0,3579.0,0.6666666666666666,0.0,0,0,0,80.0,0.0,0.0,0.0
jorge-aranda/quick-panel,3652.0,3481.0,0.0,0.0,0,0,0,135.0,1.1136363636363635,0.0,0.0
jorgenpt/lipermi,5151.0,5151.0,0.7777777777777778,0.0,0,0,0,93.0,1.064516129032258,0.0,0.0
joschi/JadConfig,5221.0,3660.0,2.4,0.0,0,0,0,805.0,1.1158301158301158,0.0,0.0
josedab/spring-boot-angularjs-examples,3746.0,3735.0,0.6666666666666666,0.0,0,0,0,5558.0,0.0,0.0,0.0
josedab/spring-boot-kafka-video-consumer,3923.0,3907.0,0.4444444444444444,0.0,0,0,0,74.0,1.1666666666666667,0.0,0.0
joselufo/RandomUserApi,4128.0,4081.0,2.3333333333333335,0.0,0,0,0,104.0,0.7894736842105263,0.0,0.0
josephcopenhaver/VNCServer,4491.0,3470.0,1.5,0.0,0,0,0,549.0,1.7551020408163265,0.0,0.0
josh6beasttt/NYUBackend,3587.0,3574.0,0.0,0.0,0,0,0,80.0,2.1,0.0,0.0
joshcai/lecturesync-backend,4342.0,3884.0,0.5,0.0,0,0,0,128.0,0.0,0.0,0.0
joshelser/accumulo-csv,4368.0,4005.0,0.3333333333333333,0.0,0,0,0,108.0,0.8205128205128205,0.0,0.0
joshelser/cosmos,4518.0,4429.0,1.5,0.0,0,0,0,1279.0,1.598314606741573,0.0,0.0
joshiejack/ModTweaker,4215.0,3841.0,1.5333333333333334,0.0,0,0,0,1768.0,1.7659574468085106,0.0,0.0
joshlong/bootiful-banners,3657.0,3525.0,3.6666666666666665,0.0,0,0,0,82.0,0.0,0.0,0.0
joshlong/configuring-it-all-out,3993.0,3993.0,1.3636363636363635,0.0,0,0,0,74.0,0.0,0.0,0.0
joshlong/qcon2015-sao-paolo-microservices-workshop,3920.0,3919.0,0.8,0.0,0,0,0,178.0,0.0,0.0,0.0
joshlong/selfies,3858.0,3858.0,0.5,0.0,0,0,0,76.0,1.5454545454545454,0.0,0.0
joshlong/service-registration-and-discovery,3984.0,3969.0,0.9523809523809523,0.0,0,0,0,185.0,1.528301886792453,0.0,0.0
joshlong/spring-and-kafka,3898.0,3898.0,0.8571428571428571,0.0,0,0,0,67.0,1.631578947368421,0.0,0.0
joshlong/techtips,4191.0,4040.0,0.875,0.0,0,0,0,54.0,0.0,0.0,0.0
joshlong/ws.tagit,4250.0,4236.0,2.0,0.0,0,0,0,437.0,0.2864583333333333,0.0,0.0
joshuad2/twitter-visualization-demo,4186.0,4186.0,0.5,0.0,0,0,0,107.0,1.40625,0.0,0.0
joshuayao/bigbench-ml,3806.0,3801.0,0.3333333333333333,0.0,0,0,0,93.0,1.2758620689655173,0.0,0.0
josuesasilva/JPaint,3514.0,3488.0,0.0,0.0,0,0,0,88.0,0.09302325581395349,0.0,0.0
jottinger/lightshow,4232.0,4232.0,0.0,0.0,0,0,0,76.0,0.8888888888888888,0.0,0.0
jottinger/ogm-example,4340.0,4340.0,0.0,0.0,0,0,0,64.0,1.4736842105263157,0.0,0.0
joyent/java-http-signature,3697.0,3524.0,1.0,0.0,0,0,0,443.0,1.449612403100775,0.0,0.0
joyent/java-manta,4743.0,3470.0,0.8181818181818182,0.0,0,0,0,447.0,1.3014705882352942,0.0,0.0
jozefizso/teamcity-microsoftsdks,4895.0,3531.0,1.6,0.0,0,0,0,171.0,1.2037037037037037,0.0,0.0
jpaoletti/java-presentation-manager,5200.0,3568.0,1.5,0.0,0,0,0,1828.0,0.41424802110817943,0.0,0.0
jpatanooga/Canova,4241.0,3479.0,0.25,0.0,0,0,0,763.0,0.8867924528301887,0.0,0.0
jpatanooga/dl4j-rnn-timeseries-examples,3613.0,3539.0,2.5,0.0,0,0,0,336.0,1.158878504672897,0.0,0.0
jpbetz/cli-util,5154.0,4943.0,1.0,0.0,0,0,0,169.0,2.0714285714285716,0.0,0.0
jperedadnr/Leap3DFX,4324.0,4324.0,2.0,0.0,0,0,0,52.0,0.0,0.0,0.0
jplandrain/djeclipse,4497.0,3464.0,1.6,0.0,0,0,0,138.0,1.5,0.0,0.0
jpmml/jpmml-model,4311.0,3476.0,1.6521739130434783,0.0,0,0,0,2211.0,5.376666666666667,0.0,0.0
jpmml/jpmml-sparkml,3512.0,3461.0,1.6,0.0,0,0,0,280.0,1.2045454545454546,0.0,0.0
jpnauta/seng-501-image-recognition,3945.0,3569.0,0.5,0.0,0,0,0,149.0,1.0816326530612246,0.0,0.0
jponge/blobstore,5019.0,4968.0,2.0,0.0,0,0,0,60.0,0.0,0.0,0.0
jporras66/8583core,4098.0,3545.0,1.0,0.0,0,0,0,574.0,0.0,0.0,0.0
jporras66/cardgui,4155.0,3633.0,0.8,0.0,0,0,0,134.0,0.0,0.0,0.0
jpountz/sorts,4641.0,4573.0,4.0,0.0,0,0,0,139.0,0.6111111111111112,0.0,0.0
jprante/elasticsearch-analysis-baseform,4438.0,3463.0,3.3333333333333335,0.0,0,0,0,140.0,0.0,0.0,0.0
jprante/elasticsearch-gatherer,4355.0,4355.0,10.6,0.0,0,0,0,730.0,4.151260504201681,0.0,0.0
jprante/elasticsearch-helper,4699.0,3493.0,0.38095238095238093,0.0,0,0,0,420.0,0.0,0.0,0.0
jprante/elasticsearch-jdbc,4944.0,3463.0,3.3371559633027523,0.0,0,0,0,757.0,0.3,0.0,0.0
jprante/elasticsearch-plugin-bundle,4054.0,3462.0,4.666666666666667,0.0,0,0,0,950.0,0.0,0.0,0.0
jprante/log4j2-elasticsearch,4169.0,3686.0,1.3846153846153846,0.0,0,0,0,168.0,3.4838709677419355,0.0,0.0
jpschewe/fll-sw,4418.0,3460.0,2.0,0.0,0,0,0,3486.0,0.0,0.0,0.0
jqm4gwt/jqm4gwt,4849.0,3462.0,3.0,0.0,0,0,0,3003.0,2.886178861788618,0.0,0.0
jqno/equalsverifier,3915.0,3465.0,8.333333333333334,0.0,0,0,0,1314.0,2.716845878136201,0.0,0.0
jqs7/shop,3731.0,3731.0,0.0,0.0,0,0,0,138.0,2.375,0.0,0.0
jraduget/kaleido-repository,5650.0,3606.0,0.5,0.0,0,0,0,2571.0,0.0935720097640358,0.0,0.0
jramoyo/indexed-file-reader,4317.0,4183.0,1.0,0.0,0,0,0,120.0,2.357142857142857,0.0,0.0
jrbing/pushover-notification-plugin,4353.0,4011.0,1.5,0.0,0,0,0,51.0,1.7857142857142858,0.0,0.0
jrbn/ajira,4581.0,4234.0,1.0,0.0,0,0,0,1077.0,1.0740740740740742,0.0,0.0
jrbn/dynamite,4602.0,4032.0,0.6666666666666666,0.0,0,0,0,853.0,0.44285714285714284,0.0,0.0
jreijn/spring-comparing-template-engines,4422.0,3623.0,2.8780487804878048,0.0,0,0,0,356.0,2.3132530120481927,0.0,0.0
jrfaller/gumtree,4395.0,4105.0,2.0,0.0,0,0,0,1136.0,1.2890173410404624,0.0,0.0
jrgoldfinemiddleton/cs61b,4104.0,4046.0,0.5,0.0,0,0,0,552.0,0.0,0.0,0.0
jri/deepamehta,5639.0,3464.0,2.0555555555555554,0.0,0,0,0,1970.0,0.0,0.0,0.0
jribble/gwt-syncproxy,4961.0,4703.0,1.3333333333333333,0.0,0,0,0,138.0,0.0,0.0,0.0
jrimum/texgit,4628.0,4332.0,0.8888888888888888,0.0,0,0,0,407.0,3.049382716049383,0.0,0.0
jriwanek/End-Metals,3492.0,3473.0,0.5,0.0,0,0,0,617.0,1.4775280898876404,0.0,0.0
jromero/jira-bulletins,3484.0,3463.0,0.0,0.0,0,0,0,138.0,0.0,0.0,0.0
jroyalty/jglm,4692.0,3551.0,1.9411764705882353,0.0,0,0,0,153.0,1.2291666666666667,0.0,0.0
jruby/jruby-examples,3766.0,3570.0,0.5,0.0,0,0,0,60.0,0.0,0.0,0.0
jruchcolo/rice-cd,3847.0,3569.0,0.0,0.0,0,0,0,70978.0,2.548250672818147,0.0,0.0
jschlichtholz/jiffybox,3960.0,3559.0,1.0,0.0,0,0,0,542.0,0.3247863247863248,0.0,0.0
jscrambler/java-jscrambler,4296.0,3562.0,0.25,0.0,0,0,0,96.0,0.0,0.0,0.0
jsharkey13/chemistry-checker,3555.0,3531.0,0.0,0.0,0,0,0,138.0,1.5897435897435896,0.0,0.0
jsherman1/kahadb-trace-analyzer,3968.0,3681.0,0.8,0.0,0,0,0,24.0,0.0,0.0,0.0
jshook/testclient,3965.0,3587.0,1.6666666666666667,0.0,0,0,0,452.0,1.1527777777777777,0.0,0.0
jsight/eap-examples,4498.0,4498.0,0.6666666666666666,0.0,0,0,0,92.0,0.0,0.0,0.0
jsilland/piezo,4585.0,4044.0,1.6666666666666667,0.0,0,0,0,330.0,0.0,0.0,0.0
jsloyer/talent-manager,4081.0,3850.0,0.0,0.0,0,0,0,363.0,0.21212121212121213,0.0,0.0
jsog/jsog-jackson,4594.0,3783.0,5.142857142857143,0.0,0,0,0,125.0,3.08,0.0,0.0
jsongrts/raftlckmgr,3531.0,3474.0,1.5,0.0,0,0,0,142.0,1.7894736842105263,0.0,0.0
jtaodream/tomcat-redis-session-manager,3939.0,3939.0,0.3333333333333333,0.0,0,0,0,203.0,0.8082191780821918,0.0,0.0
jtgasper3/maven-examples,4453.0,4072.0,0.25,0.0,0,0,0,32.0,0.0,0.0,0.0
jtsay362/chesspresso,4477.0,4150.0,0.25,0.0,0,0,0,418.0,0.6751592356687898,0.0,0.0
jtwig/jtwig-examples-old,4264.0,3948.0,1.4285714285714286,0.0,0,0,0,195.0,0.14130434782608695,0.0,0.0
jtwig/jtwig-spaceless-extension,3776.0,3513.0,0.0,0.0,0,0,0,180.0,2.1363636363636362,0.0,0.0
jtwig/jtwig-spring,3776.0,3473.0,0.0,0.0,0,0,0,157.0,1.18,0.0,0.0
jtzeng/stratoflyer,4846.0,4780.0,0.5,0.0,0,0,0,178.0,0.0,0.0,0.0
juanitodread/e-commerce-rest-api,3786.0,3697.0,0.3,0.0,0,0,0,198.0,0.0,0.0,0.0
juanmirocks/mallet,5121.0,5108.0,0.2608695652173913,0.0,0,0,0,3998.0,2.3907793633369923,0.0,0.0
jubincn/WGS84GCJ02Conversion,4250.0,4250.0,3.3333333333333335,0.0,0,0,0,28.0,0.0,0.0,0.0
judgels/gabriel-commons,3786.0,3522.0,0.0,0.0,0,0,0,108.0,0.0,0.0,0.0
jughyd/GitFx,3999.0,3653.0,0.6,0.0,0,0,0,118.0,0.35294117647058826,0.0,0.0
juhasipo/JMobster,4929.0,4512.0,1.0,0.0,0,0,0,982.0,0.954954954954955,0.0,0.0
juhaszviktor/ESDestination,3932.0,3874.0,0.0,0.0,0,0,0,14.0,0.0,0.0,0.0
julian-urbano/MelodyShape,4394.0,3704.0,2.0,0.0,0,0,0,212.0,0.0,0.0,0.0
julianespinel/movies,3862.0,3726.0,0.0,0.0,0,0,0,183.0,1.0327868852459017,0.0,0.0
julianharty/android-webdriver-vm-demo,4415.0,4414.0,0.5,0.0,0,0,0,166.0,0.0,0.0,0.0
julianhyde/eigenbase-properties,4899.0,3938.0,0.6666666666666666,0.0,0,0,0,153.0,2.696969696969697,0.0,0.0
julianhyde/eigenbase-xom,4899.0,4299.0,0.5,0.0,0,0,0,112.0,0.0,0.0,0.0
julianhyde/foodmart-data-json,3937.0,3646.0,0.5,0.0,0,0,0,174.0,1.0344827586206897,0.0,0.0
julianhyde/hydromatic-resource,4286.0,3646.0,0.5,0.0,0,0,0,140.0,1.2272727272727273,0.0,0.0
julianhyde/linq4j,4988.0,4219.0,2.9310344827586206,0.0,0,0,0,968.0,2.9489795918367347,0.0,0.0
julianhyde/optiq-csv,4589.0,4073.0,0.9523809523809523,0.0,0,0,0,175.0,1.0,0.0,0.0
julianhyde/optiq-splunk,4847.0,4472.0,1.3333333333333333,0.0,0,0,0,74.0,0.0,0.0,0.0
julianhyde/quidem,4104.0,3646.0,5.5,0.0,0,0,0,147.0,1.9210526315789473,0.0,0.0
julianmendez/jcel,3811.0,3462.0,0.0,0.0,0,0,0,3060.0,5.273159144893111,0.0,0.0
julianofischer/onedropolicies,4079.0,4078.0,0.0,0.0,0,0,0,418.0,0.0,0.0,0.0
julienchastang/charts4j,5184.0,5086.0,3.0,0.0,0,0,0,852.0,0.7908496732026143,0.0,0.0
juliocnsouzadev/ocpjp,4291.0,3519.0,0.5,0.0,0,0,0,655.0,0.9330357142857143,0.0,0.0
juliomiguel1/redsocialclase,3617.0,3605.0,0.0,0.0,0,0,0,1186.0,1.2727272727272727,0.0,0.0
juliusHuelsmann/paint,4080.0,3617.0,1.0,0.0,0,0,0,782.0,0.0,0.0,0.0
junit-team/junit5,3991.0,3461.0,4.822916666666667,0.0,0,0,0,2371.0,1.3997134670487106,0.0,0.0
junit-team/junit5-samples,3685.0,3461.0,2.8461538461538463,0.0,0,0,0,150.0,0.0,0.0,0.0
junit/Protoclipse-AS3,4400.0,4183.0,0.0,0.0,0,0,0,98.0,0.0,0.0,0.0
junminstorage/code4fun,4325.0,3650.0,0.5,0.0,0,0,0,332.0,0.0,0.0,0.0
junoyoon/simpleupdatesite-plugin,5226.0,5205.0,1.0,0.0,0,0,0,138.0,0.0,0.0,0.0
junwei-wang/cpabe,5018.0,3926.0,1.1304347826086956,0.0,0,0,0,92.0,0.0,0.0,0.0
junyangren/echoice-ums,3956.0,3871.0,0.5,0.0,0,0,0,2342.0,0.0,0.0,0.0
juphoff/setiCode,5587.0,5552.0,0.0,0.0,0,0,0,82.0,0.0,0.0,0.0
jurnho/example-jaxrs-cxf3-spring4,4108.0,4108.0,0.0,0.0,0,0,0,83.0,3.0,0.0,0.0
justinedelson/cq-urlfilter,4682.0,4682.0,0.7,0.0,0,0,0,50.0,0.0,0.0,0.0
justinethier/AVL-Tree,5251.0,4197.0,0.4,0.0,0,0,0,14.0,0.0,0.0,0.0
justinsb/jetcd,4485.0,3556.0,2.511627906976744,0.0,0,0,0,74.0,1.04,0.0,0.0
jvermillard/hands-on-coap,4206.0,4200.0,0.7692307692307693,0.0,0,0,0,138.0,0.0,0.0,0.0
jvmhub/Spring-Boot-with-Thymeleaf-tutorial,3802.0,3504.0,0.3333333333333333,0.0,0,0,0,80.0,1.4166666666666667,0.0,0.0
jvz/atg-ant-plugin,4393.0,3609.0,0.0,0.0,0,0,0,250.0,0.9302325581395349,0.0,0.0
jwaldman/FastaValidator,4358.0,4239.0,2.5,0.0,0,0,0,141.0,0.2698412698412698,0.0,0.0
jweese/thrax,5801.0,3624.0,1.9285714285714286,0.0,0,0,0,475.0,0.004201680672268907,0.0,0.0
jwilsoncredera/Profiles-Blog,3857.0,3466.0,0.8,0.0,0,0,0,336.0,1.0727272727272728,0.0,0.0
jwolff52/RankUp,4522.0,3886.0,0.0,0.0,0,0,0,33.0,0.058823529411764705,0.0,0.0
jwonders/conflex,4381.0,3976.0,0.5,0.0,0,0,0,138.0,2.1176470588235294,0.0,0.0
jxqlovejava/sdk4j,3834.0,3471.0,0.5,0.0,0,0,0,436.0,1.0416666666666667,0.0,0.0
jxqlovejava/utility,4143.0,4121.0,0.0,0.0,0,0,0,133.0,0.4482758620689655,0.0,0.0
jyang/google-feedserver,3931.0,3547.0,1.0,0.0,0,0,0,958.0,0.46153846153846156,0.0,0.0
jyemin/async-mongodb-example,4208.0,4203.0,1.0,0.0,0,0,0,49.0,0.04,0.0,0.0
jyhsu2000/BannerMaker,3946.0,3464.0,0.75,0.0,0,0,0,102.0,0.0,0.0,0.0
jywarren/infrared-visible-video-kit,5401.0,5219.0,1.3333333333333333,0.0,0,0,0,384.0,0.0,0.0,0.0
jzillmann/moontime,5457.0,5083.0,2.0,0.0,0,0,0,126.0,0.06451612903225806,0.0,0.0
jzsues/pomelo-websocket-java-client,4508.0,4187.0,1.1764705882352942,0.0,0,0,0,185.0,1.1694915254237288,0.0,0.0
k-a-z-u/DragTag,4310.0,3852.0,0.5,0.0,0,0,0,206.0,0.0,0.0,0.0
k-int/JZLib,5335.0,4859.0,0.75,0.0,0,0,0,198.0,0.0,0.0,0.0
k0105/ensemble,3479.0,3471.0,0.3333333333333333,0.0,0,0,0,318.0,1.7209302325581395,0.0,0.0
k0ner/olv-eclipse-integration,3926.0,3855.0,1.0,0.0,0,0,0,98.0,0.0,0.0,0.0
k255/drill-gis,3722.0,3595.0,1.5,0.0,0,0,0,116.0,0.0,0.0,0.0
k3po/k3po,4274.0,3461.0,0.6875,0.0,0,0,0,12437.0,1.353734160150984,0.0,0.0
k9mail/jutf7,4720.0,4720.0,1.0,0.0,0,0,0,108.0,1.1428571428571428,0.0,0.0
ka-ka-xyz/JmxHeapWatchDog,4279.0,4277.0,0.0,0.0,0,0,0,178.0,0.6865671641791045,0.0,0.0
kaaaaang/ews-java-api,4098.0,4095.0,0.0,0.0,0,0,0,2093.0,1.3954619124797407,0.0,0.0
kaaass/BiliDanmaku,3628.0,3551.0,0.5,0.0,0,0,0,44.0,0.0,0.0,0.0
kaaprotech/satu,4275.0,3928.0,0.0,0.0,0,0,0,683.0,3.269230769230769,0.0,0.0
kaazing/tools.wscat,4047.0,3721.0,0.5,0.0,0,0,0,55.0,2.0714285714285716,0.0,0.0
kaazing/truststore-maven-plugin,4044.0,3541.0,0.0,0.0,0,0,0,88.0,1.9130434782608696,0.0,0.0
kadric/dreamteam,4105.0,4068.0,0.0,0.0,0,0,0,924.0,0.0,0.0,0.0
kadualon/initialState-java,3692.0,3685.0,0.6666666666666666,0.0,0,0,0,54.0,1.5,0.0,0.0
kahowell/xform-live,4137.0,3899.0,1.0,0.0,0,0,0,96.0,0.9696969696969697,0.0,0.0
kairosdb/kairos-carbon,4253.0,3696.0,0.7,0.0,0,0,0,232.0,0.0,0.0,0.0
kaklakariada/portmapper,4405.0,3595.0,3.8636363636363638,0.0,0,0,0,321.0,0.9907407407407407,0.0,0.0
kakusuke-maruno/jp.kksk,4526.0,3828.0,0.0,0.0,0,0,0,80.0,0.0,0.0,0.0
kalemdzievski/XML-Generic-Parser,4225.0,3671.0,1.6666666666666667,0.0,0,0,0,60.0,0.0,0.0,0.0
kally788/JsmvcPackProject,3591.0,3591.0,1.5,0.0,0,0,0,58.0,0.0,0.0,0.0
kamcpp/avicenna,3929.0,3844.0,0.6666666666666666,0.0,0,0,0,92.0,0.0,0.0,0.0
kaneg/reviewboard-plugin-for-idea,4305.0,3471.0,3.5,0.0,0,0,0,48.0,0.0,0.0,0.0
kantega/respiro,3667.0,3462.0,0.3333333333333333,0.0,0,0,0,2609.0,1.998468606431853,0.0,0.0
kanzure/uncertainfuture,4981.0,4979.0,1.5,0.0,0,0,0,450.0,0.0,0.0,0.0
kara71/KaraOK,3909.0,3842.0,0.5,0.0,0,0,0,140.0,0.0,0.0,0.0
kareez/jnbis,3888.0,3831.0,1.125,0.0,0,0,0,569.0,2.3923076923076922,0.0,0.0
kares/jruby-rack-worker,5412.0,3517.0,4.636363636363637,0.0,0,0,0,140.0,0.0,0.0,0.0
karimhamdanali/averroes,3872.0,3492.0,1.3333333333333333,0.0,0,0,0,132.0,0.0,0.0,0.0
kariminf/AllSummarizer,4587.0,3542.0,2.6666666666666665,0.0,0,0,0,146.0,0.0,0.0,0.0
karlkfi/spring-mvc-params,4439.0,3726.0,1.0,0.0,0,0,0,107.0,1.303030303030303,0.0,0.0
karlroberts/base64,4731.0,4617.0,0.4444444444444444,0.0,0,0,0,62.0,1.2,0.0,0.0
karlward/clutterometer,4810.0,4743.0,1.0,0.0,0,0,0,60.0,0.0,0.0,0.0
karma-runner/maven-karma-plugin,4644.0,3491.0,1.6956521739130435,0.0,0,0,0,56.0,2.142857142857143,0.0,0.0
kart1618/Java-units.1.89.J01_Test,4410.0,4286.0,0.0,0.0,0,0,0,268.0,0.014084507042253521,0.0,0.0
kart1618/jLevenshtein_v0_2_Test,4434.0,4286.0,0.0,0.0,0,0,0,228.0,0.01639344262295082,0.0,0.0
karthikj1/BarcodeLocalizer,4154.0,3517.0,2.0,0.0,0,0,0,32.0,0.0,0.0,0.0
kartoFlane/superluminal2,4306.0,3649.0,4.0,0.0,0,0,0,1757.0,1.8915929203539823,0.0,0.0
kasonyang/kalang,3595.0,3462.0,3.6666666666666665,0.0,0,0,0,717.0,1.0466101694915255,0.0,0.0
kasooja/cl-esa,4423.0,4408.0,0.5,0.0,0,0,0,661.0,0.9078947368421053,0.0,0.0
kasperisager/swing-mvc,3930.0,3673.0,1.25,0.0,0,0,0,54.0,0.0,0.0,0.0
katharsis-project/katharsis-core,3932.0,3464.0,2.4565217391304346,0.0,0,0,0,1857.0,2.9310344827586206,0.0,0.0
katharsis-project/katharsis-rs,3928.0,3466.0,0.7777777777777778,0.0,0,0,0,194.0,1.1612903225806452,0.0,0.0
katharsis-project/katharsis-spring,3704.0,3461.0,1.3,0.0,0,0,0,88.0,0.0,0.0,0.0
katsuma/tokyo-jogging,5639.0,5222.0,1.6666666666666667,0.0,0,0,0,112.0,0.0,0.0,0.0
kawasima/solr-jdbc,4847.0,4459.0,0.6666666666666666,0.0,0,0,0,223.0,0.29591836734693877,0.0,0.0
kawasima/websocket-classloader,4303.0,3929.0,1.8,0.0,0,0,0,149.0,1.3555555555555556,0.0,0.0
kayahr/jasdoc,4949.0,3850.0,0.5,0.0,0,0,0,671.0,0.78099173553719,0.0,0.0
kayahr/javascript-maven-plugin,5265.0,3666.0,1.0,0.0,0,0,0,114.0,2.142857142857143,0.0,0.0
kayahr/jollada,5090.0,4959.0,0.3333333333333333,0.0,0,0,0,766.0,1.0476190476190477,0.0,0.0
kayahr/pherialize,5090.0,4476.0,1.4166666666666667,0.0,0,0,0,104.0,0.9444444444444444,0.0,0.0
kayahr/xadrian,5322.0,4565.0,2.0,0.0,0,0,0,990.0,0.770949720670391,0.0,0.0
kaydell/echo,4581.0,4472.0,0.0,0.0,0,0,0,32.0,0.0,0.0,0.0
kazuhira-r/hazelcast-examples,4398.0,3499.0,0.75,0.0,0,0,0,1088.0,0.0,0.0,0.0
kbansal/fuzzsmt,4281.0,4136.0,0.0,0.0,0,0,0,72.0,0.96,0.0,0.0
kbase/genome_comparison,4106.0,3580.0,0.0,0.0,0,0,0,362.0,0.0,0.0,0.0
kbase/java_common,4205.0,3471.0,0.0,0.0,0,0,0,246.0,0.016260162601626018,0.0,0.0
kbase/meme,4198.0,3941.0,0.0,0.0,0,0,0,350.0,0.011428571428571429,0.0,0.0
kbase/njs_wrapper,4015.0,3461.0,0.0,0.0,0,0,0,401.0,0.015,0.0,0.0
kbase/user_and_job_state,4206.0,3466.0,0.0,0.0,0,0,0,500.0,0.008,0.0,0.0
kbastani/spring-boot-graph-processing-example,3653.0,3482.0,2.0930232558139537,0.0,0,0,0,342.0,0.32432432432432434,0.0,0.0
kbastani/spring-cloud-polyglot-persistence-example,3765.0,3762.0,1.1818181818181819,0.0,0,0,0,298.0,0.0,0.0,0.0
kbjosu/FirstGame,3613.0,3607.0,0.0,0.0,0,0,0,28.0,0.0,0.0,0.0
kcthota/emoji4j,3872.0,3598.0,5.714285714285714,0.0,0,0,0,69.0,1.380952380952381,0.0,0.0
kdbanman/InfoSpect,4390.0,4065.0,0.0,0.0,0,0,0,12.0,0.0,0.0,0.0
kddart/interopServer-DAL,3992.0,3955.0,0.0,0.0,0,0,0,575.0,1.1189189189189188,0.0,0.0
kdkanishka/Virustotal-Public-API-V2.0-Client,4534.0,3475.0,1.3846153846153846,0.0,0,0,0,255.0,0.8241758241758241,0.0,0.0
kecskemeti/dissect-cf,4358.0,3490.0,0.05263157894736842,0.0,0,0,0,504.0,1.953125,0.0,0.0
keedio/Storm-0.9.1-Kafka-0.8-Test,4273.0,3568.0,0.0,0.0,0,0,0,33.0,0.9166666666666666,0.0,0.0
keedio/flume-ng-sql-source,4132.0,3528.0,1.2857142857142858,0.0,0,0,0,138.0,3.185185185185185,0.0,0.0
keedio/flume-taildirectory-source,4042.0,3913.0,1.0,0.0,0,0,0,72.0,1.5238095238095237,0.0,0.0
keepkey/multibit,5266.0,3498.0,1.2436363636363637,0.0,0,0,0,1150.0,0.0,0.0,0.0
keepkey/multibit-hardware,4338.0,3460.0,2.0,0.0,0,0,0,1522.0,3.8615384615384616,0.0,0.0
keepkey/multibit-hd,4453.0,3482.0,1.5593220338983051,0.0,0,0,0,4550.0,1.4563401670463174,0.0,0.0
kefirfromperm/kefirbb,5261.0,3472.0,4.625,0.0,0,0,0,746.0,1.936842105263158,0.0,0.0
keith-turner/jinex,4402.0,4252.0,0.0,0.0,0,0,0,40.0,0.0,0.0,0.0
keithbranton/angular-maven-plugin,4493.0,3878.0,0.8571428571428571,0.0,0,0,0,61.0,1.7058823529411764,0.0,0.0
keithlawless/Tips--Bukkit-Plugin-,5329.0,5038.0,0.8,0.0,0,0,0,32.0,0.0,0.0,0.0
kekeh/code128encoder,3913.0,3911.0,0.5,0.0,0,0,0,180.0,1.64,0.0,0.0
kelzan/HanziHelper,4363.0,4331.0,0.0,0.0,0,0,0,5131.0,1.0194117647058825,0.0,0.0
kemitix/wiser-assertions,3904.0,3468.0,0.3333333333333333,0.0,0,0,0,105.0,1.5666666666666667,0.0,0.0
kendzi/show-in-google-plugin,4350.0,4339.0,0.0,0.0,0,0,0,49.0,0.04,0.0,0.0
kennedyoliveira/pastebin4j,3704.0,3554.0,0.5,0.0,0,0,0,233.0,1.2638888888888888,0.0,0.0
kennedyoliveira/standalone-hystrix-dashboard,3553.0,3481.0,3.0,0.0,0,0,0,167.0,1.5957446808510638,0.0,0.0
kennedyoliveira/ultimate-pastebin-intellij-plugin,3688.0,3483.0,0.25,0.0,0,0,0,180.0,0.0,0.0,0.0
kennyyu/flags,4921.0,4860.0,1.5,0.0,0,0,0,108.0,1.3333333333333333,0.0,0.0
kennyzli/io.tusk,3912.0,3856.0,0.0,0.0,0,0,0,173.0,1.125,0.0,0.0
kenpu/2014-01-csci2020u,4376.0,4267.0,0.25,0.0,0,0,0,222.0,0.0,0.0,0.0
kenshoo/flume-rabbitmq-sink,5138.0,4060.0,1.8888888888888888,0.0,0,0,0,48.0,0.0,0.0,0.0
kenyaehrs/hospitalcore,3663.0,3476.0,0.0,0.0,0,0,0,3021.0,2.227972027972028,0.0,0.0
kenyaehrs/inventory,3664.0,3476.0,0.0,0.0,0,0,0,778.0,0.0,0.0,0.0
kevin91nl/TextMining,4241.0,4241.0,0.0,0.0,0,0,0,6.0,0.0,0.0,0.0
kevinbayes/vest,4587.0,3794.0,3.6666666666666665,0.0,0,0,0,239.0,1.0897435897435896,0.0,0.0
kevininestroza/tarea4progra1,4116.0,4102.0,0.0,0.0,0,0,0,18.0,0.0,0.0,0.0
kevinseim/beanio,4117.0,3497.0,2.0,0.0,0,0,0,1458.0,0.0,0.0,0.0
kevoree/kevoree-samples,4397.0,3961.0,0.0,0.0,0,0,0,164.0,0.0,0.0,0.0
kevoree/kevscript,3581.0,3507.0,0.0,0.0,0,0,0,1367.0,1.1471264367816092,0.0,0.0
keycloak/keycloak,4549.0,3460.0,1.2401847575057736,0.0,0,0,0,26821.0,1.0966289540521819,0.0,0.0
keyhan/jBSBE,3507.0,3492.0,2.0,0.0,0,0,0,142.0,1.2727272727272727,0.0,0.0
kgary/ser422_spring16,3625.0,3534.0,0.2222222222222222,0.0,0,0,0,1214.0,0.0,0.0,0.0
khaing211/json-grep,3887.0,3832.0,0.0,0.0,0,0,0,198.0,2.0,0.0,0.0
khanning/LeapScratch,4501.0,4443.0,1.25,0.0,0,0,0,110.0,0.0,0.0,0.0
khartec/waltz,3662.0,3461.0,0.5,0.0,0,0,0,3564.0,0.5059732958538299,0.0,0.0
khasang/Cachoeira,3766.0,3466.0,0.8,0.0,0,0,0,486.0,0.03333333333333333,0.0,0.0
khatchad/Common-Eclipse-Java-Refactoring-Framework,3841.0,3461.0,0.5,0.0,0,0,0,204.0,0.0,0.0,0.0
khatchad/Constants-to-Enum-Eclipse-Plugin,3848.0,3642.0,0.5,0.0,0,0,0,242.0,0.0,0.0,0.0
khipu/lib-java,4595.0,3531.0,0.0,0.0,0,0,0,156.0,1.0384615384615385,0.0,0.0
khmarbaise/iterator-maven-plugin,4644.0,3480.0,1.75,0.0,0,0,0,640.0,0.19863013698630136,0.0,0.0
kholodovitch/kayak-java,4225.0,4225.0,0.0,0.0,0,0,0,82.0,0.0,0.0,0.0
khotyn/spring-tx-test,4476.0,4250.0,0.3333333333333333,0.0,0,0,0,122.0,2.2758620689655173,0.0,0.0
kiarnold/RiskSimlutator,4002.0,3907.0,0.0,0.0,0,0,0,86.0,0.0,0.0,0.0
kiblerdude/zoopeeker,4318.0,4251.0,0.25,0.0,0,0,0,115.0,0.7857142857142857,0.0,0.0
kiesel/johanna,4456.0,4022.0,0.3333333333333333,0.0,0,0,0,220.0,1.0833333333333333,0.0,0.0
kijiproject/cassandra-maven-plugin,4178.0,4132.0,0.2,0.0,0,0,0,107.0,0.7948717948717948,0.0,0.0
kijiproject/hadoop-configurator,4752.0,4121.0,0.2222222222222222,0.0,0,0,0,58.0,0.0,0.0,0.0
kijiproject/kiji-model-repository,4536.0,4132.0,0.0,0.0,0,0,0,234.0,0.0,0.0,0.0
kikht/java-examples,4291.0,3828.0,0.0,0.0,0,0,0,872.0,0.0,0.0,0.0
kilim/kilim,5729.0,3514.0,4.170731707317073,0.0,0,0,0,684.0,1.2358490566037736,0.0,0.0
killbill/killbill-accertify-plugin,4024.0,3650.0,0.0,0.0,0,0,0,214.0,1.2238805970149254,0.0,0.0
killbill/killbill-client-java,4929.0,3469.0,0.19230769230769232,0.0,0,0,0,292.0,1.0947368421052632,0.0,0.0
killbill/killbill-forte-plugin,4019.0,3650.0,0.0,0.0,0,0,0,328.0,2.074074074074074,0.0,0.0
killbill/killbill-meter-plugin,4550.0,3815.0,0.5,0.0,0,0,0,593.0,1.287292817679558,0.0,0.0
killbilling/recurly-java-library,4886.0,3465.0,0.5849056603773585,0.0,0,0,0,272.0,0.0,0.0,0.0
killjoy1221/TabbyChat-2,4050.0,3497.0,3.2857142857142856,0.0,0,0,0,283.0,0.007042253521126761,0.0,0.0
killme2008/ewok,5130.0,4102.0,1.6,0.0,0,0,0,64.0,0.0,0.0,0.0
kinnla/eniac,4644.0,4554.0,2.0,0.0,0,0,0,946.0,0.5831062670299727,0.0,0.0
kinnla/swp-2013,4692.0,4655.0,0.045454545454545456,0.0,0,0,0,216.0,0.0,0.0,0.0
kinow/testlink-unit,4631.0,4631.0,0.0,0.0,0,0,0,52.0,0.34782608695652173,0.0,0.0
kinshik/hadoop-demo,3894.0,3889.0,0.0,0.0,0,0,0,48.0,0.0,0.0,0.0
kish1/Twitter-MapReduce,3612.0,3593.0,0.0,0.0,0,0,0,38.0,0.0,0.0,0.0
kishoreg/incubator-helix,4753.0,4755.0,0.0,0.0,0,0,0,3072.0,2.0288335517693317,0.0,0.0
kiswanij/remote-reflection,3531.0,3497.0,1.3333333333333333,0.0,0,0,0,95.0,1.2333333333333334,0.0,0.0
kite-sdk/kite-examples-integration-tests,4389.0,4023.0,0.2,0.0,0,0,0,142.0,0.0,0.0,0.0
kiuwan/thirdparty-report-importer,3906.0,3563.0,0.0,0.0,0,0,0,91.0,1.206896551724138,0.0,0.0
kiwilew/covito-kit,4102.0,4106.0,0.2,0.0,0,0,0,843.0,0.9238754325259516,0.0,0.0
kjk/volante-obsolete,5642.0,3760.0,4.416666666666667,0.0,0,0,0,1198.0,0.0,0.0,0.0
kjlubick/fb-contrib-eclipse-quick-fixes,4138.0,3891.0,2.0,0.0,0,0,0,330.0,0.0,0.0,0.0
kkapelon/Apache-Httpd-conf-Reader,5261.0,3613.0,0.75,0.0,0,0,0,128.0,0.9545454545454546,0.0,0.0
kkkon/job-strongauth-simple-plugin,4762.0,4756.0,0.0,0.0,0,0,0,91.0,0.6571428571428571,0.0,0.0
kklin/java-audio-steganography,4339.0,4311.0,0.6666666666666666,0.0,0,0,0,105.0,0.057692307692307696,0.0,0.0
kksk-foundation-libraries/com.kksk,3666.0,3638.0,0.0,0.0,0,0,0,252.0,0.0,0.0,0.0
klatunetworks/webhooks,3853.0,3853.0,0.0,0.0,0,0,0,113.0,1.2857142857142858,0.0,0.0
klaube/kata,4212.0,3704.0,0.3333333333333333,0.0,0,0,0,436.0,0.0,0.0,0.0
kleinmind/bridge-bounding,4547.0,4542.0,0.5,0.0,0,0,0,123.0,1.2894736842105263,0.0,0.0
klemens/openolat,4618.0,3461.0,0.42857142857142855,0.0,0,0,0,26876.0,0.0,0.0,0.0
klieber/phantomjs-maven-plugin,4463.0,3567.0,1.5185185185185186,0.0,0,0,0,514.0,0.88268156424581,0.0,0.0
kliniki-online/spring-web-doclet,4920.0,4681.0,0.5,0.0,0,0,0,185.0,0.921875,0.0,0.0
klyall/ad-authenticator,3881.0,3776.0,0.25,0.0,0,0,0,164.0,2.15,0.0,0.0
klymenek/jamod,5120.0,5120.0,2.0,0.0,0,0,0,364.0,0.0,0.0,0.0
kmecpp/EnjinNews,4069.0,3998.0,1.0,0.0,0,0,0,50.0,0.0,0.0,0.0
kmhasan-class/spring2016java,3612.0,3523.0,0.0,0.0,0,0,0,694.0,0.0,0.0,0.0
knifhen/javarebel-stripes-plugin,6169.0,5531.0,1.5,0.0,0,0,0,58.0,0.3076923076923077,0.0,0.0
knime-mpicbg/HCS-Tools,5297.0,3519.0,4.0,0.0,0,0,0,1220.0,0.0,0.0,0.0
kno10/reversegeocode,3969.0,3658.0,5.0,0.0,0,0,0,160.0,0.45454545454545453,0.0,0.0
knoebber/secret-nemesis,4047.0,3976.0,0.5,0.0,0,0,0,54.0,0.0,0.0,0.0
knowitall/common-java,5113.0,4946.0,0.4,0.0,0,0,0,92.0,0.6111111111111112,0.0,0.0
knowledgetechnologyuhh/docks,4179.0,3725.0,0.14285714285714285,0.0,0,0,0,628.0,0.0,0.0,0.0
kobaj/JavaDecisionTree,4624.0,4327.0,1.0,0.0,0,0,0,10.0,0.0,0.0,0.0
kobalj/stopwatch,3596.0,3586.0,0.0,0.0,0,0,0,136.0,1.2093023255813953,0.0,0.0
kodgemisi/camp,3760.0,3716.0,0.25,0.0,0,0,0,401.0,2.2421052631578946,0.0,0.0
kohle/Avaricia,4072.0,4069.0,0.0,0.0,0,0,0,22.0,0.0,0.0,0.0
kohsah/akomantoso-lib,4445.0,3794.0,2.0,0.0,0,0,0,4751.0,0.9687695190505934,0.0,0.0
kohsuke/file-leak-detector,5030.0,3912.0,2.7142857142857144,0.0,0,0,0,108.0,1.4375,0.0,0.0
kohsuke/hudson,5997.0,3548.0,0.15904139433551198,0.0,0,0,0,36446.0,1.1882435269419174,0.0,0.0
kojisekig/word2vec-lucene,4052.0,4016.0,5.444444444444445,0.0,0,0,0,211.0,0.34065934065934067,0.0,0.0
komamitsu/jackson-dataformat-msgpack,4202.0,3528.0,2.6666666666666665,0.0,0,0,0,119.0,1.78125,0.0,0.0
komiya-atsushi/s3gyazo-java,4181.0,4177.0,0.0,0.0,0,0,0,67.0,1.2857142857142858,0.0,0.0
kompics/kompics,4574.0,3498.0,2.5,0.0,0,0,0,1180.0,2.1041666666666665,0.0,0.0
konachan700/JNekoImageDB,3752.0,3463.0,2.6666666666666665,0.0,0,0,0,686.0,0.017595307917888565,0.0,0.0
konifar/android-material-design-icon-generator-plugin,4003.0,3499.0,10.816666666666666,0.0,0,0,0,82154.0,2.000389540828748,0.0,0.0
konrad-garus/classycle-gradle-plugin,3885.0,3885.0,2.0,0.0,0,0,0,60.0,0.2962962962962963,0.0,0.0
konsolas/ConditionalCommands,3691.0,3464.0,1.5,0.0,0,0,0,110.0,2.0,0.0,0.0
kontext-e/jqassistant-plugins,4248.0,3499.0,0.75,0.0,0,0,0,713.0,0.14714714714714713,0.0,0.0
konvergeio/cofoja-example,4345.0,4345.0,1.0,0.0,0,0,0,58.0,1.75,0.0,0.0
koofr/java-koofr,4203.0,3611.0,2.0,0.0,0,0,0,122.0,0.0,0.0,0.0
koppor/gradlepackage,4594.0,3718.0,0.0,0.0,0,0,0,66.0,0.6153846153846154,0.0,0.0
kortaggio/BrokenTimer,4647.0,3641.0,0.0,0.0,0,0,0,12.0,0.0,0.0,0.0
korydondzila/LejOSEv3,3588.0,3500.0,0.0,0.0,0,0,0,32.0,0.0,0.0,0.0
kosch/NanoVM,4853.0,4769.0,0.125,0.0,0,0,0,3310.0,0.0,0.0,0.0
kotcrab/arget,4133.0,4076.0,0.5,0.0,0,0,0,488.0,0.0,0.0,0.0
kpacha/yuicompressor-server,4342.0,4320.0,0.3333333333333333,0.0,0,0,0,230.0,0.9743589743589743,0.0,0.0
kpavlov/fixio,4520.0,3666.0,1.4782608695652173,0.0,0,0,0,610.0,1.4382022471910112,0.0,0.0
kpelykh/docker-java,4553.0,3834.0,1.388235294117647,0.0,0,0,0,256.0,1.108433734939759,0.0,0.0
krasa/GrepConsole,4780.0,3580.0,4.933333333333334,0.0,0,0,0,356.0,0.0,0.0,0.0
krasa/krasa-wicket-websocket-quickstart,4016.0,3836.0,0.0,0.0,0,0,0,64.0,0.0,0.0,0.0
krasserm/ipf,5624.0,3568.0,0.7575757575757576,0.0,0,0,0,11656.0,0.0,0.0,0.0
kreezxil/Compressed-Blocks-by-Kreezxil,3688.0,3473.0,0.3333333333333333,0.0,0,0,0,1906.0,1.1074918566775245,0.0,0.0
kreon/jnode,4836.0,3518.0,6.5,0.0,0,0,0,1271.0,1.1825,0.0,0.0
krestenkrab/kilim-erjang,5856.0,5702.0,4.0,0.0,0,0,0,372.0,0.03260869565217391,0.0,0.0
kreuzverweis/lucene-sail-3.0,4898.0,4897.0,1.0,0.0,0,0,0,107.0,0.22448979591836735,0.0,0.0
krevelen/rivm-episim,3624.0,3463.0,0.0,0.0,0,0,0,690.0,0.0,0.0,0.0
krikelin/JSONSerializer,4768.0,4768.0,0.0,0.0,0,0,0,10.0,0.0,0.0,0.0
krinsdeath/RankSuite,4784.0,4438.0,1.0,0.0,0,0,0,68.0,0.0,0.0,0.0
krinsdeath/TeleportSuite,5087.0,4326.0,1.0,0.0,0,0,0,172.0,1.1071428571428572,0.0,0.0
krishnagopinath/PhoneGap-ZipTools-Plugin,4232.0,4232.0,0.0,0.0,0,0,0,16.0,0.0,0.0,0.0
krishneo/IntelIiTaskMgmt,3700.0,3693.0,0.0,0.0,0,0,0,483.0,1.3680555555555556,0.0,0.0
krisjey/netty.book.kor,3764.0,3759.0,0.5625,0.0,0,0,0,586.0,0.0,0.0,0.0
krisjin/bscl,3928.0,3465.0,0.75,0.0,0,0,0,627.0,1.2256410256410257,0.0,0.0
kristianmandrup/emberjs-plugin,4071.0,3658.0,5.4,0.0,0,0,0,194.0,0.0,0.0,0.0
kristophjunge/vortex-editor,4614.0,4614.0,5.0,0.0,0,0,0,50.0,0.0,0.0,0.0
kritzikratzi/fullscreen-p5,5869.0,3506.0,2.5,0.0,0,0,0,202.0,0.7567567567567568,0.0,0.0
krs-world/bridges,4480.0,3462.0,0.6666666666666666,0.0,0,0,0,1512.0,0.08827586206896551,0.0,0.0
ksaua/remock,3948.0,3738.0,3.5,0.0,0,0,0,280.0,1.5696202531645569,0.0,0.0
ksteuern/optm,4355.0,4327.0,0.0,0.0,0,0,0,260.0,0.0,0.0,0.0
ksuse/FileFinder,3849.0,3587.0,0.1,0.0,0,0,0,47.0,1.2666666666666666,0.0,0.0
ktgit/ktdocumentindexer,6157.0,5780.0,7.5,0.0,0,0,0,130.0,0.0,0.0,0.0
ktllo/inviteBot,3940.0,3699.0,1.0,0.0,0,0,0,150.0,1.1666666666666667,0.0,0.0
ktoso/kanbanery-for-intellij,5175.0,5174.0,4.0,0.0,0,0,0,60.0,0.0,0.0,0.0
ktoso/maven-git-commit-id-plugin,5419.0,3475.0,3.8842105263157896,0.0,0,0,0,5214.0,0.036704412338930105,0.0,0.0
kuali/kc-api,3759.0,3489.0,0.6666666666666666,0.0,0,0,0,804.0,0.9851851851851852,0.0,0.0
kuali/kfs,4178.0,3491.0,0.1951219512195122,0.0,0,0,0,65538.0,4.770661157024794,0.0,0.0
kumai/kt4j,5002.0,3880.0,1.8,0.0,0,0,0,165.0,1.0925925925925926,0.0,0.0
kunerd/jpaillier,4352.0,3737.0,1.0,0.0,0,0,0,88.0,1.3333333333333333,0.0,0.0
kurbatov/firmata4j,4106.0,3510.0,0.9166666666666666,0.0,0,0,0,176.0,1.1785714285714286,0.0,0.0
kurthuwig/rados-java,4598.0,3894.0,0.0,0.0,0,0,0,222.0,1.6721311475409837,0.0,0.0
kurtisthompson/MinMax-Chess-App,5111.0,5111.0,0.5,0.0,0,0,0,62.0,0.0,0.0,0.0
kvpbase/kvpbase-sdk-java,4118.0,3674.0,1.0,0.0,0,0,0,168.0,0.0,0.0,0.0
kwanggithub/umfloodlight,4863.0,4750.0,0.0,0.0,0,0,0,2142.0,1.2484848484848485,0.0,0.0
kwart/ldap-server,4511.0,3659.0,3.5,0.0,0,0,0,76.0,0.7857142857142857,0.0,0.0
kwf2030/overtime-statistics,4017.0,3834.0,0.0,0.0,0,0,0,107.0,1.303030303030303,0.0,0.0
kwon37xi/freemarker-template-inheritance,4570.0,3685.0,4.1,0.0,0,0,0,227.0,0.6627906976744186,0.0,0.0
kwwette/pdftasks,4072.0,3966.0,0.0,0.0,0,0,0,18.0,0.0,0.0,0.0
kxyfyh/Fourinone,4411.0,4407.0,1.5384615384615385,0.0,0,0,0,352.0,0.0,0.0,0.0
kyleconroy/dropwizard-helloworld,4871.0,4315.0,0.75,0.0,0,0,0,62.0,1.2,0.0,0.0
kylinsoong/teiid-sizing-application,3968.0,3469.0,0.0,0.0,0,0,0,84.0,0.0,0.0,0.0
kyoken74/gwt-angular,4347.0,3618.0,2.6666666666666665,0.0,0,0,0,600.0,0.0,0.0,0.0
kyriog/rftd,4174.0,3890.0,0.5,0.0,0,0,0,107.0,1.40625,0.0,0.0
kytkemo/portti,4508.0,3469.0,0.0,0.0,0,0,0,127.0,2.7777777777777777,0.0,0.0
kzwang/elasticsearch-river-dynamodb,4327.0,4323.0,2.6666666666666665,0.0,0,0,0,135.0,2.28125,0.0,0.0
l0rdn1kk0n/wicket-clientside-logging,4534.0,3766.0,2.4285714285714284,0.0,0,0,0,186.0,1.4814814814814814,0.0,0.0
la-team/light-admin,4887.0,3474.0,2.4651162790697674,0.0,0,0,0,5575.0,1.1832191780821917,0.0,0.0
la3lma/dropwizpoc,3933.0,3933.0,0.0,0.0,0,0,0,46.0,0.0,0.0,0.0
lacic/solr-resource-recommender,4322.0,4014.0,1.0,0.0,0,0,0,772.0,0.0,0.0,0.0
lagodiuk/decision-tree,4691.0,4333.0,2.3333333333333335,0.0,0,0,0,102.0,1.1515151515151516,0.0,0.0
lagom/activator-lagom-cargotracker,3541.0,3540.0,0.72,0.0,0,0,0,160.0,0.0,0.0,0.0
laidig/siri-20-java,4233.0,3480.0,1.0,0.0,0,0,0,9622.0,0.0008316008316008316,0.0,0.0
lambdamatic/lambdamatic-analyzer,3683.0,3509.0,0.0,0.0,0,0,0,382.0,1.2,0.0,0.0
lamfire/chimaera,4382.0,3877.0,1.0,0.0,0,0,0,830.0,1.0929368029739777,0.0,0.0
lancelothk/BSPAT,4406.0,3491.0,0.5,0.0,0,0,0,716.0,0.0,0.0,0.0
landro/jtcl-irule,4863.0,4430.0,0.5,0.0,0,0,0,44.0,0.0,0.0,0.0
lankavitharana/JarAnalyser,3779.0,3779.0,0.5,0.0,0,0,0,57.0,1.105263157894737,0.0,0.0
lanxuezaipiao/IT-Interviews-Sharing,4027.0,3927.0,2.1808510638297873,0.0,0,0,0,50.0,0.0,0.0,0.0
laozhaokun/huntinfo,4215.0,4207.0,1.25,0.0,0,0,0,100.0,0.0,0.0,0.0
lare96/luna,3768.0,3475.0,2.5,0.0,0,0,0,667.0,1.0547945205479452,0.0,0.0
larrytin/realtime-server-appengine,4567.0,4189.0,0.3333333333333333,0.0,0,0,0,356.0,0.0,0.0,0.0
larseriksson/markdown2html-maven-plugin,4120.0,4120.0,0.0,0.0,0,0,0,34.0,0.0,0.0,0.0
larsga/Duke,4334.0,3477.0,2.805084745762712,0.0,0,0,0,1281.0,1.136919315403423,0.0,0.0
larsgeorge/hbase-schema-manager,6053.0,3569.0,2.5833333333333335,0.0,0,0,0,34.0,0.0,0.0,0.0
larsmans/libsvm,4827.0,4827.0,0.0,0.0,0,0,0,154.0,0.0,0.0,0.0
larubbio/platform-campaigns,4207.0,4211.0,0.0,0.0,0,0,0,992.0,0.0,0.0,0.0
larusba/neo4j-jdbc,3611.0,3490.0,1.0,0.0,0,0,0,911.0,2.8306878306878307,0.0,0.0
lasercar/SpectateTP,3752.0,3555.0,0.0,0.0,0,0,0,30.0,0.0,0.0,0.0
lassana/webometrics-parser,3603.0,3555.0,0.5,0.0,0,0,0,34.0,0.0,0.0,0.0
lastaflute/lasta-di,3881.0,3622.0,1.0,0.0,0,0,0,3823.0,3.4642857142857144,0.0,0.0
lastaflute/lasta-taglib,3881.0,3557.0,0.0,0.0,0,0,0,354.0,2.9444444444444446,0.0,0.0
lastfm/lastcommons-kyoto,4876.0,4662.0,1.8333333333333333,0.0,0,0,0,263.0,1.271604938271605,0.0,0.0
lastfm/lastcommons-lang,4878.0,4722.0,0.0,0.0,0,0,0,224.0,1.3235294117647058,0.0,0.0
lastfm/lastcommons-test,4878.0,3564.0,0.0,0.0,0,0,0,221.0,0.6235294117647059,0.0,0.0
lastfm/musicbrainz-data,4891.0,3759.0,1.8181818181818181,0.0,0,0,0,275.0,0.9157894736842105,0.0,0.0
lastpass/confluence-saml,3911.0,3464.0,0.5,0.0,0,0,0,81.0,1.7727272727272727,0.0,0.0
lastpass/saml-sdk-java,4281.0,3465.0,1.125,0.0,0,0,0,89.0,0.6,0.0,0.0
laugues/it-mircroservices-springcloud,3596.0,3583.0,0.0,0.0,0,0,0,945.0,4.531034482758621,0.0,0.0
laurentvdl/example-dynamic-extension,4656.0,3735.0,0.75,0.0,0,0,0,157.0,1.0,0.0,0.0
lavenderx/spring-boot-examples,3748.0,3484.0,7.0,0.0,0,0,0,244.0,2.3157894736842106,0.0,0.0
lawrancej/logisim,4800.0,3460.0,0.8095238095238095,0.0,0,0,0,9284.0,1.1223940820443847,0.0,0.0
lawremi/CustomOreGen,4531.0,3497.0,1.7058823529411764,0.0,0,0,0,447.0,0.013452914798206279,0.0,0.0
lawremi/PerFabricaAdAstra,4729.0,3485.0,1.375,0.0,0,0,0,791.0,0.007594936708860759,0.0,0.0
lbehnke/hierarchical-clustering-java,4736.0,3514.0,0.9473684210526315,0.0,0,0,0,142.0,1.2,0.0,0.0
lbroman/MSRP-API,5813.0,5765.0,0.5,0.0,0,0,0,304.0,0.0,0.0,0.0
lbtc-xxx/jberetweb,4280.0,3614.0,0.0,0.0,0,0,0,210.0,2.0,0.0,0.0
lburgazzoli/lb-chronicle,4129.0,3783.0,0.0,0.0,0,0,0,255.0,0.056,0.0,0.0
lburgazzoli/lb-hazelcast,4405.0,3542.0,1.5,0.0,0,0,0,389.0,0.005128205128205128,0.0,0.0
lburgazzoli/lb-karaf,4110.0,3804.0,0.6666666666666666,0.0,0,0,0,168.0,1.0357142857142858,0.0,0.0
ldbc/ldbc_driver,4676.0,3491.0,0.6,0.0,0,0,0,2233.0,1.6223662884927066,0.0,0.0
ldilley/minestat,4259.0,3547.0,3.0,0.0,0,0,0,58.0,0.0,0.0,0.0
ldp4j/ldp4j,4255.0,3505.0,2.769230769230769,0.0,0,0,0,3671.0,0.42282321899736147,0.0,0.0
leancloud/diamond,3987.0,3963.0,0.0,0.0,0,0,0,637.0,1.6306818181818181,0.0,0.0
leapcode/bitmask_thunderbird,4463.0,3498.0,1.0,0.0,0,0,0,60.0,0.0,0.0,0.0
leapset/Java-Client-for-Forecast.io,4166.0,3485.0,0.0,0.0,0,0,0,116.0,0.8780487804878049,0.0,0.0
learning-spring-boot/learning-spring-boot-code-1.2,3883.0,3513.0,1.0,0.0,0,0,0,1080.0,0.0,0.0,0.0
ledyba/Banshee,4797.0,4692.0,0.0,0.0,0,0,0,48.0,0.0,0.0,0.0
leeadkins/elasticsearch-redis-river,5192.0,4211.0,3.263157894736842,0.0,0,0,0,117.0,1.8387096774193548,0.0,0.0
leebyron/streamgraph,5739.0,3901.0,6.384615384615385,0.0,0,0,0,72.0,0.0,0.0,0.0
leelance/spring-boot-all,4208.0,4171.0,0.9125,0.0,0,0,0,174.0,0.0,0.0,0.0
lefloh/jax-rs-performance,3856.0,3856.0,0.5,0.0,0,0,0,110.0,0.9473684210526315,0.0,0.0
leimingshan/MongoDB-ImportXMLProfile,3616.0,3571.0,0.5,0.0,0,0,0,176.0,0.4722222222222222,0.0,0.0
lekonna/arduino-car-logger,5828.0,5557.0,0.6666666666666666,0.0,0,0,0,120.0,0.0,0.0,0.0
lemire/JavaFastPFOR,4910.0,3524.0,7.5,0.0,0,0,0,422.0,2.24,0.0,0.0
lemire/javaewah,5551.0,3479.0,4.3,0.0,0,0,0,510.0,2.7850467289719627,0.0,0.0
lemire/sparsebitmap,4798.0,3609.0,1.625,0.0,0,0,0,101.0,3.7222222222222223,0.0,0.0
lemmingapex/EightPuzzle,4466.0,3889.0,0.0,0.0,0,0,0,165.0,0.14102564102564102,0.0,0.0
lenskit/lenskit,4470.0,3461.0,2.300518134715026,0.0,0,0,0,2794.0,0.02608695652173913,0.0,0.0
leoandresm/PORTAFOLIO_933997,3762.0,3750.0,0.5,0.0,0,0,0,206.0,0.0,0.0,0.0
leoandresm/PORTAFOLIO_934096,3766.0,3748.0,0.0,0.0,0,0,0,206.0,0.0,0.0,0.0
leofavio-ar/query-lib,3989.0,3863.0,0.0,0.0,0,0,0,32.0,0.0,0.0,0.0
leogomes/http2-netty,3951.0,3923.0,5.0,0.0,0,0,0,452.0,0.0,0.0,0.0
leohahn/DeveloperTCP,4058.0,4038.0,0.0,0.0,0,0,0,120.0,0.0,0.0,0.0
leonardoanalista/java2word,4331.0,3684.0,1.4545454545454546,0.0,0,0,0,490.0,0.0,0.0,0.0
leonarduk/unison,3524.0,3461.0,0.5,0.0,0,0,0,691.0,0.8170731707317073,0.0,0.0
leondart/FRaMED,4339.0,3470.0,2.0,0.0,0,0,0,1434.0,0.0,0.0,0.0
leonlee/flume-ng-mongodb-sink,4827.0,3490.0,1.0,0.0,0,0,0,54.0,0.3333333333333333,0.0,0.0
leonmaybe/eLong-OpenAPI-JAVA-demo,4381.0,3506.0,0.7777777777777778,0.0,0,0,0,552.0,0.0,0.0,0.0
leosegretain/Cara,3570.0,3527.0,0.0,0.0,0,0,0,166.0,0.0,0.0,0.0
leotizzei/CosmosChecker,4984.0,4984.0,0.5,0.0,0,0,0,58.0,0.0,0.0,0.0
leoukos/HAD,4431.0,4430.0,0.0,0.0,0,0,0,26.0,0.0,0.0,0.0
lepakko683/CelestialWizardry,4109.0,4119.0,0.0,0.0,0,0,0,971.0,0.010330578512396695,0.0,0.0
lerks/Billiard,5811.0,5808.0,0.6666666666666666,0.0,0,0,0,22.0,0.0,0.0,0.0
lessthanoptimal/ejml,4316.0,3544.0,3.838709677419355,0.0,0,0,0,2686.0,1.5649867374005304,0.0,0.0
lestard/SnakeFX,4824.0,3844.0,2.3333333333333335,0.0,0,0,0,172.0,0.0,0.0,0.0
leszko/benchmark-ioc,4338.0,3956.0,2.0,0.0,0,0,0,127.0,1.394736842105263,0.0,0.0
letsdeveloper/letsdeveloper,4222.0,4164.0,0.0,0.0,0,0,0,208.0,0.0,0.0,0.0
levisjani/java,4174.0,3768.0,0.3333333333333333,0.0,0,0,0,214.0,0.0,0.0,0.0
levohuutri/quanlytruonghoc-trituanly,4384.0,3568.0,0.0,0.0,0,0,0,800.0,0.0,0.0,0.0
lexwebb/GoldRushMC,4613.0,4592.0,0.6666666666666666,0.0,0,0,0,194.0,0.06315789473684211,0.0,0.0
lgnlgn/ansj4solr,4435.0,4270.0,0.6923076923076923,0.0,0,0,0,57.0,1.105263157894737,0.0,0.0
lgrignon/jsweet-gradle-plugin,3650.0,3585.0,2.0,0.0,0,0,0,85.0,0.8064516129032258,0.0,0.0
lgrignon/jsweet-maven-plugin,3664.0,3484.0,1.25,0.0,0,0,0,67.0,1.8333333333333333,0.0,0.0
lgrote/orderly,5023.0,5360.0,0.5,0.0,0,0,0,272.0,1.010989010989011,0.0,0.0
lhanson/checkstyle,5374.0,5366.0,0.2,0.0,0,0,0,3132.0,0.6336134453781512,0.0,0.0
lhein/EclipseToMavenTooling,5521.0,5460.0,0.6666666666666666,0.0,0,0,0,46.0,1.6923076923076923,0.0,0.0
lhfei/stock-thinker,3890.0,3878.0,0.5,0.0,0,0,0,281.0,3.4423076923076925,0.0,0.0
lhfei/vdn-log-thinker,3928.0,3754.0,1.0,0.0,0,0,0,727.0,0.4711864406779661,0.0,0.0
lhw/duckduckgo,4918.0,3816.0,0.5,0.0,0,0,0,72.0,0.7407407407407407,0.0,0.0
liamgomez75/Chatblind,4412.0,4412.0,0.5,0.0,0,0,0,38.0,0.35294117647058826,0.0,0.0
liblouis/liblouis-java,4894.0,3514.0,0.0,0.0,0,0,0,98.0,0.8571428571428571,0.0,0.0
libofeng/JspGrid,3960.0,3959.0,0.0,0.0,0,0,0,685.0,1.0807174887892377,0.0,0.0
librato/disco-java,4240.0,3526.0,1.6,0.0,0,0,0,245.0,2.660377358490566,0.0,0.0
librato/watchconf,3997.0,3927.0,4.0,0.0,0,0,0,291.0,3.327272727272727,0.0,0.0
libreoss/lucene-moduli,4554.0,4530.0,0.5,0.0,0,0,0,38.0,0.0,0.0,0.0
liferay/liferay-blade-cli,3539.0,3463.0,0.14285714285714285,0.0,0,0,0,3877.0,0.0171606864274571,0.0,0.0
lightoze/gwt-i18n-server,5426.0,3679.0,3.5555555555555554,0.0,0,0,0,232.0,1.0,0.0,0.0
lightstorm/lightstorm-server,5369.0,5369.0,1.0,0.0,0,0,0,456.0,0.0,0.0,0.0
line/armeria,3683.0,3462.0,4.825581395348837,0.0,0,0,0,3997.0,4.743676222596965,0.0,0.0
lingxiaoxuan/liquidtrack,4184.0,4157.0,0.5,0.0,0,0,0,208.0,0.0,0.0,0.0
link-intersystems/GitDirStat,4006.0,3986.0,1.0,0.0,0,0,0,833.0,1.4362139917695473,0.0,0.0
linkedin/Cubert,4096.0,3766.0,4.733333333333333,0.0,0,0,0,1267.0,1.4767123287671233,0.0,0.0
linkedin/MTBT,4018.0,3986.0,0.7142857142857143,0.0,0,0,0,898.0,0.45231607629427795,0.0,0.0
linkedin/PalDB,3822.0,3462.0,5.892156862745098,0.0,0,0,0,209.0,0.6375,0.0,0.0
linkedin/bowser,5320.0,5312.0,2.0,0.0,0,0,0,743.0,3.173611111111111,0.0,0.0
linkedin/gobblin,4032.0,3461.0,2.471774193548387,0.0,0,0,0,4316.0,0.0,0.0,0.0
linkshare/cdh-storm,3728.0,3568.0,1.3333333333333333,0.0,0,0,0,393.0,0.015306122448979591,0.0,0.0
linqs/psl,5253.0,3562.0,1.9090909090909092,0.0,0,0,0,2129.0,1.2141779788838611,0.0,0.0
linux-china/ali-oss-java-cli,4897.0,4621.0,2.25,0.0,0,0,0,267.0,2.0757575757575757,0.0,0.0
linux-china/google-totp-java,3833.0,3820.0,1.0,0.0,0,0,0,62.0,1.5555555555555556,0.0,0.0
linuxras/jtwitz,5617.0,5602.0,1.0,0.0,0,0,0,2621.0,0.1085209003215434,0.0,0.0
linzi-zero/billiards,4527.0,4507.0,0.5,0.0,0,0,0,320.0,0.0,0.0,0.0
liosha2007/dotcms-groupdocs-comparison-source,4515.0,4514.0,0.0,0.0,0,0,0,30.0,0.0,0.0,0.0
lipengyu/tm_weibo,4125.0,4416.0,0.0,0.0,0,0,0,42.0,0.0,0.0,0.0
lipisha/lipisha-java-sdk,3698.0,3695.0,0.25,0.0,0,0,0,286.0,2.1739130434782608,0.0,0.0
liquibase/BACKUP_FROM_SVN,5299.0,5274.0,2.0,0.0,0,0,0,5192.0,1.7366906474820143,0.0,0.0
lisaglendenning/zookeeper-clients,4493.0,3744.0,1.0,0.0,0,0,0,174.0,0.0,0.0,0.0
lisosia/c2v,3888.0,3513.0,0.0,0.0,0,0,0,226.0,1.1232876712328768,0.0,0.0
litecoin-extras/nxt-public-key-client,4118.0,4118.0,0.0,0.0,0,0,0,872.0,0.0,0.0,0.0
literacyapp-org/literacyapp-web,3635.0,3475.0,0.5,0.0,0,0,0,1083.0,1.7804878048780488,0.0,0.0
litesoft/LiteSoftServerUtils,4209.0,4068.0,0.0,0.0,0,0,0,146.0,0.0,0.0,0.0
litesolutions/sonar-dummylanguage,3918.0,3911.0,0.5,0.0,0,0,0,254.0,1.6056338028169015,0.0,0.0
lithiumtech/mineraloil-waiters,3871.0,3496.0,0.0,0.0,0,0,0,97.0,1.96,0.0,0.0
littcai/littcore-codegen,4342.0,3569.0,0.0,0.0,0,0,0,214.0,0.0,0.0,0.0
liufeiit/scheduler,4450.0,4430.0,0.0,0.0,0,0,0,212.0,0.5168539325842697,0.0,0.0
liuling07/QiQuYingServer,3677.0,3676.0,1.4,0.0,0,0,0,590.0,0.0,0.0,0.0
liuxiaolsdx/SimpleWeibo,3688.0,3562.0,1.0,0.0,0,0,0,390.0,1.6296296296296295,0.0,0.0
liuxinglanyue/hot2hot,3977.0,3971.0,0.75,0.0,0,0,0,80.0,0.0,0.0,0.0
liuyangming/ByteJTA,3650.0,3497.0,1.5,0.0,0,0,0,347.0,1.0884955752212389,0.0,0.0
livetribe/livetribe-jmx-json,5471.0,5096.0,0.5,0.0,0,0,0,110.0,0.0,0.0,0.0
livetribe/livetribe-jsr223,5551.0,4884.0,0.5,0.0,0,0,0,76.0,0.8888888888888888,0.0,0.0
livingsocial/HiveSwarm,5368.0,3514.0,2.3095238095238093,0.0,0,0,0,181.0,1.1016949152542372,0.0,0.0
lizhuoli1126/e-lexer,3664.0,3615.0,1.0,0.0,0,0,0,166.0,0.0,0.0,0.0
ljljlj/jareau,3989.0,3980.0,0.0,0.0,0,0,0,429.0,1.013986013986014,0.0,0.0
ljo/exist-ocular-ocr,3510.0,3510.0,0.6666666666666666,0.0,0,0,0,333.0,0.042682926829268296,0.0,0.0
lkoskela/beaninject,5022.0,4689.0,3.5,0.0,0,0,0,246.0,1.542857142857143,0.0,0.0
lkrnac/patere,4314.0,4300.0,0.3333333333333333,0.0,0,0,0,99.0,1.15625,0.0,0.0
lkumarjain/jain-I18n,4015.0,3742.0,0.0,0.0,0,0,0,304.0,1.6867469879518073,0.0,0.0
llv22/baidu_push_sdk_java,3959.0,3495.0,0.0,0.0,0,0,0,589.0,1.1774193548387097,0.0,0.0
lmarchesoti/2015-2-IP2-online-chat,3744.0,3650.0,0.5,0.0,0,0,0,203.0,3.2564102564102564,0.0,0.0
lo9key/ASCII_Art,4202.0,4100.0,1.0,0.0,0,0,0,56.0,0.0,0.0,0.0
lobobeebe/PL0Parser,3591.0,3526.0,0.0,0.0,0,0,0,182.0,0.0,0.0,0.0
localmatters/lesscss4j,5369.0,5360.0,2.0,0.0,0,0,0,492.0,0.06694560669456066,0.0,0.0
lockss/lockss-daemon,3625.0,3460.0,0.3333333333333333,0.0,0,0,0,14540.0,0.37964326624120437,0.0,0.0
locurasoft/osxmidi4j,4459.0,3848.0,2.0,0.0,0,0,0,268.0,2.5,0.0,0.0
lodms/lodms-plugins,4633.0,4322.0,1.0,0.0,0,0,0,374.0,0.0,0.0,0.0
logentries/le_java,5214.0,3461.0,0.6666666666666666,0.0,0,0,0,106.0,0.03773584905660377,0.0,0.0
logicalexpert/spring-mongo-vaadin-geo,3995.0,3994.0,0.0,0.0,0,0,0,287.0,1.0104166666666667,0.0,0.0
logicchains/MagicForest,4204.0,4189.0,0.0,0.0,0,0,0,24.0,0.0,0.0,0.0
logiclinegmbh/swapp,3744.0,3512.0,0.75,0.0,0,0,0,184.0,2.0434782608695654,0.0,0.0
login-box/dropwizard-mybatis,3906.0,3466.0,1.25,0.0,0,0,0,172.0,0.0,0.0,0.0
loicminghetti/touchpdf,3919.0,3514.0,0.6,0.0,0,0,0,30.0,0.0,0.0,0.0
lomadurov/netbeans-jslint,5130.0,4429.0,2.4166666666666665,0.0,0,0,0,78.0,0.0,0.0,0.0
lomin/despot,4319.0,3637.0,0.0,0.0,0,0,0,507.0,2.9901960784313726,0.0,0.0
london-escience/tempss,3988.0,3561.0,0.25,0.0,0,0,0,510.0,1.9083969465648856,0.0,0.0
longkerdandy/mithqtt,3784.0,3506.0,1.3636363636363635,0.0,0,0,0,974.0,1.003076923076923,0.0,0.0
longluo/Java-Interview-Questions,3668.0,3614.0,0.0,0.0,0,0,0,268.0,0.0,0.0,0.0
longluo/JavaDemo,3844.0,3614.0,0.0,0.0,0,0,0,200.0,0.0,0.0,0.0
lonnyj/liquibase-spatial,4319.0,3584.0,1.6666666666666667,0.0,0,0,0,224.0,0.0,0.0,0.0
lookout/whoas,4003.0,3905.0,0.0,0.0,0,0,0,172.0,0.0,0.0,0.0
looly/hulu,4265.0,3494.0,0.25,0.0,0,0,0,225.0,0.948051948051948,0.0,0.0
loopingz/hue-api,4658.0,4331.0,2.0,0.0,0,0,0,100.0,1.2903225806451613,0.0,0.0
lord-ralf-adolf/Lordroid_One_Deodexer_To_Rule_Them_ALL,3599.0,3523.0,1.0,0.0,0,0,0,354.0,0.057803468208092484,0.0,0.0
lorebiga/CheckboxTree,3783.0,3751.0,0.5,0.0,0,0,0,212.0,0.0,0.0,0.0
lorenzosaino/gae-webmonitor,3907.0,3907.0,1.0,0.0,0,0,0,60.0,0.0,0.0,0.0
lorisdanto/symbolicautomata,4119.0,3460.0,2.0,0.0,0,0,0,587.0,1.4046242774566473,0.0,0.0
lorthos/incubator-zeppelin-druid,3562.0,3562.0,0.6666666666666666,0.0,0,0,0,23801.0,19.897884084636615,0.0,0.0
lossurdo/CacheFilter,4545.0,4288.0,0.5,0.0,0,0,0,22.0,0.0,0.0,0.0
lostdragon/cobar,4796.0,4796.0,1.3333333333333333,0.0,0,0,0,3040.0,1.2780172413793103,0.0,0.0
lotaris/jee-validation,4065.0,3686.0,0.5,0.0,0,0,0,434.0,3.253012048192771,0.0,0.0
lotaris/junitee-data-utils,4065.0,3931.0,0.0,0.0,0,0,0,398.0,2.8780487804878048,0.0,0.0
lotaris/lotaris-glassfish-maven-plugin,4046.0,3577.0,0.5,0.0,0,0,0,356.0,3.774193548387097,0.0,0.0
loviworld/puppy-io,3551.0,3471.0,0.3333333333333333,0.0,0,0,0,317.0,1.1584158415841583,0.0,0.0
lovromazgon/activiti-hashed-passwords,4102.0,3708.0,0.25,0.0,0,0,0,59.0,1.05,0.0,0.0
loxal/Epvin,4946.0,3484.0,4.0,0.0,0,0,0,466.0,1.2054794520547945,0.0,0.0
loxal/iOS-app-template,3935.0,3466.0,0.5,0.0,0,0,0,193.0,0.9104477611940298,0.0,0.0
lozga/rocketcalc,4286.0,4283.0,1.0,0.0,0,0,0,74.0,0.08108108108108109,0.0,0.0
lpandzic/junit-bdd,4339.0,3956.0,6.5,0.0,0,0,0,169.0,2.8857142857142857,0.0,0.0
lpxz/grail-lucene358684,4405.0,3822.0,0.0,0.0,0,0,0,2476.0,0.0,0.0,0.0
lrlucena/While,4347.0,3800.0,0.5,0.0,0,0,0,64.0,0.0,0.0,0.0
lrscp/ControlAndroidDeviceFromPC,4017.0,4015.0,1.6,0.0,0,0,0,434.0,0.0,0.0,0.0
lrtdc/light_drtc,3541.0,3530.0,2.5,0.0,0,0,0,139.0,0.13636363636363635,0.0,0.0
lrytz/sclasslib,5542.0,5456.0,2.0,0.0,0,0,0,985.0,0.7960339943342776,0.0,0.0
ls1intum/jReto,3953.0,3569.0,0.6666666666666666,0.0,0,0,0,334.0,0.0,0.0,0.0
lsiu/vaadin-mongo-container,4525.0,4494.0,0.6666666666666666,0.0,0,0,0,90.0,0.0,0.0,0.0
lsu-ub-uu/cora-systemone,3702.0,3484.0,0.5,0.0,0,0,0,52.0,0.0,0.0,0.0
ltasks/ltasks4j,5197.0,5187.0,2.0,0.0,0,0,0,122.0,1.1794871794871795,0.0,0.0
ltettoni/logic2j,5199.0,3480.0,1.0,0.0,0,0,0,609.0,0.3590733590733591,0.0,0.0
luc4sdreyer/topcoder,4093.0,3924.0,0.5,0.0,0,0,0,4272.0,0.0,0.0,0.0
lucascs/minicurso-completo,5894.0,5894.0,0.5,0.0,0,0,0,291.0,0.00684931506849315,0.0,0.0
lucasponce/minicmsportlet,4987.0,4702.0,2.0,0.0,0,0,0,131.0,0.078125,0.0,0.0
lucaswalter/Staley-Robotics-2014,4354.0,4313.0,0.75,0.0,0,0,0,138.0,0.0,0.0,0.0
lucene-ws/lucene-ws,5795.0,5795.0,1.5,0.0,0,0,0,537.0,2.0526315789473686,0.0,0.0
lucidfrontier45/ElasticsearchSink2,3687.0,3472.0,2.0,0.0,0,0,0,115.0,0.925,0.0,0.0
lucidworks/hadoop-solr,3770.0,3463.0,1.8571428571428572,0.0,0,0,0,364.0,0.0,0.0,0.0
lucidworks/hive-solr,3770.0,3463.0,0.875,0.0,0,0,0,94.0,0.0,0.0,0.0
lucidworks/mlockall-agent,4595.0,4591.0,3.125,0.0,0,0,0,14.0,0.0,0.0,0.0
lucidworks/pig-solr,3770.0,3462.0,1.3333333333333333,0.0,0,0,0,90.0,0.0,0.0,0.0
lucidworks/sidecar_index,4442.0,4422.0,1.0,0.0,0,0,0,65.0,0.030303030303030304,0.0,0.0
lucidworks/solr-scale-tk,4269.0,3475.0,3.823529411764706,0.0,0,0,0,238.0,0.6666666666666666,0.0,0.0
ludal360/Perdido,3539.0,3493.0,0.0,0.0,0,0,0,160.0,0.0,0.0,0.0
ludo1026/telosys-tools-saas-mongodb2,3945.0,3944.0,0.0,0.0,0,0,0,118.0,1.2432432432432432,0.0,0.0
ludokx/jelp,4521.0,4520.0,0.0,0.0,0,0,0,147.0,0.7592592592592593,0.0,0.0
ludovicianul/selenium-on-steroids,4723.0,4241.0,4.0,0.0,0,0,0,250.0,2.8461538461538463,0.0,0.0
ludovicianul/vassal,3681.0,3680.0,0.0,0.0,0,0,0,77.0,1.16,0.0,0.0
luhuiguo/chinese-utils,4344.0,3807.0,1.6923076923076923,0.0,0,0,0,112.0,1.1666666666666667,0.0,0.0
luhuiguo/speech,4254.0,4250.0,0.0,0.0,0,0,0,134.0,1.1627906976744187,0.0,0.0
luiscubal/jasmin,4960.0,4960.0,1.5,0.0,0,0,0,378.0,0.0,0.0,0.0
luisibanez/ICY-ITK-Plugins,5375.0,5374.0,1.5,0.0,0,0,0,6.0,0.0,0.0,0.0
luisibanez/running-with-zebras-101,3988.0,3970.0,0.0,0.0,0,0,0,70.0,0.0,0.0,0.0
luismg9415/jhonatan-luis,4478.0,4478.0,0.0,0.0,0,0,0,42.0,0.0,0.0,0.0
luizvarela/grafos_java,4833.0,4815.0,0.0,0.0,0,0,0,2192.0,0.0,0.0,0.0
luizventurote/agenda-eletronica,4266.0,4263.0,0.0,0.0,0,0,0,128.0,0.0,0.0,0.0
lukacsd/kh-annex,3551.0,3467.0,0.0,0.0,0,0,0,84.0,0.2631578947368421,0.0,0.0
lukacu/gridland,4914.0,4914.0,0.5,0.0,0,0,0,116.0,0.0,0.0,0.0
lukas-krecan/hamcrest-logger,4412.0,4412.0,0.0,0.0,0,0,0,62.0,0.9090909090909091,0.0,0.0
lukas-krecan/smock,4413.0,4412.0,3.0,0.0,0,0,0,1646.0,0.5314900153609831,0.0,0.0
lukas-krecan/spring-ws-test,4605.0,4604.0,0.5,0.0,0,0,0,703.0,0.9253112033195021,0.0,0.0
lukashinsch/spring-boot-extended-logging-properties,3906.0,3822.0,0.25,0.0,0,0,0,72.0,0.0,0.0,0.0
lukashinsch/spring-properties-decrypter,3907.0,3800.0,0.6666666666666666,0.0,0,0,0,68.0,0.0,0.0,0.0
lukaszbudnik/cxf-jax-rs-example,4967.0,3998.0,0.875,0.0,0,0,0,62.0,1.368421052631579,0.0,0.0
lukaszbudnik/eclipselink-multitenant,4011.0,3998.0,0.0,0.0,0,0,0,125.0,0.8222222222222222,0.0,0.0
lukaszbudnik/gugis-rx,3941.0,3940.0,0.0,0.0,0,0,0,174.0,0.7076923076923077,0.0,0.0
lukaszbudnik/qualitas,4995.0,3998.0,1.0,0.0,0,0,0,1518.0,0.0,0.0,0.0
luke-jr/ZtexBTCMiner,4569.0,4569.0,0.0,0.0,0,0,0,44.0,0.0,0.0,0.0
lukiano/scalaspring,4687.0,4261.0,0.0,0.0,0,0,0,69.0,0.4482758620689655,0.0,0.0
lukmaz/BitcoinLottery,4353.0,3871.0,0.3333333333333333,0.0,0,0,0,137.0,1.6578947368421053,0.0,0.0
luksab/MultiTTT,3579.0,3526.0,1.0,0.0,0,0,0,826.0,0.0,0.0,0.0
lumifyio/miniweb,4437.0,3902.0,2.3333333333333335,0.0,0,0,0,205.0,2.7045454545454546,0.0,0.0
lunatech-labs/play-module-resteasycrud,5523.0,5282.0,2.6666666666666665,0.0,0,0,0,104.0,0.038461538461538464,0.0,0.0
lunifera/lunifera-dsl,4772.0,3783.0,0.5,0.0,0,0,0,4792.0,0.0,0.0,0.0
lunifera/lunifera-runtime,4772.0,3785.0,1.0,0.0,0,0,0,608.0,0.0,0.0,0.0
lunifera/lunifera-sharky-m2m,4477.0,4436.0,0.3333333333333333,0.0,0,0,0,2940.0,0.0,0.0,0.0
luowenqiang/s2s3m3,4301.0,4300.0,0.0,0.0,0,0,0,195.0,1.1746031746031746,0.0,0.0
luozy/fqueue,3851.0,3851.0,0.0,0.0,0,0,0,283.0,1.1318681318681318,0.0,0.0
lusis/zmq-appender,5003.0,4756.0,1.6666666666666667,0.0,0,0,0,83.0,0.7419354838709677,0.0,0.0
luukdehaas/jotify,5873.0,5970.0,0.5,0.0,0,0,0,460.0,0.0,0.0,0.0
luwrain/doctree,3817.0,3473.0,0.0,0.0,0,0,0,174.0,0.022988505747126436,0.0,0.0
luwrain/luwrain,4830.0,3470.0,2.2,0.0,0,0,0,530.0,0.007547169811320755,0.0,0.0
lviggiano/WakeOnLanJava,3823.0,3823.0,1.0,0.0,0,0,0,14.0,0.0,0.0,0.0
lviggiano/owner,4741.0,3471.0,4.086956521739131,0.0,0,0,0,1925.0,2.758024691358025,0.0,0.0
lysu/mybatis-shard,4272.0,3569.0,0.8333333333333334,0.0,0,0,0,1579.0,1.155688622754491,0.0,0.0
m039/Excel-to-Anki,5331.0,5330.0,2.0,0.0,0,0,0,72.0,0.05555555555555555,0.0,0.0
m09/aho-corasick,4182.0,3874.0,0.5,0.0,0,0,0,76.0,1.5454545454545454,0.0,0.0
m0pt0pmatt/MenuService,4528.0,4115.0,0.25,0.0,0,0,0,46.0,0.0,0.0,0.0
m2ci-msp/artk,4285.0,3555.0,0.3333333333333333,0.0,0,0,0,162.0,0.8275862068965517,0.0,0.0
m3rcuriel/controve,3749.0,3584.0,0.0,0.0,0,0,0,351.0,0.9663865546218487,0.0,0.0
ma-ha/Jenkins-WSO2AS-Deployer,4377.0,4217.0,1.0,0.0,0,0,0,452.0,2.323809523809524,0.0,0.0
maayanktyagi/Project_Gravity,3603.0,3602.0,0.5,0.0,0,0,0,16.0,0.0,0.0,0.0
mabe02/lanterna,3823.0,3463.0,6.456521739130435,0.0,0,0,0,1438.0,1.711340206185567,0.0,0.0
mabrowning/minecraft-vr-base,4328.0,3827.0,2.0,0.0,0,0,0,107.0,2.037037037037037,0.0,0.0
mabrowning/minecrift,4583.0,3516.0,2.506666666666667,0.0,0,0,0,718.0,0.0,0.0,0.0
macajind/WebChecker,3987.0,3916.0,0.75,0.0,0,0,0,276.0,0.07462686567164178,0.0,0.0
machine-learning-scala/mls,4204.0,3547.0,0.5,0.0,0,0,0,200.0,0.0,0.0,0.0
maciekmm/AntiAura,4251.0,3692.0,0.26666666666666666,0.0,0,0,0,78.0,0.9629629629629629,0.0,0.0
mackoy/play12cay-example,4360.0,4360.0,0.0,0.0,0,0,0,208.0,0.0,0.0,0.0
madeye-matt/skype-notify-my-android,4364.0,4354.0,0.5,0.0,0,0,0,34.0,0.0,0.0,0.0
madhephaestus/bowler-script-kernel,3706.0,3634.0,0.0,0.0,0,0,0,318.0,0.06451612903225806,0.0,0.0
madriska/etherpad,5841.0,5841.0,1.8888888888888888,0.0,0,0,0,2556.0,0.0,0.0,0.0
madusankap/dss-api,4015.0,3816.0,0.3333333333333333,0.0,0,0,0,325.0,2.2467532467532467,0.0,0.0
maginatics/jdbclint,4496.0,4298.0,4.75,0.0,0,0,0,99.0,1.6071428571428572,0.0,0.0
maginatics/urlshortener,4375.0,3912.0,2.5,0.0,0,0,0,108.0,1.793103448275862,0.0,0.0
magnetsystems/message-common,3787.0,3477.0,0.0,0.0,0,0,0,406.0,2.0396039603960396,0.0,0.0
magnetsystems/r2m-plugin-android,4115.0,3952.0,4.571428571428571,0.0,0,0,0,338.0,0.0,0.0,0.0
magnusvk/FlickrFaves,4772.0,4184.0,5.666666666666667,0.0,0,0,0,74.0,0.0,0.0,0.0
mago1chi/cTPR,4052.0,3920.0,0.0,0.0,0,0,0,792.0,0.0,0.0,0.0
maguero/hootsuite-coupon-plugin,3758.0,3716.0,0.5,0.0,0,0,0,555.0,1.3757575757575757,0.0,0.0
maguro/lua4j,5721.0,4525.0,1.6666666666666667,0.0,0,0,0,101.0,0.2391304347826087,0.0,0.0
maidsafe-archive/CI-Jenkins-Plugin,3996.0,3946.0,0.25,0.0,0,0,0,319.0,2.652173913043478,0.0,0.0
mailosaurapp/mailosaur-java,4549.0,3470.0,0.3333333333333333,0.0,0,0,0,98.0,1.0303030303030303,0.0,0.0
mainini/stiam-sender,3946.0,3723.0,0.0,0.0,0,0,0,431.0,3.216867469879518,0.0,0.0
majkilde/LogFileReader,4330.0,3685.0,0.5,0.0,0,0,0,476.0,0.0,0.0,0.0
majutsushi/dungeonmapper,4947.0,4838.0,1.5,0.0,0,0,0,168.0,0.04819277108433735,0.0,0.0
makeoo/Gadomancy,3711.0,3462.0,1.8,0.0,0,0,0,1160.0,0.8135593220338984,0.0,0.0
makersoft/makereap,4973.0,3569.0,0.8888888888888888,0.0,0,0,0,1613.0,1.198019801980198,0.0,0.0
makersoft/mybatis-shards,4908.0,3760.0,1.0089285714285714,0.0,0,0,0,716.0,1.1491228070175439,0.0,0.0
makgyver/MKtmdb,4748.0,4511.0,1.0,0.0,0,0,0,806.0,0.0,0.0,0.0
makotan/cfngraph,4344.0,4305.0,1.0,0.0,0,0,0,116.0,0.8780487804878049,0.0,0.0
makotan/ninja-pac4j,4304.0,4294.0,0.25,0.0,0,0,0,84.0,1.1851851851851851,0.0,0.0
malapert/JHIPS,3694.0,3671.0,0.0,0.0,0,0,0,154.0,0.08,0.0,0.0
malensek/jbsdiff,4701.0,3558.0,1.7142857142857142,0.0,0,0,0,100.0,1.1875,0.0,0.0
malerisch/burp-csj,4501.0,4011.0,2.1666666666666665,0.0,0,0,0,28.0,0.0,0.0,0.0
malkusch/validation,4385.0,3636.0,3.0,0.0,0,0,0,616.0,1.6140350877192982,0.0,0.0
mallocator/Elasticsearch-HBase-River,4666.0,4297.0,0.5862068965517241,0.0,0,0,0,119.0,1.457142857142857,0.0,0.0
malo-denielou/humannetwork,4213.0,3572.0,0.0,0.0,0,0,0,68.0,0.0,0.0,0.0
malteseduck/sonar-xquery-plugin,4484.0,3552.0,3.25,0.0,0,0,0,282.0,0.11940298507462686,0.0,0.0
manabreak/libclicker,3704.0,3694.0,4.5,0.0,0,0,0,116.0,0.8780487804878049,0.0,0.0
manahl/jenkins-blueprint-plugin,3826.0,3568.0,4.0,0.0,0,0,0,113.0,2.6,0.0,0.0
manheim/aws-request-signer,3681.0,3560.0,1.0,0.0,0,0,0,65.0,1.5263157894736843,0.0,0.0
manojrana114/springboot,3675.0,3667.0,0.0,0.0,0,0,0,84.0,0.0,0.0,0.0
manolo/gwtupload,4826.0,3514.0,1.054054054054054,0.0,0,0,0,428.0,0.0,0.0,0.0
manouti/jar-timestamp-normalize-maven-plugin,3843.0,3463.0,0.0,0.0,0,0,0,71.0,2.5625,0.0,0.0
mantacode/play-akismet,4246.0,4240.0,0.0,0.0,0,0,0,105.0,1.1470588235294117,0.0,0.0
manthanhd/youtube-mychatappp,4147.0,4147.0,0.25,0.0,0,0,0,57.0,0.95,0.0,0.0
mantra/compiler,4324.0,4038.0,1.5,0.0,0,0,0,388.0,1.9795918367346939,0.0,0.0
manuelbernhardt/play-idea,5344.0,5344.0,3.5,0.0,0,0,0,86.0,0.0,0.0,0.0
manuelbua/libgdx-contribs,4905.0,3510.0,3.0961538461538463,0.0,0,0,0,401.0,0.8992805755395683,0.0,0.0
manuelgentile/MAP,4057.0,3651.0,0.0,0.0,0,0,0,2390.0,0.0,0.0,0.0
manueljordan/manolowebjspboot,4212.0,4212.0,0.3333333333333333,0.0,0,0,0,246.0,2.1333333333333333,0.0,0.0
manuzhang/storm-benchmark,4263.0,3535.0,0.3157894736842105,0.0,0,0,0,486.0,1.069182389937107,0.0,0.0
manywho/service-twilio,3694.0,3504.0,0.0,0.0,0,0,0,578.0,1.036649214659686,0.0,0.0
maofw/netty_push_server,4061.0,4057.0,0.8333333333333334,0.0,0,0,0,2598.0,0.0,0.0,0.0
map-reduce-ka-tadka/slim-map-reduce,3530.0,3522.0,1.0,0.0,0,0,0,467.0,0.3333333333333333,0.0,0.0
mapfish/mapfish-print,5151.0,3461.0,0.3047945205479452,0.0,0,0,0,4819.0,0.6963087248322147,0.0,0.0
mapio/tartaruga,3659.0,3650.0,0.0,0.0,0,0,0,62.0,0.6666666666666666,0.0,0.0
mapr-demos/mapr-streams-sample-programs,3568.0,3547.0,0.5,0.0,0,0,0,60.0,1.263157894736842,0.0,0.0
mapr-demos/maprdb-ojai-101,3784.0,3486.0,0.0,0.0,0,0,0,50.0,1.0588235294117647,0.0,0.0
mapr-emea/apache-drill-jdbc-plugin,3860.0,3823.0,1.0,0.0,0,0,0,74.0,0.0,0.0,0.0
mar9000/salt9000,4116.0,4095.0,0.5,0.0,0,0,0,419.0,5.654545454545454,0.0,0.0
maradine/reprobot,4389.0,4382.0,0.0,0.0,0,0,0,24.0,0.0,0.0,0.0
marcelbirkner/selenium2-maven-project,3723.0,3655.0,0.3333333333333333,0.0,0,0,0,39.0,1.4166666666666667,0.0,0.0
marcelomorales-name/crypto-explorer,4862.0,4842.0,0.0,0.0,0,0,0,144.0,2.0555555555555554,0.0,0.0
marceloverdijk/togglz-spring-boot,3626.0,3593.0,3.0,0.0,0,0,0,323.0,1.25,0.0,0.0
marcin212/LodeLoader,3818.0,3815.0,0.5,0.0,0,0,0,73.0,1.5714285714285714,0.0,0.0
marciojrtorres/aps-2014-2,4197.0,4053.0,0.0,0.0,0,0,0,204.0,0.0,0.0,0.0
marciojrtorres/dbo-2015,3945.0,3715.0,0.5,0.0,0,0,0,366.0,0.0,0.0,0.0
marcjansen/geoserver-wps-archetype,4085.0,3535.0,0.0,0.0,0,0,0,104.0,0.0,0.0,0.0
marcoandreini/demo-querydsl,4333.0,4333.0,0.0,0.0,0,0,0,50.0,1.7142857142857142,0.0,0.0
marcobehler/marcobehler-blog,4245.0,4245.0,0.0,0.0,0,0,0,40.0,0.0,0.0,0.0
marcocor/bat-framework,4378.0,3519.0,1.7,0.0,0,0,0,3346.0,1.027124773960217,0.0,0.0
marcofernandezheras/AcademiaV1,3805.0,3748.0,0.0,0.0,0,0,0,34.0,0.0,0.0,0.0
marcojakob/javafx-ui-sandbox,4795.0,3847.0,1.1333333333333333,0.0,0,0,0,100.0,0.0,0.0,0.0
marcust/ttbin-java,4175.0,3824.0,1.75,0.0,0,0,0,129.0,0.9772727272727273,0.0,0.0
mariofusco/lambdaj,5191.0,4908.0,3.75,0.0,0,0,0,2355.0,0.6188888888888889,0.0,0.0
mariosotil/river-framework-demo,3905.0,3697.0,0.0,0.0,0,0,0,170.0,0.0,0.0,0.0
marissazhou/ImageUploader,4080.0,4080.0,0.0,0.0,0,0,0,92.0,0.0,0.0,0.0
mariusae/cassandra,5700.0,5593.0,0.6666666666666666,0.0,0,0,0,2507.0,1.455922865013774,0.0,0.0
markenwerk/java-utils-data-fetcher,3716.0,3496.0,0.0,0.0,0,0,0,174.0,2.5128205128205128,0.0,0.0
markhobson/hamcrest-compose,3879.0,3771.0,6.333333333333333,0.0,0,0,0,170.0,1.44,0.0,0.0
markiewb/nb-copy-fqn,3962.0,3556.0,0.5,0.0,0,0,0,151.0,1.4,0.0,0.0
markito/GemFire-WAN-REST-example,3999.0,3999.0,0.0,0.0,0,0,0,92.0,0.0,0.0,0.0
markkent/serial-executor-service,4960.0,3882.0,0.6666666666666666,0.0,0,0,0,79.0,2.5,0.0,0.0
markkerzner/FreeEedUI,4464.0,3508.0,1.8,0.0,0,0,0,524.0,1.7841726618705036,0.0,0.0
markmc/rhevm-api,5558.0,5352.0,0.75,0.0,0,0,0,1916.0,0.5403973509933775,0.0,0.0
markoradinovic/Vaadin4Spring-MVP,4147.0,4147.0,0.0,0.0,0,0,0,42.0,0.0,0.0,0.0
markoradinovic/Vaadin4Spring-MVP-Sample,4147.0,4147.0,1.0,0.0,0,0,0,90.0,0.0,0.0,0.0
markormesher/stack-program-visualiser,3974.0,3926.0,0.0,0.0,0,0,0,48.0,0.0,0.0,0.0
markovandooren/jlo,4659.0,3463.0,1.0,0.0,0,0,0,503.0,0.2544642857142857,0.0,0.0
markus1978/clickwatch,4694.0,4657.0,0.0,0.0,0,0,0,5414.0,0.0,0.0,0.0
markusheiden/c64dt,4064.0,3718.0,0.0,0.0,0,0,0,392.0,0.04145077720207254,0.0,0.0
markusra/fellesprosjekt,3949.0,3898.0,0.0,0.0,0,0,0,234.0,0.0,0.0,0.0
markusstocker/emrooz,3930.0,3788.0,1.5,0.0,0,0,0,549.0,0.040740740740740744,0.0,0.0
marloncarvalho/javamagazine-googleplus,4239.0,4212.0,1.0,0.0,0,0,0,31.0,1.3,0.0,0.0
marnix/mytime,6205.0,6182.0,2.5,0.0,0,0,0,72.0,0.0,0.0,0.0
marom17/Teaching-HEIGVD-RES-2015-Labo-06,3849.0,3849.0,0.0,0.0,0,0,0,30.0,0.0,0.0,0.0
marook/eclipse-remote-control,5802.0,4707.0,4.0,0.0,0,0,0,244.0,0.0,0.0,0.0
marooou/git-param,4519.0,4260.0,0.0,0.0,0,0,0,135.0,2.566666666666667,0.0,0.0
marouni/pcap2seq,4209.0,4061.0,0.5,0.0,0,0,0,48.0,0.7777777777777778,0.0,0.0
marschall/svn-diffstat,4798.0,4213.0,2.0,0.0,0,0,0,189.0,2.0638297872340425,0.0,0.0
marssa/footprint,5257.0,4458.0,2.6666666666666665,0.0,0,0,0,401.0,0.004975124378109453,0.0,0.0
marthie/SSLReport,3829.0,3600.0,0.0,0.0,0,0,0,263.0,1.0813953488372092,0.0,0.0
martian-a/cards-against-humanity,4776.0,4705.0,1.5,0.0,0,0,0,264.0,0.9887640449438202,0.0,0.0
martin-helmich/jenkins-typo3surf-plugin,4625.0,4620.0,2.0,0.0,0,0,0,112.0,2.56,0.0,0.0
martinbigio/chatterbot,4758.0,4758.0,1.25,0.0,0,0,0,728.0,0.0,0.0,0.0
martinbigio/gluck-compiler,4758.0,4758.0,0.0,0.0,0,0,0,1399.0,0.0014285714285714286,0.0,0.0
martindisch/Networking,4295.0,4278.0,0.0,0.0,0,0,0,70.0,0.0,0.0,0.0
martindow/dropwizard-hazelcast-session,3816.0,3769.0,0.5,0.0,0,0,0,254.0,1.710144927536232,0.0,0.0
martinjmares/javaone2015-cloudone,3780.0,3705.0,0.6666666666666666,0.0,0,0,0,800.0,1.4718614718614718,0.0,0.0
martinpaljak/apdu4j,4024.0,3529.0,1.5,0.0,0,0,0,94.0,0.0,0.0,0.0
martinpaljak/esteid-applets,3992.0,3622.0,0.6666666666666666,0.0,0,0,0,70.0,0.0,0.0,0.0
martinpaljak/jcManager,5200.0,4298.0,1.7142857142857142,0.0,0,0,0,86.0,0.0,0.0,0.0
martinsson/no-type-checking,4485.0,4484.0,1.0,0.0,0,0,0,58.0,1.0,0.0,0.0
martylamb/nailgun,4770.0,3631.0,6.0588235294117645,0.0,0,0,0,356.0,2.904109589041096,0.0,0.0
marunjar/kusssLibrary,3942.0,3931.0,0.0,0.0,0,0,0,222.0,0.0,0.0,0.0
marviq/log4j-appender-jira,3519.0,3518.0,0.5,0.0,0,0,0,73.0,1.0,0.0,0.0
maryvogt/Hello-Spiffy-PHP,5295.0,5283.0,0.75,0.0,0,0,0,636.0,25.73913043478261,0.0,0.0
masahitojp/botan-core,3799.0,3470.0,4.0,0.0,0,0,0,134.0,0.0,0.0,0.0
masalinas/glukose-service,3583.0,3547.0,0.0,0.0,0,0,0,68.0,1.3333333333333333,0.0,0.0
masayukig/jpegtoavi,5534.0,5533.0,0.5,0.0,0,0,0,40.0,0.0,0.0,0.0
mash1t/Battleships,3830.0,3802.0,0.0,0.0,0,0,0,104.0,0.0,0.0,0.0
masmangan/bearded-tyrion,3855.0,3825.0,0.0,0.0,0,0,0,40.0,0.0,0.0,0.0
masmangan/super-duper-guide,3521.0,3465.0,0.0,0.0,0,0,0,72.0,0.0,0.0,0.0
masmangan/turbo-octo-lana,3888.0,3876.0,0.0,0.0,0,0,0,28.0,0.0,0.0,0.0
masneyb/flickrdownload,4507.0,3622.0,2.625,0.0,0,0,0,148.0,0.17391304347826086,0.0,0.0
massdosage/citrine-scheduler,3790.0,3566.0,1.0,0.0,0,0,0,400.0,0.0,0.0,0.0
massfords/i18njson-maven-plugin,3780.0,3693.0,0.5,0.0,0,0,0,123.0,1.4722222222222223,0.0,0.0
mast-group/codemining-core,4016.0,3840.0,2.5,0.0,0,0,0,318.0,0.0,0.0,0.0
mast-group/commitmining-tools,4021.0,3916.0,0.0,0.0,0,0,0,72.0,0.0,0.0,0.0
mast-group/naturalize,3755.0,3754.0,0.5,0.0,0,0,0,154.0,0.0,0.0,0.0
master-atul/ImShow-Java-OpenCV,4382.0,4083.0,1.1818181818181819,0.0,0,0,0,46.0,0.0,0.0,0.0
masterhard/jenkins-rusalad-plugin,4584.0,4506.0,0.0,0.0,0,0,0,288.0,1.7179487179487178,0.0,0.0
masternerdguy/Open-Skies,4301.0,3468.0,0.0,0.0,0,0,0,800.0,0.50625,0.0,0.0
masterodie/JabBukkit,4985.0,4980.0,0.3333333333333333,0.0,0,0,0,50.0,0.0,0.0,0.0
masters-info-nantes/commit-or-not-commit,3729.0,3660.0,0.0,0.0,0,0,0,174.0,0.0,0.0,0.0
masters-info-nantes/myLazyClock,4075.0,3732.0,3.0,0.0,0,0,0,586.0,0.0,0.0,0.0
matejkramny/Pong,4845.0,4753.0,0.0,0.0,0,0,0,90.0,0.0,0.0,0.0
mateusz-matela/djvu-html5,3791.0,3485.0,1.75,0.0,0,0,0,198.0,0.0,0.0,0.0
mateuszdyminski/rocks,3928.0,3928.0,0.0,0.0,0,0,0,81.0,0.8620689655172413,0.0,0.0
matey-jack/grouping-tests,4163.0,4155.0,0.0,0.0,0,0,0,60.0,0.9523809523809523,0.0,0.0
matf/org.concordion.ide.eclipse,5372.0,3633.0,0.5,0.0,0,0,0,150.0,0.0,0.0,0.0
matheus23/RuinsOfRevenge,4674.0,4590.0,2.176470588235294,0.0,0,0,0,486.0,0.0,0.0,0.0
matheusclaudino/sistemavenda,4232.0,4224.0,0.0,0.0,0,0,0,50.0,0.0,0.0,0.0
matiasf/workberch-tolopogy,4149.0,3872.0,1.0,0.0,0,0,0,308.0,2.1333333333333333,0.0,0.0
matiasiglesias/db4o,4189.0,4186.0,0.0,0.0,0,0,0,158.0,0.0,0.0,0.0
matlai17/Zillow-Classification-599,3875.0,3846.0,0.5,0.0,0,0,0,88.0,0.14285714285714285,0.0,0.0
matsufan/tales-core,4681.0,4681.0,0.2,0.0,0,0,0,786.0,0.0,0.0,0.0
mattb/flickrgeocoder-java,4818.0,4652.0,0.5,0.0,0,0,0,124.0,0.0,0.0,0.0
mattbroussard/polydrop-game,4315.0,4240.0,2.0,0.0,0,0,0,219.0,0.00909090909090909,0.0,0.0
mattcasters/pentaho-kettle-compare-fields-plugin,4335.0,4335.0,0.0,0.0,0,0,0,122.0,1.4444444444444444,0.0,0.0
matthewepler/ComputerGraphicsAndArt,4804.0,4802.0,4.777777777777778,0.0,0,0,0,24.0,0.0,0.0,0.0
matthewhorridge/telemetry,4508.0,3661.0,0.25,0.0,0,0,0,84.0,0.2631578947368421,0.0,0.0
matthewlmcclure/jira-rankof-jql-function,5518.0,5517.0,1.5,0.0,0,0,0,54.0,0.0,0.0,0.0
matthewmccullough/cascading-course,5302.0,4524.0,2.5,0.0,0,0,0,58.0,0.0,0.0,0.0
matthewmccullough/encryption-jvm-bootcamp,5818.0,4524.0,1.6,0.0,0,0,0,1014.0,0.15711252653927812,0.0,0.0
matthieu/simpel,6150.0,6088.0,1.0,0.0,0,0,0,134.0,0.0,0.0,0.0
mattiamascia/tmgusers-app,4306.0,4306.0,0.0,0.0,0,0,0,254.0,0.0,0.0,0.0
mattiasbpersson/radiatorpanel,4479.0,4478.0,0.0,0.0,0,0,0,148.0,3.5555555555555554,0.0,0.0
mattinsler/com.lowereast.guiceymongo,5761.0,5503.0,2.4,0.0,0,0,0,426.0,1.1240875912408759,0.0,0.0
mattkimmel/zax,5286.0,4958.0,3.3333333333333335,0.0,0,0,0,48.0,0.0,0.0,0.0
mattsta/etherpad,5297.0,5297.0,2.0,0.0,0,0,0,2536.0,0.0,0.0,0.0
matyix/flumeng-logback,4308.0,4308.0,0.0,0.0,0,0,0,141.0,0.803921568627451,0.0,0.0
matyix/yarn-queue-tests,4299.0,4295.0,0.0,0.0,0,0,0,69.0,1.2272727272727273,0.0,0.0
mauricio/java-sockets-threads-example,5485.0,5484.0,1.0,0.0,0,0,0,34.0,0.0,0.0,0.0
maurya/openmrs-module-ohdsi,3812.0,3762.0,0.0,0.0,0,0,0,274.0,2.380952380952381,0.0,0.0
maurya/openmrs-module-patientportaltoolkit,3864.0,3470.0,0.6666666666666666,0.0,0,0,0,961.0,2.5211267605633805,0.0,0.0
mavek87/Java-MyCopies,3943.0,3921.0,0.5,0.0,0,0,0,178.0,0.09302325581395349,0.0,0.0
maxan/Testes_Automatizados,4331.0,4301.0,0.0,0.0,0,0,0,292.0,0.0,0.0,0.0
maxdemarzi/dense,4636.0,4505.0,0.5,0.0,0,0,0,76.0,0.0,0.0,0.0
maxdemarzi/neo_hpce,4101.0,4066.0,1.0,0.0,0,0,0,105.0,1.5666666666666667,0.0,0.0
maxdemarzi/neo_warmup,3863.0,3863.0,2.5,0.0,0,0,0,60.0,1.875,0.0,0.0
maxdmayhew/happy-birthday-counter,3695.0,3577.0,0.0,0.0,0,0,0,30.0,0.0,0.0,0.0
maxeler/NetworkingCodeExamples,3811.0,3461.0,0.2857142857142857,0.0,0,0,0,932.0,0.0,0.0,0.0
maxeler/maxpower,4021.0,3567.0,1.4285714285714286,0.0,0,0,0,424.0,0.0,0.0,0.0
maxhille/panda-lib,5144.0,4511.0,0.6666666666666666,0.0,0,0,0,80.0,1.28,0.0,0.0
maxifier/x-guice,4785.0,3486.0,0.5,0.0,0,0,0,1093.0,1.8286713286713288,0.0,0.0
maxleiko/wsmsgbroker-java,4064.0,3490.0,0.0,0.0,0,0,0,141.0,1.4878048780487805,0.0,0.0
maxmind/MaxMind-DB-Reader-java,4582.0,3531.0,1.3333333333333333,0.0,0,0,0,76.0,0.0,0.0,0.0
maxmind/geoip-api-java,4927.0,3479.0,1.5263157894736843,0.0,0,0,0,207.0,0.7142857142857143,0.0,0.0
maxmind/minfraud-api-java,3834.0,3471.0,1.0,0.0,0,0,0,206.0,0.0,0.0,0.0
maxpowa/AdvancedHUD,4582.0,3799.0,1.1818181818181819,0.0,0,0,0,175.0,0.034482758620689655,0.0,0.0
maxschuster/Vaadin-LocalStorage,4467.0,3607.0,1.5,0.0,0,0,0,707.0,7.985915492957746,0.0,0.0
mayaknife/Stopwatch,4367.0,4243.0,0.0,0.0,0,0,0,16.0,0.0,0.0,0.0
mayatnikov/eventSimulator2,4428.0,4346.0,0.0,0.0,0,0,0,40.0,0.0,0.0,0.0
mazhaoyong/api-server-seed,3576.0,3496.0,0.7272727272727273,0.0,0,0,0,120.0,0.0,0.0,0.0
mback2k/jlibproxy,5194.0,4299.0,1.0,0.0,0,0,0,46.0,0.0,0.0,0.0
mbadran/yarc,6394.0,6394.0,0.5,0.0,0,0,0,35.0,0.0,0.0,0.0
mbalassi/streaming-performance,4179.0,3738.0,0.0,0.0,0,0,0,916.0,0.022026431718061675,0.0,0.0
mballance/psstools,4272.0,3461.0,0.0,0.0,0,0,0,862.0,0.0,0.0,0.0
mbana/scalify,5855.0,5846.0,1.75,0.0,0,0,0,804.0,0.0,0.0,0.0
mbarbero/p2-admin,4352.0,4178.0,1.1666666666666667,0.0,0,0,0,50.0,0.0,0.0,0.0
mbasa/dostSensor,4492.0,4488.0,0.3333333333333333,0.0,0,0,0,72.0,0.0,0.0,0.0
mbats/mindstorms,3680.0,3529.0,0.0,0.0,0,0,0,1452.0,0.0,0.0,0.0
mbats/sirius-blog,3954.0,3480.0,0.0,0.0,0,0,0,1678.0,0.0,0.0,0.0
mbax/Portals,4787.0,4705.0,1.0,0.0,0,0,0,53.0,1.4375,0.0,0.0
mbeddr/mbeddr.core,5080.0,3461.0,3.4827586206896552,0.0,0,0,0,18185.0,0.0006588338640606127,0.0,0.0
mbenson/privileged-method-weaver,4787.0,4785.0,0.0,0.0,0,0,0,432.0,1.3129770992366412,0.0,0.0
mbhk/barcode4j,3968.0,3671.0,1.0,0.0,0,0,0,2241.0,0.7691358024691358,0.0,0.0
mbien/jake2,5671.0,5671.0,2.4,0.0,0,0,0,833.0,0.007211538461538462,0.0,0.0
mbolt35/coffee-graph,4924.0,4127.0,6.0,0.0,0,0,0,368.0,0.9838709677419355,0.0,0.0
mbordas/qualify,5114.0,3492.0,0.5,0.0,0,0,0,900.0,0.0,0.0,0.0
mbreese/couchdb4j,6017.0,4880.0,2.0,0.0,0,0,0,213.0,0.5,0.0,0.0
mbst/glycerin,4470.0,3471.0,3.25,0.0,0,0,0,119.0,0.05084745762711865,0.0,0.0
mcMMO-Dev/mcMMO-XPTracker,4432.0,4424.0,0.0,0.0,0,0,0,74.0,0.0,0.0,0.0
mcac0006/sift-java,4269.0,3471.0,0.5555555555555556,0.0,0,0,0,210.0,0.038461538461538464,0.0,0.0
mcclurej06/protocolBufferTools,4418.0,3613.0,0.0,0.0,0,0,0,297.0,0.875,0.0,0.0
mccraigmccraig/opennlp,5851.0,5851.0,1.4,0.0,0,0,0,862.0,0.0,0.0,0.0
mcfire/imagesearch-lire,4407.0,4224.0,0.0,0.0,0,0,0,636.0,0.0,0.0,0.0
mchugh19/jenkins-saltapi,4123.0,3819.0,0.3333333333333333,0.0,0,0,0,130.0,2.888888888888889,0.0,0.0
mcolyer/fileify,5744.0,5744.0,2.0,0.0,0,0,0,63.0,0.03125,0.0,0.0
mcprogram/LoreAttributes-reloaded,3767.0,3521.0,0.6666666666666666,0.0,0,0,0,46.0,0.5263157894736842,0.0,0.0
mcraken/delegationbyannotations,3884.0,3881.0,0.0,0.0,0,0,0,103.0,1.3870967741935485,0.0,0.0
mcsnetworks/AssemblyLineFurnace,4993.0,3974.0,0.5,0.0,0,0,0,32.0,0.0,0.0,0.0
mdaconta/highland-java-course,3740.0,3683.0,0.0,0.0,0,0,0,892.0,0.0,0.0,0.0
mdadariy/Team_3_Project,3736.0,3668.0,0.5,0.0,0,0,0,72.0,0.0,0.0,0.0
mdaniel/javacc,4316.0,4316.0,0.0,0.0,0,0,0,908.0,0.0,0.0,0.0
mdejongh/ProteomeComparison,3527.0,3499.0,0.0,0.0,0,0,0,160.0,0.025,0.0,0.0
mdeverdelhan/java-samples,4744.0,3581.0,1.0,0.0,0,0,0,187.0,1.098360655737705,0.0,0.0
mdht/mdht,3953.0,3538.0,0.46153846153846156,0.0,0,0,0,27366.0,0.26013708811627717,0.0,0.0
mdonoughe/jgit-describe,5880.0,5761.0,1.4,0.0,0,0,0,17.0,0.1111111111111111,0.0,0.0
mdredze/carmen,4622.0,4030.0,3.2222222222222223,0.0,0,0,0,86.0,0.4444444444444444,0.0,0.0
mduft/rapfx,4519.0,4415.0,0.5,0.0,0,0,0,242.0,0.0,0.0,0.0
me4502/ModularFramework,3820.0,3513.0,2.0,0.0,0,0,0,87.0,0.8709677419354839,0.0,0.0
mealingr/2048-Java-Port,4292.0,4292.0,0.25,0.0,0,0,0,68.0,0.0,0.0,0.0
medallia/Word2VecJava,3969.0,3528.0,1.5,0.0,0,0,0,249.0,1.4861111111111112,0.0,0.0
medcl/elasticsearch-analysis-pinyin,4955.0,3494.0,3.217391304347826,0.0,0,0,0,262.0,2.1904761904761907,0.0,0.0
mediascience/java-functional,4055.0,4015.0,0.0,0.0,0,0,0,185.0,1.1166666666666667,0.0,0.0
mediascience/swf-horserace,4220.0,4218.0,0.0,0.0,0,0,0,66.0,0.0,0.0,0.0
medinakrivic/ibu.sis,4260.0,4254.0,0.0,0.0,0,0,0,56.0,0.0,0.0,0.0
medinamanuel/PageRank,4263.0,4073.0,0.0,0.0,0,0,0,95.0,1.03125,0.0,0.0
meefik/jcut,4672.0,3663.0,0.0,0.0,0,0,0,39.0,0.7333333333333333,0.0,0.0
meefik/keystorebreaker,4855.0,3663.0,2.5714285714285716,0.0,0,0,0,52.0,0.7,0.0,0.0
meeh420/anoncoinj,4483.0,4130.0,0.5,0.0,0,0,0,474.0,0.15384615384615385,0.0,0.0
megablue/Hearthtracker,4151.0,4039.0,3.0,0.0,0,0,0,698.0,0.0,0.0,0.0
megadix/jfcm,4532.0,3492.0,1.0,0.0,0,0,0,243.0,1.1012658227848102,0.0,0.0
megadix/orientdb-spring,5054.0,4855.0,5.5,0.0,0,0,0,101.0,1.6785714285714286,0.0,0.0
megallo/markoverator,3927.0,3576.0,0.5,0.0,0,0,0,103.0,0.6923076923076923,0.0,0.0
meibaorui/AndroidLreaningHomework,3783.0,3780.0,1.0,0.0,0,0,0,280.0,0.0,0.0,0.0
meier/opensm-client-server,3834.0,3531.0,0.0,0.0,0,0,0,366.0,0.0,0.0,0.0
melina-delgado/findr112,3513.0,3511.0,0.0,0.0,0,0,0,82.0,0.0,0.0,0.0
melink14/6.867-Final-Project,5153.0,4669.0,0.5,0.0,0,0,0,569.0,0.0,0.0,0.0
melish/icecat,3870.0,3568.0,0.0,0.0,0,0,0,937.0,2.4502369668246446,0.0,0.0
melistik/vaadin-jcrop,3943.0,3810.0,0.3333333333333333,0.0,0,0,0,250.0,2.8461538461538463,0.0,0.0
melix/openbeans,3895.0,3895.0,0.25,0.0,0,0,0,261.0,0.007633587786259542,0.0,0.0
mellowonpsx/cloudera-homework,3969.0,3969.0,0.2,0.0,0,0,0,406.0,0.0,0.0,0.0
melofred/FraudDetection-DataMicroservices,3477.0,3463.0,0.5,0.0,0,0,0,370.0,0.0,0.0,0.0
melotyan/bookstore,3913.0,3814.0,0.0,0.0,0,0,0,576.0,0.0,0.0,0.0
meltingice/CamanJ,5369.0,5362.0,3.0,0.0,0,0,0,354.0,0.0,0.0,0.0
meltmedia/cadmium,4982.0,3468.0,0.25,0.0,0,0,0,7332.0,5.65553235908142,0.0,0.0
mendix/CommunityCommons,4136.0,3673.0,0.4444444444444444,0.0,0,0,0,330.0,0.0,0.0,0.0
mendix/RestServices,4260.0,3468.0,0.5555555555555556,0.0,0,0,0,582.0,0.0,0.0,0.0
mendix/UnitTesting,4128.0,3528.0,0.0,0.0,0,0,0,322.0,0.0,0.0,0.0
meonkeys/learnspringftl,5607.0,5438.0,1.6666666666666667,0.0,0,0,0,180.0,1.7142857142857142,0.0,0.0
mepcotterell/SuggestionEngine,5232.0,4893.0,1.5,0.0,0,0,0,308.0,0.039473684210526314,0.0,0.0
meraki-analytics/Orianna,4193.0,3520.0,2.0344827586206895,0.0,0,0,0,1854.0,4.466898954703833,0.0,0.0
merkkp/crapgame,3600.0,3593.0,0.0,0.0,0,0,0,34.0,0.0,0.0,0.0
meruvian/yama-labs,3757.0,3757.0,0.0,0.0,0,0,0,1706.0,0.0,0.0,0.0
mesos/docker-compose-executor,3675.0,3492.0,5.0,0.0,0,0,0,185.0,1.2241379310344827,0.0,0.0
mesos/elasticsearch,3919.0,3489.0,2.935483870967742,0.0,0,0,0,560.0,0.0,0.0,0.0
mesos/storm,4189.0,3461.0,1.8333333333333333,0.0,0,0,0,336.0,1.4845360824742269,0.0,0.0
mestevens/unity-maven-plugin,4088.0,3986.0,0.6,0.0,0,0,0,109.0,1.2647058823529411,0.0,0.0
metaborg/stratego,4605.0,3469.0,1.5,0.0,0,0,0,392.0,0.0,0.0,0.0
metacoder/edward-tl,3513.0,3497.0,0.0,0.0,0,0,0,346.0,1.8241758241758241,0.0,0.0
metacoder/jarlotte,3685.0,3521.0,0.25,0.0,0,0,0,323.0,2.276315789473684,0.0,0.0
metamx/emitter,4942.0,3622.0,0.46153846153846156,0.0,0,0,0,164.0,1.5319148936170213,0.0,0.0
metamx/incubator-storm,4268.0,4014.0,0.0,0.0,0,0,0,5692.0,4.827338129496403,0.0,0.0
metamx/server-metrics,4940.0,3490.0,0.7142857142857143,0.0,0,0,0,76.0,0.0,0.0,0.0
metasfresh/metasfresh-admin,3532.0,3490.0,1.5,0.0,0,0,0,34.0,0.0,0.0,0.0
metasfresh/metasfresh-procurement-webui,3535.0,3463.0,1.5,0.0,0,0,0,376.0,0.0,0.0,0.0
metaxy/openBibleViewer,6063.0,3598.0,3.0,0.0,0,0,0,1752.0,0.0,0.0,0.0
metteo/jts,4132.0,3559.0,1.8571428571428572,0.0,0,0,0,3242.0,0.0,0.0,0.0
mezzoblue/Elevation,5909.0,5523.0,4.555555555555555,0.0,0,0,0,226.0,0.0,0.0,0.0
mfilippov/multicast-stream-analyzer,4295.0,4271.0,0.0,0.0,0,0,0,99.0,0.8857142857142857,0.0,0.0
mflash/jogovelha,4304.0,4301.0,0.0,0.0,0,0,0,22.0,0.0,0.0,0.0
mflash/sequencia,4303.0,4303.0,0.0,0.0,0,0,0,22.0,0.0,0.0,0.0
mgodave/AsyncUtils,4613.0,4382.0,0.6666666666666666,0.0,0,0,0,115.0,2.5,0.0,0.0
mgodave/esl-client,4933.0,3559.0,1.0769230769230769,0.0,0,0,0,185.0,0.8333333333333334,0.0,0.0
mgodave/fluent-futures,4284.0,4175.0,1.0,0.0,0,0,0,103.0,1.6206896551724137,0.0,0.0
mgone2010/BossbarAPI,4111.0,4108.0,0.375,0.0,0,0,0,30.0,0.0,0.0,0.0
mgp/iron-cushion,5013.0,4476.0,3.6666666666666665,0.0,0,0,0,110.0,0.0,0.0,0.0
mgraciano/tdc-2014,4258.0,4041.0,0.5,0.0,0,0,0,90.0,0.0,0.0,0.0
mgrecol/JasperViewerFx,3863.0,3863.0,0.8,0.0,0,0,0,52.0,0.0,0.0,0.0
mguetlein/CheS-Mapper,5313.0,3806.0,1.6666666666666667,0.0,0,0,0,188.0,0.0,0.0,0.0
mguymon/model-citizen,5372.0,3618.0,10.142857142857142,0.0,0,0,0,494.0,1.968,0.0,0.0
mh-dev/blog_springBoot-commandLine,4327.0,4089.0,1.0,0.0,0,0,0,84.0,0.9655172413793104,0.0,0.0
mhassanpur/cmpe207,4333.0,4229.0,0.0,0.0,0,0,0,246.0,0.0,0.0,0.0
mheath/adbcj,6437.0,3835.0,4.153846153846154,0.0,0,0,0,1021.0,1.3874172185430464,0.0,0.0
mheath/spring-boot-nats-example,4497.0,4496.0,0.2,0.0,0,0,0,16.0,0.0,0.0,0.0
mherrmann/java-generator-functions,4106.0,3498.0,2.2,0.0,0,0,0,65.0,1.9411764705882353,0.0,0.0
mhgrove/Empire,5820.0,3573.0,2.257142857142857,0.0,0,0,0,931.0,1.2508710801393728,0.0,0.0
mhjabreel/twiQuery,3702.0,3482.0,0.0,0.0,0,0,0,102.0,0.12244897959183673,0.0,0.0
miaochuanhai/atguigu_1223,3536.0,3536.0,0.0,0.0,0,0,0,6.0,0.0,0.0,0.0
miaonot/Gobang-419,3864.0,3850.0,0.6666666666666666,0.0,0,0,0,14.0,0.0,0.0,0.0
mibrahim/jbug,4726.0,3790.0,0.6666666666666666,0.0,0,0,0,177.0,1.4423076923076923,0.0,0.0
micaelgallego/simpleconcurrent,4474.0,3752.0,0.5,0.0,0,0,0,44.0,1.5384615384615385,0.0,0.0
micdoodle8/Crossbow_Mod_2,4823.0,3744.0,1.0833333333333333,0.0,0,0,0,2755.0,1.0838926174496644,0.0,0.0
michael-borkowski/tripping-octo-dubstep,4399.0,4370.0,0.0,0.0,0,0,0,42.0,0.0,0.0,0.0
michael-simons/enerko-reports2,4561.0,3786.0,1.5,0.0,0,0,0,144.0,0.0,0.0,0.0
michael-simons/java-oembed,5471.0,3474.0,2.1666666666666665,0.0,0,0,0,212.0,1.8909090909090909,0.0,0.0
michaelaw320/ThriftIRC,3738.0,3738.0,0.0,0.0,0,0,0,106.0,0.0,0.0,0.0
michaelbrooks/music-visualization,4799.0,3742.0,1.4166666666666667,0.0,0,0,0,453.0,1.0333333333333334,0.0,0.0
michaelchan0427/rkgen,4777.0,4775.0,2.0,0.0,0,0,0,202.0,0.0,0.0,0.0
michaellavelle/spring-data-dynamodb-demo,4484.0,3827.0,0.8,0.0,0,0,0,196.0,3.3513513513513513,0.0,0.0
michaelliao/warpdb,3552.0,3504.0,0.5,0.0,0,0,0,232.0,2.875,0.0,0.0
michaellperry/tuple,6106.0,6105.0,0.75,0.0,0,0,0,168.0,2.358974358974359,0.0,0.0
michaelmarconi/oncue,4749.0,3675.0,1.6666666666666667,0.0,0,0,0,7036.0,16.23316062176166,0.0,0.0
michaelquigley/zabbixj,4595.0,3499.0,1.1111111111111112,0.0,0,0,0,476.0,2.9791666666666665,0.0,0.0
michaelsembwever/Sesat,5106.0,3537.0,0.75,0.0,0,0,0,3074.0,0.0,0.0,0.0
michaeltandy/log4j-json,4785.0,3917.0,2.0,0.0,0,0,0,73.0,1.2608695652173914,0.0,0.0
michalrus/agh-tunev,4554.0,4503.0,0.0,0.0,0,0,0,224.0,0.0,0.0,0.0
michalsvec/astyanax-datastax-benchmark,4015.0,4014.0,0.0,0.0,0,0,0,48.0,0.0,0.0,0.0
michel-kraemer/citeproc-java,4483.0,3585.0,4.666666666666667,0.0,0,0,0,503.0,0.028112449799196786,0.0,0.0
micmiu/bigdata-tutorial,3963.0,3568.0,0.6666666666666666,0.0,0,0,0,427.0,1.108695652173913,0.0,0.0
micromagic/eterna,4051.0,3462.0,0.6666666666666666,0.0,0,0,0,1742.0,0.0,0.0,0.0
micromata/jiraRestClient,4420.0,3537.0,1.3333333333333333,0.0,0,0,0,511.0,1.3529411764705883,0.0,0.0
micw/php-java-bridge,4155.0,4155.0,0.6,0.0,0,0,0,1722.0,0.0023228803716608595,0.0,0.0
migdb/mwe-components,5127.0,4138.0,1.0,0.0,0,0,0,78.0,0.0,0.0,0.0
miguelantonio/storm-esper-bolt,3979.0,3484.0,0.6,0.0,0,0,0,54.0,0.0,0.0,0.0
migulorama/AutoAnalyze,4303.0,3976.0,0.5,0.0,0,0,0,778.0,0.0,0.0,0.0
mihaip/push-bot,4758.0,3930.0,1.75,0.0,0,0,0,140.0,0.0,0.0,0.0
mihin/haar-image-compression,5061.0,4091.0,1.0,0.0,0,0,0,96.0,0.0,0.0,0.0
miho/PiOnWheels,4089.0,3718.0,0.0,0.0,0,0,0,374.0,0.0,0.0,0.0
miho/VFXWindows,4820.0,4746.0,0.0,0.0,0,0,0,94.0,0.0,0.0,0.0
miiCard/api-wrappers-java,4837.0,4273.0,0.0,0.0,0,0,0,376.0,0.0,0.0,0.0
mikaelhg/openblocks,5587.0,4692.0,0.9166666666666666,0.0,0,0,0,611.0,1.4245810055865922,0.0,0.0
mikakoivisto/liferay-https-filter-hook,3931.0,3700.0,0.0,0.0,0,0,0,60.0,1.4444444444444444,0.0,0.0
mikakoivisto/social-comments-portlet,4842.0,3917.0,0.25,0.0,0,0,0,88.0,0.0,0.0,0.0
mikand/Dirigino,4477.0,4401.0,0.5,0.0,0,0,0,66.0,0.0,0.0,0.0
mike-brown/voronoi,3955.0,3955.0,0.3333333333333333,0.0,0,0,0,102.0,1.0588235294117647,0.0,0.0
mike-plummer/graylog-springboot,3530.0,3477.0,0.2,0.0,0,0,0,167.0,1.5957446808510638,0.0,0.0
mikee805/elasticsearch-query-plugin,3675.0,3655.0,0.0,0.0,0,0,0,159.0,2.128205128205128,0.0,0.0
mikegashler/manic,3909.0,3492.0,10.25,0.0,0,0,0,136.0,0.0,0.0,0.0
mikejr83/TLMReaderLib,3869.0,3566.0,0.0,0.0,0,0,0,336.0,1.0727272727272728,0.0,0.0
mikemag/snoCAD-X,4058.0,3741.0,1.8333333333333333,0.0,0,0,0,154.0,0.0,0.0,0.0
mikepigott/avro,4134.0,4134.0,0.5,0.0,0,0,0,6338.0,0.8610108303249098,0.0,0.0
mikesname/blueprints-sql-graph,4548.0,4066.0,1.8,0.0,0,0,0,140.0,1.9444444444444444,0.0,0.0
mikhail-aksenov/sigrun,4032.0,3605.0,0.25,0.0,0,0,0,201.0,1.2222222222222223,0.0,0.0
mikkoi/io.iron.ironworker.sendgrid.simple,4242.0,3820.0,0.5,0.0,0,0,0,105.0,1.1470588235294117,0.0,0.0
mikma/jlightify,4023.0,4022.0,2.0,0.0,0,0,0,24.0,0.0,0.0,0.0
mikokitty/iMed,3726.0,3725.0,0.0,0.0,0,0,0,1254.0,0.0,0.0,0.0
mikosik/smooth-build,4525.0,3510.0,2.5,0.0,0,0,0,1794.0,1.1564147627416521,0.0,0.0
milaboratory/milib,4199.0,3462.0,3.0,0.0,0,0,0,878.0,0.0,0.0,0.0
milanaleksic/baobab,4964.0,4075.0,0.6666666666666666,0.0,0,0,0,348.0,0.058823529411764705,0.0,0.0
milg0/onvif-java-lib,3927.0,3561.0,0.9166666666666666,0.0,0,0,0,2456.0,0.0,0.0,0.0
millecker/storm-apps,4078.0,3904.0,1.0,0.0,0,0,0,614.0,0.0,0.0,0.0
mimno/Mallet,4275.0,3466.0,2.1241379310344826,0.0,0,0,0,6247.0,4.770314192849404,0.0,0.0
mimno/anchor,4557.0,4364.0,2.4,0.0,0,0,0,72.0,0.0,0.0,0.0
minborg/javapot,4092.0,3619.0,0.5,0.0,0,0,0,394.0,0.0,0.0,0.0
mindhaq/restapi-versioning-spring,4133.0,4116.0,1.3,0.0,0,0,0,99.0,1.3666666666666667,0.0,0.0
mindnuts/proventeq-test-repo,3792.0,3792.0,0.0,0.0,0,0,0,260.0,0.0,0.0,0.0
mindwind/craft-armor,4018.0,3841.0,3.3333333333333335,0.0,0,0,0,199.0,0.9130434782608695,0.0,0.0
minnal/autopojo,4494.0,4146.0,2.6666666666666665,0.0,0,0,0,338.0,2.3037974683544302,0.0,0.0
minnymin3/Zephyrus,4615.0,4302.0,0.5,0.0,0,0,0,490.0,0.0,0.0,0.0
mintDS/mintds,3716.0,3612.0,8.5,0.0,0,0,0,197.0,1.0151515151515151,0.0,0.0
miraclelinux/HistoryGluon,4744.0,4471.0,5.25,0.0,0,0,0,190.0,0.0,0.0,0.0
mirador/mirador,4170.0,3478.0,7.666666666666667,0.0,0,0,0,894.0,0.0,0.0,0.0
mirador/miralib,4170.0,3491.0,0.75,0.0,0,0,0,122.0,0.0,0.0,0.0
mirah/maven-mirah-plugin,5381.0,3919.0,0.5,0.0,0,0,0,44.0,1.0666666666666667,0.0,0.0
mirkonasato/maven-dependency-sanity-plugin,5265.0,5097.0,2.5,0.0,0,0,0,104.0,1.0285714285714285,0.0,0.0
mirthcorp/hpd-client,4507.0,4076.0,0.0,0.0,0,0,0,140.0,1.1555555555555554,0.0,0.0
misakuo/JsonModelGenerator,3672.0,3533.0,4.2,0.0,0,0,0,96.0,0.0,0.0,0.0
misberner/automatalib,4659.0,3741.0,2.2,0.0,0,0,0,3000.0,1.3541899441340781,0.0,0.0
mischat/shareNice,5332.0,3666.0,6.2,0.0,0,0,0,220.0,0.0,0.0,0.0
mishari/josm-mapillary,3951.0,3950.0,0.0,0.0,0,0,0,24.0,0.0,0.0,0.0
mission-peace/interview,4166.0,3465.0,1.8453292496171516,0.0,0,0,0,1883.0,1.0256821829855538,0.0,0.0
mistraltechnologies/smog-javassist,3931.0,3816.0,0.0,0.0,0,0,0,196.0,1.1428571428571428,0.0,0.0
mitallast/netty-queue,4117.0,3742.0,1.0,0.0,0,0,0,1999.0,1.698706099815157,0.0,0.0
mitchellsundt/wink-jackson2,4071.0,3644.0,0.0,0.0,0,0,0,1451.0,1.467780429594272,0.0,0.0
mitola/BroadWebCrawlerIndexer,4090.0,4090.0,0.0,0.0,0,0,0,26.0,0.0,0.0,0.0
mitoma/kashiki,4271.0,3487.0,2.5,0.0,0,0,0,351.0,0.9173553719008265,0.0,0.0
mitoma/ponto,4321.0,3969.0,1.0,0.0,0,0,0,180.0,1.9565217391304348,0.0,0.0
mitre/HTTP-Proxy-Servlet,4980.0,3513.0,1.6594594594594594,0.0,0,0,0,93.0,1.5185185185185186,0.0,0.0
mitrisdev/d54,4977.0,3539.0,7.6923076923076925,0.0,0,0,0,662.0,0.006042296072507553,0.0,0.0
mixpanel/mixpanel-java,4772.0,3525.0,1.105263157894737,0.0,0,0,0,132.0,2.3225806451612905,0.0,0.0
miyurud/Acacia,3883.0,3586.0,0.4,0.0,0,0,0,504.0,0.007936507936507936,0.0,0.0
mizdebsk/java-deptools,4651.0,4651.0,0.5,0.0,0,0,0,58.0,1.1578947368421053,0.0,0.0
mizdebsk/xmvn,4651.0,3465.0,0.7142857142857143,0.0,0,0,0,1393.0,0.5,0.0,0.0
mizukyf/jp1ajs2.unitdef,4026.0,3596.0,0.0,0.0,0,0,0,273.0,1.618421052631579,0.0,0.0
mizukyf/springboot-mybatis-mysample,4045.0,3936.0,2.0,0.0,0,0,0,323.0,2.5774647887323945,0.0,0.0
mjiderhamn/classloader-leak-prevention,5075.0,3495.0,2.7222222222222223,0.0,0,0,0,352.0,0.0,0.0,0.0
mkalten/TUIO11_JAVA,4057.0,3471.0,0.7777777777777778,0.0,0,0,0,78.0,0.0,0.0,0.0
mkeller0815/MEEPROMMER,4522.0,4204.0,1.125,0.0,0,0,0,92.0,0.0,0.0,0.0
mklemm/jaxb-plugin-lib,3724.0,3517.0,0.0,0.0,0,0,0,216.0,0.8311688311688312,0.0,0.0
mklemm/jaxb2-rich-contract-plugin,4317.0,3472.0,2.5,0.0,0,0,0,647.0,1.0904761904761904,0.0,0.0
mkolodziejski/webapps-security,4045.0,4043.0,0.0,0.0,0,0,0,264.0,1.7464788732394365,0.0,0.0
mkovatsc/Actinium,5026.0,4247.0,1.8,0.0,0,0,0,232.0,1.0,0.0,0.0
mkovatsc/Scandium-inf.ethz.ch,4501.0,3679.0,0.6666666666666666,0.0,0,0,0,325.0,1.1142857142857143,0.0,0.0
mkovatsc/element-connector,4466.0,4183.0,0.25,0.0,0,0,0,67.0,1.1363636363636365,0.0,0.0
mkremins/fanciful-plugin,4310.0,4286.0,0.0,0.0,0,0,0,24.0,0.0,0.0,0.0
mkris/xsd2xml,4276.0,3568.0,1.0,0.0,0,0,0,159.0,1.0377358490566038,0.0,0.0
mkyong/spring-embedded-database,3826.0,3806.0,0.3793103448275862,0.0,0,0,0,210.0,2.326530612244898,0.0,0.0
mkyong/spring3-mvc-maven-xml-hello-world,3837.0,3837.0,0.21621621621621623,0.0,0,0,0,103.0,1.8888888888888888,0.0,0.0
ml-distribution/HanLP,3798.0,3798.0,0.0,0.0,0,0,0,1449.0,1.2316258351893097,0.0,0.0
ml4j/dronez-demo,3929.0,3825.0,0.0,0.0,0,0,0,100.0,0.0,0.0,0.0
ml4j/dronez-models,3943.0,3940.0,0.0,0.0,0,0,0,100.0,0.42857142857142855,0.0,0.0
mlaccetti/vserv-tcpip,5271.0,3556.0,1.6666666666666667,0.0,0,0,0,101.0,3.15,0.0,0.0
mlang/freedots,4484.0,3577.0,0.6666666666666666,0.0,0,0,0,1067.0,0.9287671232876712,0.0,0.0
mleoking/JavaGnuplotHybrid,4276.0,3549.0,4.5,0.0,0,0,0,62.0,0.0,0.0,0.0
mlhartme/maven-application-plugin,4869.0,3667.0,1.5,0.0,0,0,0,86.0,1.52,0.0,0.0
mlhartme/stool,3974.0,3462.0,1.0,0.0,0,0,0,634.0,0.1342281879194631,0.0,0.0
mlively/idea-php-phake,3856.0,3743.0,1.5,0.0,0,0,0,22.0,0.0,0.0,0.0
mloobo/Dolphin-Streaming-Server,4270.0,4270.0,0.6666666666666666,0.0,0,0,0,104.0,0.0,0.0,0.0
mlpadilla/automata,3855.0,3845.0,0.0,0.0,0,0,0,66.0,0.0,0.0,0.0
mmallett/coms572,4462.0,4456.0,0.0,0.0,0,0,0,648.0,0.0,0.0,0.0
mmarmol/uap-java,3579.0,3482.0,1.0,0.0,0,0,0,111.0,1.054054054054054,0.0,0.0
mmazi/rescu,4671.0,3462.0,0.8636363636363636,0.0,0,0,0,365.0,1.191304347826087,0.0,0.0
mmberg/nadia,4657.0,3554.0,1.75,0.0,0,0,0,603.0,0.030201342281879196,0.0,0.0
mmeany/spring-boot-web-mvc-tiles3,4160.0,4159.0,0.9523809523809523,0.0,0,0,0,173.0,2.6052631578947367,0.0,0.0
mmerrell/patentmojo,4984.0,3511.0,0.5,0.0,0,0,0,172.0,0.0,0.0,0.0
mmiglia/IS2014,4359.0,4295.0,0.0,0.0,0,0,0,230.0,0.0,0.0,0.0
mmiklavc/scalable-ocr,3537.0,3462.0,0.3333333333333333,0.0,0,0,0,587.0,1.8,0.0,0.0
mmnaseri/spring-data-mock,3951.0,3469.0,2.5555555555555554,0.0,0,0,0,1216.0,0.0,0.0,0.0
mmoMinecraftDev/mmoChat,5228.0,4047.0,1.0,0.0,0,0,0,36.0,0.0,0.0,0.0
mmoMinecraftDev/mmoCore,5231.0,4047.0,4.0,0.0,0,0,0,90.0,0.0,0.0,0.0
mmoMinecraftDev/mmoInfoGold,5091.0,4708.0,0.8,0.0,0,0,0,28.0,0.0,0.0,0.0
mmoMinecraftDev/mmoParty,5231.0,4708.0,1.6,0.0,0,0,0,34.0,0.0,0.0,0.0
mmornati/epomodoro,5042.0,4250.0,0.8,0.0,0,0,0,340.0,1.7582417582417582,0.0,0.0
mmx900/ManalithBot,5162.0,3688.0,0.75,0.0,0,0,0,566.0,0.0,0.0,0.0
mnahabedian/ProgWebContato,4045.0,4030.0,0.0,0.0,0,0,0,476.0,0.0,0.0,0.0
mnmlist/blogBackup,3771.0,3717.0,0.5,0.0,0,0,0,158.0,0.0,0.0,0.0
mnott/PDFOCRWrapper,4479.0,4467.0,2.0,0.0,0,0,0,48.0,0.0,0.0,0.0
mo-getter/knoesis-lucene-indexer,4403.0,4270.0,0.0,0.0,0,0,0,44.0,0.0,0.0,0.0
mo8la/hbaseexample,3569.0,3567.0,0.0,0.0,0,0,0,24.0,0.0,0.0,0.0
moacyrricardo/dfs-nfse,4137.0,3650.0,0.25,0.0,0,0,0,396.0,0.0,0.0,0.0
moacyrricardo/maven-slack,3986.0,3704.0,1.5,0.0,0,0,0,40.0,0.0,0.0,0.0
mobilesec/secure-channel-srp6a-applet,3913.0,3736.0,0.0,0.0,0,0,0,26.0,0.0,0.0,0.0
mobilesystems/box-java-sdk-v2,4521.0,4452.0,0.0,0.0,0,0,0,1218.0,0.0,0.0,0.0
mobilipia/Deskera-Accounting,4595.0,4863.0,0.0,0.0,0,0,0,4454.0,0.0,0.0,0.0
mobiweb/java-sms-http-api,4154.0,4154.0,0.0,0.0,0,0,0,24.0,0.0,0.0,0.0
mockito/mockito,4811.0,3460.0,4.867513611615245,0.0,0,0,0,4172.0,1.6710642040457344,0.0,0.0
moddavid/Ancud_ShortURL-portlet,4043.0,3791.0,1.0,0.0,0,0,0,216.0,0.0,0.0,0.0
modymapp/modym-client-java,3512.0,3464.0,0.5,0.0,0,0,0,190.0,1.3103448275862069,0.0,0.0
mogupta/todo-angular,4288.0,4287.0,0.0,0.0,0,0,0,107.0,0.4222222222222222,0.0,0.0
mohamed-taman/JavaSE8-Features,4202.0,3705.0,1.0,0.0,0,0,0,206.0,0.6666666666666666,0.0,0.0
mohamnag/javafx_webview_debugger,3571.0,3534.0,2.5,0.0,0,0,0,46.0,0.4,0.0,0.0
mohitsoni/marathon-client,4318.0,3462.0,0.7090909090909091,0.0,0,0,0,141.0,1.0425531914893618,0.0,0.0
moilioncircle/cool-lang,3694.0,3550.0,0.0,0.0,0,0,0,507.0,1.0662650602409638,0.0,0.0
mojodelicious/review-creator,4779.0,4779.0,0.0,0.0,0,0,0,68.0,0.0,0.0,0.0
mojohaus/appassembler,3867.0,3482.0,1.0,0.0,0,0,0,3140.0,0.5586319218241043,0.0,0.0
mojohaus/exec-maven-plugin,3867.0,3473.0,1.1428571428571428,0.0,0,0,0,735.0,0.2132132132132132,0.0,0.0
mojohaus/flatten-maven-plugin,3867.0,3466.0,0.5,0.0,0,0,0,447.0,0.44021739130434784,0.0,0.0
mojohaus/jdepend-maven-plugin,3867.0,3624.0,0.3333333333333333,0.0,0,0,0,411.0,0.4152046783625731,0.0,0.0
mojohaus/scmchangelog-maven-plugin,3740.0,3740.0,0.0,0.0,0,0,0,1034.0,5.848484848484849,0.0,0.0
mojtaba-khallash/JHazm,4168.0,3520.0,1.5714285714285714,0.0,0,0,0,162.0,0.0,0.0,0.0
molgenis/molgenis,4697.0,3461.0,0.42424242424242425,0.0,0,0,0,146074.0,35.522733110711535,0.0,0.0
molyusq/LabsJava,4418.0,4285.0,0.0,0.0,0,0,0,364.0,0.0,0.0,0.0
momolinus/tutorials,4223.0,3685.0,0.0,0.0,0,0,0,68.0,0.25806451612903225,0.0,0.0
mondain/h264app,4004.0,4002.0,1.0,0.0,0,0,0,64.0,0.0,0.0,0.0
mondo-project/mondo-integration,3819.0,3464.0,0.6666666666666666,0.0,0,0,0,1802.0,0.0,0.0,0.0
moneypower7/T2Project,3871.0,3853.0,0.0,0.0,0,0,0,20.0,0.0,0.0,0.0
mongodb-labs/socialite,4238.0,4038.0,3.212121212121212,0.0,0,0,0,506.0,0.9364161849710982,0.0,0.0
monitorjbl/excel-streaming-reader,4257.0,3489.0,1.5348837209302326,0.0,0,0,0,229.0,2.62,0.0,0.0
monkeyk/spring-oauth-server,3837.0,3486.0,1.2857142857142858,0.0,0,0,0,242.0,0.0,0.0,0.0
monkeylearn/monkeylearn-java,3658.0,3518.0,3.5,0.0,0,0,0,137.0,2.793103448275862,0.0,0.0
monnetproject/coal,4667.0,4640.0,0.0,0.0,0,0,0,806.0,0.0,0.0,0.0
monofuel/MonoMods,4304.0,3782.0,0.6666666666666666,0.0,0,0,0,213.0,0.02830188679245283,0.0,0.0
monowii/mwParkour2,4674.0,4212.0,0.2222222222222222,0.0,0,0,0,76.0,0.0,0.0,0.0
monowii/mwQuakeCraft,4616.0,4616.0,0.0,0.0,0,0,0,14.0,0.0,0.0,0.0
monrealantonio/Illinois-Payroll,3848.0,3776.0,0.3333333333333333,0.0,0,0,0,100.0,0.0,0.0,0.0
monroj/FindExtend,3714.0,3660.0,0.0,0.0,0,0,0,6402.0,0.0,0.0,0.0
montyz/antlr4-method-extractor,4610.0,4602.0,1.0,0.0,0,0,0,30.0,0.0,0.0,0.0
mookins/j2mod,3842.0,3842.0,0.0,0.0,0,0,0,495.0,1.049079754601227,0.0,0.0
moonkev/spring-integration-zmq,4254.0,3524.0,0.875,0.0,0,0,0,126.0,0.0,0.0,0.0
moorkop/mccy-engine,3645.0,3466.0,2.0,0.0,0,0,0,843.0,1.2129277566539924,0.0,0.0
moovida/STAGE,4049.0,3561.0,2.0,0.0,0,0,0,744.0,0.0,0.0,0.0
moovida/jgrasstools,4345.0,3465.0,0.8571428571428571,0.0,0,0,0,12614.0,2.9964356435643564,0.0,0.0
moreus/NettyInAction,4128.0,4123.0,0.0,0.0,0,0,0,360.0,0.0,0.0,0.0
morficus/Parameterized-Remote-Trigger-Plugin,4404.0,3581.0,0.02127659574468085,0.0,0,0,0,217.0,2.1320754716981134,0.0,0.0
morinpa/limecoinj,4198.0,4122.0,0.0,0.0,0,0,0,2008.0,1.6745886654478976,0.0,0.0
moriyoshi/quercus-gae,6093.0,6024.0,8.333333333333334,0.0,0,0,0,1722.0,0.0,0.0,0.0
mortardata/pig-dynamodb,4158.0,4158.0,0.5833333333333334,0.0,0,0,0,65.0,1.0454545454545454,0.0,0.0
mortezaadi/ninja-activiti-module,4233.0,3592.0,1.0,0.0,0,0,0,114.0,1.2222222222222223,0.0,0.0
mosscode/ach,4454.0,3706.0,0.5714285714285714,0.0,0,0,0,264.0,0.0,0.0,0.0
mosscode/object-diff,4454.0,4454.0,0.5,0.0,0,0,0,49.0,1.1875,0.0,0.0
motazsaad/khoja-stemmer-command-line,3884.0,3853.0,1.5,0.0,0,0,0,24.0,0.0,0.0,0.0
motech/MOTECH-Ghana,5512.0,3568.0,1.5,0.0,0,0,0,1629.0,0.3671988388969521,0.0,0.0
motech/MOTECH-Mobile,5512.0,5016.0,1.1111111111111112,0.0,0,0,0,2144.0,1.3374805598755832,0.0,0.0
motech/UITestFramework,3741.0,3476.0,0.0,0.0,0,0,0,266.0,2.253968253968254,0.0,0.0
motech/motech-server-pillreminder,4700.0,4536.0,0.0,0.0,0,0,0,11891.0,0.783941947565543,0.0,0.0
mothsoft/stanford-nlp-war,4758.0,3673.0,0.5,0.0,0,0,0,206.0,3.073170731707317,0.0,0.0
moumar/jotify,5663.0,5663.0,0.5,0.0,0,0,0,478.0,0.0,0.0,0.0
moviepilot/sheldon_compactor,4870.0,4858.0,0.5,0.0,0,0,0,138.0,0.0,0.0,0.0
moxious/neoprofiler,4242.0,4023.0,7.0,0.0,0,0,0,100.0,0.0,0.0,0.0
mozilla/testdroid-marionette-plugin,3997.0,3686.0,0.2857142857142857,0.0,0,0,0,171.0,2.119047619047619,0.0,0.0
mozilla/vtt.js,4542.0,3471.0,2.864864864864865,0.0,0,0,0,1450.0,0.0,0.0,0.0
mozvip/dynamo,3783.0,3497.0,1.5,0.0,0,0,0,2740.0,0.0,0.0,0.0
mp911de/lettuce,4237.0,3462.0,3.524390243902439,0.0,0,0,0,3527.0,2.4002493765586035,0.0,0.0
mpgerstl/tEFMA,3970.0,3654.0,1.0,0.0,0,0,0,2172.0,0.0,0.0,0.0
mpilone/hazelcastmq,4709.0,3622.0,4.0588235294117645,0.0,0,0,0,1397.0,3.4224806201550386,0.0,0.0
mplacona/java-junit-template-project,4517.0,4483.0,0.64,0.0,0,0,0,44.0,0.42105263157894735,0.0,0.0
mplushnikov/lombok-intellij-plugin,4450.0,3468.0,5.256410256410256,0.0,0,0,0,2687.0,0.05267175572519084,0.0,0.0
mpollmeier/orientdb-gremlin,3834.0,3461.0,2.625,0.0,0,0,0,156.0,0.0,0.0,0.0
mpostelnicu/wicket-spring-jpa-bootstrap-boilerplate,4063.0,4061.0,2.0,0.0,0,0,0,579.0,2.7235772357723578,0.0,0.0
mqprichard/gasp-gcm-server,4533.0,4147.0,0.5,0.0,0,0,0,52.0,0.0,0.0,0.0
mqprichard/gasp-push-server,4503.0,4253.0,0.0,0.0,0,0,0,136.0,2.7586206896551726,0.0,0.0
mqprichard/gasp-server,4254.0,4254.0,0.0,0.0,0,0,0,140.0,2.7333333333333334,0.0,0.0
mrThe/Game-of-Life,5028.0,5028.0,1.0,0.0,0,0,0,14.0,0.0,0.0,0.0
mraad/AISTools,4307.0,4305.0,0.3333333333333333,0.0,0,0,0,86.0,0.0,0.0,0.0
mraad/FlumeWebApp,4468.0,4468.0,2.0,0.0,0,0,0,32.0,0.0,0.0,0.0
mraad/HBaseToolbox,4494.0,4480.0,0.4,0.0,0,0,0,116.0,0.0,0.0,0.0
mraible/java-webapp-security-examples,3812.0,3668.0,0.6,0.0,0,0,0,518.0,3.9770114942528734,0.0,0.0
mrcritical/ironcache,4807.0,3905.0,1.6666666666666667,0.0,0,0,0,185.0,1.1694915254237288,0.0,0.0
mrcsparker/ceeql,3794.0,3505.0,1.0,0.0,0,0,0,171.0,0.582089552238806,0.0,0.0
mrgroen/qzIndustryPrinting,3790.0,3559.0,0.0,0.0,0,0,0,422.0,0.0,0.0,0.0
mrihm2/Interns,3799.0,3786.0,0.0,0.0,0,0,0,24.0,0.36363636363636365,0.0,0.0
mrjabba/mybatis,5276.0,5276.0,0.16666666666666666,0.0,0,0,0,2852.0,0.0,0.0,0.0
mrjones2014/FixedIt,3582.0,3506.0,0.0,0.0,0,0,0,452.0,0.0,0.0,0.0
mrkirby153/MscHouses,4670.0,4446.0,0.5,0.0,0,0,0,202.0,0.0,0.0,0.0
mrmonday/j2d,4577.0,4530.0,1.0,0.0,0,0,0,24.0,0.0,0.0,0.0
mrniko/netty-socketio,5086.0,3482.0,2.959619952494062,0.0,0,0,0,478.0,1.3566433566433567,0.0,0.0
mrniko/redisson,4356.0,3462.0,3.0408653846153846,0.0,0,0,0,1763.0,1.355513307984791,0.0,0.0
mrtheb/flume-forgives,4043.0,4043.0,0.5,0.0,0,0,0,75.0,1.6666666666666667,0.0,0.0
mruffalo/sequence-alignment,5816.0,5737.0,0.5,0.0,0,0,0,55.0,0.1111111111111111,0.0,0.0
mrunde/DirectionMaps-Backend,3687.0,3474.0,0.0,0.0,0,0,0,76.0,0.22857142857142856,0.0,0.0
mrwilson/jenever,5018.0,4961.0,1.0,0.0,0,0,0,132.0,0.9130434782608695,0.0,0.0
mryndzionek/java_mediator,4441.0,4391.0,0.5,0.0,0,0,0,116.0,1.105263157894737,0.0,0.0
msarhan/ummalqura-calendar,3909.0,3562.0,2.75,0.0,0,0,0,96.0,0.5789473684210527,0.0,0.0
msathis/SQLToNoSQLImporter,4353.0,3671.0,1.9,0.0,0,0,0,98.0,1.2258064516129032,0.0,0.0
mscharhag/ET,4001.0,3847.0,9.5,0.0,0,0,0,220.0,2.44,0.0,0.0
mscharhag/java-ee-8-mvc,3762.0,3519.0,1.1538461538461537,0.0,0,0,0,204.0,0.0,0.0,0.0
mschn/wissl,4970.0,4619.0,2.0,0.0,0,0,0,1424.0,5.835164835164835,0.0,0.0
mschorn/net.mschorn.sandbox,4996.0,4224.0,0.5,0.0,0,0,0,442.0,0.0,0.0,0.0
msgpack-rpc/msgpack-rpc-java,4711.0,3474.0,1.434782608695652,0.0,0,0,0,294.0,0.98989898989899,0.0,0.0
msjackso/DesperateHousePi,4457.0,4386.0,0.0,0.0,0,0,0,744.0,0.0,0.0,0.0
mslosarz/nextrtc-signaling-server,4061.0,3521.0,1.875,0.0,0,0,0,472.0,3.3863636363636362,0.0,0.0
msmiteu/java-uuid-v1-generator,3946.0,3545.0,0.0,0.0,0,0,0,123.0,1.5714285714285714,0.0,0.0
msoeima/java-resources,4830.0,4625.0,0.5,0.0,0,0,0,419.0,1.2890625,0.0,0.0
msokolov/lux,4743.0,3738.0,2.7,0.0,0,0,0,2088.0,1.8208409506398537,0.0,0.0
mspnp/azure-guidance,3905.0,3461.0,4.814814814814815,0.0,0,0,0,256.0,0.0,0.0,0.0
msrb/fedmsg-trigger-plugin,3890.0,3883.0,1.0,0.0,0,0,0,115.0,2.3333333333333335,0.0,0.0
mss/java-netstat,4306.0,4302.0,0.0,0.0,0,0,0,95.0,1.5925925925925926,0.0,0.0
mstahv/vaadinized-tomee-jee6-app-stub,4312.0,4052.0,0.75,0.0,0,0,0,125.0,2.5357142857142856,0.0,0.0
mstane/algorithms-in-java,3473.0,3460.0,1.0,0.0,0,0,0,250.0,1.3157894736842106,0.0,0.0
msteiger/play-mpc,4593.0,4305.0,4.571428571428571,0.0,0,0,0,200.0,0.0,0.0,0.0
msteindorfer/oopsla15-artifact,3770.0,3632.0,5.0,0.0,0,0,0,1532.0,0.0,0.0,0.0
mstojcevich/IridiumEventBus-NG,4154.0,3625.0,0.5,0.0,0,0,0,120.0,0.9047619047619048,0.0,0.0
msvens/mellowtech-core,3881.0,3506.0,1.0,0.0,0,0,0,1138.0,2.541832669322709,0.0,0.0
msvisser/Lapidary-Mod,4608.0,4489.0,0.0,0.0,0,0,0,292.0,0.0,0.0,0.0
mswiderski/process-migration-bpms,3527.0,3497.0,0.0,0.0,0,0,0,654.0,0.0,0.0,0.0
mtomis/jurlmap,5370.0,3535.0,3.6666666666666665,0.0,0,0,0,94.0,0.0425531914893617,0.0,0.0
mtorrisi/code-rade-portlet,3576.0,3570.0,0.0,0.0,0,0,0,116.0,0.0,0.0,0.0
mua/jshooter,6035.0,4470.0,1.5,0.0,0,0,0,420.0,0.0,0.0,0.0
muatik/my-coding-challenges,3704.0,3592.0,1.0,0.0,0,0,0,228.0,0.0,0.0,0.0
muga/msgpack-java-0.7,4924.0,4504.0,1.3333333333333333,0.0,0,0,0,1564.0,1.48,0.0,0.0
muhammadtarek/bank-system,3482.0,3482.0,0.0,0.0,0,0,0,463.0,0.014336917562724014,0.0,0.0
muhd7rosli/Tracking,4151.0,4133.0,0.0,0.0,0,0,0,31.0,0.5384615384615384,0.0,0.0
mukatee/osmo,3930.0,3517.0,2.2,0.0,0,0,0,1630.0,0.0,0.0,0.0
mulesoft-consulting/mule-module-disruptor,4431.0,4431.0,1.5,0.0,0,0,0,82.0,0.0,0.0,0.0
mulesoft-labs/mule-auditing-module,3856.0,3742.0,0.0,0.0,0,0,0,208.0,3.526315789473684,0.0,0.0
mulesoft-labs/mule-module-selenium,5179.0,4947.0,0.75,0.0,0,0,0,50.0,0.0,0.0,0.0
mulesoft/anypoint-examples,4038.0,3501.0,0.6721311475409836,0.0,0,0,0,4816.0,0.5792291220556746,0.0,0.0
mulesoft/mule-module-publish-subscribe,4651.0,4627.0,1.0,0.0,0,0,0,62.0,0.0,0.0,0.0
mulima/ArduinoDB,3816.0,3816.0,0.5,0.0,0,0,0,32.0,0.42857142857142855,0.0,0.0
mung3r/ecoCreature,5311.0,3475.0,0.6923076923076923,0.0,0,0,0,588.0,1.1382978723404256,0.0,0.0
munificent/bantam,5387.0,5116.0,9.11111111111111,0.0,0,0,0,74.0,0.0,0.0,0.0
muraken720/springboot-vertx,3827.0,3811.0,1.0,0.0,0,0,0,84.0,1.1851851851851851,0.0,0.0
musabhusaini/sare,4410.0,4410.0,0.0,0.0,0,0,0,1632.0,0.0,0.0,0.0
mushroomhostage/RealisticChat,5022.0,4867.0,1.25,0.0,0,0,0,16.0,0.0,0.0,0.0
mushroomhostage/SilkSpawners,5061.0,4912.0,0.2608695652173913,0.0,0,0,0,16.0,0.0,0.0,0.0
musiKk/dns,4514.0,4509.0,1.0,0.0,0,0,0,163.0,1.1132075471698113,0.0,0.0
muthdra/Ill,4098.0,4053.0,1.0,0.0,0,0,0,32.0,0.0,0.0,0.0
mvalleavila/storm-kafka-0.8-example,4284.0,4284.0,0.0,0.0,0,0,0,68.0,0.058823529411764705,0.0,0.0
mvb-online/jmeter-analyzer,3944.0,3646.0,0.5,0.0,0,0,0,137.0,1.1590909090909092,0.0,0.0
mvel/mvel,5326.0,3464.0,2.2586206896551726,0.0,0,0,0,2261.0,1.5863708399366085,0.0,0.0
mvogiatzis/probabilistic-counting,4345.0,3562.0,0.0,0.0,0,0,0,85.0,1.3461538461538463,0.0,0.0
mvp4g/mvp4g,3925.0,3555.0,2.8,0.0,0,0,0,1040.0,1.6180555555555556,0.0,0.0
mvp4g/mvp4g-examples,3921.0,3709.0,1.0,0.0,0,0,0,1732.0,0.0,0.0,0.0
mwanji/humpty,4701.0,3813.0,1.0,0.0,0,0,0,386.0,1.0793650793650793,0.0,0.0
mwanji/webjars-locator-core,3942.0,3941.0,0.0,0.0,0,0,0,216.0,1.2058823529411764,0.0,0.0
mwanji/webjars-maven-plugin,4541.0,4085.0,0.0,0.0,0,0,0,191.0,7.190476190476191,0.0,0.0
mwarman/spring-boot-fundamentals,3724.0,3501.0,0.6585365853658537,0.0,0,0,0,184.0,0.6956521739130435,0.0,0.0
mwarman/spring-security-fundamentals,3707.0,3500.0,0.3333333333333333,0.0,0,0,0,205.0,1.1846153846153846,0.0,0.0
mwenz/graphitiFX,4392.0,4389.0,0.0,0.0,0,0,0,78.0,0.0,0.0,0.0
mwilliamson/java-mammoth,3733.0,3465.0,0.6,0.0,0,0,0,633.0,1.175,0.0,0.0
mwitkow/java-flagz,3509.0,3500.0,6.0,0.0,0,0,0,184.0,0.0,0.0,0.0
mwmahlberg/maven-mail-plugin,5325.0,5011.0,1.0,0.0,0,0,0,114.0,0.5777777777777777,0.0,0.0
mwmahlberg/spark-template-thymeleaf,4096.0,3487.0,0.75,0.0,0,0,0,119.0,2.1724137931034484,0.0,0.0
mwtidd/Bob2016,3626.0,3614.0,0.0,0.0,0,0,0,36.0,0.0,0.0,0.0
mxabierto/avisos,4254.0,4024.0,1.5,0.0,0,0,0,1565.0,0.6073211314475874,0.0,0.0
mxdubois/tictactoe-ai,4357.0,4357.0,1.0,0.0,0,0,0,32.0,0.0,0.0,0.0
mybatis/cdi,4391.0,3522.0,1.1111111111111112,0.0,0,0,0,166.0,0.0,0.0,0.0
mybatis/ehcache-cache,4689.0,3523.0,1.358974358974359,0.0,0,0,0,74.0,0.0,0.0,0.0
mybatis/migrations-maven-plugin,4689.0,3474.0,0.45454545454545453,0.0,0,0,0,564.0,0.3881856540084388,0.0,0.0
mybatis/mybatis-3,4687.0,3463.0,1.2904953145917002,0.0,0,0,0,5596.0,1.1291224147568475,0.0,0.0
mycontroller-org/mycontroller,3772.0,3462.0,1.0333333333333334,0.0,0,0,0,2876.0,0.6235186873290793,0.0,0.0
mycsoft/CodeToTxt,4200.0,4198.0,0.5,0.0,0,0,0,47.0,0.5789473684210527,0.0,0.0
myfear/WildFlySwarmDockerSample,3724.0,3561.0,1.0,0.0,0,0,0,98.0,3.0,0.0,0.0
myhnuhai/MongoDB,4266.0,4252.0,1.0,0.0,0,0,0,280.0,3.1272727272727274,0.0,0.0
myleott/JGibbLabeledLDA,4725.0,4564.0,1.9583333333333333,0.0,0,0,0,34.0,0.0,0.0,0.0
myliferepo/hbase-object-mapper,4378.0,4360.0,0.0,0.0,0,0,0,126.0,0.0,0.0,0.0
myothet/rsaencryptor,3764.0,3764.0,0.0,0.0,0,0,0,20.0,0.0,0.0,0.0
mypsycho/SwingAppFramework,5128.0,4652.0,2.0,0.0,0,0,0,662.0,0.0,0.0,0.0
mysql/mysql-connector-j,3920.0,3461.0,1.5192307692307692,0.0,0,0,0,860.0,0.0,0.0,0.0
myth9499/3des_tools,4030.0,4014.0,0.0,0.0,0,0,0,24.0,0.0,0.0,0.0
mzdu/AdSearch_Endpoints,3512.0,3471.0,1.0,0.0,0,0,0,152.0,0.16901408450704225,0.0,0.0
mzipay/CharacterEncodingTranslator,3893.0,3890.0,0.0,0.0,0,0,0,155.0,1.14,0.0,0.0
n-zeplo/twu-biblioteca-nathan-david,3884.0,3878.0,0.0,0.0,0,0,0,108.0,0.0,0.0,0.0
n0rette/catplusplus,3560.0,3556.0,5.25,0.0,0,0,0,184.0,0.0,0.0,0.0
n9Mtq4/ADBFileTransfer,4181.0,3742.0,1.3333333333333333,0.0,0,0,0,86.0,0.0,0.0,0.0
nVisium/MoneyX,3771.0,3506.0,8.0,0.0,0,0,0,361.0,0.7709923664122137,0.0,0.0
nViso/3dfi-api-java,4750.0,4734.0,0.0,0.0,0,0,0,46.0,0.0,0.0,0.0
nabedge/mixer2,5028.0,3520.0,0.9090909090909091,0.0,0,0,0,1660.0,1.8561484918793503,0.0,0.0
nabedge/spring-mixer2-handson201504,3896.0,3896.0,0.5,0.0,0,0,0,108.0,0.8947368421052632,0.0,0.0
nachivpn/sitemapper,4012.0,3966.0,0.5,0.0,0,0,0,48.0,0.0,0.0,0.0
nadam/userinfobot,3509.0,3476.0,2.0,0.0,0,0,0,34.0,0.0,0.0,0.0
nadiajolanda/fx2048-trudu-fulgheri,4130.0,4126.0,0.0,0.0,0,0,0,50.0,0.0,0.0,0.0
nagaseyasuhito/mallow,3802.0,3781.0,0.0,0.0,0,0,0,149.0,1.6829268292682926,0.0,0.0
najashark/oop,3729.0,3577.0,0.0,0.0,0,0,0,326.0,0.0,0.0,0.0
nakag/ddlutils,4714.0,4126.0,0.2,0.0,0,0,0,1346.0,0.7342799188640974,0.0,0.0
nallar/TickProfiler,4584.0,3460.0,3.0,0.0,0,0,0,233.0,2.3518518518518516,0.0,0.0
nallar/nTweaks,4107.0,3633.0,1.0,0.0,0,0,0,79.0,0.07692307692307693,0.0,0.0
namingthings/wob,3848.0,3477.0,0.0,0.0,0,0,0,199.0,1.0923076923076922,0.0,0.0
nanase/BurnOwen,4235.0,4231.0,2.0,0.0,0,0,0,28.0,0.0,0.0,0.0
nanawel/jduplicatefinder,4515.0,3466.0,0.0,0.0,0,0,0,814.0,0.0,0.0,0.0
nano-projects/nano-framework,3721.0,3460.0,0.5,0.0,0,0,0,3768.0,1.0256821829855538,0.0,0.0
nanzheng/rpc_demo,3906.0,3906.0,0.5,0.0,0,0,0,78.0,0.0,0.0,0.0
naomi-/brain-beats,3583.0,3563.0,1.0,0.0,0,0,0,42.0,0.0,0.0,0.0
naphaso/cbor-java,4355.0,4332.0,1.5,0.0,0,0,0,190.0,1.368421052631579,0.0,0.0
narphorium/freebase-java-api,5806.0,5799.0,2.625,0.0,0,0,0,78.0,0.0,0.0,0.0
narrowtux/TooManyBuckets,5248.0,5002.0,2.0,0.0,0,0,0,46.0,0.0,0.0,0.0
nashjain/rounding_logic,4262.0,4262.0,0.0,0.0,0,0,0,38.0,0.0,0.0,0.0
nasonfish/RandomPlacer,4656.0,4460.0,0.0,0.0,0,0,0,28.0,0.0,0.0,0.0
nateguo/Algorithm-tutorials,4429.0,4421.0,0.0,0.0,0,0,0,84.0,0.0,0.0,0.0
nateyolles/publick-sling-blog,3831.0,3556.0,0.8095238095238095,0.0,0,0,0,6271.0,18.300970873786408,0.0,0.0
nathankerr/hadoopGIS,5950.0,5899.0,4.8,0.0,0,0,0,40.0,0.047619047619047616,0.0,0.0
nathanmarz/cascalog-contrib,5151.0,4686.0,2.526315789473684,0.0,0,0,0,230.0,0.0,0.0,0.0
nathanmarz/elephantdb-cascading,5417.0,4602.0,2.4,0.0,0,0,0,38.0,0.0,0.0,0.0
nathanmarz/storm-contrib,5149.0,4618.0,1.5337078651685394,0.0,0,0,0,136.0,0.0,0.0,0.0
nathanmarz/storm-mesos,4888.0,4173.0,3.272727272727273,0.0,0,0,0,74.0,0.0,0.0,0.0
nats-io/jnats,3706.0,3462.0,2.6666666666666665,0.0,0,0,0,232.0,0.0,0.0,0.0
naturwerk/bmml2dot,4898.0,4898.0,0.5,0.0,0,0,0,16.0,0.0,0.0,0.0
navaneeth/calabash-ios-java,4549.0,4142.0,0.0,0.0,0,0,0,120.0,0.0,0.0,0.0
navaneeth/orchestrion-java,4597.0,4571.0,0.0,0.0,0,0,0,118.0,0.0,0.0,0.0
navbhu/noidea,4264.0,3995.0,0.0,0.0,0,0,0,31.0,1.6666666666666667,0.0,0.0
naveenmadhire/json-wikipedia-dbspotlight,3856.0,3766.0,0.0,0.0,0,0,0,455.0,0.7865853658536586,0.0,0.0
naver/arcus-misc,4248.0,3624.0,0.75,0.0,0,0,0,710.0,0.0,0.0,0.0
naver/ngrinder-siteminder-sso,4445.0,3484.0,1.0,0.0,0,0,0,50.0,1.7142857142857142,0.0,0.0
naver/pinpoint,4075.0,3462.0,3.3001776198934283,0.0,0,0,0,12242.0,0.0,0.0,0.0
naver/yobi,4865.0,3603.0,2.1242603550295858,0.0,0,0,0,2834.0,0.0,0.0,0.0
naviens/HBrowser,4470.0,4351.0,0.0,0.0,0,0,0,116.0,1.2777777777777777,0.0,0.0
navnorth/LRJavaLib,5124.0,3708.0,0.6666666666666666,0.0,0,0,0,62.0,0.0,0.0,0.0
navssurtani/query-demo,3889.0,3873.0,0.0,0.0,0,0,0,167.0,1.7555555555555555,0.0,0.0
nawns/ctci_v6,3815.0,3474.0,2.41025641025641,0.0,0,0,0,414.0,0.0,0.0,0.0
naz911/reviewed,4357.0,4357.0,0.0,0.0,0,0,0,212.0,1.6271186440677967,0.0,0.0
nazotoko/MapPINon_OSM,5924.0,5835.0,1.5,0.0,0,0,0,152.0,0.02631578947368421,0.0,0.0
nballmann/RadialMenuFX,4408.0,4407.0,0.5,0.0,0,0,0,38.0,0.0,0.0,0.0
nbarrientos/parrot-eclipse,5654.0,5654.0,0.5,0.0,0,0,0,60.0,0.0,0.0,0.0
nbouteme/projet-java,4016.0,3951.0,0.0,0.0,0,0,0,352.0,0.6492537313432836,0.0,0.0
nccgroup/BurpSuiteLoggerPlusPlus,4245.0,3716.0,3.076923076923077,0.0,0,0,0,322.0,0.0,0.0,0.0
nccgroup/WCFDSer-ngng,3898.0,3724.0,4.333333333333333,0.0,0,0,0,142.0,0.0,0.0,0.0
ncjones/editorconfig-eclipse,4047.0,3461.0,5.7,0.0,0,0,0,324.0,0.2328767123287671,0.0,0.0
ndimiduk/hbase-1.0-api-examples,4045.0,3800.0,0.6428571428571429,0.0,0,0,0,33.0,0.9166666666666666,0.0,0.0
neb45/oStoryBook-SE-410,3620.0,3565.0,0.0,0.0,0,0,0,2506.0,0.0,0.0,0.0
nebhale/build-monitor,4466.0,4058.0,4.5,0.0,0,0,0,346.0,1.0526315789473684,0.0,0.0
nebhale/devoxx-2013,4420.0,4415.0,1.2,0.0,0,0,0,303.0,0.5206611570247934,0.0,0.0
nebhale/new-relic-service-broker,4113.0,4037.0,0.8571428571428571,0.0,0,0,0,206.0,1.0588235294117647,0.0,0.0
necula01/bond,3728.0,3560.0,1.75,0.0,0,0,0,822.0,0.0,0.0,0.0
neeph/OpenGTSFull,5283.0,3730.0,0.5,0.0,0,0,0,1756.0,0.0,0.0,0.0
neilbeveridge/zuul-netty,4481.0,4392.0,5.5,0.0,0,0,0,976.0,0.5271317829457365,0.0,0.0
neiljbrown/brighttalk-channel-reporting-api-client,3990.0,3870.0,0.0,0.0,0,0,0,421.0,0.5481927710843374,0.0,0.0
neketka/flappy-bird-remake,4306.0,4242.0,0.6666666666666666,0.0,0,0,0,1268.0,0.0,0.0,0.0
nelasoft/OpenCmsMobile-OpenCmsModule,4591.0,4591.0,0.5,0.0,0,0,0,78.0,0.0,0.0,0.0
neo4j-contrib/gremlin-plugin,4730.0,3860.0,1.4,0.0,0,0,0,146.0,0.0,0.0,0.0
neo4j-contrib/neo4j-apoc-procedures,3582.0,3461.0,4.304347826086956,0.0,0,0,0,905.0,0.7484848484848485,0.0,0.0
neo4j-contrib/neo4j-mazerunner,4066.0,3538.0,4.258064516129032,0.0,0,0,0,236.0,0.0,0.0,0.0
neo4j-contrib/neo4j-tinkerpop-api-impl,3855.0,3470.0,1.3333333333333333,0.0,0,0,0,144.0,2.7096774193548385,0.0,0.0
neomatrix369/RESTAPIUnifier,4617.0,3712.0,1.0,0.0,0,0,0,337.0,0.8487394957983193,0.0,0.0
neovera/jdiablo,4329.0,4311.0,0.0,0.0,0,0,0,413.0,2.5604395604395602,0.0,0.0
neowu/core-ng-project,3817.0,3461.0,1.6153846153846154,0.0,0,0,0,2512.0,0.9892984542211652,0.0,0.0
nerd/Discord4J,3774.0,3627.0,1.0526315789473684,0.0,0,0,0,196.0,1.2459016393442623,0.0,0.0
nerdinand/jeopardy-javafx,4263.0,3514.0,0.0,0.0,0,0,0,202.0,0.0,0.0,0.0
nessieisreal/nessie-android-sdk,3885.0,3532.0,0.5454545454545454,0.0,0,0,0,219.0,2.018181818181818,0.0,0.0
nesterione/JavaTrainings,3848.0,3466.0,0.0,0.0,0,0,0,2924.0,0.0,0.0,0.0
netceteragroup/trema-core,4064.0,3653.0,0.0,0.0,0,0,0,298.0,1.0303030303030303,0.0,0.0
netflix-spring-one/spring-cloud-netflix-contrib,3747.0,3742.0,1.1428571428571428,0.0,0,0,0,126.0,0.0,0.0,0.0
netoFlores/javaWorkSpace,3806.0,3566.0,0.0,0.0,0,0,0,1474.0,0.0,0.0,0.0
netpi/historytoday-java,4085.0,4053.0,1.2,0.0,0,0,0,10.0,0.0,0.0,0.0
netplex/json-smart-v1,4218.0,3706.0,1.8571428571428572,0.0,0,0,0,236.0,0.0,0.0,0.0
nettm/aop,4345.0,4342.0,0.0,0.0,0,0,0,95.0,1.2333333333333334,0.0,0.0
nettree/EC,3784.0,3764.0,0.0,0.0,0,0,0,186.0,0.0,0.0,0.0
netty/netty,5516.0,3460.0,1.9640899122807018,0.0,0,0,0,10830.0,1.7274604267033724,0.0,0.0
newdark/adv_java_class,4440.0,4440.0,0.0,0.0,0,0,0,62.0,0.0,0.0,0.0
newrelic-platform/newrelic_java_wikipedia_plugin,4590.0,3546.0,0.08333333333333333,0.0,0,0,0,59.0,0.44,0.0,0.0
newrelic-platform/newrelic_memcached_java_plugin,4435.0,3666.0,0.2,0.0,0,0,0,61.0,0.4230769230769231,0.0,0.0
nexr/hive-udf,4943.0,3786.0,0.9857142857142858,0.0,0,0,0,140.0,0.8979591836734694,0.0,0.0
nextalk/webim-server-java,4355.0,4155.0,0.5,0.0,0,0,0,54.0,0.0,0.0,0.0
nextras/orm-intellij,3878.0,3606.0,3.5,0.0,0,0,0,86.0,0.0,0.0,0.0
nfell2009/Skript,3575.0,3564.0,0.625,0.0,0,0,0,1311.0,0.0515625,0.0,0.0
nfergu/Java-Time-Zone-List,5101.0,3556.0,1.4,0.0,0,0,0,16.0,0.0,0.0,0.0
ngageoint/elasticgeo,3926.0,3469.0,1.4782608695652173,0.0,0,0,0,900.0,3.9735099337748343,0.0,0.0
ngasull/well-auction,4228.0,3905.0,0.3333333333333333,0.0,0,0,0,130.0,0.0,0.0,0.0
ngot/java-event,3974.0,3971.0,0.0,0.0,0,0,0,47.0,0.5789473684210527,0.0,0.0
ngs-doo/dsl-client-java,4539.0,3527.0,0.5,0.0,0,0,0,1274.0,0.0,0.0,0.0
ngs-doo/json-benchmark,4083.0,3536.0,6.2,0.0,0,0,0,262.0,0.0,0.0,0.0
ngsru/atlassian-external-hooks,4389.0,3470.0,0.8095238095238095,0.0,0,0,0,60.0,0.0,0.0,0.0
nguyenphucdev/BookManagementSample,4019.0,4016.0,0.0,0.0,0,0,0,62.0,0.0,0.0,0.0
nguyenq/lept4j,3894.0,3487.0,0.5,0.0,0,0,0,478.0,2.1739130434782608,0.0,0.0
nguyenq/tess4j,4191.0,3462.0,1.7954545454545454,0.0,0,0,0,280.0,1.3975903614457832,0.0,0.0
nguyenti/csc207-hw2,4482.0,4480.0,0.0,0.0,0,0,0,32.0,0.0,0.0,0.0
nguyentruonggiang/share-content,4032.0,4032.0,0.0,0.0,0,0,0,168.0,0.0,0.0,0.0
ngyewch/aws-detailed-billing-report,4094.0,4094.0,0.5,0.0,0,0,0,73.0,1.4090909090909092,0.0,0.0
nhl/bootique,3658.0,3464.0,4.545454545454546,0.0,0,0,0,693.0,1.4068627450980393,0.0,0.0
nhl/bootique-cayenne,3658.0,3538.0,0.5,0.0,0,0,0,137.0,1.0888888888888888,0.0,0.0
nhs-ciao/ciao-core,3873.0,3580.0,0.0,0.0,0,0,0,214.0,1.540983606557377,0.0,0.0
nhs-ciao/ciao-docs-transformer,3678.0,3573.0,0.0,0.0,0,0,0,248.0,0.0,0.0,0.0
nhs-ciao/ciao-pds-fhir,3961.0,3680.0,0.5,0.0,0,0,0,104.0,0.0,0.0,0.0
nhurion/vaadin-for-heroku,4875.0,4345.0,0.8,0.0,0,0,0,120.0,1.1282051282051282,0.0,0.0
niaoge/spring-dynamic,3818.0,3814.0,1.0,0.0,0,0,0,414.0,0.0,0.0,0.0
nicatronica/Java-Swing-Maven,3853.0,3763.0,0.5,0.0,0,0,0,264.0,0.0,0.0,0.0
nicegraham/selenium-grid2-api,4560.0,3483.0,6.0,0.0,0,0,0,50.0,0.36363636363636365,0.0,0.0
nick-parker/Bread,4043.0,3498.0,4.0,0.0,0,0,0,160.0,0.0,0.0,0.0
nick11roberts/java-geozip,3797.0,3765.0,0.0,0.0,0,0,0,60.0,0.1,0.0,0.0
nick130589/PFTEST18-Zakapko,4242.0,4117.0,0.0,0.0,0,0,0,64.0,0.0,0.0,0.0
nickbattle/vdmj,3800.0,3462.0,1.0,0.0,0,0,0,1728.0,0.0,0.0,0.0
nickevin/Qihua,3625.0,3536.0,0.5,0.0,0,0,0,2252.0,0.017905102954341987,0.0,0.0
nicknux/onedrive4j,4020.0,3485.0,0.75,0.0,0,0,0,95.0,0.9393939393939394,0.0,0.0
nickpascucci/Render,5405.0,5394.0,0.3333333333333333,0.0,0,0,0,62.0,0.0,0.0,0.0
nickpascucci/RobotCamera,5155.0,5014.0,1.0,0.0,0,0,0,756.0,0.0,0.0,0.0
nickrussler/eml-to-pdf-converter,3894.0,3581.0,1.5,0.0,0,0,0,144.0,0.0,0.0,0.0
nickzeeb/LmaxTeachingCollections,4626.0,4420.0,1.25,0.0,0,0,0,177.0,0.8412698412698413,0.0,0.0
niclupien/grails-spring-security-bcrypt,5428.0,5423.0,1.5,0.0,0,0,0,72.0,0.0,0.0,0.0
nicolas-raoul/kakasi-java,5081.0,3534.0,2.2,0.0,0,0,0,94.0,1.2,0.0,0.0
nicolasbaer/flume-ng-elasticsearch-serializer-num,4299.0,4298.0,0.5,0.0,0,0,0,48.0,1.3333333333333333,0.0,0.0
nicolaschriste/docdown,4225.0,3619.0,0.3333333333333333,0.0,0,0,0,336.0,0.8888888888888888,0.0,0.0
nicolassatragno/zombieland,3859.0,3797.0,1.0,0.0,0,0,0,1600.0,0.674457429048414,0.0,0.0
nicoulaj/compile-command-annotations,4245.0,3468.0,6.5,0.0,0,0,0,399.0,0.6733333333333333,0.0,0.0
nicoulaj/jcrfs,5081.0,4501.0,2.0,0.0,0,0,0,329.0,0.23648648648648649,0.0,0.0
nidi3/simple-remote-atlassian,4504.0,3929.0,0.0,0.0,0,0,0,277.0,0.051470588235294115,0.0,0.0
nielsutrecht/jfall-sentiment,3697.0,3676.0,0.6666666666666666,0.0,0,0,0,141.0,1.1777777777777778,0.0,0.0
nigelb/jlibudev,5157.0,4178.0,0.25,0.0,0,0,0,58.0,0.0,0.0,0.0
nightpool/VoxelUpdate,5007.0,5007.0,0.5,0.0,0,0,0,46.0,1.0,0.0,0.0
nightpool/jOryx,4630.0,5004.0,0.0,0.0,0,0,0,1444.0,0.527972027972028,0.0,0.0
nikhaldi/inieditor-java,4669.0,4557.0,1.0,0.0,0,0,0,64.0,1.8823529411764706,0.0,0.0
nikhilw/Algos,3714.0,3605.0,0.0,0.0,0,0,0,60.0,0.0,0.0,0.0
nikkiii/Alertify4J,4094.0,4086.0,4.5,0.0,0,0,0,84.0,1.44,0.0,0.0
nikkiii/hyperion,4466.0,4466.0,0.75,0.0,0,0,0,744.0,1.0080645161290323,0.0,0.0
nikkiii/omegle-api-java,4765.0,3645.0,0.5,0.0,0,0,0,48.0,0.0,0.0,0.0
ning/maven-dependency-versions-check-plugin,5541.0,3569.0,4.666666666666667,0.0,0,0,0,108.0,1.3333333333333333,0.0,0.0
ning/tr13,5698.0,3967.0,4.5,0.0,0,0,0,222.0,1.5,0.0,0.0
ningg/flume-ng-extends-source,3947.0,3883.0,0.9047619047619048,0.0,0,0,0,80.0,1.4166666666666667,0.0,0.0
ninjaframework/ninja-rythm,4498.0,3802.0,1.125,0.0,0,0,0,793.0,2.076923076923077,0.0,0.0
ninjin/corbit,4744.0,4329.0,0.0,0.0,0,0,0,267.0,0.05343511450381679,0.0,0.0
nishihatapalmer/byteseek,4086.0,3535.0,2.3333333333333335,0.0,0,0,0,935.0,1.264808362369338,0.0,0.0
nishio-dens/bitbucket-pullrequest-builder-plugin,4324.0,3483.0,0.9375,0.0,0,0,0,224.0,3.9473684210526314,0.0,0.0
nishtahir/MektoryJava2,3722.0,3651.0,0.0,0.0,0,0,0,388.0,0.0,0.0,0.0
nisovin/Shopkeepers,4396.0,3475.0,0.7368421052631579,0.0,0,0,0,537.0,0.8978494623655914,0.0,0.0
nitinmotgi/hydrator-plugins,3726.0,3704.0,0.0,0.0,0,0,0,210.0,0.0,0.0,0.0
nivance/spring-data-cassandra-branch,4311.0,4310.0,0.0,0.0,0,0,0,638.0,0.7974683544303798,0.0,0.0
nixtabyte/JTeleBot-Core,3822.0,3805.0,0.6666666666666666,0.0,0,0,0,339.0,3.014705882352941,0.0,0.0
nka11/jintn3270,4921.0,4921.0,0.6666666666666666,0.0,0,0,0,238.0,0.891566265060241,0.0,0.0
nla/yaz4j,4747.0,4677.0,0.0,0.0,0,0,0,138.0,0.0,0.0,0.0
nlpie/biomedicus,3601.0,3461.0,1.5,0.0,0,0,0,2857.0,1.6420382165605096,0.0,0.0
nlplab-bsnyder/ocr,4052.0,4010.0,2.0,0.0,0,0,0,210.0,0.0,0.0,0.0
nls-oskari/oskari-server,4487.0,3463.0,0.6428571428571429,0.0,0,0,0,11900.0,1.3171683389074693,0.0,0.0
nmdp-bioinformatics/MiringValidator,3856.0,3463.0,0.6666666666666666,0.0,0,0,0,454.0,1.4285714285714286,0.0,0.0
nmdp-bioinformatics/service-hml,3952.0,3842.0,0.0,0.0,0,0,0,434.0,0.0,0.0,0.0
nmorel/gwt-jackson-rest,3942.0,3565.0,2.0,0.0,0,0,0,396.0,2.975,0.0,0.0
nningego/TrailBlazers,4738.0,4443.0,0.0,0.0,0,0,0,237.0,0.39,0.0,0.0
nnjeremy/l3-miage-2011-framework,4316.0,4316.0,0.0,0.0,0,0,0,272.0,1.223529411764706,0.0,0.0
no-hope/java-toolkit,4470.0,3688.0,0.6666666666666666,0.0,0,0,0,3587.0,1.9877777777777779,0.0,0.0
noSoulApophis/PCG-Java,3596.0,3532.0,0.0,0.0,0,0,0,108.0,0.4444444444444444,0.0,0.0
noahprince22/class-sniper,4060.0,4056.0,0.0,0.0,0,0,0,42.0,0.0,0.0,0.0
noctarius/hazelcast-mapreduce-presentation,4228.0,4080.0,0.5,0.0,0,0,0,231.0,1.4264705882352942,0.0,0.0
nodebox/nodebox,6152.0,3466.0,7.830188679245283,0.0,0,0,0,3495.0,1.5720122574055158,0.0,0.0
noirbizarre/description-column,5242.0,5239.0,1.0,0.0,0,0,0,46.0,0.0,0.0,0.0
nollbit/jotify,5726.0,5709.0,1.0,0.0,0,0,0,464.0,0.0,0.0,0.0
noobieteam/Fallacia,4144.0,4104.0,1.3333333333333333,0.0,0,0,0,130.0,0.0,0.0,0.0
noophq/java-charset,3732.0,3556.0,0.5,0.0,0,0,0,136.0,2.6,0.0,0.0
nophinity/openxchange,4014.0,4014.0,0.0,0.0,0,0,0,70.0,0.0,0.0,0.0
nordpos-mobi/nordpos-dao,4004.0,3502.0,0.0,0.0,0,0,0,334.0,1.1111111111111112,0.0,0.0
normanmaurer/niosmtp,5225.0,3758.0,2.4375,0.0,0,0,0,664.0,1.3467336683417086,0.0,0.0
nortal/araneaframework,4345.0,4261.0,0.0,0.0,0,0,0,6313.0,0.0009505703422053232,0.0,0.0
norvigaward/warcutils,4239.0,4178.0,0.8,0.0,0,0,0,61.0,0.8636363636363636,0.0,0.0
noskovd/spring-data-orient-examples,4196.0,4196.0,1.6666666666666667,0.0,0,0,0,40.0,0.0,0.0,0.0
nosys/pgconfiguration,4386.0,4381.0,0.0,0.0,0,0,0,110.0,0.0,0.0,0.0
not001praween001/bluesky-client-libjava,3666.0,3590.0,0.0,0.0,0,0,0,113.0,2.107142857142857,0.0,0.0
notabadminer/UniversalCoinsVaultPlugin,3814.0,3541.0,1.5,0.0,0,0,0,26.0,0.0,0.0,0.0
notcomment/UFMGame,4046.0,3935.0,0.6666666666666666,0.0,0,0,0,3193.0,0.8992740471869328,0.0,0.0
notnoop/java-apns,5876.0,3482.0,2.4543761638733708,0.0,0,0,0,590.0,3.2389380530973453,0.0,0.0
notnoop/java-c2dm,5286.0,5131.0,2.5789473684210527,0.0,0,0,0,176.0,2.9444444444444446,0.0,0.0
npaulus/Daily-Email-WebApp,4690.0,3795.0,0.0,0.0,0,0,0,318.0,0.0,0.0,0.0
npgall/mobility-rpc,3767.0,3556.0,1.0,0.0,0,0,0,1178.0,0.0,0.0,0.0
nporiord/config-framework,4625.0,4583.0,0.0,0.0,0,0,0,159.0,0.875,0.0,0.0
nsidc/libre-nutch-raw-xml-plugin,4770.0,4762.0,0.6666666666666666,0.0,0,0,0,371.0,1.5865384615384615,0.0,0.0
nsp/OpenSettlers,5721.0,5510.0,1.8,0.0,0,0,0,1657.0,1.670353982300885,0.0,0.0
nsqio/TrendrrNSQClient,4717.0,3926.0,0.7111111111111111,0.0,0,0,0,104.0,0.16326530612244897,0.0,0.0
nsstrunks/pockyloaf-discord,3482.0,3477.0,0.5,0.0,0,0,0,116.0,1.1891891891891893,0.0,0.0
ntj/ComplexRapidMiner,4933.0,4932.0,1.0,0.0,0,0,0,8685.0,0.0006909258406264394,0.0,0.0
ntmcminn/alfresco-pdf-toolkit,4226.0,3527.0,1.380952380952381,0.0,0,0,0,414.0,0.0,0.0,0.0
nuaalida/lab_3,3685.0,3660.0,0.0,0.0,0,0,0,331.0,0.4888888888888889,0.0,0.0
nubomedia/nubomedia-magic-mirror,3575.0,3464.0,0.0,0.0,0,0,0,111.0,0.9736842105263158,0.0,0.0
nullquery/BYONDclipse,3998.0,3795.0,0.6666666666666666,0.0,0,0,0,226.0,0.0,0.0,0.0
nullsub/spring-template,4410.0,4409.0,0.0,0.0,0,0,0,196.0,3.5,0.0,0.0
nuodb/pdi-nuodb-plugin,4291.0,3720.0,0.5,0.0,0,0,0,50.0,0.0,0.0,0.0
nurkiewicz/LazySeq,4600.0,3846.0,6.0625,0.0,0,0,0,243.0,1.5507246376811594,0.0,0.0
nurkiewicz/benchmarks,4706.0,4705.0,2.0,0.0,0,0,0,116.0,0.8780487804878049,0.0,0.0
nurkiewicz/monkeys-grooming,3907.0,3907.0,4.666666666666667,0.0,0,0,0,88.0,0.0,0.0,0.0
nutzam/ssdb4j,4364.0,3504.0,1.1875,0.0,0,0,0,233.0,3.152173913043478,0.0,0.0
nuxeo/gatling-report,3674.0,3528.0,2.0,0.0,0,0,0,202.0,1.1875,0.0,0.0
nvdk/ods-lodms-plugins,4460.0,4116.0,0.3333333333333333,0.0,0,0,0,638.0,0.0,0.0,0.0
nvenky/excel-parser,4838.0,3522.0,0.9629629629629629,0.0,0,0,0,170.0,1.5833333333333333,0.0,0.0
nverwer/cocooncomponents,3911.0,3504.0,0.5,0.0,0,0,0,202.0,0.0,0.0,0.0
nvijayap/hadoop-yarn,4374.0,4366.0,0.5,0.0,0,0,0,46.0,1.4285714285714286,0.0,0.0
nvoxland/testmd,4021.0,3537.0,0.3333333333333333,0.0,0,0,0,367.0,3.347826086956522,0.0,0.0
nwcaldwell/chokinghazard,4329.0,4309.0,0.0,0.0,0,0,0,214.0,0.0,0.0,0.0
nwiechmann/scm-changes-maven-extension,4467.0,4211.0,0.0,0.0,0,0,0,88.0,1.3333333333333333,0.0,0.0
nzjess/statsd-over-slf4j,5100.0,4982.0,2.0,0.0,0,0,0,106.0,1.4838709677419355,0.0,0.0
o19s/lucene-query-example,4347.0,4295.0,1.8888888888888888,0.0,0,0,0,74.0,1.3043478260869565,0.0,0.0
o3project/mlo-net,3933.0,3546.0,1.5,0.0,0,0,0,2268.0,0.0,0.0,0.0
oVirt/ovirt-engine-extension-aaa-ldap,4193.0,3462.0,0.5,0.0,0,0,0,288.0,0.013888888888888888,0.0,0.0
oaeproject/SAMLParser,4689.0,4570.0,0.0,0.0,0,0,0,42.0,1.3846153846153846,0.0,0.0
oanc/org.anc.lapps.masc,4561.0,3504.0,0.0,0.0,0,0,0,118.0,0.0,0.0,0.0
oanc/org.anc.lapps.stanford,4562.0,3504.0,0.0,0.0,0,0,0,124.0,0.0,0.0,0.0
oandreazza/musicBar,4842.0,4765.0,0.0,0.0,0,0,0,248.0,0.0,0.0,0.0
oaqa/baseqa,4879.0,3512.0,1.3529411764705883,0.0,0,0,0,374.0,0.0,0.0,0.0
obale/soap_security_framework,4984.0,4984.0,0.5,0.0,0,0,0,196.0,2.604651162790698,0.0,0.0
obazoud/elasticsearch-river-git,4500.0,4490.0,6.0,0.0,0,0,0,211.0,0.17346938775510204,0.0,0.0
obiba/magma,4801.0,3462.0,0.25,0.0,0,0,0,2150.0,0.0,0.0,0.0
objectos/way,4859.0,3548.0,0.0,0.0,0,0,0,13658.0,0.09252450980392157,0.0,0.0
objectpartners/rancher-java-sdk,3604.0,3460.0,1.0,0.0,0,0,0,867.0,0.976027397260274,0.0,0.0
objetos15161/Devorador,3701.0,3661.0,0.0,0.0,0,0,0,360.0,0.0,0.0,0.0
oblac/jodd,4847.0,3461.0,3.798342541436464,0.0,0,0,0,11136.0,1.8700486448922864,0.0,0.0
ocafebabe/guava-jcache,3593.0,3478.0,0.5,0.0,0,0,0,160.0,1.8571428571428572,0.0,0.0
occi4java/occi4java,5360.0,4337.0,1.0,0.0,0,0,0,422.0,0.7006369426751592,0.0,0.0
oci-pronghorn/NettyStages,3748.0,3469.0,1.5,0.0,0,0,0,106.0,0.0,0.0,0.0
oci-pronghorn/PronghornGateway,3835.0,3690.0,5.0,0.0,0,0,0,146.0,0.0,0.0,0.0
oci-pronghorn/PronghornPipes,3939.0,3461.0,1.25,0.0,0,0,0,590.0,1.3072625698324023,0.0,0.0
oci-pronghorn/PronghornSQL,3785.0,3690.0,0.0,0.0,0,0,0,136.0,1.2093023255813953,0.0,0.0
ocpsoft/common,5213.0,4847.0,1.0,0.0,0,0,0,167.0,0.864406779661017,0.0,0.0
ocpsoft/prettytime,5481.0,3521.0,3.610062893081761,0.0,0,0,0,654.0,1.28,0.0,0.0
ocpsoft/rewrite,5289.0,3471.0,1.894736842105263,0.0,0,0,0,8036.0,1.4947826086956522,0.0,0.0
octarine-noise/CartLivery,4215.0,4199.0,0.3333333333333333,0.0,0,0,0,223.0,0.5568181818181818,0.0,0.0
octopus-platform/octopus,3473.0,3465.0,0.0,0.0,0,0,0,202.0,0.0,0.0,0.0
odinsbane/least-squares-in-java,4310.0,3540.0,1.0,0.0,0,0,0,178.0,3.4545454545454546,0.0,0.0
odpi-attic/deploy-cluster,3737.0,3736.0,0.5,0.0,0,0,0,256.0,0.0,0.0,0.0
oeg-upm/MIRROR,3979.0,3576.0,1.25,0.0,0,0,0,1066.0,0.24842105263157896,0.0,0.0
oeg-upm/geo.linkeddata.es-TripleGeoKettle,3736.0,3536.0,0.0,0.0,0,0,0,486.0,0.0,0.0,0.0
oehf/ipf-oht-atna,3940.0,3471.0,0.0,0.0,0,0,0,916.0,1.7933884297520661,0.0,0.0
offbynull/peernetic,4174.0,3619.0,2.3333333333333335,0.0,0,0,0,960.0,0.6,0.0,0.0
ogcs/Okra,3708.0,3464.0,4.0,0.0,0,0,0,628.0,1.2984293193717278,0.0,0.0
ogidogi/kafka-spark-hive,4135.0,4135.0,0.0,0.0,0,0,0,39.0,1.4166666666666667,0.0,0.0
oharaandrew314/TinkerTime,4192.0,3609.0,4.0,0.0,0,0,0,384.0,0.042328042328042326,0.0,0.0
ohheckyeah/ohheckyeah-games-java,4290.0,3751.0,5.0,0.0,0,0,0,2452.0,0.0,0.0,0.0
ohnosequences/ivy-s3-resolver,4529.0,3531.0,0.25,0.0,0,0,0,70.0,0.0,0.0,0.0
ohnx/checkVPN,3879.0,3875.0,0.0,0.0,0,0,0,84.0,0.20512820512820512,0.0,0.0
oiavorskyi/sharded-spring-data-redis,4210.0,4210.0,0.25,0.0,0,0,0,58.0,0.3076923076923077,0.0,0.0
oith/ws_hcm,3720.0,3554.0,0.75,0.0,0,0,0,852.0,0.0,0.0,0.0
oitsjustjose/YetAnotherBiomeMod,4518.0,4518.0,0.0,0.0,0,0,0,52.0,0.0,0.0,0.0
ojacquemart/spring-boot-rxjava,3718.0,3718.0,4.666666666666667,0.0,0,0,0,109.0,1.2647058823529411,0.0,0.0
okbqa/templator,3997.0,3618.0,0.0,0.0,0,0,0,166.0,0.2702702702702703,0.0,0.0
okean/alm-rest-api,3479.0,3460.0,0.0,0.0,0,0,0,84.0,1.44,0.0,0.0
okiwi/kata-diamond,3829.0,3829.0,0.0,0.0,0,0,0,55.0,0.5909090909090909,0.0,0.0
okohll/RunJasperReports,5781.0,4515.0,2.25,0.0,0,0,0,112.0,0.0,0.0,0.0
olabini/yecht,6003.0,5353.0,5.0,0.0,0,0,0,273.0,0.037037037037037035,0.0,0.0
oldmud0/Disparity-RHE,4357.0,4290.0,0.5,0.0,0,0,0,436.0,0.0,0.0,0.0
oldratlee/classloader-playground,4285.0,3506.0,2.176470588235294,0.0,0,0,0,392.0,1.1023622047244095,0.0,0.0
olegts/LambdasHacking,4109.0,4078.0,0.0,0.0,0,0,0,20.0,0.0,0.0,0.0
oleksandr-shynkariuk/Algorithms,4493.0,4236.0,0.0,0.0,0,0,0,90.0,0.0,0.0,0.0
olivergondza/jenkins-config-cloner,4647.0,3554.0,0.8333333333333334,0.0,0,0,0,181.0,1.5192307692307692,0.0,0.0
olmo/DDSBox,3861.0,3861.0,0.0,0.0,0,0,0,218.0,0.0,0.0,0.0
olovm/cora-basicstorage,3548.0,3463.0,0.0,0.0,0,0,0,162.0,0.0,0.0,0.0
oltruong/teamag,4828.0,3494.0,1.0,0.0,0,0,0,965.0,1.3693379790940767,0.0,0.0
omajid/xdg-java,4496.0,3509.0,0.6666666666666666,0.0,0,0,0,89.0,1.3703703703703705,0.0,0.0
omartinak/evo3D,5032.0,5032.0,1.5,0.0,0,0,0,34.0,0.0,0.0,0.0
omerg/spring-mvc-base,4675.0,4229.0,0.8571428571428571,0.0,0,0,0,183.0,0.10227272727272728,0.0,0.0
omerio/raspberrypi-appengine-portal,3633.0,3606.0,4.333333333333333,0.0,0,0,0,206.0,1.2,0.0,0.0
omgware/ropes-world,4922.0,4921.0,3.0,0.0,0,0,0,74.0,0.0,0.0,0.0
omidp/axon,4317.0,3517.0,0.5,0.0,0,0,0,273.0,0.8061224489795918,0.0,0.0
omnifaces/omnipersistence,3721.0,3483.0,0.0,0.0,0,0,0,58.0,0.0,0.0,0.0
omtinez/multithreaded_quicksort,4746.0,4746.0,0.0,0.0,0,0,0,14.0,0.0,0.0,0.0
one4me/VanillaExtract,4786.0,4786.0,0.0,0.0,0,0,0,52.0,0.0,0.0,0.0
oneam/pirec,3694.0,3602.0,0.5,0.0,0,0,0,171.0,0.7903225806451613,0.0,0.0
onelogin/atlassian,5016.0,3622.0,0.6666666666666666,0.0,0,0,0,200.0,0.0,0.0,0.0
onelogin/java-saml,5382.0,3484.0,1.155844155844156,0.0,0,0,0,174.0,0.9830508474576272,0.0,0.0
onesocialweb/osw-lib-gwt,5715.0,5353.0,3.6,0.0,0,0,0,240.0,0.0,0.0,0.0
onesocialweb/osw-openfire-plugin,5726.0,5353.0,3.5,0.0,0,0,0,272.0,0.0,0.0,0.0
onhate/schemorger,4276.0,3631.0,0.6,0.0,0,0,0,1473.0,0.4873524451939292,0.0,0.0
onlychoice/ganger,4997.0,4862.0,0.1111111111111111,0.0,0,0,0,214.0,0.0,0.0,0.0
ontometrics/integration-agents,4176.0,4137.0,0.0,0.0,0,0,0,186.0,1.1864406779661016,0.0,0.0
ontopia/ontopia,3927.0,3484.0,3.75,0.0,0,0,0,23286.0,1.6467272157845287,0.0,0.0
onyxbits/FileCast,3918.0,3890.0,3.0,0.0,0,0,0,172.0,0.9,0.0,0.0
onyxbits/Raccoon,4212.0,3470.0,3.652173913043478,0.0,0,0,0,1055.0,5.046666666666667,0.0,0.0
onyxbits/dummydroid,3900.0,3470.0,1.9090909090909092,0.0,0,0,0,785.0,10.901639344262295,0.0,0.0
oobj/jpa-learning,4139.0,4085.0,0.5,0.0,0,0,0,139.0,2.272727272727273,0.0,0.0
oopschen/sdk-weixin,3777.0,3757.0,1.0,0.0,0,0,0,438.0,1.1205673758865249,0.0,0.0
ooyala/Ooyala-AdobeCQ,4877.0,3750.0,0.75,0.0,0,0,0,1930.0,0.0,0.0,0.0
op4j/op4j,4965.0,4964.0,7.5,0.0,0,0,0,2118.0,4.604361370716511,0.0,0.0
opcoach/Conferences,4214.0,3948.0,1.0,0.0,0,0,0,338.0,0.0,0.0,0.0
open-adk/OpenADK-java,4870.0,4326.0,0.46153846153846156,0.0,0,0,0,1742.0,0.0,0.0,0.0
open-code/hiron,3824.0,3780.0,0.0,0.0,0,0,0,77.0,1.16,0.0,0.0
open-power/serverwiz,3990.0,3534.0,0.14285714285714285,0.0,0,0,0,125.0,0.015873015873015872,0.0,0.0
openMF/mifosx-admin,3785.0,3695.0,0.2,0.0,0,0,0,98.0,1.7037037037037037,0.0,0.0
openMF/ppi-uploader,3619.0,3505.0,0.0,0.0,0,0,0,102.0,0.0,0.0,0.0
openMF/stellar-connector,3665.0,3554.0,0.0,0.0,0,0,0,262.0,0.0625,0.0,0.0
openaire/iis,3749.0,3461.0,2.0,0.0,0,0,0,10793.0,1.130800464037123,0.0,0.0
openanalytics/RSB,5336.0,3921.0,3.25,0.0,0,0,0,1232.0,2.1133333333333333,0.0,0.0
openapp/binder,4746.0,4746.0,0.0,0.0,0,0,0,48.0,0.0,0.0,0.0
openapp/store,4747.0,4747.0,0.5,0.0,0,0,0,236.0,0.0,0.0,0.0
openbaton/openbaton-libs,3728.0,3470.0,0.25,0.0,0,0,0,1859.0,2.7717948717948717,0.0,0.0
openbaton/zabbix-plugin,3660.0,3483.0,0.0,0.0,0,0,0,201.0,0.9,0.0,0.0
opencadc/ac,3654.0,3472.0,0.0,0.0,0,0,0,576.0,0.0,0.0,0.0
opencog/relex,4333.0,3476.0,0.8478260869565217,0.0,0,0,0,368.0,0.0,0.0,0.0
opencredo/concursus,3581.0,3478.0,6.6,0.0,0,0,0,3456.0,3.138187221396731,0.0,0.0
opencredo/opencredo-couchdb,5444.0,5425.0,3.5,0.0,0,0,0,248.0,1.0120481927710843,0.0,0.0
opendatatrentino/s-match,4537.0,3727.0,0.6666666666666666,0.0,0,0,0,1088.0,1.0532212885154062,0.0,0.0
opendaylight/ovsdb,4338.0,3460.0,0.6176470588235294,0.0,0,0,0,1448.0,0.0,0.0,0.0
opendaylight/yangtools,4338.0,3462.0,0.5476190476190477,0.0,0,0,0,6026.0,0.0,0.0,0.0
opendk/opendatakraken,3765.0,3469.0,0.0,0.0,0,0,0,1944.0,1.4140350877192982,0.0,0.0
openelisglobal/openelisglobal-core,5367.0,3463.0,0.2916666666666667,0.0,0,0,0,8472.0,0.0,0.0,0.0
openelisglobal/openelisglobal-plugins,4374.0,3832.0,0.0,0.0,0,0,0,128.0,0.0,0.0,0.0
openengsb-attic/openengsb-maven-plugin,5444.0,5106.0,1.0,0.0,0,0,0,701.0,2.449367088607595,0.0,0.0
openengsb-attic/openengsb-workflow-api,4857.0,4787.0,0.0,0.0,0,0,0,100.0,0.0,0.0,0.0
openengsb-domcon/openengsb-connector-maven,5373.0,4891.0,1.0,0.0,0,0,0,140.0,0.0,0.0,0.0
openengsb-domcon/openengsb-connector-promreport,5361.0,4909.0,1.0,0.0,0,0,0,160.0,0.0,0.0,0.0
openengsb-domcon/openengsb-connector-trac,5373.0,4891.0,1.0,0.0,0,0,0,116.0,0.0,0.0,0.0
openengsb-domcon/openengsb-domain-build,5366.0,4875.0,1.0,0.0,0,0,0,68.0,0.0,0.0,0.0
openengsb-domcon/openengsb-domain-contact,5366.0,4862.0,1.5,0.0,0,0,0,70.0,0.0,0.0,0.0
openengsb-domcon/openengsb-domain-notification,5366.0,4848.0,1.5,0.0,0,0,0,70.0,0.0,0.0,0.0
openengsb-domcon/openengsb-domain-test,5366.0,4799.0,1.0,0.0,0,0,0,82.0,0.0,0.0,0.0
openengsb/loom-java,5088.0,4083.0,0.25,0.0,0,0,0,156.0,1.0980392156862746,0.0,0.0
openfigis/sharks,3973.0,3461.0,0.3333333333333333,0.0,0,0,0,1454.0,0.0,0.0,0.0
openfin/java-example,3994.0,3507.0,1.5,0.0,0,0,0,168.0,0.0,0.0,0.0
openfurther/further-open-core,4493.0,3510.0,0.0,0.0,0,0,0,6926.0,0.0,0.0,0.0
openhab/openhab,4469.0,3460.0,2.0117302052785924,0.0,0,0,0,26237.0,0.9592872448404195,0.0,0.0
openjdk-mirror/jdk7u-jaxp,4970.0,4969.0,1.5,0.0,0,0,0,6993.0,1.169460806524694,0.0,0.0
openmandragora/xeneo-db-impl,5024.0,4873.0,0.75,0.0,0,0,0,130.0,0.0,0.0,0.0
openmapsoftware/mappingtools,4380.0,4303.0,0.5,0.0,0,0,0,990.0,0.0,0.0,0.0
openmhealth/omh-dsu-ri,4142.0,3545.0,0.6363636363636364,0.0,0,0,0,399.0,0.7094594594594594,0.0,0.0
openmrs/openmrs-module-databasebackup,3583.0,3514.0,0.0,0.0,0,0,0,166.0,1.6521739130434783,0.0,0.0
openmrs/openmrs-module-datacomparison,4569.0,3805.0,0.0,0.0,0,0,0,196.0,0.5714285714285714,0.0,0.0
openmrs/openmrs-module-dhisreport,4836.0,3469.0,0.36363636363636365,0.0,0,0,0,453.0,0.17703349282296652,0.0,0.0
openmrs/openmrs-module-legacyui,3878.0,3464.0,0.075,0.0,0,0,0,5407.0,1.9510591672753834,0.0,0.0
openmrs/openmrs-module-owa,4020.0,3470.0,0.05555555555555555,0.0,0,0,0,417.0,2.1485148514851486,0.0,0.0
openmrs/openmrs-module-referenceapplication,4641.0,3468.0,0.05263157894736842,0.0,0,0,0,406.0,0.8333333333333334,0.0,0.0
openmrs/openmrs-module-uiframework-patientsummary-support,4845.0,3628.0,0.0,0.0,0,0,0,82.0,0.0,0.0,0.0
openpreserve/jhove,4297.0,3469.0,1.5,0.0,0,0,0,3477.0,0.5064841498559077,0.0,0.0
openpreserve/report-api,4527.0,4134.0,0.0,0.0,0,0,0,327.0,8.612903225806452,0.0,0.0
openpreserve/scout,5088.0,3569.0,2.6,0.0,0,0,0,2510.0,1.6511627906976745,0.0,0.0
opensensorhub/osh-services,3713.0,3514.0,0.0,0.0,0,0,0,1062.0,0.0,0.0,0.0
openstack-infra/gerrit,4747.0,3463.0,18.0,0.0,0,0,0,2839.0,0.019189765458422176,0.0,0.0
openstack/monasca-persister,4171.0,3461.0,6.833333333333333,0.0,0,0,0,218.0,0.0,0.0,0.0
openstack/monasca-thresh,4171.0,3462.0,6.0,0.0,0,0,0,240.0,0.0,0.0,0.0
openstreetmap/mkgmap,5097.0,3545.0,1.9,0.0,0,0,0,3955.0,0.9010263929618768,0.0,0.0
opentable/otj-logging,4289.0,3465.0,0.3333333333333333,0.0,0,0,0,180.0,0.0,0.0,0.0
opentaps/opentaps-crm2,4066.0,3969.0,0.25,0.0,0,0,0,144.0,0.0,0.0,0.0
opentelecoms-org/jsmpp,3996.0,3461.0,1.4615384615384615,0.0,0,0,0,606.0,0.0,0.0,0.0
openwide-java/artifact-listener,4584.0,3611.0,8.25,0.0,0,0,0,1477.0,0.2684049079754601,0.0,0.0
openwide-java/owsi-core-parent,3737.0,3462.0,1.3333333333333333,0.0,0,0,0,8679.0,0.13817733990147782,0.0,0.0
openx/OX3-Java-API-Client,5309.0,3461.0,0.6666666666666666,0.0,0,0,0,115.0,1.0,0.0,0.0
openx/SSRTBPriceCrypter,5219.0,3821.0,1.0,0.0,0,0,0,68.0,1.0434782608695652,0.0,0.0
operasoftware/operaprestodriver,5424.0,4059.0,2.267857142857143,0.0,0,0,0,1904.0,2.2831460674157302,0.0,0.0
opereto/opereto_examples,3793.0,3462.0,0.0,0.0,0,0,0,10.0,0.0,0.0,0.0
operutka/jlibav,4337.0,3762.0,3.0,0.0,0,0,0,692.0,0.0,0.0,0.0
opf-attic/OAIHarvester2,4578.0,4576.0,0.5,0.0,0,0,0,73.0,0.6785714285714286,0.0,0.0
opf-labs/AQuA,5373.0,4399.0,4.0,0.0,0,0,0,566.0,0.0,0.0,0.0
opf-labs/jhove2,4331.0,4330.0,1.75,0.0,0,0,0,4325.0,0.7844272844272844,0.0,0.0
opitzconsulting/orcas,4078.0,3461.0,2.125,0.0,0,0,0,2370.0,0.0,0.0,0.0
opower/jackson-module-unitsofmeasure,4798.0,4331.0,0.5,0.0,0,0,0,72.0,0.0,0.0,0.0
opower/jpile,5121.0,3514.0,0.631578947368421,0.0,0,0,0,182.0,0.11494252873563218,0.0,0.0
opower/kiji-table-layout-updater,4318.0,3765.0,0.75,0.0,0,0,0,192.0,0.0,0.0,0.0
ops4j/org.ops4j.pax.exam1,5572.0,5403.0,1.6,0.0,0,0,0,1197.0,0.5348837209302325,0.0,0.0
optimaize/language-detector,4309.0,3463.0,2.7906976744186047,0.0,0,0,0,621.0,1.0242718446601942,0.0,0.0
or-drop-tables-team/sup,3735.0,3661.0,1.0,0.0,0,0,0,208.0,1.2307692307692308,0.0,0.0
oracle/atg-maven-plugin,3680.0,3540.0,0.5,0.0,0,0,0,92.0,0.7647058823529411,0.0,0.0
oracle/oracle-cloud,4100.0,3504.0,1.0,0.0,0,0,0,22742.0,0.0,0.0,0.0
oraj-360/person-service,3819.0,3568.0,0.0,0.0,0,0,0,384.0,1.088,0.0,0.0
oranoceallaigh/smppapi,4391.0,4177.0,0.6,0.0,0,0,0,1371.0,0.5378927911275416,0.0,0.0
orbekk/linoquotes,5583.0,4842.0,2.0,0.0,0,0,0,80.0,0.0,0.0,0.0
orbisgis/orbisgis-samples,4423.0,3662.0,0.0,0.0,0,0,0,62.0,0.0,0.0,0.0
orbisgis/poly2tri.java,3896.0,3886.0,1.0,0.0,0,0,0,1433.0,3.3947368421052633,0.0,0.0
orbit/orbit-hk2,3595.0,3472.0,0.0,0.0,0,0,0,127.0,1.146341463414634,0.0,0.0
orbit/orbit-jetty,3590.0,3498.0,0.0,0.0,0,0,0,117.0,1.3055555555555556,0.0,0.0
ordinary-developer/book_pragmatic_unit_testing_in_java_8_with_junit_j_langr,3710.0,3705.0,0.0,0.0,0,0,0,46.0,0.0,0.0,0.0
orfjackal/jumi-actors,4796.0,3697.0,5.4,0.0,0,0,0,406.0,0.0,0.0,0.0
orfjackal/specsy,5657.0,3489.0,7.5,0.0,0,0,0,384.0,0.0,0.0,0.0
org-wave/Old-Populator,5112.0,5112.0,1.0,0.0,0,0,0,164.0,0.0,0.0,0.0
org-wave/Scanner,5112.0,5112.0,0.3333333333333333,0.0,0,0,0,301.0,0.006622516556291391,0.0,0.0
orgin/hothgenerator,4799.0,3466.0,0.5714285714285714,0.0,0,0,0,370.0,0.0,0.0,0.0
orgisuper/isuper.geometry,3979.0,3579.0,1.5,0.0,0,0,0,74.0,1.4545454545454546,0.0,0.0
orionhealth/XBDD,3954.0,3592.0,1.625,0.0,0,0,0,9686.0,28.180685358255452,0.0,0.0
orionhealth/xbdd-bamboo-plugin,3952.0,3592.0,0.5,0.0,0,0,0,70.0,0.0,0.0,0.0
orwell-int/lejos-mf-pc,4052.0,3864.0,0.0,0.0,0,0,0,44.0,0.0,0.0,0.0
os72/protoc-jar-maven-plugin,4213.0,3485.0,1.5555555555555556,0.0,0,0,0,107.0,2.5416666666666665,0.0,0.0
osPlanning/omx,4525.0,3497.0,1.25,0.0,0,0,0,310.0,0.0,0.0,0.0
osbitools/OsBiToolsWs,3638.0,3490.0,0.5,0.0,0,0,0,2352.0,1.0973684210526315,0.0,0.0
osebelin/verdandi,5258.0,4433.0,0.6666666666666666,0.0,0,0,0,464.0,0.0,0.0,0.0
osgi/osgi.enroute.examples.jdbc,3476.0,3469.0,0.0,0.0,0,0,0,274.0,0.19047619047619047,0.0,0.0
osgi/osgi.enroute.examples.vaadin,3479.0,3477.0,0.0,0.0,0,0,0,257.0,0.19491525423728814,0.0,0.0
osiam/auth-server,3882.0,3641.0,0.5714285714285714,0.0,0,0,0,543.0,1.920863309352518,0.0,0.0
osiam/resource-server,3882.0,3641.0,0.375,0.0,0,0,0,1322.0,2.9219330855018586,0.0,0.0
osiam/shell,4101.0,3543.0,1.0,0.0,0,0,0,178.0,0.0,0.0,0.0
osiegmar/japt-proxy,4207.0,4193.0,0.25,0.0,0,0,0,317.0,0.926605504587156,0.0,0.0
osintegrators/storm-samples,4018.0,3569.0,0.42857142857142855,0.0,0,0,0,58.0,0.0,0.0,0.0
oskopek/carcv,4433.0,3659.0,0.5714285714285714,0.0,0,0,0,867.0,1.0706713780918728,0.0,0.0
osrgroup/web-service-example-project,3531.0,3522.0,0.5,0.0,0,0,0,89.0,0.6,0.0,0.0
osuWorks/osu-api-Java-Client,3877.0,3578.0,0.6666666666666666,0.0,0,0,0,609.0,3.2672413793103448,0.0,0.0
ot4i/iib-app-connect-trigger-pattern,3546.0,3462.0,0.0,0.0,0,0,0,208.0,0.0,0.0,0.0
otaviojava/money-api-book-samples,3847.0,3690.0,0.5,0.0,0,0,0,138.0,0.0,0.0,0.0
otokunaga2/BeaconStormAnalyzer,3943.0,3569.0,0.0,0.0,0,0,0,272.0,1.1494252873563218,0.0,0.0
otto-de/enhanced-wickettester,4805.0,3464.0,5.5,0.0,0,0,0,136.0,2.4516129032258065,0.0,0.0
otto-de/hmac-auth,4764.0,3470.0,1.7647058823529411,0.0,0,0,0,395.0,0.1813186813186813,0.0,0.0
ottogroup/flink-spector,3667.0,3518.0,2.2,0.0,0,0,0,1064.0,2.912442396313364,0.0,0.0
ouertani/trampoline,4277.0,4260.0,1.0,0.0,0,0,0,59.0,1.05,0.0,0.0
outstudio/easywechat,4156.0,4059.0,1.0344827586206897,0.0,0,0,0,86.0,0.0,0.0,0.0
ova2/easy-pool,4508.0,4503.0,1.4444444444444444,0.0,0,0,0,52.0,1.6,0.0,0.0
overheadhunter/daggerfx,3814.0,3782.0,0.5,0.0,0,0,0,55.0,0.85,0.0,0.0
overnight/Distributed-System-Project,3901.0,3888.0,0.0,0.0,0,0,0,174.0,0.0,0.0,0.0
ovgu-ccd/jchess,4078.0,3955.0,0.0,0.0,0,0,0,374.0,1.1864406779661016,0.0,0.0
ow2-proactive/cloud-automation-old,3866.0,3658.0,0.0,0.0,0,0,0,2200.0,0.5223367697594502,0.0,0.0
ow2-proactive/yamt,3514.0,3465.0,0.5,0.0,0,0,0,130.0,0.5384615384615384,0.0,0.0
owagner/hmcompanion,4839.0,3664.0,1.5,0.0,0,0,0,98.0,0.0,0.0,0.0
owagner/logic4mqtt,4009.0,3577.0,3.0,0.0,0,0,0,181.0,1.2105263157894737,0.0,0.0
owenobyrne/aib-internet-banking-api,4648.0,3498.0,2.2,0.0,0,0,0,356.0,2.9722222222222223,0.0,0.0
ox-it/gaboto,4036.0,3967.0,0.0,0.0,0,0,0,560.0,0.7549019607843137,0.0,0.0
ox-lang/ox,4198.0,3615.0,17.666666666666668,0.0,0,0,0,150.0,0.0,0.0,0.0
oxo42/stateless4j,4274.0,3472.0,3.491228070175439,0.0,0,0,0,261.0,1.7571428571428571,0.0,0.0
oyachai/HearthSim,4197.0,3745.0,4.223880597014926,0.0,0,0,0,3195.0,0.8468388245770259,0.0,0.0
oyvindberg/PDFExtract,5710.0,3837.0,2.6,0.0,0,0,0,582.0,0.0,0.0,0.0
ozwolf-software/dropwizard-raml-view,4110.0,3474.0,0.6,0.0,0,0,0,226.0,1.5076923076923077,0.0,0.0
pH-7/Simple-Java-Calculator,4974.0,3677.0,0.3137254901960784,0.0,0,0,0,58.0,0.6086956521739131,0.0,0.0
pH-7/Simple-Java-Text-Editor,4971.0,3549.0,0.75,0.0,0,0,0,102.0,0.5365853658536586,0.0,0.0
paawak/blog,4183.0,3488.0,0.0,0.0,0,0,0,3906.0,0.0,0.0,0.0
pabiagioli/jersey-guice-bootstrap,4112.0,4107.0,1.0,0.0,0,0,0,127.0,2.607142857142857,0.0,0.0
pac4j/pac4j,5070.0,3464.0,2.8564593301435406,0.0,0,0,0,4862.0,3.6036866359447006,0.0,0.0
pac4j/spring-security-pac4j,4957.0,3471.0,3.3461538461538463,0.0,0,0,0,179.0,2.525,0.0,0.0
pac4j/spring-webmvc-pac4j,3722.0,3469.0,2.625,0.0,0,0,0,95.0,2.85,0.0,0.0
pac4j/undertow-pac4j-demo,4220.0,3478.0,1.0,0.0,0,0,0,77.0,1.434782608695652,0.0,0.0
pac4j/vertx-pac4j,4251.0,3549.0,4.166666666666667,0.0,0,0,0,217.0,1.1285714285714286,0.0,0.0
packruler/Mocs-Arcade,3632.0,3507.0,0.0,0.0,0,0,0,158.0,0.0,0.0,0.0
paddatrapper/CaseTracker,4004.0,3687.0,0.6666666666666666,0.0,0,0,0,564.0,0.04332129963898917,0.0,0.0
paddyez/Stockmarket,4836.0,4313.0,0.0,0.0,0,0,0,130.0,0.09523809523809523,0.0,0.0
padraic-edwards/AD208,4325.0,4303.0,0.5,0.0,0,0,0,176.0,0.0,0.0,0.0
padrig64/MultitouchFramework,4856.0,3679.0,1.0,0.0,0,0,0,274.0,0.029411764705882353,0.0,0.0
page1/honeybadger-java,4249.0,3843.0,0.3333333333333333,0.0,0,0,0,37.0,1.25,0.0,0.0
paginationspring/pagination-example-spring1,4325.0,3490.0,0.0,0.0,0,0,0,128.0,0.0,0.0,0.0
paissad/jcamstream,5279.0,5266.0,0.0,0.0,0,0,0,221.0,0.8961038961038961,0.0,0.0
pakudayo/cassandra-connector-java,4405.0,4247.0,1.0,0.0,0,0,0,511.0,3.1818181818181817,0.0,0.0
palantir/auth-tokens,3547.0,3474.0,0.0,0.0,0,0,0,136.0,0.0,0.0,0.0
palantir/dropwizard-version-info,3587.0,3492.0,0.75,0.0,0,0,0,108.0,0.0,0.0,0.0
palantir/encrypted-config-value,3664.0,3512.0,0.75,0.0,0,0,0,166.0,0.0,0.0,0.0
palantir/giraffe,3875.0,3620.0,3.5,0.0,0,0,0,824.0,0.12339331619537275,0.0,0.0
palantir/stash-codesearch-plugin,4087.0,3715.0,2.7,0.0,0,0,0,150.0,0.0,0.0,0.0
palantir/streams,3615.0,3482.0,1.75,0.0,0,0,0,58.0,0.0,0.0,0.0
palantir/typescript-service-generator,3657.0,3521.0,2.2,0.0,0,0,0,170.0,0.0,0.0,0.0
palominolabs/benchpress,4932.0,4416.0,3.7142857142857144,0.0,0,0,0,933.0,0.19483568075117372,0.0,0.0
palominolabs/jersey-guice-dispatch-wrapper,4463.0,4108.0,0.5,0.0,0,0,0,124.0,1.6,0.0,0.0
palominolabs/jersey-metrics-filter,4463.0,4107.0,1.75,0.0,0,0,0,145.0,1.5853658536585367,0.0,0.0
panelion/incubator-stratos,4366.0,4366.0,0.0,0.0,0,0,0,8066.0,0.0,0.0,0.0
panga/jboss-security-extended,3908.0,3880.0,0.6666666666666666,0.0,0,0,0,118.0,3.7142857142857144,0.0,0.0
paniko0/jassinaturas,4394.0,3816.0,0.75,0.0,0,0,0,248.0,0.0,0.0,0.0
pankeshlinux/IoTSuite,4313.0,3552.0,1.0,0.0,0,0,0,536.0,0.0,0.0,0.0
panrufio/TwitterProcessing,3913.0,3507.0,0.0,0.0,0,0,0,40.0,0.0,0.0,0.0
pantor-engineering/jblink,4595.0,3555.0,6.0,0.0,0,0,0,687.0,3.2595419847328246,0.0,0.0
pantsbuild/intellij-pants-plugin,4136.0,3461.0,1.3333333333333333,0.0,0,0,0,960.0,0.0,0.0,0.0
pantsbuild/ivy,4426.0,4417.0,0.0,0.0,0,0,0,8084.0,0.6210696920583468,0.0,0.0
paoding-code/jade-plugin-sql,3765.0,3490.0,1.3333333333333333,0.0,0,0,0,453.0,3.1123595505617976,0.0,0.0
paolopavan/circosFX,3707.0,3589.0,0.0,0.0,0,0,0,152.0,0.29850746268656714,0.0,0.0
papoose/papoose-core,5663.0,5412.0,0.5,0.0,0,0,0,1327.0,1.0273348519362187,0.0,0.0
pareeje/WorkWithOthers,4496.0,4492.0,0.0,0.0,0,0,0,22.0,0.0,0.0,0.0
parisbutterfield/alexa-stocks,3815.0,3812.0,5.0,0.0,0,0,0,110.0,0.0,0.0,0.0
parkghost/TOTP-authentication-demo,5096.0,4961.0,1.45,0.0,0,0,0,144.0,0.0,0.0,0.0
parthatalukdar/junto,5103.0,3561.0,2.393939393939394,0.0,0,0,0,200.0,0.0,0.0,0.0
pascalleclercq/aether-fitnesse-widget,5512.0,3887.0,3.0,0.0,0,0,0,120.0,1.2105263157894737,0.0,0.0
patdaman/CharityPledge,4070.0,4058.0,0.0,0.0,0,0,0,12.0,0.0,0.0,0.0
pate/chessmate,4624.0,3484.0,1.4074074074074074,0.0,0,0,0,56.0,0.0,0.0,0.0
patric-r/jvmtop,3807.0,3619.0,6.055555555555555,0.0,0,0,0,132.0,1.1162790697674418,0.0,0.0
patrickzib/SFA,3584.0,3478.0,3.0,0.0,0,0,0,108.0,0.0,0.0,0.0
patrikbeno/org.objectweb.asm,4437.0,4437.0,0.3333333333333333,0.0,0,0,0,906.0,0.0,0.0,0.0
patroytall/loadx,3734.0,3485.0,0.0,0.0,0,0,0,269.0,0.7653061224489796,0.0,0.0
patsancu/app-fdi,4042.0,3833.0,0.0,0.0,0,0,0,912.0,2.1357466063348416,0.0,0.0
paul-hammant/ngWebDriver,4482.0,3461.0,2.566666666666667,0.0,0,0,0,228.0,0.4731182795698925,0.0,0.0
paulfjacobs/campbx-java,4479.0,4460.0,1.0,0.0,0,0,0,47.0,1.2666666666666666,0.0,0.0
paulkrause88/mybatis-jsr354,4218.0,4208.0,1.0,0.0,0,0,0,232.0,1.0389610389610389,0.0,0.0
paulnguyen/design,3688.0,3469.0,0.15384615384615385,0.0,0,0,0,2356.0,0.0,0.0,0.0
paulobichara/BulkMailer,5369.0,5369.0,2.0,0.0,0,0,0,56.0,0.0,0.0,0.0
paulormm/controleatletas,4634.0,4464.0,0.022222222222222223,0.0,0,0,0,62.0,0.0,0.0,0.0
paulovictorv/exprtobytecode,4317.0,4311.0,0.5,0.0,0,0,0,44.0,0.0,0.0,0.0
paultuckey/urlrewritefilter,3816.0,3482.0,2.25531914893617,0.0,0,0,0,624.0,0.0,0.0,0.0
paulwellnerbou/git-changelog-jenkins-plugin,3828.0,3724.0,0.0,0.0,0,0,0,151.0,1.9230769230769231,0.0,0.0
pavelfatin/ninety-nine,5109.0,3824.0,6.6,0.0,0,0,0,220.0,0.0,0.0,0.0
pavelsher/agentTasks,5148.0,4633.0,0.3333333333333333,0.0,0,0,0,26.0,0.0,0.0,0.0
pavelsher/build-chain-export,4157.0,4098.0,1.0,0.0,0,0,0,144.0,1.173913043478261,0.0,0.0
paveyry/LyreLand,3528.0,3463.0,1.0,0.0,0,0,0,154.0,1.0,0.0,0.0
pavikumbhar/Struts2LoginApp,4238.0,4238.0,0.0,0.0,0,0,0,44.0,0.0,0.0,0.0
pavloff-de/spark4knime,3876.0,3721.0,0.5,0.0,0,0,0,476.0,0.0,0.0,0.0
pavlonator/SwishSwishHeroku,4084.0,4082.0,0.0,0.0,0,0,0,372.0,1.7878787878787878,0.0,0.0
pavlospt/Random_Schedule_Generator,4405.0,4404.0,1.5,0.0,0,0,0,252.0,0.0,0.0,0.0
pavlovmedia/osgi-gelf,4072.0,3548.0,0.0,0.0,0,0,0,142.0,2.1142857142857143,0.0,0.0
pawc/ExRates,3816.0,3694.0,0.0,0.0,0,0,0,106.0,0.0,0.0,0.0
pawelprazak/jeff,3674.0,3591.0,0.0,0.0,0,0,0,267.0,1.4050632911392404,0.0,0.0
payeezy/payeezy_java_sdk,3511.0,3483.0,0.0,0.0,0,0,0,443.0,2.8369565217391304,0.0,0.0
paykroyd/springdoclet,4837.0,4837.0,0.0,0.0,0,0,0,219.0,0.5402298850574713,0.0,0.0
paylogic/java-fogbugz,4388.0,3768.0,0.0,0.0,0,0,0,153.0,2.4285714285714284,0.0,0.0
paymentwall/paymentwall-java,4014.0,3674.0,1.3333333333333333,0.0,0,0,0,266.0,3.2549019607843137,0.0,0.0
paypal/couchbasekafka,4100.0,3954.0,1.0,0.0,0,0,0,131.0,0.14516129032258066,0.0,0.0
payzen/payzen-soapwebservice-java-example,3596.0,3573.0,0.5,0.0,0,0,0,173.0,1.5714285714285714,0.0,0.0
pazfernando/apache-camel-multi-ws_externalWSTwo,4120.0,4120.0,0.0,0.0,0,0,0,66.0,1.5789473684210527,0.0,0.0
pbespechnyi/IntelliConsole,4375.0,4002.0,0.0,0.0,0,0,0,48.0,0.0,0.0,0.0
pbuda/intellij-pony,3821.0,3469.0,0.5,0.0,0,0,0,396.0,0.0,0.0,0.0
pc-magas/guma,5092.0,4147.0,1.5,0.0,0,0,0,92.0,0.0,0.0,0.0
pcan/feign-client-test,3582.0,3564.0,1.6666666666666667,0.0,0,0,0,80.0,1.28,0.0,0.0
pcbje/autopsy-ahbm,4432.0,3826.0,1.25,0.0,0,0,0,140.0,0.0,0.0,0.0
pcgamers123/FakeQuit,4208.0,3494.0,0.0,0.0,0,0,0,32.0,0.0,0.0,0.0
pcgomes/javaparser2jctree,3800.0,3793.0,0.5,0.0,0,0,0,222.0,1.1549295774647887,0.0,0.0
pchretien/quiz,5094.0,5094.0,2.5,0.0,0,0,0,6.0,0.0,0.0,0.0
pchudzik/gae-test,4531.0,4269.0,0.0,0.0,0,0,0,224.0,1.6451612903225807,0.0,0.0
pcorliss/AbuseJet,5521.0,5517.0,0.6666666666666666,0.0,0,0,0,78.0,0.42424242424242425,0.0,0.0
pcristo/mjc62311,3868.0,3772.0,0.0,0.0,0,0,0,406.0,0.6666666666666666,0.0,0.0
pdffiller/pdffiller-java-api-client,3562.0,3497.0,0.0,0.0,0,0,0,234.0,1.1466666666666667,0.0,0.0
pearson-enabling-technologies/elasticsearch-approx-plugin,4869.0,4002.0,6.153846153846154,0.0,0,0,0,399.0,1.3416666666666666,0.0,0.0
pebbleblog/pebble,4746.0,3489.0,1.1111111111111112,0.0,0,0,0,4779.0,1.053001277139208,0.0,0.0
pedrocavalero/JugValeSpringDataDemo,3517.0,3515.0,0.5,0.0,0,0,0,207.0,3.097560975609756,0.0,0.0
pedrodonte/modulo-base,4141.0,4030.0,0.0,0.0,0,0,0,476.0,0.0,0.0,0.0
pedromateo/tug_qt_unit_testing_fw,3679.0,3595.0,1.5,0.0,0,0,0,1294.0,0.0,0.0,0.0
pedrovgs/AndroidWiFiADB,3711.0,3504.0,9.633333333333333,0.0,0,0,0,247.0,1.4583333333333333,0.0,0.0
pedrovgs/StringCalculator-Kata,4307.0,3863.0,1.0,0.0,0,0,0,99.0,1.2580645161290323,0.0,0.0
peerfactsim-kom/peerfactsim.kom,5228.0,5168.0,1.0,0.0,0,0,0,3966.0,0.030706243602865915,0.0,0.0
peichhorn/tinyaudioplayer,5408.0,4920.0,1.5,0.0,0,0,0,438.0,0.0,0.0,0.0
peidevs/Scooter-User-Generator,3737.0,3724.0,0.0,0.0,0,0,0,147.0,0.7592592592592593,0.0,0.0
peiliping/excalibur,4106.0,3462.0,1.6666666666666667,0.0,0,0,0,538.0,0.0,0.0,0.0
pengqinglan/Thunder,3984.0,3984.0,1.0,0.0,0,0,0,128.0,0.0,0.0,0.0
pensandoodireito/sislegis-app,4084.0,3548.0,0.125,0.0,0,0,0,734.0,0.0,0.0,0.0
pentaho/big-data-plugin,4946.0,3462.0,0.5483870967741935,0.0,0,0,0,4170.0,0.0,0.0,0.0
pentaho/pdi-agile-bi-plugin,4464.0,3461.0,0.14634146341463414,0.0,0,0,0,1512.0,3.4855072463768115,0.0,0.0
pentaho/pdi-weka-arff-output-plugin,4464.0,3462.0,0.2,0.0,0,0,0,117.0,0.10526315789473684,0.0,0.0
pentaho/pentaho-cassandra-plugin,4583.0,3461.0,0.029411764705882353,0.0,0,0,0,411.0,1.9333333333333333,0.0,0.0
pentaho/pentaho-data-profiling,3850.0,3462.0,0.08333333333333333,0.0,0,0,0,1394.0,0.0,0.0,0.0
pentaho/pentaho-osgi-bundles,4148.0,3461.0,0.05405405405405406,0.0,0,0,0,2308.0,0.0,0.0,0.0
peoplemerge/deploymentobjects,4804.0,4702.0,0.5,0.0,0,0,0,362.0,0.0449438202247191,0.0,0.0
pepperdata/opentsdb-deprecated,4416.0,4290.0,0.0,0.0,0,0,0,646.0,0.0,0.0,0.0
perSEVERE-5962/FRC-2016,3636.0,3528.0,0.0,0.0,0,0,0,114.0,0.0,0.0,0.0
percenuage/eseo-spyware,3653.0,3521.0,1.0,0.0,0,0,0,36.0,0.0,0.0,0.0
perdisci/fluxbuster,3928.0,3928.0,0.3333333333333333,0.0,0,0,0,141.0,0.2698412698412698,0.0,0.0
permeance/liferay-sample-verify-ext,4534.0,3513.0,0.0,0.0,0,0,0,116.0,0.0,0.0,0.0
persapiens/conta,3519.0,3461.0,1.5,0.0,0,0,0,303.0,1.3516483516483517,0.0,0.0
perses-games/jogl-triangle-color,4432.0,4350.0,0.5,0.0,0,0,0,62.0,0.0,0.0,0.0
perwendel/spark-template-engines,4234.0,3467.0,1.16,0.0,0,0,0,651.0,1.4010416666666667,0.0,0.0
pescuma/buildhealth,4669.0,3809.0,1.0,0.0,0,0,0,1534.0,0.0,0.0,0.0
pescuma/merge-jar-services,4445.0,3795.0,0.0,0.0,0,0,0,36.0,0.0,0.0,0.0
petabyte-research/redflags,3571.0,3462.0,0.25,0.0,0,0,0,912.0,0.0,0.0,0.0
petalslink/petals-se-activiti,4219.0,3485.0,0.0,0.0,0,0,0,908.0,0.0,0.0,0.0
peter-edge/cannon-java,4305.0,4185.0,0.0,0.0,0,0,0,108.0,0.0,0.0,0.0
peter-lawrey/TransFIX,4485.0,3502.0,2.1052631578947367,0.0,0,0,0,102.0,0.0,0.0,0.0
petercipov/traces,3839.0,3579.0,0.0,0.0,0,0,0,287.0,1.5679012345679013,0.0,0.0
peterkir/klib.io,3989.0,3814.0,0.0,0.0,0,0,0,385.0,0.06951871657754011,0.0,0.0
peternixon/opennms-mirror,4986.0,3569.0,0.5,0.0,0,0,0,33129.0,0.00018111567254286404,0.0,0.0
petersalomonsen/frinika,3693.0,3503.0,0.0,0.0,0,0,0,3680.0,0.003264417845484222,0.0,0.0
petkivim/xrd4j,3978.0,3477.0,2.5,0.0,0,0,0,982.0,0.0,0.0,0.0
petosorus/dotalys-cli,3928.0,3876.0,3.0,0.0,0,0,0,303.0,0.006578947368421052,0.0,0.0
petuum/jbosen,3823.0,3469.0,1.8,0.0,0,0,0,625.0,1.2153846153846153,0.0,0.0
pfgray/basiclti-util-java,4211.0,4178.0,0.0,0.0,0,0,0,206.0,1.1044776119402986,0.0,0.0
pfolta/WebView,3669.0,3561.0,1.5,0.0,0,0,0,724.0,0.0,0.0,0.0
pfparsons/drools-threading-example,4066.0,4029.0,0.0,0.0,0,0,0,207.0,1.0735294117647058,0.0,0.0
pfrommerd/insteon-terminal,3990.0,3556.0,1.1818181818181819,0.0,0,0,0,381.0,0.9689922480620154,0.0,0.0
pgaref/ACaZoo,3976.0,3818.0,1.5,0.0,0,0,0,3897.0,0.055350553505535055,0.0,0.0
pgentile/zucchini-ui,3652.0,3461.0,0.0,0.0,0,0,0,667.0,0.0029940119760479044,0.0,0.0
pgiacome/Apache-Mahout-cookbook,4358.0,4355.0,0.3333333333333333,0.0,0,0,0,44.0,0.0,0.0,0.0
pgkaila/WebApp,3551.0,3513.0,0.5,0.0,0,0,0,194.0,0.3333333333333333,0.0,0.0
pgmemk/bitkeeper,4075.0,4066.0,0.0,0.0,0,0,0,46.0,0.0,0.0,0.0
pgrm/DS_Practical,4616.0,4595.0,0.0,0.0,0,0,0,144.0,0.0,0.0,0.0
ph4r05/AndroidStudioDbModelGenerator,3939.0,3935.0,0.0,0.0,0,0,0,124.0,0.0,0.0,0.0
phWGinfo/FundIdeen05-Netzwerk,4218.0,3464.0,0.0,0.0,0,0,0,20.0,0.0,0.0,0.0
phcri/imagej-combined-grids-plugin,3987.0,3871.0,0.0,0.0,0,0,0,51.0,1.3125,0.0,0.0
phedny/Mammon,5022.0,4902.0,2.5,0.0,0,0,0,486.0,0.0,0.0,0.0
phenoscape/Phenex,5037.0,3475.0,1.0,0.0,0,0,0,1056.0,1.13946587537092,0.0,0.0
phenotips/phenomecentral.org,4357.0,3469.0,0.0,0.0,0,0,0,1036.0,7.700934579439252,0.0,0.0
phenotips/phenotips,5159.0,3462.0,1.15625,0.0,0,0,0,17259.0,5.26473063973064,0.0,0.0
phicode/philib,4600.0,3549.0,0.5,0.0,0,0,0,632.0,1.2346938775510203,0.0,0.0
philborlin/CSSBox,4374.0,4374.0,3.25,0.0,0,0,0,204.0,0.0,0.0,0.0
philihp/weblabora,5082.0,3636.0,4.5,0.0,0,0,0,1368.0,0.370242214532872,0.0,0.0
philipgloyne/svn-diff-export,5802.0,5802.0,2.25,0.0,0,0,0,56.0,0.0,0.0,0.0
philipsorst/angular-rest-springsecurity,4688.0,3515.0,1.620795107033639,0.0,0,0,0,277.0,2.4285714285714284,0.0,0.0
philjord/ElderScrollsExplorer,4493.0,3529.0,1.5,0.0,0,0,0,176.0,0.0,0.0,0.0
philjord/tools,4486.0,3529.0,0.0,0.0,0,0,0,256.0,0.0,0.0,0.0
philmagno/newtonpaiva-ecommerce,4286.0,3568.0,0.0,0.0,0,0,0,1304.0,0.0,0.0,0.0
phishman3579/project-euler-in-java,4409.0,4408.0,0.3333333333333333,0.0,0,0,0,50.0,0.0,0.0,0.0
phoenix303/chat-share-location,3987.0,3985.0,0.5,0.0,0,0,0,24.0,0.0,0.0,0.0
pholser/property-binder,5591.0,3883.0,2.5,0.0,0,0,0,539.0,1.1637426900584795,0.0,0.0
php-maven/phpexec-java,4833.0,4803.0,0.0,0.0,0,0,0,224.0,0.0,0.0,0.0
php-maven/phpmaven-var-parent,4856.0,4847.0,0.0,0.0,0,0,0,250.0,0.0,0.0,0.0
phpmetrics/PhpMetrics-jetbrains,4182.0,3554.0,4.428571428571429,0.0,0,0,0,48.0,0.0,0.0,0.0
phrack/ShootOFF,3921.0,3460.0,1.9285714285714286,0.0,0,0,0,902.0,0.0,0.0,0.0
phstudy/SpringMVC-SpringDataElasticsearch,4150.0,4148.0,0.42857142857142855,0.0,0,0,0,178.0,2.3902439024390243,0.0,0.0
phuihock/birtconn,3846.0,3485.0,0.0,0.0,0,0,0,275.0,2.3968253968253967,0.0,0.0
phunt/avro-maven-plugin,5925.0,5554.0,2.1666666666666665,0.0,0,0,0,81.0,1.4583333333333333,0.0,0.0
phuong-anh/library,4201.0,4199.0,0.0,0.0,0,0,0,142.0,0.0,0.0,0.0
phuonghuynh/yml2prop,4102.0,3649.0,0.0,0.0,0,0,0,91.0,4.2,0.0,0.0
physalix-enrollment/physalix,4800.0,3554.0,0.0,0.0,0,0,0,4052.0,1.9823182711198428,0.0,0.0
physikerwelt/MathMLQueryGenerator,4120.0,3499.0,0.0,0.0,0,0,0,264.0,1.6944444444444444,0.0,0.0
piergiaj/loan-manager,4005.0,3895.0,0.0,0.0,0,0,0,1120.0,0.0,0.0,0.0
pierre-muth/polapi,3777.0,3469.0,3.0,0.0,0,0,0,92.0,0.0,0.0,0.0
pierre/hfind,5564.0,3750.0,2.4285714285714284,0.0,0,0,0,174.0,1.0344827586206897,0.0,0.0
pierre/ning-service-skeleton,5205.0,4806.0,1.4285714285714286,0.0,0,0,0,442.0,0.7577639751552795,0.0,0.0
pierre/sweeper,5635.0,5087.0,2.3333333333333335,0.0,0,0,0,73.0,1.5714285714285714,0.0,0.0
pillfill/rxnorm-client,3804.0,3799.0,1.5,0.0,0,0,0,450.0,4.191780821917808,0.0,0.0
pilotso11/SaveMeBackup,4606.0,4544.0,0.0,0.0,0,0,0,36.0,0.0,0.0,0.0
piluke/GameMaker-HTML5-Player,5210.0,4606.0,1.3,0.0,0,0,0,1802.0,0.0,0.0,0.0
pinaraf/ebics,4151.0,4151.0,1.0,0.0,0,0,0,5642.0,39.80740740740741,0.0,0.0
pinchhitter/GATE-result-processing,3930.0,3469.0,0.0,0.0,0,0,0,60.0,0.0,0.0,0.0
pingles/cascading.cassandra,5167.0,4602.0,1.5,0.0,0,0,0,107.0,1.2058823529411764,0.0,0.0
pingzing/dota2-sound-editor,4136.0,3978.0,1.0,0.0,0,0,0,890.0,0.0,0.0,0.0
pinkal-vansia/Spring4RestAPI,3700.0,3698.0,0.0,0.0,0,0,0,122.0,1.7575757575757576,0.0,0.0
piotr-skotnicki/choice-from-file-parameter-plugin,4874.0,4872.0,0.0,0.0,0,0,0,70.0,0.4827586206896552,0.0,0.0
piotr-skotnicki/random-string-parameter-plugin,4874.0,4873.0,0.0,0.0,0,0,0,125.0,2.7037037037037037,0.0,0.0
pip8786/rest-service-bootstrap,4336.0,3913.0,1.5,0.0,0,0,0,71.0,0.28125,0.0,0.0
pippokill/JIGSAW,4919.0,4648.0,1.1666666666666667,0.0,0,0,0,222.0,0.034782608695652174,0.0,0.0
pippokill/lesk-wsd-dsm,4207.0,3524.0,2.2,0.0,0,0,0,212.0,0.0,0.0,0.0
pires/fabric8-persistence-hibernate,4322.0,4087.0,0.6153846153846154,0.0,0,0,0,280.0,1.1333333333333333,0.0,0.0
pires/hazelcast-kubernetes-bootstrapper,4010.0,3743.0,2.0,0.0,0,0,0,82.0,3.6,0.0,0.0
pitchert17/Assignment7,4085.0,4085.0,0.0,0.0,0,0,0,14.0,0.0,0.0,0.0
pivotal-bank/accounts-service,3562.0,3541.0,0.2857142857142857,0.0,0,0,0,125.0,0.54,0.0,0.0
pivotal-bank/portfolio-service,3562.0,3545.0,0.2857142857142857,0.0,0,0,0,123.0,0.5,0.0,0.0
pivotal-cf/cloudfoundry-certificate-truster,3751.0,3681.0,0.5,0.0,0,0,0,165.0,1.9761904761904763,0.0,0.0
pivotal/spring-social-strava,4091.0,4077.0,1.5,0.0,0,0,0,984.0,2.857142857142857,0.0,0.0
pivotalsoftware/session-managers,4340.0,3694.0,0.5263157894736842,0.0,0,0,0,276.0,1.7567567567567568,0.0,0.0
piyushshekhar/service-client,4672.0,4673.0,0.0,0.0,0,0,0,122.0,0.0,0.0,0.0
pja35/IceBox,4077.0,3747.0,0.0,0.0,0,0,0,688.0,0.02346041055718475,0.0,0.0
pja35/ReggaeMail,4092.0,3788.0,0.05263157894736842,0.0,0,0,0,58.0,0.0,0.0,0.0
pjagielski/jersey2-starter,4464.0,4430.0,1.5,0.0,0,0,0,187.0,3.25,0.0,0.0
pjesudhas/DTAEngine,4080.0,3501.0,0.6666666666666666,0.0,0,0,0,658.0,1.0555555555555556,0.0,0.0
pjohansson77/Remote-Lock,4264.0,3515.0,0.0,0.0,0,0,0,88.0,0.0,0.0,0.0
pjuanzamora/calculadora,3576.0,3510.0,0.0,0.0,0,0,0,28.0,0.0,0.0,0.0
pjwigan/Url2Text,4270.0,4186.0,0.0,0.0,0,0,0,188.0,0.0,0.0,0.0
pkainz/cell-counter-x,3796.0,3796.0,0.0,0.0,0,0,0,54.0,0.15384615384615385,0.0,0.0
pkaq/smart-framework,3750.0,3750.0,0.4,0.0,0,0,0,256.0,0.064,0.0,0.0
pkonyves/activiti-enhancements,4238.0,4164.0,0.0,0.0,0,0,0,92.0,0.8484848484848485,0.0,0.0
pkriens/play,4386.0,4378.0,0.2,0.0,0,0,0,168.0,0.0,0.0,0.0
plan3/sns-to-orchestrate,4330.0,4285.0,0.0,0.0,0,0,0,88.0,1.103448275862069,0.0,0.0
planetguy32/Gizmos,4654.0,3480.0,0.75,0.0,0,0,0,715.0,0.7056603773584905,0.0,0.0
planetguy32/Utils,4143.0,3486.0,1.0,0.0,0,0,0,370.0,2.2758620689655173,0.0,0.0
platformlayer/platformlayer,5001.0,4588.0,6.076923076923077,0.0,0,0,0,5332.0,0.0,0.0,0.0
platypusllc/core,4532.0,3539.0,0.0,0.0,0,0,0,184.0,0.0,0.0,0.0
plausiblelabs/metrics-cloudwatch,4936.0,4826.0,0.9090909090909091,0.0,0,0,0,84.0,1.5833333333333333,0.0,0.0
playframework/modules.playframework.org,5004.0,4878.0,4.916666666666667,0.0,0,0,0,284.0,0.0,0.0,0.0
playframework/netty-reactive-streams,3825.0,3465.0,3.0,0.0,0,0,0,310.0,2.2162162162162162,0.0,0.0
pleku/resizablecsslayout,3967.0,3595.0,0.0,0.0,0,0,0,750.0,6.086021505376344,0.0,0.0
plexiti/the-job-announcement,4631.0,4532.0,1.3333333333333333,0.0,0,0,0,1162.0,0.0,0.0,0.0
plexiti/the-job-announcement-fox,4785.0,4610.0,1.5,0.0,0,0,0,1859.0,1.1811965811965812,0.0,0.0
plgucm/practica4,4222.0,4186.0,0.0,0.0,0,0,0,542.0,0.0,0.0,0.0
plorenz/sarasvati,3875.0,3875.0,0.0,0.0,0,0,0,3863.0,0.00466804979253112,0.0,0.0
plucena/lojamvn,3540.0,3463.0,0.0,0.0,0,0,0,798.0,0.9379562043795621,0.0,0.0
pluradj/titan-tp3-java-example,3757.0,3686.0,2.0,0.0,0,0,0,47.0,1.2666666666666666,0.0,0.0
plutext/docx-html-editor,3726.0,3503.0,1.25,0.0,0,0,0,132.0,0.0,0.0,0.0
plutext/docx4j-cloud-GoogleDrive,4294.0,4293.0,0.3333333333333333,0.0,0,0,0,28.0,0.0,0.0,0.0
pluto-build/build-java,3905.0,3484.0,0.0,0.0,0,0,0,236.0,0.7674418604651163,0.0,0.0
pmanousis/Hecataeus,4659.0,3798.0,0.0,0.0,0,0,0,2730.0,0.0,0.0,0.0
pmarques/SocketIO-Server,5117.0,5116.0,2.0,0.0,0,0,0,315.0,0.5158730158730159,0.0,0.0
pnhung177/einstein-five-houses-puzzle,4103.0,4101.0,0.5,0.0,0,0,0,104.0,1.2121212121212122,0.0,0.0
podd/podd-redesign,4845.0,3512.0,1.0,0.0,0,0,0,2752.0,1.1875,0.0,0.0
poetix/ambivalence,3565.0,3562.0,4.0,0.0,0,0,0,118.0,1.2432432432432432,0.0,0.0
poetix/protonpack,4138.0,3584.0,9.80952380952381,0.0,0,0,0,208.0,1.1818181818181819,0.0,0.0
poli-libras/poli-libras,4632.0,4349.0,1.125,0.0,0,0,0,554.0,0.0,0.0,0.0
poli-libras/sign-model,4557.0,3477.0,1.0,0.0,0,0,0,314.0,0.05194805194805195,0.0,0.0
poli-libras/virtual-jonah,4632.0,3477.0,0.5,0.0,0,0,0,847.0,0.0023584905660377358,0.0,0.0
politie/breeze,4453.0,3680.0,2.375,0.0,0,0,0,162.0,0.5230769230769231,0.0,0.0
pollseed/Industrial-waste,4108.0,4029.0,0.5,0.0,0,0,0,116.0,0.0,0.0,0.0
polopoly/maven-lesscss-plugin,5337.0,4786.0,2.25,0.0,0,0,0,55.0,1.3529411764705883,0.0,0.0
polydawn/mdm,4930.0,3646.0,5.777777777777778,0.0,0,0,0,298.0,0.0,0.0,0.0
polyglotted/xpath-stax,4945.0,3774.0,3.6666666666666665,0.0,0,0,0,243.0,2.6226415094339623,0.0,0.0
pommedeterresautee/spmf,4180.0,4148.0,0.6,0.0,0,0,0,1408.0,0.0,0.0,0.0
poolik/classfinder,4327.0,4288.0,1.25,0.0,0,0,0,346.0,2.767123287671233,0.0,0.0
pordonj/frc1675-2012,4786.0,5017.0,0.0,0.0,0,0,0,668.0,0.0,0.0,0.0
porst17/NameSurfer,3667.0,3624.0,0.0,0.0,0,0,0,130.0,0.0,0.0,0.0
portablejim/PlanterHelper,4376.0,4189.0,0.5,0.0,0,0,0,256.0,1.225,0.0,0.0
possatti/bsi-poo1-xadrez,4409.0,4314.0,0.0,0.0,0,0,0,345.0,1.18348623853211,0.0,0.0
potigol/EditorPotigol,3829.0,3465.0,0.5,0.0,0,0,0,58.0,0.0,0.0,0.0
powercoders/PCBot,5303.0,5301.0,1.5,0.0,0,0,0,878.0,0.0,0.0,0.0
powerjava/commons-parent,3757.0,3756.0,0.5,0.0,0,0,0,185.0,0.07777777777777778,0.0,0.0
powertac/balancing-market,4397.0,3468.0,0.0,0.0,0,0,0,102.0,1.7142857142857142,0.0,0.0
ppasupat/web-entity-extractor-ACL2014,4285.0,3472.0,0.8333333333333334,0.0,0,0,0,278.0,0.0,0.0,0.0
ppelleti/host-vfy,4509.0,4507.0,0.3333333333333333,0.0,0,0,0,36.0,0.0,0.0,0.0
ppetr/jLens,4790.0,4748.0,5.0,0.0,0,0,0,250.0,1.4054054054054055,0.0,0.0
ppm10103/MySQLJavaBinlogReplicater,4427.0,3675.0,0.0,0.0,0,0,0,570.0,0.0,0.0,0.0
pranayairan/Dexterapps-Translation-Util,4366.0,4365.0,2.75,0.0,0,0,0,151.0,0.03896103896103896,0.0,0.0
prash-mi/simple-redis-cluster-client,3910.0,3906.0,0.0,0.0,0,0,0,75.0,0.75,0.0,0.0
prashantchhabra89/Audio-Video-Player,4270.0,3697.0,0.0,0.0,0,0,0,8.0,0.0,0.0,0.0
prashcr/UCSDUnfoldingMaps,3711.0,3689.0,0.16666666666666666,0.0,0,0,0,174.0,0.0,0.0,0.0
precog/precog_java_client,4637.0,4623.0,0.3333333333333333,0.0,0,0,0,183.0,1.4259259259259258,0.0,0.0
prefuse/Prefuse,5136.0,3479.0,2.461077844311377,0.0,0,0,0,1288.0,0.0,0.0,0.0
prelert/engine-java,4233.0,3490.0,0.0,0.0,0,0,0,761.0,4.055555555555555,0.0,0.0
prem-sharma/tsp-final-report,3754.0,3754.0,0.0,0.0,0,0,0,52.0,0.0,0.0,0.0
premium-minds/billy,4542.0,4477.0,7.0,0.0,0,0,0,2485.0,1.406849315068493,0.0,0.0
premium-minds/pm-persistence-utils,4134.0,3505.0,0.6,0.0,0,0,0,176.0,2.5641025641025643,0.0,0.0
premium-minds/pm-webapp-utils,4130.0,3464.0,0.6666666666666666,0.0,0,0,0,197.0,2.1458333333333335,0.0,0.0
premscis/ReferenceProjects,4497.0,4112.0,0.0,0.0,0,0,0,96.0,0.0,0.0,0.0
presidentbeef/brakeman-jenkins-plugin,5347.0,5171.0,1.1666666666666667,0.0,0,0,0,124.0,0.0,0.0,0.0
presidentio/test-data-generator,3980.0,3814.0,1.5,0.0,0,0,0,588.0,1.7106918238993711,0.0,0.0
pressgang-ccms/PressGangCCMSBuilder,4663.0,3781.0,0.0,0.0,0,0,0,323.0,2.391891891891892,0.0,0.0
pressgang-ccms/PressGangCCMSCSPClient,4663.0,3793.0,0.0,0.0,0,0,0,496.0,0.0,0.0,0.0
pressgang-ccms/PressGangCCMSContentSpec,4892.0,4096.0,0.3333333333333333,0.0,0,0,0,639.0,3.0078125,0.0,0.0
pressgang-ccms/PressGangCCMSREST,4892.0,4068.0,0.5,0.0,0,0,0,682.0,0.0,0.0,0.0
pressgang-ccms/PressGangCCMSRESTv1Common,4892.0,4074.0,0.5,0.0,0,0,0,1926.0,3.950617283950617,0.0,0.0
pressgang-ccms/PressGangCCMSServices,4988.0,3933.0,1.0,0.0,0,0,0,244.0,0.0,0.0,0.0
pressgang-ccms/PressGangCCMSUI,4879.0,4110.0,0.0,0.0,0,0,0,9379.0,6.7265116279069765,0.0,0.0
pressgang-ccms/jcommander-pressgang,4823.0,4313.0,0.0,0.0,0,0,0,296.0,3.2280701754385963,0.0,0.0
prestodb/presto,4877.0,3460.0,3.3439007580978637,0.0,0,0,0,10374.0,0.0015432098765432098,0.0,0.0
prestodb/presto-hive-apache,4590.0,3506.0,0.631578947368421,0.0,0,0,0,73.0,1.4090909090909092,0.0,0.0
prestodb/presto-jdbc-java6,3847.0,3688.0,5.25,0.0,0,0,0,148.0,0.0,0.0,0.0
pridkett/github-language-miner,5005.0,4592.0,0.5,0.0,0,0,0,103.0,1.75,0.0,0.0
pridkett/hackernews-miner,4593.0,4574.0,0.5,0.0,0,0,0,221.0,1.484375,0.0,0.0
priiduneemre/bitplexus,3925.0,3724.0,0.0,0.0,0,0,0,1587.0,3.159090909090909,0.0,0.0
prime-framework/prime-mvc,5039.0,3475.0,1.0,0.0,0,0,0,1296.0,0.0,0.0,0.0
prime-optimus/cricinfo-unofficial,3633.0,3557.0,5.0,0.0,0,0,0,260.0,2.09375,0.0,0.0
primecloud-controller-org/pcc-java-sdk,3705.0,3527.0,0.5,0.0,0,0,0,618.0,1.1472081218274113,0.0,0.0
princeuchendu/javaemvreader,3837.0,3837.0,0.0,0.0,0,0,0,651.0,1.2009803921568627,0.0,0.0
prism/Prism,4116.0,3507.0,2.5454545454545454,0.0,0,0,0,246.0,0.0,0.0,0.0
prism/SafeGuard,3614.0,3521.0,1.0,0.0,0,0,0,106.0,0.0,0.0,0.0
prmr/JetUML,3995.0,3462.0,0.3333333333333333,0.0,0,0,0,464.0,0.0,0.0,0.0
proarc/proarc,3776.0,3492.0,3.0,0.0,0,0,0,3593.0,0.4793103448275862,0.0,0.0
probedock/jee-validation,3521.0,3520.0,0.0,0.0,0,0,0,432.0,3.2289156626506026,0.0,0.0
profesorfalken/jPowerShell,3627.0,3483.0,1.6666666666666667,0.0,0,0,0,81.0,1.1923076923076923,0.0,0.0
profitbricks/profitbricks-sdk-java,3882.0,3591.0,0.0,0.0,0,0,0,320.0,1.2857142857142858,0.0,0.0
programming-academy/quiz,4085.0,4079.0,0.5,0.0,0,0,0,95.0,1.3448275862068966,0.0,0.0
project-recoin/PybossaTwitterController,3596.0,3534.0,0.0,0.0,0,0,0,280.0,1.2790697674418605,0.0,0.0
projectdanube/xdi2-connector-personal,4871.0,4045.0,0.25,0.0,0,0,0,134.0,0.0,0.0,0.0
projectodd/wunderboss-release,4130.0,3526.0,0.0,0.0,0,0,0,1573.0,1.2208588957055215,0.0,0.0
prometheus-ar/vot.ar-protocol,3823.0,3822.0,2.6666666666666665,0.0,0,0,0,130.0,1.3,0.0,0.0
prondzyn/fifa-drawer,4423.0,3715.0,0.0,0.0,0,0,0,346.0,0.46808510638297873,0.0,0.0
proofpoint/cloud-management,5165.0,3568.0,1.375,0.0,0,0,0,255.0,1.4266666666666667,0.0,0.0
proofpoint/platform,5414.0,3464.0,1.205128205128205,0.0,0,0,0,4335.0,2.2561334641805693,0.0,0.0
prossaro/Nouvola-DiveCloud-Jenkins-Plugin,3776.0,3763.0,0.0,0.0,0,0,0,100.0,2.08,0.0,0.0
provezano/SapiensCHECK,3775.0,3698.0,0.5,0.0,0,0,0,28.0,0.0,0.0,0.0
proxytoys/proxytoys,5569.0,3562.0,1.4,0.0,0,0,0,1354.0,5.136842105263158,0.0,0.0
proyectoFarmaco/org.ifes.FarmacoProyect,4613.0,4396.0,0.5,0.0,0,0,0,335.0,0.04242424242424243,0.0,0.0
pryzach/midao,4651.0,3873.0,1.6666666666666667,0.0,0,0,0,1208.0,0.0,0.0,0.0
pschirmacher/webster,4198.0,3616.0,2.4285714285714284,0.0,0,0,0,271.0,1.4125,0.0,0.0
pseppecher/jamel,4535.0,3506.0,0.8,0.0,0,0,0,1026.0,1.2125,0.0,0.0
pshields/futility,5201.0,5120.0,1.3333333333333333,0.0,0,0,0,84.0,0.0,0.0,0.0
psibre/artimate,4983.0,3480.0,0.8333333333333334,0.0,0,0,0,310.0,0.0,0.0,0.0
psiegman/ehcachetag,4433.0,4215.0,0.5,0.0,0,0,0,280.0,1.032258064516129,0.0,0.0
psiotwo/sdlnot-rules,4403.0,3633.0,1.0,0.0,0,0,0,192.0,1.3448275862068966,0.0,0.0
pslusarz/gnubridge,4929.0,3984.0,0.8571428571428571,0.0,0,0,0,764.0,0.7956204379562044,0.0,0.0
psobiech/gwtc3,3934.0,3757.0,1.0,0.0,0,0,0,524.0,4.045977011494253,0.0,0.0
pstegma/project-creator,3473.0,3470.0,0.0,0.0,0,0,0,99.0,1.7407407407407407,0.0,0.0
psvehla/liferay-unit-test-example,4470.0,4087.0,0.0,0.0,0,0,0,140.0,0.0,0.0,0.0
psychicnovamc/minecraft-mods,4279.0,4230.0,0.5,0.0,0,0,0,812.0,8.30379746835443,0.0,0.0
ptgoetz/storm-jms,5149.0,3520.0,0.96,0.0,0,0,0,168.0,0.9310344827586207,0.0,0.0
ptgoetz/whirr-kafka,4440.0,4405.0,0.5,0.0,0,0,0,79.0,1.0,0.0,0.0
pubmed2ensembl/MartScript,5344.0,4121.0,1.3333333333333333,0.0,0,0,0,4976.0,0.0,0.0,0.0
puckpuck/idapi-wrapper,5022.0,3463.0,1.0,0.0,0,0,0,482.0,0.0,0.0,0.0
pughlab/tracker,3853.0,3463.0,1.0,0.0,0,0,0,23366.0,46.88702928870293,0.0,0.0
pulkitkumar190/Java_training,3847.0,3847.0,0.0,0.0,0,0,0,88.0,0.0,0.0,0.0
pulsarIO/druid-kafka-ext,3709.0,3701.0,1.0,0.0,0,0,0,150.0,0.0,0.0,0.0
pulse00/Symfony-2-Eclipse-Plugin,5768.0,3463.0,5.625,0.0,0,0,0,1623.0,1.0036968576709797,0.0,0.0
pulse00/digitalocean-plugin,4252.0,4252.0,0.05555555555555555,0.0,0,0,0,92.0,0.0,0.0,0.0
pulyaevskiy/phpstorm-phpdi,3945.0,3708.0,2.8,0.0,0,0,0,26.0,0.0,0.0,0.0
punit-naik/MLHadoop,3857.0,3489.0,0.8,0.0,0,0,0,316.0,0.0,0.0,0.0
puniverse/galaxy,4921.0,3528.0,12.041666666666666,0.0,0,0,0,1542.0,1.2033195020746887,0.0,0.0
puniverse/quasar,4646.0,3462.0,9.384615384615385,0.0,0,0,0,3027.0,1.084521384928717,0.0,0.0
purpleposeidon/Factorization,3484.0,3484.0,1.4166666666666667,0.0,0,0,0,2841.0,0.0007037297677691766,0.0,0.0
purval/VMWareJavaApplications,3933.0,3932.0,0.0,0.0,0,0,0,180.0,0.0,0.0,0.0
pushbit/sprockets,4579.0,3558.0,2.3636363636363638,0.0,0,0,0,303.0,2.5522388059701493,0.0,0.0
pushq/soccero,4060.0,3567.0,0.3333333333333333,0.0,0,0,0,337.0,2.4025974025974026,0.0,0.0
pushtorefresh/javac-warning-annotation,4039.0,3926.0,12.166666666666666,0.0,0,0,0,113.0,1.9655172413793103,0.0,0.0
puzzle/flyway-cdi-integration,3668.0,3498.0,0.5,0.0,0,0,0,62.0,1.368421052631579,0.0,0.0
pvahhi/tomcat-redis-session-manager,3808.0,3679.0,0.5,0.0,0,0,0,110.0,2.0,0.0,0.0
pvanassen/ns-api,4449.0,3630.0,0.6666666666666666,0.0,0,0,0,461.0,2.495145631067961,0.0,0.0
pvanhouten/thatconference-baconmod,4162.0,4059.0,1.0,0.0,0,0,0,118.0,0.0,0.0,0.0
pwall567/xmlutil,4175.0,3462.0,0.0,0.0,0,0,0,100.0,1.6428571428571428,0.0,0.0
pwheimann/s2-geometry-library-java,4079.0,3793.0,1.2,0.0,0,0,0,234.0,1.6307692307692307,0.0,0.0
pwm-project/pwm,3710.0,3462.0,2.5833333333333335,0.0,0,0,0,6691.0,4.174354243542435,0.0,0.0
pwnall/battlecode-server,5447.0,5447.0,0.07692307692307693,0.0,0,0,0,383.0,0.015706806282722512,0.0,0.0
pxb1988/dex2jar,3928.0,3523.0,3.619140625,0.0,0,0,0,2042.0,1.4527027027027026,0.0,0.0
pxtang/twu-biblioteca-petertang,3786.0,3785.0,0.0,0.0,0,0,0,78.0,0.5,0.0,0.0
pykenny/NTUESOE_2014SpringProject_GitHubEditor,4177.0,4154.0,0.0,0.0,0,0,0,156.0,0.0,0.0,0.0
qa/pv243-javaee-7,4324.0,4238.0,0.0,0.0,0,0,0,506.0,0.0,0.0,0.0
qafedev/qafe-platform,4183.0,3569.0,0.8,0.0,0,0,0,17691.0,3.9834291511667232,0.0,0.0
qalingo/qalingo-engine,4797.0,3460.0,1.1531531531531531,0.0,0,0,0,3438.0,0.0,0.0,0.0
qaware/cloud-native-zwitscher,3566.0,3462.0,1.25,0.0,0,0,0,641.0,0.7130801687763713,0.0,0.0
qfs/qftest-plugin,3807.0,3807.0,0.0,0.0,0,0,0,111.0,2.0357142857142856,0.0,0.0
qinyong2000/annuus-media-server,5021.0,5021.0,1.5,0.0,0,0,0,286.0,0.013986013986013986,0.0,0.0
qjafcunuas/jbromo,4073.0,3461.0,0.5,0.0,0,0,0,4552.0,1.2274982282069453,0.0,0.0
qmx/jitescript,5324.0,3825.0,6.095238095238095,0.0,0,0,0,114.0,1.7419354838709677,0.0,0.0
qqTYXn7/browserprint,3931.0,3463.0,3.0,0.0,0,0,0,248.0,0.0,0.0,0.0
qrman/vertx-guice,3811.0,3811.0,1.3333333333333333,0.0,0,0,0,54.0,1.2941176470588236,0.0,0.0
qspin/qtaste,4549.0,3461.0,0.8,0.0,0,0,0,4874.0,0.3010854176498348,0.0,0.0
quaddy-services/projekt-task-capturing,4050.0,3648.0,0.0,0.0,0,0,0,365.0,1.4952380952380953,0.0,0.0
quanla/classreloading,4062.0,3462.0,1.5454545454545454,0.0,0,0,0,373.0,0.8409090909090909,0.0,0.0
quantiply/rico,4133.0,3522.0,3.0,0.0,0,0,0,588.0,0.0,0.0,0.0
quantumdb/quantumdb,4066.0,3463.0,1.5,0.0,0,0,0,777.0,1.3722943722943723,0.0,0.0
quartz-powered/server,3857.0,3795.0,0.75,0.0,0,0,0,832.0,0.0,0.0,0.0
quartz55/COMP,3539.0,3486.0,0.0,0.0,0,0,0,85.0,2.5789473684210527,0.0,0.0
qubell/contrib-jenkins-qubell-plugin,4532.0,3657.0,0.4444444444444444,0.0,0,0,0,1262.0,1.463013698630137,0.0,0.0
qubole/presto-kinesis,3828.0,3826.0,1.0,0.0,0,0,0,195.0,0.052083333333333336,0.0,0.0
qubole/quark,3652.0,3483.0,2.4166666666666665,0.0,0,0,0,1539.0,1.8428927680798004,0.0,0.0
qucosa/qucosa-fcrepo-migration,4401.0,3562.0,0.5,0.0,0,0,0,705.0,2.8095238095238093,0.0,0.0
quelltextlich/jacoco-toolbox,3821.0,3818.0,1.0,0.0,0,0,0,188.0,0.0,0.0,0.0
querydsl/querydsl-contrib,4177.0,3461.0,0.5,0.0,0,0,0,667.0,3.1068702290076335,0.0,0.0
quincy/tejris,4262.0,4261.0,0.0,0.0,0,0,0,120.0,0.0,0.0,0.0
qwasli/PMTable,4465.0,3512.0,0.0,0.0,0,0,0,426.0,4.114285714285714,0.0,0.0
qxo/ddlutils,4430.0,4430.0,0.0,0.0,0,0,0,1259.0,0.7592997811816192,0.0,0.0
rSmart/kuali_rice,4693.0,3569.0,0.0,0.0,0,0,0,37109.0,0.35790075608361394,0.0,0.0
ra4king/GameUtils,4231.0,4231.0,0.0,0.0,0,0,0,98.0,0.0,0.0,0.0
rabbitmq/hop,4139.0,3571.0,1.5555555555555556,0.0,0,0,0,248.0,1.7313432835820894,0.0,0.0
rabitarochan/jgit-proxy-clone,4498.0,3993.0,0.5,0.0,0,0,0,50.0,1.25,0.0,0.0
rabix/bunny,3568.0,3461.0,2.5,0.0,0,0,0,2042.0,1.173913043478261,0.0,0.0
rabun/oanda-rest-java,3892.0,3801.0,0.42857142857142855,0.0,0,0,0,344.0,0.023391812865497075,0.0,0.0
racc/typesafeconfig-guice,3856.0,3624.0,2.857142857142857,0.0,0,0,0,150.0,2.2222222222222223,0.0,0.0
radamuspl/loadBalancerKataMto,3955.0,3886.0,0.0,0.0,0,0,0,87.0,1.1785714285714286,0.0,0.0
radcortez/batch-real-world,4163.0,4151.0,0.0,0.0,0,0,0,269.0,1.9275362318840579,0.0,0.0
raddle60/dlna-client,4117.0,3985.0,0.0,0.0,0,0,0,194.0,0.0,0.0,0.0
radkoff/RiskArena,4785.0,4346.0,0.5,0.0,0,0,0,182.0,0.0,0.0,0.0
radkovo/CSSBox,4362.0,3512.0,2.074074074074074,0.0,0,0,0,244.0,0.0,0.0,0.0
radkovo/CSSBoxPdf,3923.0,3566.0,0.5,0.0,0,0,0,40.0,0.0,0.0,0.0
radkovo/SwingBox,4354.0,3746.0,1.5384615384615385,0.0,0,0,0,330.0,3.3548387096774195,0.0,0.0
radkovo/jStyleParser,4365.0,3463.0,1.1818181818181819,0.0,0,0,0,1687.0,4.349624060150376,0.0,0.0
radsaggi/JPicReveal,4485.0,4483.0,0.0,0.0,0,0,0,12.0,0.0,0.0,0.0
rafaelaznar/openausiasted,3612.0,3605.0,0.0,0.0,0,0,0,980.0,1.2842809364548495,0.0,0.0
rafaeldff/Iogi,6016.0,3723.0,1.5,0.0,0,0,0,477.0,1.5746268656716418,0.0,0.0
rafaelsteil/jforum2,5769.0,5550.0,1.411764705882353,0.0,0,0,0,3968.0,0.23159078133783023,0.0,0.0
rafaelsteil/jforum3,6089.0,3569.0,1.2932330827067668,0.0,0,0,0,2461.0,0.3126760563380282,0.0,0.0
rafamaiaale/exercicio01,3776.0,3762.0,0.5,0.0,0,0,0,51.0,1.3125,0.0,0.0
ragb/speechd-java,5044.0,4064.0,0.5,0.0,0,0,0,58.0,0.14285714285714285,0.0,0.0
ragerri/ixa-pipe-convert,4313.0,3506.0,0.0,0.0,0,0,0,60.0,0.0,0.0,0.0
raguilera82/send-mail-cordova-plugin,4283.0,3814.0,0.75,0.0,0,0,0,30.0,0.0,0.0,0.0
rah003/neat-jsonfn,3645.0,3462.0,1.0,0.0,0,0,0,76.0,0.0,0.0,0.0
rahular/TicTacToe,4464.0,4407.0,0.5,0.0,0,0,0,156.0,0.0,0.0,0.0
rahulbot/boxmaker,5220.0,4037.0,2.576923076923077,0.0,0,0,0,575.0,16.64516129032258,0.0,0.0
raidancampbell/swiggityspeare,3840.0,3584.0,2.4,0.0,0,0,0,48.0,0.0,0.0,0.0
rainmanwy/robotframework-SikuliLibrary,3721.0,3474.0,2.4,0.0,0,0,0,164.0,0.6349206349206349,0.0,0.0
rajmahendra/CoderetreatBoard,4388.0,3679.0,0.0,0.0,0,0,0,77.0,0.19444444444444445,0.0,0.0
ralscha/downloadchart,4140.0,3475.0,0.5,0.0,0,0,0,77.0,0.9259259259259259,0.0,0.0
ralscha/edsutil,4428.0,3488.0,0.25,0.0,0,0,0,184.0,1.1,0.0,0.0
ralscha/springsecuritytotp,4271.0,3488.0,1.875,0.0,0,0,0,254.0,3.5652173913043477,0.0,0.0
ramananandh/MyPublicRepo,5293.0,5216.0,1.0,0.0,0,0,0,20458.0,0.0,0.0,0.0
rancher/gdapi-java-server,4422.0,3794.0,0.2,0.0,0,0,0,951.0,3.384180790960452,0.0,0.0
randerzander/servlet-view-example,4053.0,4032.0,1.0,0.0,0,0,0,58.0,0.0,0.0,0.0
randi2/randi2,6102.0,3569.0,1.5,0.0,0,0,0,2579.0,0.06150159744408946,0.0,0.0
randomsync/excel-testng-demo2,4442.0,4388.0,0.5,0.0,0,0,0,42.0,0.0,0.0,0.0
randomtestfive/SerialArmController,3538.0,3528.0,0.0,0.0,0,0,0,42.0,1.6666666666666667,0.0,0.0
randyp/trochee,4101.0,3718.0,0.0,0.0,0,0,0,252.0,1.1358024691358024,0.0,0.0
rango3526/MinecraftModding,4187.0,4182.0,0.0,0.0,0,0,0,4833.0,0.06359368331199317,0.0,0.0
raoulDoc/WiggleIndexer,4621.0,3638.0,1.3333333333333333,0.0,0,0,0,93.0,0.96875,0.0,0.0
raoulvdberge/refinedstorage,3661.0,3460.0,2.6,0.0,0,0,0,1433.0,0.9226069246435845,0.0,0.0
raphaelbgr/SocketServer,4002.0,3491.0,0.3333333333333333,0.0,0,0,0,211.0,0.9583333333333334,0.0,0.0
raphaeljolivet/java2typescript,4563.0,3485.0,3.238095238095238,0.0,0,0,0,662.0,1.102803738317757,0.0,0.0
raphaelmenges/schaugenau,3652.0,3608.0,0.5,0.0,0,0,0,546.0,0.0,0.0,0.0
rapid7/nexpose_java_api,5044.0,3892.0,1.5,0.0,0,0,0,558.0,0.0,0.0,0.0
rapidan/droolsjbpm,5475.0,5474.0,0.1111111111111111,0.0,0,0,0,27975.0,0.19221125215483467,0.0,0.0
rapidpro/expressions,3735.0,3588.0,0.0,0.0,0,0,0,214.0,0.0,0.0,0.0
rapidpro/mage,4032.0,3490.0,0.4,0.0,0,0,0,549.0,1.2603550295857988,0.0,0.0
rareddy/ws-security-examples,4140.0,3650.0,0.6666666666666666,0.0,0,0,0,338.0,0.0,0.0,0.0
rasea/demoiselle-agent,5283.0,4941.0,2.5,0.0,0,0,0,208.0,0.0,0.0,0.0
rasea/server,5327.0,3497.0,1.4285714285714286,0.0,0,0,0,672.0,0.0,0.0,0.0
raskasa/metrics-okhttp,3805.0,3639.0,1.5,0.0,0,0,0,119.0,1.5588235294117647,0.0,0.0
rasto/lcmc,5211.0,3520.0,4.846153846153846,0.0,0,0,0,7953.0,1.7190275829827022,0.0,0.0
raydelto/itla_racer,3966.0,3965.0,0.2,0.0,0,0,0,38.0,0.0,0.0,0.0
rayedchan/OIMDecryptedPasswordInProfile,4363.0,4363.0,0.5,0.0,0,0,0,135.0,0.04477611940298507,0.0,0.0
rayedchan/OIMFlatFileICFConnector,4374.0,4374.0,0.25,0.0,0,0,0,129.0,0.046875,0.0,0.0
raygun321/mapcraft,3829.0,3536.0,1.0,0.0,0,0,0,187.0,0.2235294117647059,0.0,0.0
rayo/rayo-server,5220.0,4460.0,22.0,0.0,0,0,0,1630.0,0.0,0.0,0.0
rayryeng/RTSPTest,4214.0,3605.0,1.4285714285714286,0.0,0,0,0,10.0,0.0,0.0,0.0
razafinr/ABMS,4919.0,4838.0,1.0,0.0,0,0,0,76.0,0.0,0.0,0.0
rbacarin/thinkfast,4501.0,4494.0,0.5,0.0,0,0,0,95.0,1.5925925925925926,0.0,0.0
rcardin/pcd-actors,3662.0,3545.0,0.1724137931034483,0.0,0,0,0,142.0,0.5714285714285714,0.0,0.0
rcgallagher/example-spring-boot-jsf-primefaces,3947.0,3860.0,0.5,0.0,0,0,0,47.0,1.2666666666666666,0.0,0.0
rchapin/simple-multi-threaded-calculator,4041.0,4041.0,0.0,0.0,0,0,0,148.0,1.2608695652173914,0.0,0.0
rchodava/datamill,3801.0,3461.0,9.833333333333334,0.0,0,0,0,679.0,1.3712871287128714,0.0,0.0
rck109d/atl-pd-data,4403.0,3857.0,0.0,0.0,0,0,0,87.0,2.238095238095238,0.0,0.0
rcsb/QuickStructureSearch,3987.0,3470.0,0.0,0.0,0,0,0,871.0,1.0957446808510638,0.0,0.0
rcuprak/actionbazaar,3865.0,3472.0,0.0,0.0,0,0,0,2496.0,0.0,0.0,0.0
rdaum/jmemcache-daemon,3885.0,3885.0,1.0,0.0,0,0,0,336.0,1.2815533980582525,0.0,0.0
rdbeach/JsonQuery,4150.0,4041.0,1.0,0.0,0,0,0,52.0,0.0,0.0,0.0
rdblue/crash,4375.0,4375.0,1.5,0.0,0,0,0,114.0,0.0,0.0,0.0
rdebusscher/jsf-renderer-extensions,4048.0,3462.0,0.0,0.0,0,0,0,979.0,1.1044303797468353,0.0,0.0
rdelbru/SIREn,5346.0,4164.0,2.914285714285714,0.0,0,0,0,2047.0,1.5206185567010309,0.0,0.0
rder93/proyectosoftware,3811.0,3803.0,0.0,0.0,0,0,0,242.0,0.0,0.0,0.0
rdio/rdio-simple,5240.0,3884.0,2.5113636363636362,0.0,0,0,0,176.0,0.0,0.0,0.0
rdok/online-classes,4314.0,4306.0,0.0,0.0,0,0,0,158.0,0.0,0.0,0.0
rdowner/brooklyn-temperature-device,3765.0,3525.0,0.0,0.0,0,0,0,95.0,1.88,0.0,0.0
rdpstaff/Framebot,4800.0,3646.0,0.16666666666666666,0.0,0,0,0,165.0,0.14102564102564102,0.0,0.0
rdpstaff/ReadSeq,4834.0,3756.0,0.0,0.0,0,0,0,424.0,0.9379310344827586,0.0,0.0
rdpstaff/Xander-HMMgs,4842.0,3888.0,0.0,0.0,0,0,0,238.0,0.12389380530973451,0.0,0.0
reachkrishnaraj/kafka-elasticsearch-standalone-consumer,4202.0,3552.0,1.5147058823529411,0.0,0,0,0,188.0,1.4545454545454546,0.0,0.0
reactor/reactive-streams-commons,3646.0,3472.0,5.125,0.0,0,0,0,1633.0,1.920863309352518,0.0,0.0
real-logic/benchmarks,3782.0,3471.0,2.6666666666666665,0.0,0,0,0,67.0,0.22580645161290322,0.0,0.0
realestate-com-au/sshephalopod,3700.0,3499.0,2.25,0.0,0,0,0,6256.0,0.0,0.0,0.0
realityforge/gwt-appcache-example,4372.0,3580.0,0.6666666666666666,0.0,0,0,0,76.0,0.0,0.0,0.0
realityforge/gwt-cache-filter,4548.0,3466.0,9.0,0.0,0,0,0,48.0,0.0,0.0,0.0
realityforge/gwt-ga,4550.0,3466.0,1.0,0.0,0,0,0,64.0,0.0,0.0,0.0
realityforge/gwt-websockets,4354.0,3466.0,5.285714285714286,0.0,0,0,0,100.0,0.0,0.0,0.0
realityforge/sqlshell,4570.0,3580.0,0.5,0.0,0,0,0,56.0,0.0,0.0,0.0
realmagician/MahoutTest,4210.0,4205.0,0.0,0.0,0,0,0,180.0,0.0,0.0,0.0
rean/rain-workload-toolkit,5789.0,3663.0,1.263157894736842,0.0,0,0,0,1947.0,0.12540894220283533,0.0,0.0
reatkin2/karyotyper,3756.0,3748.0,1.0,0.0,0,0,0,210.0,0.0,0.0,0.0
reckart/tt4j,3929.0,3575.0,1.0,0.0,0,0,0,149.0,1.2127659574468086,0.0,0.0
redfish4ktc/maven-soapui-extension-plugin,5076.0,3569.0,2.1875,0.0,0,0,0,1126.0,0.0,0.0,0.0
redhat-helloworld-msa/ola,3569.0,3477.0,0.25,0.0,0,0,0,77.0,1.16,0.0,0.0
redhat-italy/fuse-playground,4279.0,4205.0,0.0,0.0,0,0,0,174.0,0.0,0.0,0.0
redhataccess/redhat-support-lib-java,4052.0,3720.0,0.3333333333333333,0.0,0,0,0,525.0,4.426829268292683,0.0,0.0
redkale/redkale-demo,3644.0,3460.0,0.3333333333333333,0.0,0,0,0,112.0,0.0,0.0,0.0
rednaxelafx/hotspot_evil,5484.0,5463.0,3.25,0.0,0,0,0,48.0,0.0,0.0,0.0
redpois0n/oslib,3976.0,3482.0,3.5,0.0,0,0,0,214.0,0.0,0.0,0.0
redsgreens/Appleseed,5325.0,4753.0,0.3333333333333333,0.0,0,0,0,42.0,0.0,0.0,0.0
redsgreens/SupplySign,5374.0,4685.0,1.0,0.0,0,0,0,38.0,0.0,0.0,0.0
reflexworks/reflexcore,4633.0,3485.0,0.5,0.0,0,0,0,593.0,0.9899497487437185,0.0,0.0
reima/Cindy3D,5712.0,5054.0,1.0,0.0,0,0,0,278.0,0.0,0.0,0.0
reinert/requestor,4054.0,3741.0,8.25,0.0,0,0,0,1915.0,1.896341463414634,0.0,0.0
reines/httptunnel,4591.0,4582.0,0.6,0.0,0,0,0,380.0,1.7450980392156863,0.0,0.0
reines/rxtx,5167.0,4080.0,1.5,0.0,0,0,0,193.0,0.9545454545454546,0.0,0.0
reinra/dynaform,4453.0,3568.0,1.2,0.0,0,0,0,1087.0,2.1884615384615387,0.0,0.0
remibantos/jeeshop,4227.0,3463.0,1.0476190476190477,0.0,0,0,0,1849.0,1.3777372262773722,0.0,0.0
renatocf/IEDB,4096.0,4028.0,0.5,0.0,0,0,0,296.0,0.0,0.0,0.0
renatodelgaudio/awsroute53,3974.0,3493.0,1.3333333333333333,0.0,0,0,0,193.0,1.75,0.0,0.0
renekrie/querqy,4152.0,3547.0,1.2222222222222223,0.0,0,0,0,940.0,1.5149253731343284,0.0,0.0
renepickhardt/metalcon,4535.0,4169.0,5.444444444444445,0.0,0,0,0,380.0,0.0,0.0,0.0
reneweb/cqrs_example_app,4224.0,4223.0,0.5,0.0,0,0,0,148.0,0.0,0.0,0.0
renzon/evento-python-para-javeiros,4450.0,4450.0,0.0,0.0,0,0,0,58.0,0.0,0.0,0.0
reo7sp/SBF-Bukkit-Plugin,4069.0,4069.0,0.0,0.0,0,0,0,672.0,1.3532338308457712,0.0,0.0
researchgate/gradle-release-examples,3805.0,3617.0,0.058823529411764705,0.0,0,0,0,300.0,0.0,0.0,0.0
resios/jacoco-coverage,4362.0,4355.0,1.0,0.0,0,0,0,80.0,0.0,0.0,0.0
resource4j/resource4j,4681.0,3480.0,3.0,0.0,0,0,0,995.0,1.1650793650793652,0.0,0.0
restfb/restfb-benchmark,3953.0,3714.0,0.0,0.0,0,0,0,104.0,3.888888888888889,0.0,0.0
restfb/restfb-examples,3627.0,3627.0,0.7142857142857143,0.0,0,0,0,65.0,1.7222222222222223,0.0,0.0
restsql/restsql,5329.0,3687.0,1.92,0.0,0,0,0,1251.0,3.9952153110047846,0.0,0.0
restsql/restsql-test,5329.0,3687.0,0.5714285714285714,0.0,0,0,0,624.0,0.0,0.0,0.0
retoo/bodesuri,6128.0,5971.0,2.0,0.0,0,0,0,2067.0,0.7921727395411606,0.0,0.0
retuxx/sig4j,3764.0,3483.0,3.0,0.0,0,0,0,127.0,1.6857142857142857,0.0,0.0
revelc/zookeeper-maven-plugin,3892.0,3843.0,1.25,0.0,0,0,0,131.0,1.0930232558139534,0.0,0.0
rgrimmer/ACID,4021.0,3972.0,1.0,0.0,0,0,0,648.0,1.6931818181818181,0.0,0.0
rguderlei/osgi-demo,5758.0,4847.0,1.5,0.0,0,0,0,391.0,1.3305084745762712,0.0,0.0
rh-messaging/artemis-wildfly-integration,4038.0,3476.0,0.125,0.0,0,0,0,104.0,0.0,0.0,0.0
rhinoceroshead/UNNAMED-SOFTWARE-WEB,3950.0,3769.0,0.0,0.0,0,0,0,196.0,0.0,0.0,0.0
rhinoforms/rhinoforms,4896.0,4142.0,0.2,0.0,0,0,0,755.0,1.5373831775700935,0.0,0.0
rhlabs/louie,4120.0,3904.0,3.6666666666666665,0.0,0,0,0,1306.0,0.19831932773109243,0.0,0.0
rholder/gradle-view,4730.0,3885.0,10.0,0.0,0,0,0,150.0,0.0,0.0,0.0
riccardobl/JMEOpenCL,4141.0,3579.0,0.0,0.0,0,0,0,56.0,0.0,0.0,0.0
ricepanda/rice-git3,4058.0,3569.0,0.0,0.0,0,0,0,36884.0,0.34464785151284005,0.0,0.0
richkadel/jsfunction-gwt,4081.0,3815.0,0.0,0.0,0,0,0,246.0,2.3508771929824563,0.0,0.0
rickardsundin/storycards,4377.0,4130.0,0.0,0.0,0,0,0,116.0,1.1891891891891893,0.0,0.0
rickbw/crud-api,4307.0,3835.0,0.5,0.0,0,0,0,496.0,1.5319148936170213,0.0,0.0
rickbw/crud-jdbc,4307.0,3873.0,0.0,0.0,0,0,0,28.0,0.0,0.0,0.0
rickbw/crud-voldemort,4278.0,4030.0,0.0,0.0,0,0,0,36.0,0.0,0.0,0.0
rickbw/incubator,4314.0,3784.0,0.0,0.0,0,0,0,326.0,2.151898734177215,0.0,0.0
rickmcgeer/GENI_SAVI,3714.0,3535.0,0.0,0.0,0,0,0,318.0,0.0,0.0,0.0
ridernator/folly,3733.0,3703.0,1.0,0.0,0,0,0,595.0,1.0304568527918783,0.0,0.0
ridgelab/SelecT,3839.0,3472.0,0.5,0.0,0,0,0,182.0,0.0,0.0,0.0
ridwanbejo/movielist,3663.0,3592.0,0.0,0.0,0,0,0,4430.0,0.0,0.0,0.0
riemann/riemann-java-client,5019.0,3499.0,1.105263157894737,0.0,0,0,0,212.0,0.018867924528301886,0.0,0.0
rieske/aop-logging,4387.0,3484.0,0.0,0.0,0,0,0,163.0,0.6190476190476191,0.0,0.0
rii-mango/GIFTI-IO,4501.0,3545.0,0.3333333333333333,0.0,0,0,0,87.0,0.696969696969697,0.0,0.0
riktothepast/ProyectoClaseBases2,4378.0,4357.0,0.0,0.0,0,0,0,141.0,0.8823529411764706,0.0,0.0
rinfield/java8-commons,3997.0,3988.0,0.0,0.0,0,0,0,351.0,3.515625,0.0,0.0
ringerc/as7-eclipselink-integration,4925.0,4333.0,4.0,0.0,0,0,0,162.0,1.037037037037037,0.0,0.0
rinoto/spring-auto-mock,4084.0,3509.0,1.0,0.0,0,0,0,183.0,1.9361702127659575,0.0,0.0
rinrinne/gerrit-rabbitmq-plugin,4224.0,3929.0,0.8333333333333334,0.0,0,0,0,132.0,0.0,0.0,0.0
rinrinne/rabbitmq-consumer-plugin,4645.0,4225.0,0.09090909090909091,0.0,0,0,0,200.0,0.0,0.0,0.0
ripla/vaadin-spring-push-example,3695.0,3511.0,0.0,0.0,0,0,0,90.0,1.1724137931034482,0.0,0.0
riselabs-ufba/alumni-projects,3511.0,3486.0,0.0,0.0,0,0,0,676.0,0.0,0.0,0.0
rishuatgithub/Special-Character-Remover,3815.0,3815.0,0.0,0.0,0,0,0,118.0,0.0,0.0,0.0
ritesh-spring/spring-learning,3840.0,3840.0,0.0,0.0,0,0,0,346.0,0.0,0.0,0.0
rivetlogic/hr-portal,4367.0,3736.0,0.0,0.0,0,0,0,2370.0,0.025619128949615714,0.0,0.0
rivetlogic/liferay-content-translator,3767.0,3730.0,0.0,0.0,0,0,0,487.0,0.12608695652173912,0.0,0.0
rivetlogic/liferay-document-and-media-treeview,4170.0,3506.0,0.07142857142857142,0.0,0,0,0,613.0,0.09897610921501707,0.0,0.0
rivetlogic/liferay-form-saver,3631.0,3566.0,0.0,0.0,0,0,0,448.0,0.14285714285714285,0.0,0.0
rivetlogic/liferay-google-drive-quick-links,4283.0,3505.0,0.0,0.0,0,0,0,657.0,0.09206349206349207,0.0,0.0
rivetlogic/liferay-google-hangouts,3631.0,3504.0,0.0,0.0,0,0,0,635.0,0.09539473684210527,0.0,0.0
rivetlogic/liferay-hovercard,4271.0,4252.0,0.2,0.0,0,0,0,478.0,0.13333333333333333,0.0,0.0
rivetlogic/liferay-mail-notification,4343.0,4282.0,0.0,0.0,0,0,0,426.0,0.1507537688442211,0.0,0.0
rivetlogic/liferay-shared-resources-manager,3540.0,3500.0,0.0,0.0,0,0,0,825.0,0.07268170426065163,0.0,0.0
rivetlogic/liferay-skype,4283.0,3505.0,0.0,0.0,0,0,0,633.0,0.09570957095709572,0.0,0.0
rivetlogic/liferay-whiteboard,4271.0,3499.0,0.1,0.0,0,0,0,555.0,0.10984848484848485,0.0,0.0
rivetlogic/mobile-people-directory,4367.0,3499.0,0.0,0.0,0,0,0,692.0,0.09036144578313253,0.0,0.0
rizard/fast-failover-demo,3868.0,3659.0,0.3333333333333333,0.0,0,0,0,3193.0,1.542128603104213,0.0,0.0
rjdkolb/vmbenchmarks,4105.0,3813.0,0.0,0.0,0,0,0,220.0,8.571428571428571,0.0,0.0
rjmarsan/GestureSound,5552.0,5425.0,1.5,0.0,0,0,0,1416.0,0.0,0.0,0.0
rjmunro/fpff,5910.0,4113.0,3.3333333333333335,0.0,0,0,0,51.0,0.65,0.0,0.0
rjoberon/web-attribute-exploration,4690.0,4525.0,0.0,0.0,0,0,0,136.0,0.0,0.0,0.0
rkaippully/play-webdrive,5220.0,5207.0,1.0,0.0,0,0,0,38.0,0.0,0.0,0.0
rkapsi/ardverk-commons,5754.0,4999.0,1.75,0.0,0,0,0,257.0,0.007751937984496124,0.0,0.0
rkapsi/ardverk-concurrent,5378.0,4999.0,1.0,0.0,0,0,0,129.0,0.11290322580645161,0.0,0.0
rkapsi/gibson,4985.0,4303.0,0.75,0.0,0,0,0,294.0,0.4262295081967213,0.0,0.0
rkfg/jbot,4356.0,3507.0,0.2,0.0,0,0,0,265.0,1.4230769230769231,0.0,0.0
rkfg/ns2gather,4201.0,3472.0,0.6666666666666666,0.0,0,0,0,258.0,0.6,0.0,0.0
rlespinasse/slf4j-over-spring,4845.0,4350.0,1.3333333333333333,0.0,0,0,0,154.0,1.7142857142857142,0.0,0.0
rlichtenwalter/LPmade,4863.0,4607.0,1.0,0.0,0,0,0,3884.0,0.0,0.0,0.0
rlsutton1/VaadinUtils,4494.0,3462.0,1.8,0.0,0,0,0,872.0,0.0,0.0,0.0
rmanders/kbdb,3917.0,3752.0,0.0,0.0,0,0,0,272.0,1.010989010989011,0.0,0.0
rmannibucau/diagram-generator-parent,4996.0,4438.0,1.1666666666666667,0.0,0,0,0,532.0,1.1785714285714286,0.0,0.0
rmetzger/stratosphere-sql,4399.0,4216.0,0.6666666666666666,0.0,0,0,0,216.0,0.0,0.0,0.0
rmichela/BeanShellDebugger,5390.0,5382.0,1.0,0.0,0,0,0,38.0,0.0,0.0,0.0
rmichela/Command-iConomy,5384.0,5334.0,1.0,0.0,0,0,0,32.0,0.0,0.0,0.0
rmichela/CowPaths,5367.0,5303.0,1.0,0.0,0,0,0,44.0,0.0,0.0,0.0
rmohr/chroot-plugin,4532.0,3507.0,0.6,0.0,0,0,0,327.0,2.3289473684210527,0.0,0.0
rmpestano/cukedoctor,3847.0,3522.0,2.5,0.0,0,0,0,1472.0,2.11731843575419,0.0,0.0
rmsy/Flair,4529.0,4507.0,0.1111111111111111,0.0,0,0,0,30.0,0.0,0.0,0.0
rmuller/infomas-asl,5139.0,3587.0,2.6818181818181817,0.0,0,0,0,168.0,0.7868852459016393,0.0,0.0
rnewson/couchdb-lucene,6168.0,3463.0,5.956521739130435,0.0,0,0,0,303.0,1.1443298969072164,0.0,0.0
robeio/robe,4295.0,3461.0,2.4285714285714284,0.0,0,0,0,1541.0,1.1748971193415638,0.0,0.0
robelsharma/VideoConference,4150.0,4139.0,0.5714285714285714,0.0,0,0,0,222.0,0.0,0.0,0.0
robertbachmann/tcpmon,4196.0,4192.0,0.5,0.0,0,0,0,90.0,2.0,0.0,0.0
robertomarin/redis-de-cache-a-nosql,4270.0,4270.0,2.0,0.0,0,0,0,146.0,1.0204081632653061,0.0,0.0
robertoramsis/FunLearn,3859.0,3828.0,1.0,0.0,0,0,0,890.0,0.01809954751131222,0.0,0.0
robertovormittag/algorithms,3547.0,3466.0,0.5,0.0,0,0,0,372.0,1.1166666666666667,0.0,0.0
robertquitt/iaroc2015-option16b,3870.0,3825.0,0.0,0.0,0,0,0,148.0,0.0,0.0,0.0
robinst/autolink-java,3847.0,3462.0,5.0,0.0,0,0,0,116.0,1.2777777777777777,0.0,0.0
robmayhew/snappy-components,6288.0,6267.0,1.5,0.0,0,0,0,814.0,0.2356164383561644,0.0,0.0
robolectric/robolectric-velocity-plugin,3892.0,3892.0,0.0,0.0,0,0,0,50.0,1.7142857142857142,0.0,0.0
robosphinx/QuartzPlus,4193.0,4135.0,0.0,0.0,0,0,0,260.0,1.9696969696969697,0.0,0.0
robotman3000/Tic-Tac-Toe-v1,4027.0,3923.0,0.5,0.0,0,0,0,34.0,0.0,0.0,0.0
robrua/easy-java,4561.0,4059.0,0.0,0.0,0,0,0,625.0,3.9714285714285715,0.0,0.0
robshep/JavaFPE,4003.0,3716.0,1.5,0.0,0,0,0,60.0,1.4444444444444444,0.0,0.0
robsonbittencourt/mokona,3766.0,3464.0,1.0,0.0,0,0,0,110.0,1.027027027027027,0.0,0.0
robusta-code/classify,4126.0,4070.0,0.3333333333333333,0.0,0,0,0,110.0,0.0,0.0,0.0
robusta-code/rra,4329.0,3638.0,0.5,0.0,0,0,0,359.0,1.1391304347826088,0.0,0.0
roddet/formation-dta,3520.0,3479.0,0.0,0.0,0,0,0,639.0,0.5137254901960784,0.0,0.0
rodolphito/Rival-Rebels-Mod,3574.0,3515.0,0.5,0.0,0,0,0,1930.0,0.0,0.0,0.0
rodrigocatalan/blank,4896.0,4879.0,1.0,0.0,0,0,0,378.0,0.0,0.0,0.0
rodrigovilar/resTest,4421.0,4074.0,0.0,0.0,0,0,0,44.0,0.7058823529411765,0.0,0.0
rogerxaic/battleship,3859.0,3831.0,0.0,0.0,0,0,0,88.0,0.43243243243243246,0.0,0.0
rohitsinha54/Coursera-Introduction-to-Recommender-Systems-Programming-Assignment-5,4406.0,4406.0,0.5,0.0,0,0,0,135.0,1.5128205128205128,0.0,0.0
roid1973/spinner,3588.0,3581.0,0.0,0.0,0,0,0,148.0,0.0,0.0,0.0
rokhmanov/repo-graph-maven,4002.0,4002.0,0.3333333333333333,0.0,0,0,0,161.0,1.26,0.0,0.0
rokups/intelli-nim,3842.0,3823.0,3.5,0.0,0,0,0,116.0,0.0,0.0,0.0
rolandkrueger/vaadin-by-example,4864.0,3615.0,1.0,0.0,0,0,0,780.0,0.0,0.0,0.0
rolmovel/XMLWinEvent,3906.0,3906.0,0.0,0.0,0,0,0,109.0,1.1714285714285715,0.0,0.0
roman-voropaev/yCache,4643.0,4631.0,0.0,0.0,0,0,0,30.0,0.0,0.0,0.0
romank0/selenium-stale-element,4216.0,4213.0,0.5,0.0,0,0,0,99.0,0.4634146341463415,0.0,0.0
romanseidl/mason-tools,3745.0,3745.0,1.5,0.0,0,0,0,250.0,1.4324324324324325,0.0,0.0
romelo333/notenoughwands1.8.8,3660.0,3461.0,1.5,0.0,0,0,0,511.0,1.828358208955224,0.0,0.0
rometools/rome-utils,4260.0,3587.0,0.3333333333333333,0.0,0,0,0,68.0,0.0,0.0,0.0
ronammar/pharmacogenomics,4225.0,4172.0,0.0,0.0,0,0,0,96.0,0.0,0.0,0.0
rongzhu8888/magic-dao,3514.0,3469.0,0.75,0.0,0,0,0,335.0,1.091743119266055,0.0,0.0
ronz94/Steadfast,3790.0,3608.0,0.0,0.0,0,0,0,10.0,0.0,0.0,0.0
ropalka/msc-benchmarks,4278.0,3895.0,0.0,0.0,0,0,0,127.0,0.3888888888888889,0.0,0.0
rorchard/FuzzyJ,4340.0,4085.0,0.8333333333333334,0.0,0,0,0,1364.0,0.0,0.0,0.0
rosatolen/campr-csrf-workshop,3749.0,3559.0,0.3333333333333333,0.0,0,0,0,184.0,0.9523809523809523,0.0,0.0
roshanp/blur-hdfs-lucene-indexes,4429.0,4431.0,0.0,0.0,0,0,0,321.0,0.19727891156462585,0.0,0.0
roskart/dropwizard-jaxws,4623.0,3468.0,1.4,0.0,0,0,0,331.0,1.9176470588235295,0.0,0.0
roskenet/simple-cms,3725.0,3702.0,0.0,0.0,0,0,0,124.0,1.15,0.0,0.0
roskens/opennms-pre-github,4892.0,3569.0,0.5,0.0,0,0,0,38412.0,0.0,0.0,0.0
rossjones/JFluidDB,5960.0,5757.0,1.6666666666666667,0.0,0,0,0,76.0,0.0,0.0,0.0
roukaour/spectrogram,4305.0,3742.0,0.5,0.0,0,0,0,54.0,0.0,0.0,0.0
roukaour/votingsim,4305.0,3742.0,0.0,0.0,0,0,0,86.0,0.0,0.0,0.0
routing4you/gps-tracker,3856.0,3853.0,0.0,0.0,0,0,0,73.0,1.2608695652173914,0.0,0.0
rovemonteux/silvertunnel-monteux,4005.0,3998.0,1.5,0.0,0,0,0,1853.0,3.3304597701149423,0.0,0.0
roylaurie/subcomm-web-client-applet,4923.0,3757.0,0.0,0.0,0,0,0,70.0,0.0,0.0,0.0
royrusso/spring-mvc-rest-mockito,4299.0,4296.0,0.8,0.0,0,0,0,136.0,1.7297297297297298,0.0,0.0
rozpuszczalny/delta,3612.0,3607.0,0.0,0.0,0,0,0,47.0,0.5789473684210527,0.0,0.0
rpablos/FlowControl,4202.0,4068.0,0.5,0.0,0,0,0,138.0,1.3333333333333333,0.0,0.0
rpaskin/lp2java,4297.0,3465.0,0.0,0.0,0,0,0,280.0,0.0,0.0,0.0
rpau/javalang-compiler,4240.0,3513.0,1.5,0.0,0,0,0,606.0,2.864,0.0,0.0
rpelisse/rhq-sync-tool,4780.0,4780.0,1.0,0.0,0,0,0,467.0,1.065359477124183,0.0,0.0
rpereira-dev/VoxelEngine,3801.0,3499.0,1.0,0.0,0,0,0,1313.0,0.9617117117117117,0.0,0.0
rponte/jsf-issuetracker-project,4998.0,4948.0,0.75,0.0,0,0,0,472.0,0.24644549763033174,0.0,0.0
rponte/spring-camel,4017.0,3952.0,0.5,0.0,0,0,0,378.0,2.367816091954023,0.0,0.0
rrocharoberto/GraphPartitionFramework,3764.0,3570.0,0.5,0.0,0,0,0,1094.0,1.1136363636363635,0.0,0.0
rs-services/jenkins_selfservice,4116.0,4112.0,0.0,0.0,0,0,0,44.0,0.0,0.0,0.0
rsandor/Solace,5789.0,3467.0,1.5,0.0,0,0,0,434.0,0.0,0.0,0.0
rschreijer/s2-geometry-library-java,3927.0,3927.0,2.0,0.0,0,0,0,186.0,0.8923076923076924,0.0,0.0
rssowl/RSSOwl,5267.0,4052.0,2.736111111111111,0.0,0,0,0,6358.0,0.0,0.0,0.0
rstudio/rstudio,5487.0,3461.0,3.902578796561605,0.0,0,0,0,10052.0,0.0,0.0,0.0
rsutphin/johaml,6151.0,6151.0,2.0,0.0,0,0,0,134.0,0.0,0.0,0.0
rterp/GMapsFX,4260.0,3496.0,1.9090909090909092,0.0,0,0,0,268.0,0.0,0.0,0.0
rterp/SumZeroTrading,3619.0,3466.0,2.5,0.0,0,0,0,1948.0,1.5008976660682227,0.0,0.0
rticommunity/dds-rpc-java,4122.0,4073.0,0.0,0.0,0,0,0,105.0,0.0,0.0,0.0
rtslab/EnergyBox,4275.0,3490.0,0.3333333333333333,0.0,0,0,0,232.0,0.0,0.0,0.0
rubenlagus/TelegramBots,3624.0,3465.0,1.7843137254901962,0.0,0,0,0,426.0,1.0571428571428572,0.0,0.0
rubrica/rubrica,4807.0,3899.0,0.6666666666666666,0.0,0,0,0,311.0,1.13,0.0,0.0
rudaoshi/mate,3950.0,3948.0,0.0,0.0,0,0,0,394.0,0.0,0.0,0.0
ruediste/jabsaw,4264.0,4124.0,0.5,0.0,0,0,0,360.0,1.7708333333333333,0.0,0.0
rulien/categorize-test,5364.0,5038.0,0.75,0.0,0,0,0,84.0,0.0,0.0,0.0
rundeck-plugins/salt-step,4666.0,4155.0,1.3888888888888888,0.0,0,0,0,182.0,0.0,0.0,0.0
rungemar/cmake4cdt,4331.0,3601.0,0.6666666666666666,0.0,0,0,0,240.0,0.0,0.0,0.0
runmyprocess/sec-ldap,4063.0,3731.0,0.0,0.0,0,0,0,32.0,0.0,0.0,0.0
rusher81572/cloudExplorer,4406.0,3551.0,4.375,0.0,0,0,0,490.0,2.5981308411214954,0.0,0.0
rvalyi/terminatooor,5811.0,4330.0,5.857142857142857,0.0,0,0,0,430.0,0.0,0.0,0.0
rvanderwerf/grails-struts1,4891.0,4812.0,0.3333333333333333,0.0,0,0,0,82.0,0.0,0.0,0.0
rvbiljouw/aurorabot,4190.0,4177.0,0.5,0.0,0,0,0,762.0,0.0,0.0,0.0
rvs-fluid-it/microservice-bundle,3737.0,3463.0,1.0,0.0,0,0,0,316.0,0.0,0.0,0.0
rvt/cnctools,4375.0,4202.0,1.5,0.0,0,0,0,466.0,0.0,0.0,0.0
rwl/JKLU,5431.0,4959.0,1.0,0.0,0,0,0,180.0,0.9836065573770492,0.0,0.0
rwtema/SideChecker,4089.0,4086.0,3.0,0.0,0,0,0,76.0,1.25,0.0,0.0
rwth-acis/las2peer-Query-Visualization-Service,4444.0,3492.0,0.0,0.0,0,0,0,355.0,1.1043478260869566,0.0,0.0
ryanbrainard/richsobjects,4949.0,4800.0,2.0,0.0,0,0,0,613.0,1.203125,0.0,0.0
ryanbriones/spring-mvc-persistence-example,4746.0,4746.0,0.3333333333333333,0.0,0,0,0,116.0,2.3703703703703702,0.0,0.0
ryanj/targetlocations,4240.0,4239.0,0.5,0.0,0,0,0,138.0,1.255813953488372,0.0,0.0
ryansgot/forsuredbcompiler,3632.0,3496.0,0.5,0.0,0,0,0,571.0,2.006993006993007,0.0,0.0
ryantenney/passkit4j,4780.0,3587.0,1.4230769230769231,0.0,0,0,0,142.0,0.0,0.0,0.0
ryantenney/zookeeper-spring,4396.0,4085.0,1.0,0.0,0,0,0,175.0,2.317073170731707,0.0,0.0
ryanwli/guzz,4238.0,4238.0,0.5,0.0,0,0,0,964.0,0.0,0.0,0.0
rychkov/ru.subscribe-api,4214.0,3497.0,0.0,0.0,0,0,0,258.0,1.170731707317073,0.0,0.0
rythmengine/rythmengine,5132.0,3469.0,3.358490566037736,0.0,0,0,0,1632.0,1.476595744680851,0.0,0.0
rythmengine/spring-rythm,4578.0,3612.0,0.7777777777777778,0.0,0,0,0,146.0,0.0,0.0,0.0
rzaffari/projectInside,4528.0,4512.0,0.0,0.0,0,0,0,82.0,0.0,0.0,0.0
rzwitserloot/ivyplusplus,5710.0,3832.0,2.0,0.0,0,0,0,198.0,1.125,0.0,0.0
rzwitserloot/totp-example,3598.0,3493.0,1.5,0.0,0,0,0,190.0,1.096774193548387,0.0,0.0
rzymek/watcher-maven-plugin,4481.0,4477.0,1.6666666666666667,0.0,0,0,0,88.0,4.923076923076923,0.0,0.0
s-case/s-case-core,3858.0,3462.0,0.0,0.0,0,0,0,637.0,1.1019417475728155,0.0,0.0
s-hosoai/astahm2t,4125.0,3464.0,1.6666666666666667,0.0,0,0,0,226.0,0.0,0.0,0.0
s-match/s-match-nlp-opennlp,4342.0,3517.0,0.0,0.0,0,0,0,32.0,0.0,0.0,0.0
s-match/s-match-spsm,4342.0,3517.0,0.0,0.0,0,0,0,58.0,0.0,0.0,0.0
s12v/newrelic-elasticsearch,3957.0,3464.0,1.9,0.0,0,0,0,238.0,1.380281690140845,0.0,0.0
s1ck/gdl,3686.0,3506.0,1.4,0.0,0,0,0,138.0,1.8888888888888888,0.0,0.0
s4/zeno,5430.0,5428.0,3.6666666666666665,0.0,0,0,0,399.0,1.3140495867768596,0.0,0.0
saalfeldlab/bigcat,3813.0,3464.0,0.0,0.0,0,0,0,1126.0,3.6683417085427137,0.0,0.0
saalfeldlab/bigwarp,3798.0,3512.0,0.5,0.0,0,0,0,595.0,4.03030303030303,0.0,0.0
saalfeldlab/render,4275.0,3461.0,0.0,0.0,0,0,0,1309.0,0.5260115606936416,0.0,0.0
sabersamus/Bytecraft,4356.0,3829.0,0.6666666666666666,0.0,0,0,0,656.0,0.8484848484848485,0.0,0.0
sabina-jung/JSON-Schema-Validation-Eclipse,4711.0,3857.0,1.6666666666666667,0.0,0,0,0,40.0,0.0,0.0,0.0
sabram/MyMoney,4811.0,4726.0,0.0,0.0,0,0,0,438.0,0.0,0.0,0.0
sachin-handiekar/jInstagram-examples,4153.0,3556.0,1.7142857142857142,0.0,0,0,0,131.0,1.5,0.0,0.0
sachin-handiekar/jMusixMatch,5369.0,3754.0,3.4285714285714284,0.0,0,0,0,161.0,1.0185185185185186,0.0,0.0
sachin-handiekar/spring-social-live,4987.0,3520.0,0.6,0.0,0,0,0,186.0,0.0,0.0,0.0
saden1/eCards,3863.0,3806.0,0.0,0.0,0,0,0,509.0,1.1349693251533743,0.0,0.0
saem/dropwizard-hikaricp,3884.0,3876.0,2.0,0.0,0,0,0,46.0,0.0,0.0,0.0
saffron-technology/vertx-eventbusbridge,3805.0,3624.0,1.75,0.0,0,0,0,94.0,1.4285714285714286,0.0,0.0
sagara-gunathunga/carbon-p2-plugin,4156.0,4156.0,0.0,0.0,0,0,0,142.0,1.2727272727272727,0.0,0.0
sagara-gunathunga/jaxrs-java-colombo,3725.0,3721.0,0.5,0.0,0,0,0,84.0,0.0,0.0,0.0
sahajamit/cucumber-jvm-testng-integration,3584.0,3484.0,0.0,0.0,0,0,0,109.0,1.0,0.0,0.0
saikocat/parquet-mr-contrib,4061.0,4038.0,0.3333333333333333,0.0,0,0,0,78.0,1.3333333333333333,0.0,0.0
saikrishna321/JBehave-Selendroid-Android-Automation,4536.0,4418.0,1.0,0.0,0,0,0,362.0,1.4339622641509433,0.0,0.0
sakaicontrib/sakora-csv,3560.0,3513.0,1.0,0.0,0,0,0,262.0,0.0,0.0,0.0
sakaiproject/sakai,4004.0,3461.0,0.5430711610486891,0.0,0,0,0,102510.0,1.6485033989393885,0.0,0.0
sakserv/storm-topology-examples,3992.0,3817.0,2.0,0.0,0,0,0,225.0,1.0675675675675675,0.0,0.0
sakuraloku/MineTheWorld,3977.0,3975.0,0.5,0.0,0,0,0,110.0,0.0,0.0,0.0
salyh/jsr353-benchmark,4159.0,3802.0,0.0,0.0,0,0,0,1035.0,5.7388059701492535,0.0,0.0
sam6-de/RestfulProtobuf,3832.0,3641.0,0.3333333333333333,0.0,0,0,0,76.0,0.0,0.0,0.0
samarth-math/project-connect,4322.0,3503.0,0.6666666666666666,0.0,0,0,0,126.0,0.0,0.0,0.0
samaxes/minify-maven-plugin,4957.0,3543.0,2.559322033898305,0.0,0,0,0,185.0,0.75,0.0,0.0
sambalmueslie/LoanCalculator,4001.0,3851.0,0.5,0.0,0,0,0,576.0,0.0,0.0,0.0
samie/vaadin-facebook-api,4269.0,4264.0,0.0,0.0,0,0,0,140.0,3.0714285714285716,0.0,0.0
sammonsjl/liferay-toolbox,4323.0,4311.0,0.0,0.0,0,0,0,748.0,0.0,0.0,0.0
sammyyx/ACAMPController,3544.0,3484.0,1.0,0.0,0,0,0,1940.0,0.012435233160621761,0.0,0.0
samoa-moa/samoa-moa,4412.0,4211.0,0.6666666666666666,0.0,0,0,0,36.0,0.0,0.0,0.0
samskivert/depot-maven-plugin,4472.0,3519.0,0.5,0.0,0,0,0,45.0,1.9166666666666667,0.0,0.0
samskivert/monotouch-maven-plugin,4668.0,4218.0,0.0,0.0,0,0,0,70.0,1.6,0.0,0.0
samsungsamiio/sami-android,4056.0,3519.0,0.5555555555555556,0.0,0,0,0,225.0,1.2428571428571429,0.0,0.0
samsungsamiio/samitrials-java,3940.0,3912.0,0.5,0.0,0,0,0,161.0,1.26,0.0,0.0
samtingleff/jchronic,5885.0,5029.0,4.65,0.0,0,0,0,566.0,3.1636363636363636,0.0,0.0
samuelskanberg/wigglemouse,3974.0,3972.0,0.0,0.0,0,0,0,36.0,0.9230769230769231,0.0,0.0
samuelsmal/gp_connect_four_java,4159.0,4135.0,2.3333333333333335,0.0,0,0,0,156.0,0.0,0.0,0.0
samuil-yanovski/master-thesis-web,3648.0,3488.0,0.0,0.0,0,0,0,132.0,0.0,0.0,0.0
samwhite/sapt-compiler,3927.0,3666.0,0.0,0.0,0,0,0,36.0,0.0,0.0,0.0
samytiemi/dac,4098.0,4027.0,0.5,0.0,0,0,0,118.0,0.0,0.0,0.0
sandflow/regxmllib,4047.0,3492.0,1.0,0.0,0,0,0,314.0,0.0,0.0,0.0
sandin/fanfou4j,5471.0,5471.0,0.6666666666666666,0.0,0,0,0,677.0,0.0029498525073746312,0.0,0.0
sandstorm/FlowStorm,4418.0,4418.0,1.3333333333333333,0.0,0,0,0,28.0,0.0,0.0,0.0
sanger-pathogens/QUASR,4161.0,3777.0,0.0,0.0,0,0,0,295.0,0.4957983193277311,0.0,0.0
sanjeevir/reporter,4325.0,4317.0,0.0,0.0,0,0,0,254.0,0.0,0.0,0.0
santiihoyos/Ubuntu-Mac-Changer,3907.0,3501.0,0.5,0.0,0,0,0,48.0,0.0,0.0,0.0
santo74/vertx-arangodb,4232.0,4060.0,3.0,0.0,0,0,0,330.0,3.533333333333333,0.0,0.0
sap-production/resolve-pom-maven-plugin,4849.0,4522.0,1.3333333333333333,0.0,0,0,0,159.0,2.735294117647059,0.0,0.0
sapirgolan/MFIBlocking,4383.0,3477.0,0.0,0.0,0,0,0,2246.0,0.0,0.0,0.0
sarl/sarl,4338.0,3461.0,2.8,0.0,0,0,0,4300.0,1.6675191815856778,0.0,0.0
sarnowski/eve-interfaces,5676.0,5555.0,3.0,0.0,0,0,0,304.0,0.0,0.0,0.0
sarxos/webcam-capture,4952.0,3510.0,1.407185628742515,0.0,0,0,0,2118.0,0.6270136307311028,0.0,0.0
sarxos/win-registry,5102.0,3553.0,0.8571428571428571,0.0,0,0,0,132.0,2.1875,0.0,0.0
sashank/jsse,4094.0,3681.0,1.0,0.0,0,0,0,44.0,0.0,0.0,0.0
sassoftware/enlighten-integration,3903.0,3512.0,1.0909090909090908,0.0,0,0,0,100.0,0.0,0.0,0.0
sat3/digitalcurrency,4102.0,4028.0,0.5,0.0,0,0,0,84.0,0.0,0.0,0.0
satago/tapestry-jpa-transactions,3798.0,3479.0,1.3333333333333333,0.0,0,0,0,110.0,0.0,0.0,0.0
sathipal/lwm2m_over_mqtt,3945.0,3944.0,2.25,0.0,0,0,0,139.0,0.014285714285714285,0.0,0.0
satiros12/RobotVigilanteMecatronica2014,4051.0,3974.0,0.0,0.0,0,0,0,46.0,0.0,0.0,0.0
satsukitv/SimpleServer,5490.0,5440.0,2.076923076923077,0.0,0,0,0,324.0,0.0,0.0,0.0
satyapavan/vdsi_cab_pooling,3785.0,3785.0,0.0,0.0,0,0,0,283.0,0.6886792452830188,0.0,0.0
saury07/Technomap,5452.0,5438.0,0.5,0.0,0,0,0,1306.0,0.0,0.0,0.0
saurzcode/saurzcode-swagger-spring,4137.0,4022.0,0.25,0.0,0,0,0,38.0,1.0769230769230769,0.0,0.0
savior67/StickyTracker,3585.0,3507.0,1.0,0.0,0,0,0,60.0,0.0,0.0,0.0
savoirtech/hecate,4409.0,3512.0,1.0,0.0,0,0,0,1355.0,1.2857142857142858,0.0,0.0
sawano/alphanumeric-comparator,4078.0,3882.0,2.0,0.0,0,0,0,102.0,1.25,0.0,0.0
sayems/java.api.test,4820.0,3485.0,0.5098039215686274,0.0,0,0,0,344.0,0.0,0.0,0.0
sbcoba/spring-camp-spring-security-session,4447.0,4447.0,0.5,0.0,0,0,0,84.0,0.0,0.0,0.0
sbeltramini/webex-connector,4857.0,4857.0,0.0,0.0,0,0,0,4304.0,0.0,0.0,0.0
sbrannen/spring-events,4059.0,3471.0,2.727272727272727,0.0,0,0,0,195.0,0.7361111111111112,0.0,0.0
sbrosinski/RegexTester,4811.0,4060.0,2.142857142857143,0.0,0,0,0,122.0,0.0,0.0,0.0
sbuettner/spring-boot-autoconfigure-wro4j,4303.0,3809.0,2.5,0.0,0,0,0,86.0,0.0,0.0,0.0
sbunciak/jbpm-drive-integration,4414.0,4345.0,0.0,0.0,0,0,0,176.0,1.1403508771929824,0.0,0.0
scalatra/netty-extension,5028.0,5028.0,1.0,0.0,0,0,0,360.0,1.0420168067226891,0.0,0.0
scalecube/scalecube,3776.0,3504.0,2.1666666666666665,0.0,0,0,0,650.0,2.0,0.0,0.0
scalecube/socketio,4437.0,3505.0,0.9444444444444444,0.0,0,0,0,278.0,1.1818181818181819,0.0,0.0
scaled/pacman,4197.0,3484.0,0.3333333333333333,0.0,0,0,0,175.0,1.7659574468085106,0.0,0.0
scaperoth/CarMachineLearning,4270.0,3840.0,0.3333333333333333,0.0,0,0,0,54.0,0.0,0.0,0.0
scbickle/maryspeak,4054.0,4037.0,0.5,0.0,0,0,0,42.0,0.0,0.0,0.0
scbizu/customservice,3678.0,3644.0,0.0,0.0,0,0,0,284.0,0.0,0.0,0.0
scd4j/gradle-plugins,4062.0,3466.0,1.8,0.0,0,0,0,1080.0,0.0,0.0,0.0
scela/EclipseCon2014,4297.0,4291.0,0.5,0.0,0,0,0,452.0,0.0,0.0,0.0
scenarioo/scenarioo,4588.0,3500.0,1.7333333333333334,0.0,0,0,0,2036.0,0.0,0.0,0.0
schafer14/Machine-Learning-Wine-DataSets,4229.0,4229.0,0.0,0.0,0,0,0,126.0,0.0,0.0,0.0
schaloner/deadbolt,5470.0,3994.0,2.0,0.0,0,0,0,628.0,0.006369426751592357,0.0,0.0
scharf/generic-java-rules,3672.0,3668.0,0.5,0.0,0,0,0,84.0,0.0,0.0,0.0
scharron/elasticsearch-river-mysql,4812.0,4812.0,2.4827586206896552,0.0,0,0,0,96.0,1.0625,0.0,0.0
schaubie12/Justins-Plugin,4415.0,4401.0,0.0,0.0,0,0,0,36.0,0.0,0.0,0.0
scherziglu/log4j,4341.0,4227.0,1.0,0.0,0,0,0,120.0,0.0,0.0,0.0
schibsted/eureka-jersey2,3723.0,3723.0,0.5,0.0,0,0,0,720.0,0.0,0.0,0.0
schmolli/my-todos,4070.0,3947.0,0.0,0.0,0,0,0,68.0,1.6842105263157894,0.0,0.0
schogini/jVoiD,3967.0,3843.0,1.0,0.0,0,0,0,1064.0,0.0,0.0,0.0
schuchert/fitnesse-tutorials,6097.0,4078.0,1.2,0.0,0,0,0,90.0,0.0,0.0,0.0
schwa-lab/libschwa-java,4309.0,4121.0,0.5,0.0,0,0,0,280.0,3.5294117647058822,0.0,0.0
schweerelos/The-Digital-Parrot,5348.0,5312.0,1.0,0.0,0,0,0,228.0,0.0,0.0,0.0
sci-gaia/template-special-job-portlet,3541.0,3489.0,0.0,0.0,0,0,0,136.0,0.0,0.0,0.0
scijava/native-lib-loader,5016.0,3476.0,1.3636363636363635,0.0,0,0,0,89.0,1.3703703703703705,0.0,0.0
scijava/scijava-maven-plugin,4272.0,3476.0,0.5,0.0,0,0,0,151.0,1.7317073170731707,0.0,0.0
scijava/scijava-ui-pivot,4264.0,3512.0,0.0,0.0,0,0,0,113.0,1.2857142857142858,0.0,0.0
scijava/scripting-java,4253.0,3476.0,1.3333333333333333,0.0,0,0,0,106.0,1.4838709677419355,0.0,0.0
scitran/sdm,4070.0,3632.0,3.0,0.0,0,0,0,502.0,0.0,0.0,0.0
scoffey/chatterbot,5119.0,5118.0,1.5,0.0,0,0,0,728.0,0.0,0.0,0.0
scoffey/jz80sim,4295.0,4295.0,1.0,0.0,0,0,0,576.0,0.0,0.0,0.0
scott181182/NeoCraft,4678.0,4412.0,1.5,0.0,0,0,0,634.0,0.0,0.0,0.0
scottcotton/matrix,3741.0,3731.0,0.0,0.0,0,0,0,24.0,0.0,0.0,0.0
scottfrederick/spring-music,4592.0,3561.0,0.08962264150943396,0.0,0,0,0,258.0,0.8571428571428571,0.0,0.0
scottritchie/ByteByByte,3914.0,3473.0,0.5,0.0,0,0,0,378.0,0.0,0.0,0.0
scouter-project/scouter-plugin-server-alert-telegram,3551.0,3523.0,0.2,0.0,0,0,0,61.0,0.03225806451612903,0.0,0.0
scouter-project/scouter-plugin-server-influxdb,3549.0,3485.0,0.25,0.0,0,0,0,30.0,0.0,0.0,0.0
scranton/servicemix4-example-payment-service-jbi,5248.0,5248.0,0.3333333333333333,0.0,0,0,0,152.0,1.5,0.0,0.0
scribble/scribble-che,3515.0,3481.0,0.0,0.0,0,0,0,154.0,0.29411764705882354,0.0,0.0
scribejava/scribejava,5580.0,3463.0,2.6933229813664594,0.0,0,0,0,1150.0,2.923076923076923,0.0,0.0
scriptella/scriptella-etl,4153.0,3622.0,2.0,0.0,0,0,0,1460.0,0.0,0.0,0.0
scrosby/OSM-binary,5607.0,3507.0,2.076923076923077,0.0,0,0,0,127.0,0.047619047619047616,0.0,0.0
sct/HexxitGear,4565.0,4548.0,0.391304347826087,0.0,0,0,0,191.0,0.05319148936170213,0.0,0.0
sct/SGStats,5045.0,5041.0,0.0,0.0,0,0,0,106.0,0.0,0.0,0.0
sct/SGTitles,5052.0,5040.0,0.4,0.0,0,0,0,114.0,0.0,0.0,0.0
sct/SimplePowerStorage,4588.0,4565.0,2.0,0.0,0,0,0,125.0,0.08196721311475409,0.0,0.0
scylladb/scylla-jmx,3868.0,3464.0,2.0,0.0,0,0,0,417.0,1.1742424242424243,0.0,0.0
scylladb/scylla-tools-java,3781.0,3464.0,1.625,0.0,0,0,0,8507.0,2.173124080431584,0.0,0.0
sdcuike/Netty5-2015,3912.0,3763.0,0.6666666666666666,0.0,0,0,0,173.0,1.9772727272727273,0.0,0.0
sdeleuze/rxweb,4021.0,3961.0,1.0,0.0,0,0,0,273.0,1.2352941176470589,0.0,0.0
sdeleuze/spring-boot-sample-web-handlebars,3886.0,3748.0,1.9166666666666667,0.0,0,0,0,83.0,1.4,0.0,0.0
sdeleuze/spring-reactive-playground,3721.0,3461.0,2.176470588235294,0.0,0,0,0,125.0,0.9534883720930233,0.0,0.0
sdeo/protobuf-socket-rpc,3913.0,3882.0,1.2,0.0,0,0,0,206.0,0.0,0.0,0.0
sdl/dxa-modules,3779.0,3463.0,0.2857142857142857,0.0,0,0,0,1538.0,0.0,0.0,0.0
sdl/ecommerce-framework,3566.0,3539.0,0.6666666666666666,0.0,0,0,0,961.0,0.1352549889135255,0.0,0.0
sdl/odata,3746.0,3468.0,4.285714285714286,0.0,0,0,0,4571.0,3.064230343300111,0.0,0.0
sdmoralesma/javalab,3803.0,3462.0,3.0,0.0,0,0,0,3262.0,0.0,0.0,0.0
sdorra/buildfrontend-maven-plugin,4250.0,3794.0,0.0,0.0,0,0,0,127.0,3.608695652173913,0.0,0.0
sdouglass/spring-social-tumblr,5141.0,4448.0,0.9411764705882353,0.0,0,0,0,218.0,0.13592233009708737,0.0,0.0
sdstoehr/image-optimizer-maven-plugin,4313.0,3778.0,0.5,0.0,0,0,0,189.0,1.4727272727272727,0.0,0.0
se450/LogisticsApplication,3600.0,3570.0,0.0,0.0,0,0,0,150.0,0.0,0.0,0.0
seam/faces,5592.0,4718.0,1.2173913043478262,0.0,0,0,0,896.0,0.0,0.0,0.0
seana7a7/springmvc-mongodb-example,4186.0,4183.0,0.2727272727272727,0.0,0,0,0,134.0,0.15873015873015872,0.0,0.0
seanchenxi/gwt-rtc,4479.0,4390.0,0.6666666666666666,0.0,0,0,0,469.0,1.925,0.0,0.0
seanrowens/oObjLoader,5054.0,3725.0,2.588235294117647,0.0,0,0,0,54.0,0.0,0.0,0.0
searchbox/framework,4351.0,4172.0,1.6666666666666667,0.0,0,0,0,1602.0,2.1989528795811517,0.0,0.0
searchisko/elasticsearch-river-sysinfo,4782.0,3857.0,5.0,0.0,0,0,0,411.0,0.9712230215827338,0.0,0.0
searsia/searsiaserver,3580.0,3473.0,0.0,0.0,0,0,0,136.0,1.2857142857142858,0.0,0.0
seasarorg/sa-struts,4451.0,4451.0,2.5,0.0,0,0,0,704.0,1.1945701357466063,0.0,0.0
seava/seava.lib.j4e,4338.0,4222.0,0.0,0.0,0,0,0,1154.0,0.0,0.0,0.0
sebas86/TileCutter,4108.0,3589.0,0.5,0.0,0,0,0,24.0,0.0,0.0,0.0
sebasjm/checker-framework,3883.0,3883.0,0.0,0.0,0,0,0,7154.0,0.0,0.0,0.0
sebastian1118/tinyspring,4167.0,3834.0,0.5,0.0,0,0,0,232.0,1.162162162162162,0.0,0.0
sebastiangoetz/slr-toolkit,3897.0,3594.0,1.5,0.0,0,0,0,1000.0,0.0,0.0,0.0
sebastiangraf/perfidix,5142.0,3934.0,3.75,0.0,0,0,0,808.0,3.1923076923076925,0.0,0.0
sebastien-roch/retrofit2-jsonobject-converter,3700.0,3700.0,1.0,0.0,0,0,0,18.0,0.0,0.0,0.0
sebhoerl/Twig-netbeans,5396.0,5121.0,13.125,0.0,0,0,0,100.0,0.0,0.0,0.0
sebhoss/junit-testdata-rule,4880.0,3502.0,1.0,0.0,0,0,0,749.0,3.143835616438356,0.0,0.0
sebhoss/memoization.java,3549.0,3502.0,0.0,0.0,0,0,0,417.0,1.2734375,0.0,0.0
sebspas/parking,4013.0,3984.0,0.0,0.0,0,0,0,114.0,0.0,0.0,0.0
secondshadow/gvsmsarch,4692.0,4691.0,0.0,0.0,0,0,0,56.0,1.411764705882353,0.0,0.0
secretdataz/StrictWGUseFlag,4027.0,4026.0,0.0,0.0,0,0,0,44.0,0.875,0.0,0.0
sedesdev/seam3-jboss7-archetype,4462.0,4417.0,0.0,0.0,0,0,0,307.0,0.9428571428571428,0.0,0.0
seedstack/business,4016.0,3512.0,1.0,0.0,0,0,0,1987.0,1.228896103896104,0.0,0.0
seedstack/coffig,3587.0,3464.0,0.0,0.0,0,0,0,289.0,1.2333333333333334,0.0,0.0
seedstack/jpa-addon,3738.0,3519.0,0.0,0.0,0,0,0,372.0,1.0161290322580645,0.0,0.0
seedstack/ldap-addon,3714.0,3519.0,0.0,0.0,0,0,0,141.0,1.108695652173913,0.0,0.0
seedstack/smoke-tests,3836.0,3521.0,0.5,0.0,0,0,0,310.0,3.3793103448275863,0.0,0.0
seedstack/spring-bridge-addon,3915.0,3519.0,0.0,0.0,0,0,0,536.0,1.1098265895953756,0.0,0.0
seedstack/validation-addon,3739.0,3519.0,0.0,0.0,0,0,0,244.0,1.0,0.0,0.0
segator/PlexRemoteTranscoderOrchestrator,3579.0,3497.0,0.5,0.0,0,0,0,153.0,0.9245283018867925,0.0,0.0
seize-the-dave/forgery,4182.0,3462.0,1.0,0.0,0,0,0,296.0,1.6790123456790123,0.0,0.0
selenium-pageobject/pageobject,4470.0,4466.0,0.5,0.0,0,0,0,88.0,1.103448275862069,0.0,0.0
selig/qea,4382.0,3539.0,0.5,0.0,0,0,0,901.0,0.6023054755043228,0.0,0.0
selvinsource/spark-pmml-exporter-validator,4032.0,3683.0,0.9,0.0,0,0,0,102.0,1.1515151515151516,0.0,0.0
senacor/DDT,5670.0,5614.0,1.0,0.0,0,0,0,785.0,0.580327868852459,0.0,0.0
sendgrid/sendgrid-java,4497.0,3470.0,1.2040816326530612,0.0,0,0,0,218.0,0.0,0.0,0.0
sendgrid/smtpapi-java,4284.0,3476.0,0.4166666666666667,0.0,0,0,0,66.0,0.0,0.0,0.0
sendgridlabs/vertx-scheduler,4263.0,3898.0,2.5,0.0,0,0,0,241.0,1.4225352112676057,0.0,0.0
senseidb/bobo,5771.0,4232.0,1.4174757281553398,0.0,0,0,0,574.0,0.0,0.0,0.0
sensepost/JBaah,5052.0,3888.0,1.0,0.0,0,0,0,222.0,0.006802721088435374,0.0,0.0
sensepost/yeti,4210.0,4039.0,2.111111111111111,0.0,0,0,0,1068.0,1.2852760736196318,0.0,0.0
sensiasoft/lib-ows,4065.0,3461.0,0.5,0.0,0,0,0,1364.0,0.0,0.0,0.0
sensorstorm/StormCV,4024.0,3733.0,1.9666666666666666,0.0,0,0,0,482.0,0.0,0.0,0.0
sequenceiq/ambari-shell,4268.0,3772.0,2.8125,0.0,0,0,0,204.0,0.0,0.0,0.0
sequenceiq/hbase-client,4239.0,4106.0,0.3333333333333333,0.0,0,0,0,118.0,0.0,0.0,0.0
serac/shibboleth-idp-ext-cas,4647.0,4065.0,2.5,0.0,0,0,0,415.0,0.04411764705882353,0.0,0.0
sercxtyf/onboard,3741.0,3568.0,0.8536585365853658,0.0,0,0,0,4954.0,0.0,0.0,0.0
service-business-framework/Marketplace-RI,4773.0,3568.0,0.6666666666666666,0.0,0,0,0,420.0,0.0,0.0,0.0
service-business-framework/Repository-RI,4773.0,4421.0,1.0,0.0,0,0,0,272.0,2.4193548387096775,0.0,0.0
service-enabled/dropwizard-request-tracker,4108.0,3507.0,2.125,0.0,0,0,0,154.0,2.3333333333333335,0.0,0.0
servioticy/servioticy-api-commons,4332.0,3629.0,0.0,0.0,0,0,0,120.0,1.1282051282051282,0.0,0.0
seryl/flume-couchdb-plugin,5508.0,5390.0,1.0,0.0,0,0,0,52.0,0.07692307692307693,0.0,0.0
setial/intellij-javadocs,4753.0,3465.0,1.7826086956521738,0.0,0,0,0,176.0,0.0,0.0,0.0
seunghee2/team14_week6,3517.0,3516.0,0.0,0.0,0,0,0,78.0,1.4782608695652173,0.0,0.0
sf105/hamcrest-java-extras,5039.0,5035.0,2.0,0.0,0,0,0,62.0,0.0,0.0,0.0
sfleiter/cdi-interceptors,4458.0,3522.0,0.6666666666666666,0.0,0,0,0,126.0,1.1219512195121952,0.0,0.0
sgelb/sldownloader,4601.0,4386.0,0.3333333333333333,0.0,0,0,0,72.0,0.0,0.0,0.0
sghr/iGeo,5235.0,3987.0,5.384615384615385,0.0,0,0,0,716.0,0.0,0.0,0.0
sgodbillon/BetterLogs,5418.0,5163.0,4.25,0.0,0,0,0,40.0,0.1,0.0,0.0
sgoeschl/pdf-image-compare,4004.0,4004.0,1.0,0.0,0,0,0,227.0,0.3392857142857143,0.0,0.0
sgringoire/formation-spring-voteapp,3712.0,3672.0,0.0,0.0,0,0,0,253.0,1.445945945945946,0.0,0.0
sgrotz/myopentrader,3963.0,3569.0,1.0,0.0,0,0,0,1028.0,0.6208651399491094,0.0,0.0
sgsinclair/trombone,4909.0,3464.0,0.75,0.0,0,0,0,1345.0,1.4987012987012986,0.0,0.0
shaform/coprogramming,4675.0,4665.0,0.0,0.0,0,0,0,36.0,0.0,0.0,0.0
shagstrom/spring-mvc-hibernate-skeleton,5282.0,4325.0,0.8245614035087719,0.0,0,0,0,303.0,1.7654320987654322,0.0,0.0
shahabhameed/TeamCity_TargetProcessIntegration,3838.0,3619.0,1.0,0.0,0,0,0,91.0,0.8181818181818182,0.0,0.0
shahramk/newrelic_ping_plugin,3973.0,3973.0,0.0,0.0,0,0,0,54.0,0.3333333333333333,0.0,0.0
shahrivari/marmof,3876.0,3784.0,0.5,0.0,0,0,0,58.0,0.3076923076923077,0.0,0.0
shaie/lucenelab,4117.0,3620.0,0.5,0.0,0,0,0,384.0,0.0,0.0,0.0
shaisxx/snaker-demo,4329.0,4376.0,0.0,0.0,0,0,0,730.0,0.0,0.0,0.0
shamrath/Axis2-Samples,4535.0,4341.0,0.25,0.0,0,0,0,2318.0,0.9404309252217997,0.0,0.0
shaneagibson/primer,4649.0,3800.0,0.0,0.0,0,0,0,201.0,1.171875,0.0,0.0
shaneagibson/watcher,4425.0,4400.0,0.0,0.0,0,0,0,70.0,0.0,0.0,0.0
shannah/CN1ML-NetbeansModule,4105.0,4046.0,1.0,0.0,0,0,0,718.0,0.0,0.0,0.0
shannah/mirah-nbm,4325.0,3724.0,0.6666666666666666,0.0,0,0,0,376.0,0.0,0.0,0.0
shantanusarkar/photo_gallery,4183.0,4177.0,0.0,0.0,0,0,0,236.0,0.0,0.0,0.0
shao-you/ID-Based,4218.0,4074.0,0.0,0.0,0,0,0,38.0,0.0,0.0,0.0
sharpie7/circuitjs1,3837.0,3468.0,6.2075471698113205,0.0,0,0,0,840.0,0.0,0.0,0.0
shashaanktulsyan/spyfs,3915.0,3907.0,3.5,0.0,0,0,0,94.0,0.0,0.0,0.0
shaungeorge/Download_It,3794.0,3714.0,0.5,0.0,0,0,0,42.0,0.0,0.0,0.0
shawnmckinney/apache-fortress-demo,4051.0,3520.0,0.75,0.0,0,0,0,763.0,2.2737430167597767,0.0,0.0
shearer12345/testDrivenDevelopment,4409.0,3938.0,0.0,0.0,0,0,0,38.0,0.0,0.0,0.0
shekhargulati/java8-the-missing-tutorial,3681.0,3518.0,10.415384615384616,0.0,0,0,0,200.0,0.0,0.0,0.0
shekhargulati/rx-okhttp,3693.0,3484.0,1.0,0.0,0,0,0,198.0,2.0,0.0,0.0
shelajev/ziprebel,3914.0,3545.0,0.6666666666666666,0.0,0,0,0,65.0,0.68,0.0,0.0
sherreria/EponSimulator,4535.0,4414.0,0.0,0.0,0,0,0,58.0,0.0,0.0,0.0
shevek/jcpp,5070.0,3680.0,1.6666666666666667,0.0,0,0,0,350.0,1.5555555555555556,0.0,0.0
shiba58/project-euler,3885.0,3882.0,0.0,0.0,0,0,0,22.0,0.0,0.0,0.0
shifenghdu/iss,3500.0,3462.0,0.0,0.0,0,0,0,418.0,0.0,0.0,0.0
shilion/xueqiu4j,4264.0,4206.0,0.5,0.0,0,0,0,80.0,0.0,0.0,0.0
shiruba/WeatherStation,4011.0,4011.0,0.0,0.0,0,0,0,115.0,1.25,0.0,0.0
shivann/jqurantree,4651.0,4651.0,0.2,0.0,0,0,0,878.0,0.4444444444444444,0.0,0.0
shohan4556/Data-Structures-and-Algorithoms-With-Java,3770.0,3633.0,1.0,0.0,0,0,0,36.0,0.0,0.0,0.0
shokora/Prometheus,5937.0,5779.0,2.5,0.0,0,0,0,270.0,0.0,0.0,0.0
shopping24/wikitionary-solr-synonyms,4637.0,3533.0,1.0,0.0,0,0,0,204.0,1.21875,0.0,0.0
shopzilla/hadoop-workflow-archetype,4812.0,4809.0,2.5,0.0,0,0,0,114.0,0.0,0.0,0.0
shotgunsoftware/java-api,5633.0,4521.0,2.0,0.0,0,0,0,126.0,0.37037037037037035,0.0,0.0
shred/feinrip,4846.0,3611.0,0.5,0.0,0,0,0,774.0,1.0671936758893281,0.0,0.0
shred/shariff-backend-java,3990.0,3484.0,0.0,0.0,0,0,0,191.0,1.3859649122807018,0.0,0.0
shrinkwrap/shrinkwrap-osgi,4191.0,3568.0,0.0,0.0,0,0,0,66.0,1.2380952380952381,0.0,0.0
shuliangtao/struts-1.3.10,4064.0,4053.0,0.0,0.0,0,0,0,4292.0,0.0,0.0,0.0
shunjikonishi/flectSoap,4690.0,4206.0,0.0,0.0,0,0,0,192.0,0.0,0.0,0.0
shurun19851206/mybaties,3789.0,3789.0,0.16666666666666666,0.0,0,0,0,3208.0,0.0,0.0,0.0
siasur/simple-essentials,3747.0,3671.0,0.0,0.0,0,0,0,42.0,0.0,0.0,0.0
sidben/CartoCraft,4523.0,4518.0,0.0,0.0,0,0,0,62.0,0.0,0.0,0.0
sidben/RedstoneJukebox,4757.0,3520.0,1.0,0.0,0,0,0,395.0,1.6422018348623852,0.0,0.0
siddharth-sahoo/EmbeddedRedisServer,4033.0,4033.0,0.0,0.0,0,0,0,82.0,0.0,0.0,0.0
sidoh/song_recognition,5114.0,5114.0,0.0,0.0,0,0,0,585.0,1.1058201058201058,0.0,0.0
siggouroglou/ergasia_programmatismos_sto_diadiktuo,3815.0,3813.0,0.0,0.0,0,0,0,420.0,1.487603305785124,0.0,0.0
sigmaxz/whatsappclone,4225.0,4208.0,0.0,0.0,0,0,0,60.0,0.0,0.0,0.0
sigmoidanalytics/spork,4207.0,3921.0,3.5,0.0,0,0,0,7757.0,1.0487229862475442,0.0,0.0
signed/in-memory-infrastructure,4241.0,3604.0,0.5,0.0,0,0,0,885.0,2.4129353233830844,0.0,0.0
sigram/pcl-parser,5278.0,5278.0,0.4,0.0,0,0,0,290.0,0.0,0.0,0.0
sigsim/videorepo,4634.0,4632.0,0.5,0.0,0,0,0,118.0,0.0,0.0,0.0
sih4sing5hong5/han3_ji7_tsoo1_kian3,4404.0,3460.0,2.8,0.0,0,0,0,558.0,0.0,0.0,0.0
sijuv/protobuf-codec,5493.0,5231.0,1.736842105263158,0.0,0,0,0,439.0,0.1201923076923077,0.0,0.0
silb/dropwizard-shiro,4369.0,3695.0,3.6153846153846154,0.0,0,0,0,58.0,0.0,0.0,0.0
silence4395/CPU-Design,3980.0,4318.0,0.0,0.0,0,0,0,1426.0,0.0,0.0,0.0
silentsignal/burp-requests,3734.0,3734.0,3.5,0.0,0,0,0,15.0,0.125,0.0,0.0
silentwu/GuzzMavenEmptyProject,4439.0,4437.0,0.0,0.0,0,0,0,86.0,0.0,0.0,0.0
silicon-valley-data-science/stratany-2014,4080.0,3957.0,0.75,0.0,0,0,0,190.0,0.0,0.0,0.0
silverweed/pokepon,4111.0,3491.0,1.3333333333333333,0.0,0,0,0,1856.0,0.0,0.0,0.0
simo415/spc,4805.0,4529.0,1.1428571428571428,0.0,0,0,0,270.0,0.0,0.0,0.0
simonbrowndotje/presentations,4043.0,4015.0,0.5,0.0,0,0,0,958.0,0.07792207792207792,0.0,0.0
simonellistonball/hive-azuretables,4496.0,3660.0,2.5,0.0,0,0,0,52.0,0.0,0.0,0.0
simonhoo/design-patterns,4021.0,4020.0,0.5,0.0,0,0,0,329.0,1.2772277227722773,0.0,0.0
simplegeo/cobertura,5571.0,5571.0,0.6666666666666666,0.0,0,0,0,607.0,0.009900990099009901,0.0,0.0
simplyianm/hottrade,4049.0,4047.0,0.5,0.0,0,0,0,198.0,0.0,0.0,0.0
simplyianm/voxelscript,4879.0,4700.0,0.75,0.0,0,0,0,72.0,0.0,0.0,0.0
simplyintricate/lib-bitcoinj,4374.0,4366.0,0.0,0.0,0,0,0,183.0,0.890625,0.0,0.0
simplymeasured/hive-udf,4570.0,4570.0,2.0,0.0,0,0,0,60.0,0.9523809523809523,0.0,0.0
sindicetech/fusepool-linker,4276.0,4130.0,0.0,0.0,0,0,0,198.0,0.0,0.0,0.0
sinetja/jauter,4078.0,3680.0,3.0,0.0,0,0,0,54.0,0.0,0.0,0.0
sing1ee/jieba-solr,4073.0,3924.0,2.1666666666666665,0.0,0,0,0,65.0,0.030303030303030304,0.0,0.0
singh-manish/trading-singleleg,3838.0,3517.0,0.0,0.0,0,0,0,180.0,0.0,0.0,0.0
sinnerschrader/aem-react,3637.0,3524.0,3.75,0.0,0,0,0,359.0,0.3141025641025641,0.0,0.0
sintrb/JavaPlot,4255.0,4100.0,0.3333333333333333,0.0,0,0,0,72.0,0.0,0.0,0.0
siom79/html5-sikuli,4424.0,4423.0,0.0,0.0,0,0,0,88.0,0.0,0.0,0.0
siom79/kata-bank-ocr,4407.0,4349.0,0.0,0.0,0,0,0,84.0,1.1851851851851851,0.0,0.0
sirikid/Cuckoo-Stuffing,3566.0,3549.0,0.0,0.0,0,0,0,113.0,2.6,0.0,0.0
sisinflab/lodreclib,4002.0,3479.0,1.0,0.0,0,0,0,417.0,1.0583941605839415,0.0,0.0
siteadmin/codevalidator,4094.0,3469.0,0.1,0.0,0,0,0,246.0,0.9879518072289156,0.0,0.0
sitespeedio/jenkins.sitespeed.io,4389.0,3896.0,5.4,0.0,0,0,0,254.0,2.491228070175439,0.0,0.0
sivasamyk/graylog2-plugin-input-httpmonitor,3819.0,3562.0,6.5,0.0,0,0,0,83.0,1.4,0.0,0.0
six2six/fixture-factory,5373.0,3527.0,2.938775510204082,0.0,0,0,0,518.0,1.4210526315789473,0.0,0.0
sk-y/big-xlsx-reporter,4963.0,4802.0,0.5,0.0,0,0,0,166.0,1.169811320754717,0.0,0.0
sk-y/cv,4494.0,4492.0,0.0,0.0,0,0,0,151.0,2.6363636363636362,0.0,0.0
sk89q/ReIC,5147.0,5146.0,1.4,0.0,0,0,0,123.0,0.04918032786885246,0.0,0.0
skadistats/clarity,4373.0,3463.0,3.7540983606557377,0.0,0,0,0,665.0,1.4381443298969072,0.0,0.0
skadistats/clarity-examples,4300.0,3508.0,2.0454545454545454,0.0,0,0,0,206.0,1.3015873015873016,0.0,0.0
skayablars/Quizzy,3540.0,3540.0,0.0,0.0,0,0,0,36.0,0.0,0.0,0.0
skeeto/GameOfLife,5248.0,5191.0,2.0,0.0,0,0,0,49.0,1.0,0.0,0.0
skeeto/Halftone,5205.0,5205.0,1.0,0.0,0,0,0,24.0,0.8888888888888888,0.0,0.0
skeeto/Hypernova,5241.0,5069.0,2.0,0.0,0,0,0,223.0,0.9605263157894737,0.0,0.0
skeeto/fun-liquid,5066.0,4208.0,3.8333333333333335,0.0,0,0,0,72.0,0.17647058823529413,0.0,0.0
skeeto/october-chess-engine,5321.0,4973.0,1.4285714285714286,0.0,0,0,0,303.0,0.7727272727272727,0.0,0.0
skeeto/rumor-sim,4969.0,4969.0,0.6666666666666666,0.0,0,0,0,35.0,0.17647058823529413,0.0,0.0
skela/linkedin-java,4870.0,3868.0,0.7142857142857143,0.0,0,0,0,751.0,0.9529411764705882,0.0,0.0
skeleton-software-community/skeleton-generator,4464.0,3461.0,2.5,0.0,0,0,0,1192.0,0.0,0.0,0.0
skidlucas/software-factory,3567.0,3539.0,0.0,0.0,0,0,0,470.0,0.0,0.0,0.0
sklaxel/inera-axel,3917.0,3563.0,0.5,0.0,0,0,0,9289.0,2.4475825753949256,0.0,0.0
sklenkar/java-helloword,4498.0,4493.0,0.0,0.0,0,0,0,242.0,0.0,0.0,0.0
sknitelius/example-JEE6LongPolling,4186.0,4185.0,0.0,0.0,0,0,0,95.0,1.7307692307692308,0.0,0.0
skomarica/alfresco-share-create-link,4119.0,3506.0,3.25,0.0,0,0,0,210.0,0.0,0.0,0.0
skoohgoli/ECAJava201Spring2016,3511.0,3463.0,1.0,0.0,0,0,0,38.0,0.0,0.0,0.0
skpabba/SparkDemo,4296.0,4295.0,0.5,0.0,0,0,0,113.0,1.1081081081081081,0.0,0.0
skriteksiska/lekce-5,4085.0,4085.0,0.0,0.0,0,0,0,10.0,0.0,0.0,0.0
sksamuel/camel-rabbitmq,4578.0,4376.0,1.0,0.0,0,0,0,135.0,1.186046511627907,0.0,0.0
sksharan/Parthenon,3529.0,3466.0,0.0,0.0,0,0,0,254.0,0.0,0.0,0.0
skully250/FullmetalAlchemy-Dev,4573.0,4247.0,1.3333333333333333,0.0,0,0,0,232.0,0.0,0.0,0.0
skuro/spring-webscripts-addon-clojure,5714.0,4423.0,4.333333333333333,0.0,0,0,0,184.0,1.263157894736842,0.0,0.0
skuzzle/TinyPlugz,3896.0,3522.0,0.0,0.0,0,0,0,725.0,2.2514619883040936,0.0,0.0
skwakman/nodejs-maven-plugin,4649.0,3503.0,2.4,0.0,0,0,0,103.0,2.375,0.0,0.0
skwidge/OdbResource,3782.0,3464.0,0.0,0.0,0,0,0,118.0,2.8,0.0,0.0
skyforce77/PoorRSSNotifier,4089.0,4068.0,0.0,0.0,0,0,0,60.0,0.0,0.0,0.0
skyscreamer/JSONassert,5066.0,3582.0,2.914285714285714,0.0,0,0,0,155.0,0.9074074074074074,0.0,0.0
sl4mmy/hippie,5940.0,5898.0,2.25,0.0,0,0,0,338.0,1.5416666666666667,0.0,0.0
sladeware/groningen,4505.0,4127.0,1.5,0.0,0,0,0,608.0,0.04013377926421405,0.0,0.0
slagyr/limelight,6401.0,4857.0,7.642857142857143,0.0,0,0,0,2676.0,0.0,0.0,0.0
slide/mailmap-resolver-plugin,4355.0,4351.0,0.0,0.0,0,0,0,131.0,2.0303030303030303,0.0,0.0
slimsuite/SLiMScape,3835.0,3673.0,1.0,0.0,0,0,0,72.0,0.0,0.0,0.0
slimsymphony/testgrid,4163.0,3697.0,0.0,0.0,0,0,0,1164.0,0.0,0.0,0.0
slintes/Webracer,4154.0,4152.0,0.0,0.0,0,0,0,407.0,0.08673469387755102,0.0,0.0
slipstream/SlipStreamServer,4683.0,3461.0,0.5,0.0,0,0,0,1602.0,0.0,0.0,0.0
slub/urnlib,3592.0,3462.0,0.5,0.0,0,0,0,121.0,2.730769230769231,0.0,0.0
slycoder/hive-udfs,4485.0,4485.0,1.6,0.0,0,0,0,63.0,0.9545454545454546,0.0,0.0
smallnest/ArticleCodes,3926.0,3926.0,0.0,0.0,0,0,0,58.0,0.0,0.0,0.0
smallnest/ZKRecipesByExample,4022.0,3534.0,1.2727272727272727,0.0,0,0,0,214.0,1.6610169491525424,0.0,0.0
smallnest/kafka-example-in-scala,3931.0,3534.0,1.0689655172413792,0.0,0,0,0,75.0,1.3478260869565217,0.0,0.0
smallnest/mahout-douban-recommender,3550.0,3469.0,0.0,0.0,0,0,0,48.0,1.5714285714285714,0.0,0.0
smarr/SOMns,3870.0,3460.0,2.0,0.0,0,0,0,636.0,0.0,0.0,0.0
smarthall/ArduinoCMS2000DataLogger,5449.0,5444.0,1.5,0.0,0,0,0,24.0,0.0,0.0,0.0
smartrics/RestFixtureLiveDoc,4826.0,3484.0,0.3333333333333333,0.0,0,0,0,1159.0,1.3076923076923077,0.0,0.0
smartsheet-platform/smartsheet-java-sdk,4323.0,3499.0,1.1428571428571428,0.0,0,0,0,1965.0,2.1851063829787236,0.0,0.0
smartwiimote/smartwiimote,4026.0,4018.0,0.0,0.0,0,0,0,28.0,0.0,0.0,0.0
smclab/caldav-sync,4403.0,3970.0,0.625,0.0,0,0,0,661.0,0.0030211480362537764,0.0,0.0
smetzlaff/openDLX,4576.0,4439.0,0.6666666666666666,0.0,0,0,0,689.0,0.002898550724637681,0.0,0.0
smidget/openshapa-lib,5087.0,5089.0,0.25,0.0,0,0,0,149.0,1.02,0.0,0.0
smkniazi/hammer-bench,3791.0,3469.0,0.0,0.0,0,0,0,372.0,0.0,0.0,0.0
smoketurner/dropwizard-consul,3613.0,3462.0,6.333333333333333,0.0,0,0,0,419.0,3.1341463414634148,0.0,0.0
smscode/smscode-java,3746.0,3469.0,0.0,0.0,0,0,0,82.0,1.1111111111111112,0.0,0.0
smsiebe/joda-jpa-converters,4552.0,4087.0,1.4,0.0,0,0,0,104.0,1.1176470588235294,0.0,0.0
smsiebe/keyhole,4066.0,3933.0,0.0,0.0,0,0,0,715.0,0.013623978201634877,0.0,0.0
smysnk/dockyard-controller,4387.0,4317.0,0.5,0.0,0,0,0,366.0,0.0,0.0,0.0
snac-pilot/eac-graph-load,3856.0,3697.0,0.5,0.0,0,0,0,416.0,0.0,0.0,0.0
snakerflow/snaker-designer,4328.0,4253.0,0.6857142857142857,0.0,0,0,0,514.0,0.0,0.0,0.0
snap-backup/snapbackup,4341.0,3557.0,0.75,0.0,0,0,0,368.0,0.0,0.0,0.0
snazy/ohc,4044.0,3506.0,6.733333333333333,0.0,0,0,0,714.0,2.1149425287356323,0.0,0.0
sneek0r/Sugarscape,5823.0,5800.0,1.0,0.0,0,0,0,332.0,0.0,0.0,0.0
snoozesoftware/snoozeclient,4987.0,4214.0,0.5,0.0,0,0,0,310.0,0.0,0.0,0.0
snoozesoftware/snoozeec2,4425.0,4214.0,0.0,0.0,0,0,0,210.0,0.0,0.0,0.0
snowleo/BleedingMobs,5261.0,4468.0,1.3333333333333333,0.0,0,0,0,212.0,0.0,0.0,0.0
sobkowiak/smx-order-service-demo,3674.0,3655.0,0.0,0.0,0,0,0,3223.0,15.527173913043478,0.0,0.0
socialite-lang/socialite,4266.0,3648.0,4.764705882352941,0.0,0,0,0,1337.0,0.0014947683109118087,0.0,0.0
socialsensor/diverse-image-search,3986.0,3986.0,0.0,0.0,0,0,0,72.0,0.0,0.0,0.0
socialsensor/graphdb-benchmarks,4378.0,3489.0,3.05,0.0,0,0,0,231.0,1.2361111111111112,0.0,0.0
socialsensor/social-event-detection,4446.0,4445.0,1.6666666666666667,0.0,0,0,0,122.0,0.06666666666666667,0.0,0.0
socialsensor/socialsensor-framework-client,4464.0,3916.0,0.2,0.0,0,0,0,1365.0,1.6550802139037433,0.0,0.0
socialsensor/socialsensor-query-builder,4393.0,4022.0,0.0,0.0,0,0,0,60.0,0.0,0.0,0.0
socialsensor/storm-focused-crawler,4463.0,3953.0,1.4285714285714286,0.0,0,0,0,531.0,3.7934782608695654,0.0,0.0
socketio/socket.io-client-java,4614.0,3472.0,4.487544483985765,0.0,0,0,0,202.0,1.2903225806451613,0.0,0.0
socrata/datasync,4562.0,3465.0,1.8888888888888888,0.0,0,0,0,578.0,1.4523809523809523,0.0,0.0
socrata/socrata-kettle,3707.0,3475.0,3.5,0.0,0,0,0,111.0,0.627906976744186,0.0,0.0
soemirno/xmlvalidator,6149.0,6128.0,1.0,0.0,0,0,0,114.0,1.411764705882353,0.0,0.0
softlayer/softlayer-message-queue-java,4843.0,4387.0,0.5,0.0,0,0,0,82.0,0.0,0.0,0.0
software-engineering-amsterdam/poly-ql,4340.0,3476.0,1.0,0.0,0,0,0,6676.0,0.0,0.0,0.0
software-handbook/projects,3624.0,3618.0,0.0,0.0,0,0,0,124.0,0.0,0.0,0.0
softwaremill/softwaremill-common,5633.0,4094.0,2.8461538461538463,0.0,0,0,0,2507.0,1.179974651457541,0.0,0.0
softwareonpurpose/softwaregauntlet,3756.0,3576.0,0.25,0.0,0,0,0,60.0,0.2962962962962963,0.0,0.0
sogeti-java-nl/Assignments,4356.0,3694.0,1.6666666666666667,0.0,0,0,0,1482.0,0.0,0.0,0.0
sogyf/sparta-helper,4475.0,4469.0,0.3333333333333333,0.0,0,0,0,209.0,1.196969696969697,0.0,0.0
soiaf/Java-Apple-Lossless-decoder,5370.0,4258.0,4.2,0.0,0,0,0,46.0,0.0,0.0,0.0
soimort/sfntwari,3838.0,3546.0,0.0,0.0,0,0,0,630.0,0.006349206349206349,0.0,0.0
sojamo/controlp5,4165.0,3532.0,2.1914893617021276,0.0,0,0,0,580.0,0.0,0.0,0.0
sola92/Instagram-Java,4845.0,3568.0,1.5714285714285714,0.0,0,0,0,639.0,0.3140794223826715,0.0,0.0
solidfire/solidfire-sdk-java,3689.0,3461.0,0.5,0.0,0,0,0,528.0,0.0,0.0,0.0
solita/clamav-java,4100.0,3494.0,2.0,0.0,0,0,0,62.0,0.782608695652174,0.0,0.0
solita/datatree,4483.0,4297.0,1.0,0.0,0,0,0,176.0,0.7384615384615385,0.0,0.0
solita/demo-forum-backend,3486.0,3476.0,0.16666666666666666,0.0,0,0,0,129.0,0.8478260869565217,0.0,0.0
solita/json-migraine,4802.0,3513.0,0.5,0.0,0,0,0,260.0,1.6901408450704225,0.0,0.0
solita/phantom-runner,4828.0,4822.0,2.6666666666666665,0.0,0,0,0,247.0,1.1125,0.0,0.0
soma-arc/K-Visions,3790.0,3770.0,0.5,0.0,0,0,0,142.0,0.0,0.0,0.0
somedevelopment/CardDAVSyncOutlook,4197.0,3964.0,2.75,0.0,0,0,0,588.0,0.0,0.0,0.0
somethingnew2-0/CS540-HW4,4404.0,4404.0,0.5,0.0,0,0,0,36.0,0.0,0.0,0.0
somethingnew2-0/CS577-Splay,4664.0,4468.0,0.3333333333333333,0.0,0,0,0,40.0,0.0,0.0,0.0
somethingodd/odditem,5413.0,4456.0,1.0,0.0,0,0,0,66.0,0.0,0.0,0.0
somi92/battleship-client,4301.0,4093.0,0.5,0.0,0,0,0,118.0,0.0,0.0,0.0
somi92/battleship-main-server,4301.0,4117.0,0.5,0.0,0,0,0,28.0,0.0,0.0,0.0
sonalgoyal/hiho,5510.0,4632.0,2.566666666666667,0.0,0,0,0,652.0,0.868421052631579,0.0,0.0
sonatype/emma-maven-plugin,5347.0,5205.0,1.25,0.0,0,0,0,277.0,0.2682926829268293,0.0,0.0
sonatype/plexus-cipher,5446.0,4758.0,0.5714285714285714,0.0,0,0,0,88.0,0.9032258064516129,0.0,0.0
sonian/elasticsearch-equilibrium,5033.0,4457.0,8.0,0.0,0,0,0,94.0,0.0,0.0,0.0
sonian/elasticsearch-jetty,5208.0,3921.0,3.4050632911392404,0.0,0,0,0,270.0,0.9247311827956989,0.0,0.0
sonots/embulk-filter-column,3829.0,3465.0,1.8,0.0,0,0,0,117.0,0.4791666666666667,0.0,0.0
sopeco/DynamicSpotter,4180.0,3592.0,0.6666666666666666,0.0,0,0,0,852.0,0.0,0.0,0.0
sopeco/DynamicSpotter-Benchmarks,4015.0,3952.0,0.0,0.0,0,0,0,200.0,0.0,0.0,0.0
sorcio46/SDR_Java_uniroma3,4272.0,3994.0,0.5,0.0,0,0,0,48.0,0.0,0.0,0.0
sormuras/listing,3510.0,3466.0,1.0,0.0,0,0,0,151.0,1.06,0.0,0.0
sosandstrom/appengine-mapreduce,4654.0,4593.0,0.0,0.0,0,0,0,442.0,0.0,0.0,0.0
sosandstrom/mardao,4846.0,3923.0,1.3571428571428572,0.0,0,0,0,514.0,0.7157894736842105,0.0,0.0
sosna/pinetrail,3857.0,3664.0,0.5,0.0,0,0,0,546.0,0.0,0.0,0.0
sothawo/mapjfx,4012.0,3530.0,1.5,0.0,0,0,0,177.0,0.4189189189189189,0.0,0.0
soulgalore/image-resize-servlet,4926.0,4588.0,0.8888888888888888,0.0,0,0,0,141.0,1.25,0.0,0.0
source4code/repo,4223.0,3765.0,0.1509433962264151,0.0,0,0,0,1018.0,0.0,0.0,0.0
sourcepit/maven-bootstrap,5028.0,3855.0,0.5,0.0,0,0,0,365.0,0.823076923076923,0.0,0.0
sourcepole/jasperreports-wms-component,4546.0,4528.0,2.0,0.0,0,0,0,332.0,0.6507936507936508,0.0,0.0
spapas/SpringLdapCustomAuthorities,4447.0,4446.0,0.4,0.0,0,0,0,130.0,2.7142857142857144,0.0,0.0
sparcedge/tuesday-night-hack,3534.0,3506.0,0.5,0.0,0,0,0,126.0,1.2,0.0,0.0
speaking-fish/java-sf-builder-simple-example,3799.0,3752.0,2.0,0.0,0,0,0,52.0,0.0,0.0,0.0
spearal/spearal-java,4240.0,4039.0,3.090909090909091,0.0,0,0,0,863.0,3.3395061728395063,0.0,0.0
spearal/spearal-spring,4109.0,4042.0,1.6666666666666667,0.0,0,0,0,119.0,0.016666666666666666,0.0,0.0
spebbe/cryson,4859.0,3610.0,0.6666666666666666,0.0,0,0,0,396.0,0.0,0.0,0.0
speedith/speedith,4983.0,3493.0,0.14285714285714285,0.0,0,0,0,2725.0,1.7356164383561643,0.0,0.0
speedment/speedment,3983.0,3464.0,6.626506024096385,0.0,0,0,0,2282.0,0.059513074842200184,0.0,0.0
spfrommer/JCommunique,3976.0,3569.0,1.75,0.0,0,0,0,320.0,2.6666666666666665,0.0,0.0
spheenik/clarity-analyzer,3732.0,3508.0,1.25,0.0,0,0,0,73.0,0.6785714285714286,0.0,0.0
spideruci/Tarantula,3875.0,3847.0,0.25,0.0,0,0,0,64.0,0.0,0.0,0.0
spinscale/dropwizard-jobs,4775.0,3499.0,2.057142857142857,0.0,0,0,0,337.0,1.2912621359223302,0.0,0.0
spinscale/elasticsearch-ingest-opennlp,3520.0,3464.0,7.25,0.0,0,0,0,66.0,0.0,0.0,0.0
splunk/hunk-demo-image-reader,4416.0,4206.0,0.0,0.0,0,0,0,72.0,0.0,0.0,0.0
splunkalbanian/SplunkLucidDb,5417.0,5401.0,3.0,0.0,0,0,0,104.0,0.7894736842105263,0.0,0.0
spockNinja/GhostGrader,4477.0,4393.0,0.3333333333333333,0.0,0,0,0,180.0,1.64,0.0,0.0
spoenemann/eclipse-toc-gen,3947.0,3653.0,0.5,0.0,0,0,0,22.0,0.0,0.0,0.0
spoofzu/DeepViolet,4140.0,3487.0,2.0,0.0,0,0,0,515.0,0.37155963302752293,0.0,0.0
spotify/annoy-java,3972.0,3562.0,2.090909090909091,0.0,0,0,0,120.0,1.1282051282051282,0.0,0.0
spotify/apollo,3693.0,3470.0,9.833333333333334,0.0,0,0,0,2125.0,1.4926108374384237,0.0,0.0
spotify/async-datastore-client,3836.0,3462.0,1.1818181818181819,0.0,0,0,0,201.0,1.4406779661016949,0.0,0.0
spotify/crtauth-java,4108.0,3696.0,2.0,0.0,0,0,0,322.0,2.8358208955223883,0.0,0.0
spotify/dns-java,4297.0,3629.0,4.5625,0.0,0,0,0,206.0,1.5254237288135593,0.0,0.0
spotify/docker-maven-plugin,4193.0,3470.0,3.155688622754491,0.0,0,0,0,460.0,1.08,0.0,0.0
spotify/elasticsearch-index-window,4148.0,4134.0,2.8,0.0,0,0,0,68.0,1.1818181818181819,0.0,0.0
spotify/helios-skydns,4184.0,3769.0,0.8,0.0,0,0,0,140.0,1.302325581395349,0.0,0.0
spotify/heroic,3854.0,3461.0,12.176470588235293,0.0,0,0,0,5414.0,1.6969283276450513,0.0,0.0
spotify/spire-nodeset-example,4494.0,4493.0,0.6666666666666666,0.0,0,0,0,70.0,0.0,0.0,0.0
spratt/PrioritySearchTree,5341.0,5274.0,0.3333333333333333,0.0,0,0,0,84.0,0.0,0.0,0.0
spratt/SkipList,5344.0,3498.0,0.6,0.0,0,0,0,14.0,0.0,0.0,0.0
spriet2000/vertx-http-api,3869.0,3601.0,1.0,0.0,0,0,0,336.0,1.2815533980582525,0.0,0.0
sprigyig/DCPUAlpha,4521.0,4493.0,2.3333333333333335,0.0,0,0,0,264.0,0.0,0.0,0.0
spring-cloud-incubator/spring-cloud-config-server-mongodb,3479.0,3474.0,0.5,0.0,0,0,0,160.0,2.764705882352941,0.0,0.0
spring-cloud-samples/aws-refapp,4067.0,3839.0,1.1111111111111112,0.0,0,0,0,162.0,0.0,0.0,0.0
spring-cloud/spring-cloud-cli,4155.0,3475.0,0.9285714285714286,0.0,0,0,0,389.0,1.8333333333333333,0.0,0.0
spring-cloud/spring-cloud-cloudfoundry-service-broker,3651.0,3477.0,1.4375,0.0,0,0,0,525.0,2.834862385321101,0.0,0.0
spring-cloud/spring-cloud-commons,4032.0,3475.0,0.6382978723404256,0.0,0,0,0,1413.0,2.9649122807017543,0.0,0.0
spring-cloud/spring-cloud-deployer,3577.0,3462.0,0.8,0.0,0,0,0,991.0,3.4262295081967213,0.0,0.0
spring-cloud/spring-cloud-deployer-kubernetes,3577.0,3464.0,0.3333333333333333,0.0,0,0,0,170.0,2.3,0.0,0.0
spring-cloud/spring-cloud-security,4101.0,3475.0,1.696969696969697,0.0,0,0,0,303.0,1.6746987951807228,0.0,0.0
spring-cloud/spring-cloud-stream-app-starters,3576.0,3461.0,0.1875,0.0,0,0,0,9430.0,2.6600790513833994,0.0,0.0
spring-cloud/spring-cloud-stream-binder-redis,3560.0,3483.0,0.14285714285714285,0.0,0,0,0,235.0,2.309090909090909,0.0,0.0
spring-labs/tenancy-sample,3675.0,3671.0,6.5,0.0,0,0,0,74.0,0.0,0.0,0.0
spring-projects/aws-ant,4625.0,4596.0,0.3333333333333333,0.0,0,0,0,312.0,0.0,0.0,0.0
spring-projects/eclipse-integration-commons,4953.0,3462.0,1.0952380952380953,0.0,0,0,0,3488.0,1.0400696864111498,0.0,0.0
spring-projects/spring-boot,4805.0,3461.0,1.0142569607514258,0.0,0,0,0,20923.0,1.052516411378556,0.0,0.0
spring-projects/spring-data-dev-tools,3815.0,3467.0,0.0,0.0,0,0,0,420.0,0.0,0.0,0.0
spring-projects/spring-data-examples,4337.0,3475.0,1.0636363636363637,0.0,0,0,0,3305.0,1.4555903866248694,0.0,0.0
spring-projects/spring-flex-roo,5284.0,5235.0,1.0,0.0,0,0,0,498.0,0.0,0.0,0.0
spring-projects/spring-ldap,4549.0,3463.0,0.354978354978355,0.0,0,0,0,4598.0,1.6624203821656052,0.0,0.0
spring-projects/spring-loaded,4757.0,3461.0,5.156779661016949,0.0,0,0,0,4232.0,1.081513828238719,0.0,0.0
spring-projects/spring-mobile-urbanairship,5018.0,4974.0,1.0,0.0,0,0,0,552.0,0.0,0.0,0.0
spring-projects/spring-social-github,5325.0,3513.0,1.0227272727272727,0.0,0,0,0,1025.0,2.626126126126126,0.0,0.0
spring-projects/spring-xd-samples,4509.0,3497.0,0.75,0.0,0,0,0,2248.0,0.5539160045402951,0.0,0.0
spring-projects/toolsuite-distribution,4598.0,3461.0,0.3333333333333333,0.0,0,0,0,2680.0,0.0,0.0,0.0
springrichclient/springrcp,5590.0,3569.0,1.75,0.0,0,0,0,5590.0,0.0,0.0,0.0
springside/springside4,5045.0,3466.0,1.3859442481350608,0.0,0,0,0,358.0,0.0,0.0,0.0
springvelocity/xbpm5,4448.0,4448.0,1.0,0.0,0,0,0,4953.0,0.10046629927935566,0.0,0.0
sps/metrics-opentsdb,4322.0,3563.0,1.619047619047619,0.0,0,0,0,143.0,3.3703703703703702,0.0,0.0
spullabhotla/jftp,4970.0,4910.0,0.9,0.0,0,0,0,1659.0,0.6365079365079365,0.0,0.0
spullara/mqtt,4027.0,4027.0,0.25,0.0,0,0,0,34.0,0.5714285714285714,0.0,0.0
sqe-team/sqe,3870.0,3556.0,2.2,0.0,0,0,0,2583.0,0.0007739938080495357,0.0,0.0
sqlparser/isf_eclipse,4087.0,4081.0,0.6666666666666666,0.0,0,0,0,120.0,0.0,0.0,0.0
sqshq/PiggyMetrics,3914.0,3463.0,2.289473684210526,0.0,0,0,0,1084.0,1.21301775147929,0.0,0.0
square/burst,4116.0,3479.0,23.2,0.0,0,0,0,243.0,1.7121212121212122,0.0,0.0
square/dagger-intellij-plugin,4602.0,3526.0,13.25,0.0,0,0,0,72.0,0.0,0.0,0.0
square/mimecraft,4608.0,3703.0,6.068965517241379,0.0,0,0,0,110.0,1.5,0.0,0.0
square/okio,4292.0,3467.0,6.073047858942066,0.0,0,0,0,369.0,2.580246913580247,0.0,0.0
squeek502/ASMHelper,4089.0,3488.0,4.666666666666667,0.0,0,0,0,60.0,1.6470588235294117,0.0,0.0
squidicuzz/mcMMO,5012.0,5021.0,1.0,0.0,0,0,0,916.0,0.0,0.0,0.0
sqzr/ccbbs,3843.0,3765.0,0.0,0.0,0,0,0,442.0,3.7662337662337664,0.0,0.0
srctips/maven-course-content,3956.0,3508.0,0.3333333333333333,0.0,0,0,0,118.0,0.0,0.0,0.0
srdc/semanticMDR,4487.0,3556.0,3.1666666666666665,0.0,0,0,0,2043.0,1.2983870967741935,0.0,0.0
sreejithpillai/HBaseBulkImportXML,4009.0,3994.0,0.0,0.0,0,0,0,36.0,0.0,0.0,0.0
sreguera/vpk,5168.0,5150.0,0.5,0.0,0,0,0,74.0,0.0,0.0,0.0
srikalyc/Sql4D,4158.0,3655.0,1.8235294117647058,0.0,0,0,0,577.0,1.2166666666666666,0.0,0.0
sripathikrishnan/noregress,5231.0,5177.0,3.0,0.0,0,0,0,171.0,0.8833333333333333,0.0,0.0
srirang/numbrcrunchr,4330.0,3569.0,0.0,0.0,0,0,0,822.0,1.695067264573991,0.0,0.0
sriratan/tools,4345.0,4333.0,0.0,0.0,0,0,0,16.0,0.0,0.0,0.0
sritchie/kryo,5048.0,4990.0,1.6666666666666667,0.0,0,0,0,144.0,0.0,0.0,0.0
sritchie/kryonet,5048.0,5048.0,0.5,0.0,0,0,0,122.0,0.0,0.0,0.0
srome/sdeJ,3929.0,3713.0,0.0,0.0,0,0,0,96.0,1.1612903225806452,0.0,0.0
srotya/cef,3550.0,3479.0,0.0,0.0,0,0,0,76.0,1.391304347826087,0.0,0.0
srp33/ML-Flex,5152.0,3553.0,3.0,0.0,0,0,0,370.0,0.0,0.0,0.0
sscarduzio/elasticsearch-readonlyrest-plugin,4392.0,3473.0,5.470588235294118,0.0,0,0,0,343.0,0.5367647058823529,0.0,0.0
sscdotopen/aim3,4073.0,3827.0,0.17647058823529413,0.0,0,0,0,142.0,0.8235294117647058,0.0,0.0
sschwartzman/newrelic-hadoop-plugin,4556.0,3519.0,0.8,0.0,0,0,0,46.0,0.0,0.0,0.0
sshumake/redhat-support-lib-java,4275.0,3913.0,0.0,0.0,0,0,0,351.0,5.51063829787234,0.0,0.0
ssilvert/uberfire-poc,4344.0,4337.0,0.0,0.0,0,0,0,206.0,0.6329113924050633,0.0,0.0
sskorol/selenium-camp-samples,3578.0,3578.0,1.0,0.0,0,0,0,492.0,0.872093023255814,0.0,0.0
sstepashka/OOP_Lab1,4440.0,4439.0,0.0,0.0,0,0,0,26.0,0.0,0.0,0.0
sstrickx/yahoofinance-api,4089.0,3473.0,2.0697674418604652,0.0,0,0,0,184.0,4.2,0.0,0.0
ssyyddnneeyy/ChokingHazard-Iteration2,4307.0,4288.0,0.5,0.0,0,0,0,462.0,0.0,0.0,0.0
sszzwwl/stan,3546.0,3506.0,0.0,0.0,0,0,0,212.0,0.7792207792207793,0.0,0.0
st-andrew/Hockey-Stats,4024.0,4024.0,0.0,0.0,0,0,0,44.0,0.0,0.0,0.0
stackmagic/bitly-api-client,4938.0,3827.0,1.6428571428571428,0.0,0,0,0,426.0,1.0354609929078014,0.0,0.0
stackmob/stackmob-java-client-sdk,5186.0,4442.0,1.2666666666666666,0.0,0,0,0,463.0,2.1517857142857144,0.0,0.0
stain/profilechecker,5033.0,3609.0,1.5,0.0,0,0,0,67.0,0.875,0.0,0.0
staircase27/Tower-Defence,5288.0,5268.0,1.0,0.0,0,0,0,13690.0,0.0,0.0,0.0
stalcup/random-risk-map-generator,4005.0,4005.0,0.0,0.0,0,0,0,30.0,0.0,0.0,0.0
staleks/cqrs-axon,3740.0,3726.0,1.3333333333333333,0.0,0,0,0,268.0,0.967032967032967,0.0,0.0
stalin18/Text-Extraction-using-GATE-Embedded-and-JAPE-rules,4501.0,4500.0,0.0,0.0,0,0,0,42.0,0.0,0.0,0.0
stalk-io/stalk-server,4456.0,4372.0,1.7,0.0,0,0,0,232.0,0.14678899082568808,0.0,0.0
stanzhai/fourinone,4144.0,4144.0,0.6111111111111112,0.0,0,0,0,386.0,0.0,0.0,0.0
starksm64/jclasslib,4522.0,4521.0,0.0,0.0,0,0,0,616.0,0.0,0.0,0.0
starpos/vmbkp,5541.0,3812.0,2.125,0.0,0,0,0,458.0,0.0,0.0,0.0
starqiu/RDMP1,4308.0,3537.0,0.7142857142857143,0.0,0,0,0,1138.0,0.009104704097116844,0.0,0.0
staslev/storm-metrics-reporter,4028.0,3737.0,1.0,0.0,0,0,0,127.0,1.225,0.0,0.0
statsbiblioteket/doms-ingesters,4862.0,3493.0,0.0,0.0,0,0,0,118.0,0.0,0.0,0.0
stealthly/punxsutawney,3857.0,3780.0,4.5,0.0,0,0,0,84.0,1.0714285714285714,0.0,0.0
steeleforge/ironsites,4616.0,3599.0,1.8,0.0,0,0,0,1285.0,1.0353773584905661,0.0,0.0
steelkiwi/libGDX-Path-Editor,4450.0,4450.0,4.5,0.0,0,0,0,319.0,0.6974789915966386,0.0,0.0
stefan0722/gs-mvt,3918.0,3465.0,4.4,0.0,0,0,0,96.0,0.0,0.0,0.0
stefanhendriks/Dune-II---The-Maker,5083.0,4425.0,3.25,0.0,0,0,0,1036.0,0.0,0.0,0.0
stefanhoth/geeklist-sdk-java,5086.0,5027.0,1.2,0.0,0,0,0,144.0,1.1063829787234043,0.0,0.0
stefano-bragaglia/XHAIL,4197.0,4017.0,4.0,0.0,0,0,0,313.0,1.28125,0.0,0.0
stefanofornari/ejp,5098.0,5098.0,0.5,0.0,0,0,0,263.0,1.63013698630137,0.0,0.0
steffimueller/google-gin,3889.0,3889.0,0.0,0.0,0,0,0,1520.0,0.002631578947368421,0.0,0.0
steilerDev/TheNetwork,4277.0,4195.0,0.0,0.0,0,0,0,342.0,0.0,0.0,0.0
steilerDev/TheNetworkClient,4275.0,4195.0,0.0,0.0,0,0,0,48.0,0.2727272727272727,0.0,0.0
stellar/java-stellar-base,3834.0,3589.0,0.0,0.0,0,0,0,656.0,1.178743961352657,0.0,0.0
stendec/Abyss,4695.0,4684.0,0.0,0.0,0,0,0,130.0,0.0,0.0,0.0
stephan-hartmann/opencms-rfs-driver,4455.0,4431.0,1.5,0.0,0,0,0,75.0,0.02631578947368421,0.0,0.0
stephanenicolas/afterburner,4196.0,4125.0,7.375,0.0,0,0,0,224.0,0.627906976744186,0.0,0.0
stephanenicolas/javassist-build-plugin-api,4138.0,4132.0,1.5,0.0,0,0,0,69.0,3.9166666666666665,0.0,0.0
stephanenicolas/mimic,4200.0,4133.0,8.0,0.0,0,0,0,222.0,0.9866666666666667,0.0,0.0
stephanme/cloud-helloworld,4554.0,3959.0,0.3333333333333333,0.0,0,0,0,95.0,1.2333333333333334,0.0,0.0
stephanrauh/JSF-on-Spring-Boot,4154.0,3802.0,0.639344262295082,0.0,0,0,0,258.0,0.0,0.0,0.0
stephenc/jcip-annotations,4689.0,4441.0,1.3333333333333333,0.0,0,0,0,45.0,1.1333333333333333,0.0,0.0
steppenwells/guardian-management,5676.0,5702.0,0.25,0.0,0,0,0,482.0,1.3611111111111112,0.0,0.0
steria/extreme_startup_servers,5296.0,3493.0,1.896551724137931,0.0,0,0,0,292.0,0.027586206896551724,0.0,0.0
steve-taylor/libgdx-action-pack,4363.0,4363.0,1.5,0.0,0,0,0,47.0,0.8823529411764706,0.0,0.0
steveblackmon/streams-persist-neo4j,3871.0,3721.0,0.0,0.0,0,0,0,48.0,0.0,0.0,0.0
stevedoe/nxt-client,4337.0,4310.0,1.0,0.0,0,0,0,710.0,0.0,0.0,0.0
steveloughran/hadoop-mapreduce,5820.0,5202.0,0.6666666666666666,0.0,0,0,0,4604.0,0.0026086956521739132,0.0,0.0
stevengalarza/aurous-app,4116.0,4116.0,0.07575757575757576,0.0,0,0,0,626.0,0.0,0.0,0.0
stevenpcc/ArrowHitBlockEvent,4404.0,4260.0,0.5,0.0,0,0,0,30.0,0.0,0.0,0.0
stevensouza/automon,3944.0,3461.0,4.666666666666667,0.0,0,0,0,607.0,1.3833333333333333,0.0,0.0
stevestech/ChunkPurge,4112.0,3965.0,0.0,0.0,0,0,0,60.0,0.5833333333333334,0.0,0.0
stevewedig/blog,4287.0,3712.0,5.0,0.0,0,0,0,1107.0,3.7760416666666665,0.0,0.0
stewartcavanaugh/newsj,3708.0,3461.0,0.0,0.0,0,0,0,1316.0,0.4227941176470588,0.0,0.0
stickfigure/trivet,4537.0,4048.0,1.3333333333333333,0.0,0,0,0,62.0,1.2,0.0,0.0
stickycode/bounds-maven-plugin,4290.0,3789.0,0.5,0.0,0,0,0,101.0,0.9428571428571428,0.0,0.0
stickywes/NiagaraST-GUI-Query-Assembler,5048.0,5017.0,1.0,0.0,0,0,0,60.0,0.0,0.0,0.0
stoicflame/enunciate,5338.0,3468.0,1.984251968503937,0.0,0,0,0,4424.0,0.031206975676916018,0.0,0.0
stokesdrift/stokesdrift,4128.0,3776.0,1.0,0.0,0,0,0,154.0,0.0,0.0,0.0
stormtrooper28/UnCrafter,3751.0,3649.0,0.5,0.0,0,0,0,60.0,0.0,0.0,0.0
stoyanr/Todor,4915.0,3830.0,1.0,0.0,0,0,0,150.0,0.0,0.0,0.0
str4d/ed25519-java,4274.0,3579.0,2.6153846153846154,0.0,0,0,0,259.0,1.1071428571428572,0.0,0.0
strator-dev/greenpepper,3926.0,3469.0,0.6666666666666666,0.0,0,0,0,8315.0,0.7047154471544715,0.0,0.0
strburst/MinesweeperX,4055.0,3830.0,0.5,0.0,0,0,0,78.0,0.0,0.0,0.0
streamreasoning/rsp-services,4457.0,4094.0,0.0,0.0,0,0,0,305.0,0.2740740740740741,0.0,0.0
streamsets/datacollector-api,3750.0,3461.0,0.6666666666666666,0.0,0,0,0,1080.0,4.3274853801169595,0.0,0.0
stripe/stripe-java,5243.0,3465.0,1.4044117647058822,0.0,0,0,0,925.0,2.8789473684210525,0.0,0.0
stropa/datapipes,3763.0,3715.0,0.6666666666666666,0.0,0,0,0,111.0,0.017857142857142856,0.0,0.0
struberg/cdi-performance,4074.0,4031.0,0.25,0.0,0,0,0,50.0,0.0,0.0,0.0
structr/structr,5431.0,3461.0,4.32183908045977,0.0,0,0,0,10135.0,1.8426838514025776,0.0,0.0
structurizr/java-starter,3682.0,3467.0,1.2,0.0,0,0,0,68.0,0.9166666666666666,0.0,0.0
stuart-warren/logit,4467.0,4281.0,3.5,0.0,0,0,0,289.0,0.8811881188118812,0.0,0.0
stuart-warren/metrics-opentsdb,4326.0,4325.0,1.5,0.0,0,0,0,112.0,2.9565217391304346,0.0,0.0
stuartmscott/Match,3709.0,3500.0,0.5,0.0,0,0,0,154.0,0.05263157894736842,0.0,0.0
stuartmscott/OpenFlame,3713.0,3500.0,0.5,0.0,0,0,0,590.0,0.0,0.0,0.0
stucchio/Hobo,5030.0,5005.0,10.0,0.0,0,0,0,106.0,0.03773584905660377,0.0,0.0
stucco/relation-extractor,4240.0,3510.0,1.5,0.0,0,0,0,90.0,0.0,0.0,0.0
stuntguy3000/GameCore,4336.0,3743.0,0.25,0.0,0,0,0,152.0,1.2765957446808511,0.0,0.0
stupidsing/suite,5661.0,3462.0,1.0,0.0,0,0,0,1538.0,0.010443864229765013,0.0,0.0
sturesy/client,4330.0,4189.0,1.0,0.0,0,0,0,1520.0,0.7672727272727272,0.0,0.0
stykiaz/we3c_tracker,4867.0,4685.0,1.3333333333333333,0.0,0,0,0,1052.0,0.0,0.0,0.0
sualeh/java8-timeapi-examples,4318.0,4261.0,0.0,0.0,0,0,0,117.0,0.975,0.0,0.0
sualeh/magnetictrackparser,4249.0,3582.0,2.4285714285714284,0.0,0,0,0,164.0,2.4864864864864864,0.0,0.0
subchen/jetbrick-template-1x,4431.0,3910.0,2.3333333333333335,0.0,0,0,0,1086.0,1.327217125382263,0.0,0.0
subes/invesdwin-util,3801.0,3461.0,1.5,0.0,0,0,0,506.0,0.0,0.0,0.0
subgraph/Orchid,5165.0,3470.0,3.0,0.0,0,0,0,981.0,1.1305732484076434,0.0,0.0
subutai-io/base,3608.0,3461.0,1.75,0.0,0,0,0,8842.0,0.0,0.0,0.0
suchcto/balloonatic,4354.0,4323.0,0.0,0.0,0,0,0,446.0,0.0,0.0,0.0
sudev/sparkMongo,3805.0,3799.0,0.0,0.0,0,0,0,43.0,1.75,0.0,0.0
sudheerj/primefaces-blueprints,4280.0,3569.0,0.3888888888888889,0.0,0,0,0,2754.0,1.5699481865284974,0.0,0.0
sue0917/sue4j,3492.0,3492.0,1.5,0.0,0,0,0,98.0,1.2258064516129032,0.0,0.0
sueastside/BEIDSign,4235.0,4087.0,1.0,0.0,0,0,0,53301.0,187.0177304964539,0.0,0.0
sugar-lang/common,4479.0,3544.0,0.0,0.0,0,0,0,111.0,1.4242424242424243,0.0,0.0
suguru/cassandra-webconsole,5703.0,4823.0,6.8,0.0,0,0,0,393.0,1.95,0.0,0.0
suhyunjeon/ankus,4478.0,3565.0,1.7857142857142858,0.0,0,0,0,678.0,0.0,0.0,0.0
sujee81/SparkApps,4001.0,3888.0,1.1428571428571428,0.0,0,0,0,162.0,1.565217391304348,0.0,0.0
sulir/edigen,5165.0,3711.0,1.0,0.0,0,0,0,230.0,1.411764705882353,0.0,0.0
sulir/edigen-maven-plugin,4936.0,4152.0,0.5,0.0,0,0,0,32.0,0.6153846153846154,0.0,0.0
sully6768/devnation2014,4286.0,3710.0,0.3333333333333333,0.0,0,0,0,377.0,1.032,0.0,0.0
sultanskyman/WildSex,4110.0,3525.0,0.25,0.0,0,0,0,299.0,1.202127659574468,0.0,0.0
sumansaurabh/SphinxModelProvider,4193.0,4132.0,0.5,0.0,0,0,0,54.0,0.0,0.0,0.0
sumaq/cfdi-files-ws,3940.0,3940.0,0.0,0.0,0,0,0,116.0,0.0,0.0,0.0
summerDp/dpCms,3591.0,3553.0,1.0,0.0,0,0,0,517.0,1.0892857142857142,0.0,0.0
sunhyung/JCompareJava,4354.0,4354.0,0.0,0.0,0,0,0,12.0,0.0,0.0,0.0
sunilrebel/spann-chat,4098.0,4097.0,0.0,0.0,0,0,0,188.0,0.0,0.0,0.0
sunilrebel/test-repo,3750.0,3750.0,0.0,0.0,0,0,0,28.0,0.0,0.0,0.0
suninformation/ymate-platform-v2,3702.0,3474.0,1.7777777777777777,0.0,0,0,0,2176.0,1.1473988439306357,0.0,0.0
suninformation/ymateplatform,4945.0,3534.0,0.8214285714285714,0.0,0,0,0,1197.0,1.058673469387755,0.0,0.0
sunsus/socket.io-java-emitter,4143.0,4039.0,1.0,0.0,0,0,0,55.0,1.1666666666666667,0.0,0.0
suparngp/networksecurity,4443.0,4390.0,0.0,0.0,0,0,0,190.0,0.0,0.0,0.0
super-csv/super-csv,4042.0,3478.0,2.92,0.0,0,0,0,1827.0,1.8997867803837953,0.0,0.0
superaxander/FoodGalore,3978.0,3949.0,0.0,0.0,0,0,0,403.0,0.4107142857142857,0.0,0.0
supercargo/guice-persist-jooq,4256.0,3926.0,1.4,0.0,0,0,0,52.0,1.1764705882352942,0.0,0.0
superhj1987/spring-mvc-model-attribute-alias,3982.0,3828.0,6.5,0.0,0,0,0,70.0,1.2727272727272727,0.0,0.0
superlifebuoy/nautical-chart,4478.0,4213.0,0.0,0.0,0,0,0,577.0,1.6645569620253164,0.0,0.0
superphil0/runtasticapi,4077.0,4076.0,1.0,0.0,0,0,0,26.0,0.0,0.0,0.0
sureleo/leetcode,3998.0,3703.0,0.3333333333333333,0.0,0,0,0,860.0,0.0,0.0,0.0
surevine/RSS2Buddycloud,4878.0,4878.0,0.5,0.0,0,0,0,80.0,0.21621621621621623,0.0,0.0
surevine/openfire-superuser-auth-provider,4533.0,4487.0,0.3333333333333333,0.0,0,0,0,32.0,0.0,0.0,0.0
suryakiranl/hikaricp-test,4211.0,4196.0,1.0,0.0,0,0,0,73.0,0.15789473684210525,0.0,0.0
susom/database,4329.0,3472.0,2.0,0.0,0,0,0,655.0,3.0930232558139537,0.0,0.0
sutoiku/elasticsearch-native-script-updater,4211.0,4074.0,2.5,0.0,0,0,0,92.0,0.8484848484848485,0.0,0.0
svanimpe/fx-pong,4352.0,3977.0,0.6,0.0,0,0,0,80.0,0.48484848484848486,0.0,0.0
svanoort/rest-compress,4284.0,3561.0,1.1666666666666667,0.0,0,0,0,74.0,0.0,0.0,0.0
svenkubiak/embedded-mongodb,4145.0,3470.0,0.0,0.0,0,0,0,88.0,3.0,0.0,0.0
svenruppert/20150901_proxy_deep_dive,3762.0,3758.0,0.0,0.0,0,0,0,729.0,1.6733668341708543,0.0,0.0
sviperll/adt4j,4357.0,3462.0,24.0,0.0,0,0,0,254.0,0.0,0.0,0.0
svn2github/openid4java,4730.0,3963.0,2.0,0.0,0,0,0,1371.0,1.316425120772947,0.0,0.0
sw4j-org/tool-jpa-processor,3589.0,3546.0,0.0,0.0,0,0,0,205.0,0.875,0.0,0.0
swapnilnarkhede/dotiw,4830.0,4829.0,0.0,0.0,0,0,0,24.0,0.0,0.0,0.0
sweble/sweble-wikitext,4793.0,3539.0,2.0,0.0,0,0,0,5249.0,1.3552715654952077,0.0,0.0
swimmesberger/WoWHead-Item-Parser,5077.0,5028.0,0.3333333333333333,0.0,0,0,0,90.0,0.0,0.0,0.0
switchfly/targetprocess-intellij-plugin,4503.0,4427.0,0.5,0.0,0,0,0,169.0,1.2884615384615385,0.0,0.0
sword-org/wechat4j,4025.0,3497.0,1.5294117647058822,0.0,0,0,0,820.0,0.0,0.0,0.0
sworisbreathing/sfmf4j,4724.0,4668.0,0.5,0.0,0,0,0,550.0,0.9361702127659575,0.0,0.0
swp-sebastian/zombiefu,4667.0,4651.0,0.5,0.0,0,0,0,682.0,0.005865102639296188,0.0,0.0
swquinn/jackson-datatype-json-lib,4424.0,4423.0,1.5,0.0,0,0,0,120.0,1.1282051282051282,0.0,0.0
sxyx2008/activiti-demo,4329.0,4327.0,1.3333333333333333,0.0,0,0,0,226.0,0.0,0.0,0.0
sxyx2008/jersey2-restfull-examples,4078.0,4074.0,1.0,0.0,0,0,0,1153.0,2.2777777777777777,0.0,0.0
sxyx2008/taobao-tfs-example,3571.0,3570.0,0.3333333333333333,0.0,0,0,0,71.0,1.173913043478261,0.0,0.0
syamn/MotdManager,4792.0,3727.0,0.8571428571428571,0.0,0,0,0,74.0,0.0,0.0,0.0
sylvainhalle/Jerrydog,3546.0,3474.0,0.0,0.0,0,0,0,65.0,0.3103448275862069,0.0,0.0
sylvanaar/IDLua,5165.0,3467.0,4.6,0.0,0,0,0,1674.0,0.0,0.0,0.0
sylvermining/quickly,3716.0,3716.0,0.0,0.0,0,0,0,147.0,2.65625,0.0,0.0
syncany/syncany-plugin-dropbox,4065.0,3874.0,1.0,0.0,0,0,0,2613.0,0.6710929519918284,0.0,0.0
syncany/syncany-plugin-s3,4302.0,3573.0,0.6666666666666666,0.0,0,0,0,2653.0,0.6710261569416499,0.0,0.0
synchronoss/cpo-api,4262.0,3469.0,0.25,0.0,0,0,0,1224.0,1.3774104683195592,0.0,0.0
synobsys/mendix-PivotTableWidget,4092.0,3620.0,0.0,0.0,0,0,0,448.0,0.0,0.0,0.0
synopsys-arc-oss/cygwin-process-killer-plugin,4486.0,4323.0,0.0,0.0,0,0,0,199.0,2.369565217391304,0.0,0.0
synopsys-arc-oss/ownership-plugin,4556.0,3906.0,0.0,0.0,0,0,0,923.0,2.2824074074074074,0.0,0.0
syntelos/jlac,4970.0,4969.0,1.6666666666666667,0.0,0,0,0,112.0,0.0,0.0,0.0
synyx/springboot-reactjs-demo,3566.0,3548.0,1.0,0.0,0,0,0,135.0,0.6862745098039216,0.0,0.0
syslog4j/syslog4j,3731.0,3729.0,2.5,0.0,0,0,0,464.0,0.0,0.0,0.0
systemincloud/sic-examples-ext-vip,4336.0,3634.0,0.0,0.0,0,0,0,1588.0,0.0,0.0,0.0
systemlink/junit_quiz,3884.0,3834.0,0.0,0.0,0,0,0,40.0,0.0,0.0,0.0
szarnekow/Java8Tutorial,3941.0,3934.0,0.5,0.0,0,0,0,58.0,0.0,0.0,0.0
szegedi/dynalink,5738.0,3924.0,11.733333333333333,0.0,0,0,0,260.0,0.0,0.0,0.0
szhem/camel-osgi,5026.0,4879.0,1.4,0.0,0,0,0,637.0,1.7151162790697674,0.0,0.0
szhem/log4j-json-layout,4414.0,4247.0,0.75,0.0,0,0,0,71.0,1.4761904761904763,0.0,0.0
szpak/code-examples-and-poc,4696.0,3581.0,0.14285714285714285,0.0,0,0,0,730.0,0.0,0.0,0.0
sztupy/tumblr-neo4j,3527.0,3505.0,1.0,0.0,0,0,0,148.0,0.0,0.0,0.0
szxwqhps/jqf,4247.0,4241.0,0.0,0.0,0,0,0,32.0,0.0,0.0,0.0
t-animal/DocMatic,4266.0,4178.0,0.0,0.0,0,0,0,435.0,3.4625,0.0,0.0
t3rmin4t0r/hive-hll-udf,4173.0,4173.0,4.0,0.0,0,0,0,38.0,0.0,0.0,0.0
t7seven7t/MidiRadio,4722.0,4242.0,0.2,0.0,0,0,0,44.0,0.0,0.0,0.0
tabulapdf/tabula-java,4226.0,3486.0,2.6578947368421053,0.0,0,0,0,1342.0,1.4198473282442747,0.0,0.0
tahseen/aws-java-sdk-awis,3797.0,3715.0,0.0,0.0,0,0,0,425.0,1.6810344827586208,0.0,0.0
taichi/json-benchmarks,3771.0,3768.0,1.0,0.0,0,0,0,124.0,0.0,0.0,0.0
taion809/humans,4033.0,4033.0,0.0,0.0,0,0,0,101.0,1.21875,0.0,0.0
tair/tairwebapp,4571.0,4128.0,0.0,0.0,0,0,0,4771.0,0.0054621848739495795,0.0,0.0
takari/jbdiff,3974.0,3974.0,1.6666666666666667,0.0,0,0,0,47.0,0.8823529411764706,0.0,0.0
takari/takari-local-repository,5551.0,3772.0,1.7142857142857142,0.0,0,0,0,154.0,1.3191489361702127,0.0,0.0
takawitter/trie4j,4996.0,3482.0,5.3,0.0,0,0,0,1423.0,1.872282608695652,0.0,0.0
takezoe/xlsbeans,4369.0,4162.0,2.857142857142857,0.0,0,0,0,466.0,0.925,0.0,0.0
takisd123/executequery,3806.0,3483.0,0.0,0.0,0,0,0,2945.0,0.0006788866259334691,0.0,0.0
taktik/mpegts-streamer,4182.0,3875.0,0.7777777777777778,0.0,0,0,0,172.0,1.2222222222222223,0.0,0.0
talkvip/Bitraac,4390.0,4392.0,0.5,0.0,0,0,0,171.0,1.0350877192982457,0.0,0.0
tallshort/Simple-Jenkins-API-Client,4372.0,4324.0,0.0,0.0,0,0,0,87.0,1.2962962962962963,0.0,0.0
tamingtext/book,5106.0,3576.0,2.053435114503817,0.0,0,0,0,1583.0,0.6069078947368421,0.0,0.0
tangaiyun/Netty-Resteasy-Spring,3625.0,3623.0,1.2,0.0,0,0,0,92.0,0.0,0.0,0.0
tangfl/lodil,4614.0,4564.0,2.3333333333333335,0.0,0,0,0,252.0,0.06504065040650407,0.0,0.0
tanhaichao/leopard-freemarker,3759.0,3471.0,0.0,0.0,0,0,0,162.0,1.0943396226415094,0.0,0.0
taoneill/war,5478.0,3471.0,0.8333333333333334,0.0,0,0,0,354.0,0.0,0.0,0.0
tarehart/alter,4457.0,4306.0,1.25,0.0,0,0,0,48.0,0.0,0.0,0.0
tascape/testharness,4055.0,3471.0,0.0,0.0,0,0,0,271.0,1.0333333333333334,0.0,0.0
taskcluster/taskcluster-client-java,3797.0,3479.0,0.0,0.0,0,0,0,478.0,1.1168831168831168,0.0,0.0
tastybento/GoldDigger,3877.0,3502.0,2.0,0.0,0,0,0,22.0,0.0,0.0,0.0
tastybento/multiworldmoney,4419.0,3543.0,0.25,0.0,0,0,0,40.0,0.0,0.0,0.0
tatanpoker09/TCMinigames,4040.0,4001.0,0.5,0.0,0,0,0,188.0,0.06896551724137931,0.0,0.0
tatsu011/MCThermalDynamics,4670.0,3488.0,0.0,0.0,0,0,0,82.0,0.0,0.0,0.0
taweili/ardublock,5424.0,3478.0,1.392638036809816,0.0,0,0,0,2042.0,0.0,0.0,0.0
taykey/twitter-location-parser,4135.0,4088.0,0.0,0.0,0,0,0,207.0,2.75,0.0,0.0
taylorkelly/BigBrother,5461.0,5232.0,1.32,0.0,0,0,0,332.0,0.0,0.0,0.0
taylorleese/google-app-engine-jappstart,5706.0,3764.0,2.0,0.0,0,0,0,341.0,1.648936170212766,0.0,0.0
taywils/java_spark_tutorial,4421.0,3762.0,1.3529411764705883,0.0,0,0,0,73.0,1.4090909090909092,0.0,0.0
tberg12/murphy,3826.0,3678.0,4.0,0.0,0,0,0,406.0,0.0,0.0,0.0
tberg12/ocular,3826.0,3463.0,3.8,0.0,0,0,0,444.0,0.0,0.0,0.0
tbh1/robocode-gp,4463.0,4463.0,4.0,0.0,0,0,0,22.0,0.0,0.0,0.0
tblair/easydto,4710.0,4709.0,0.0,0.0,0,0,0,200.0,1.4827586206896552,0.0,0.0
tbroyer/sheath,4826.0,3507.0,3.75,0.0,0,0,0,272.0,2.807017543859649,0.0,0.0
tc/java-aws-mturk,5578.0,3907.0,0.3333333333333333,0.0,0,0,0,718.0,0.0,0.0,0.0
tcdl/msb-java,3878.0,3490.0,0.5,0.0,0,0,0,1711.0,2.6048387096774195,0.0,0.0
tcslab/Syndesi,3954.0,3658.0,0.0,0.0,0,0,0,134.0,0.0,0.0,0.0
tcurdt/jdependency,6280.0,3683.0,3.2,0.0,0,0,0,385.0,8.75,0.0,0.0
tdanford/obroker,4531.0,4515.0,0.0,0.0,0,0,0,248.0,0.0,0.0,0.0
tdduy/primefaces_component-portlet,4086.0,4078.0,0.5,0.0,0,0,0,220.0,0.0,0.0,0.0
tdebatty/java-string-similarity,4260.0,3519.0,3.8181818181818183,0.0,0,0,0,290.0,2.5625,0.0,0.0
tdelenikas/smslib,4652.0,3555.0,1.14,0.0,0,0,0,1312.0,1.993920972644377,0.0,0.0
tdomzal/junit-docker-rule,3673.0,3461.0,0.5,0.0,0,0,0,424.0,1.8727272727272728,0.0,0.0
tdumitrescu/cmme-editor,4821.0,4032.0,1.1666666666666667,0.0,0,0,0,917.0,1.0942760942760943,0.0,0.0
tdunning/practice-project,3959.0,3958.0,0.2,0.0,0,0,0,30.0,1.2,0.0,0.0
tdunning/t-digest-benchmark,4235.0,3634.0,1.5,0.0,0,0,0,38.0,0.0,0.0,0.0
team-2172/aerial_assist,4358.0,4283.0,0.5,0.0,0,0,0,54.0,0.0,0.0,0.0
team-grit/grit,4152.0,3568.0,0.5714285714285714,0.0,0,0,0,527.0,0.6188118811881188,0.0,0.0
team-orca/easyMath,3575.0,3554.0,1.0,0.0,0,0,0,29.0,0.5833333333333334,0.0,0.0
team-up/gs-teamup-bot,3535.0,3528.0,0.0,0.0,0,0,0,167.0,1.0727272727272728,0.0,0.0
team-worthwhile/worthwhile,5163.0,5011.0,1.75,0.0,0,0,0,2658.0,0.0,0.0,0.0
team484/fluffy,4335.0,4063.0,0.0,0.0,0,0,0,114.0,0.0,0.0,0.0
tearsofaunicorn/concordion-example,4659.0,4659.0,1.0,0.0,0,0,0,64.0,1.1428571428571428,0.0,0.0
techdev-solutions/trackr-backend,4165.0,3553.0,1.8148148148148149,0.0,0,0,0,901.0,0.6326530612244898,0.0,0.0
technopolis/role-access-lists,4512.0,4505.0,0.5,0.0,0,0,0,392.0,0.0,0.0,0.0
techwiz24/EECS2500,3751.0,3655.0,0.0,0.0,0,0,0,490.0,0.6031746031746031,0.0,0.0
tedvals/mywms,4866.0,4871.0,0.25,0.0,0,0,0,8890.0,0.0,0.0,0.0
teerjk/VarSifter,3973.0,3674.0,0.6666666666666666,0.0,0,0,0,120.0,0.0,0.0,0.0
tehapo/Switch,4988.0,3783.0,1.0,0.0,0,0,0,605.0,6.671428571428572,0.0,0.0
teiid-marketplace/oracle-vpd,3799.0,3798.0,0.0,0.0,0,0,0,58.0,0.0,0.0,0.0
teiid-marketplace/pi,3839.0,3769.0,0.0,0.0,0,0,0,106.0,0.0,0.0,0.0
tekul/spring-security,5108.0,4281.0,1.3333333333333333,0.0,0,0,0,6185.0,0.02454188481675393,0.0,0.0
telecombretagne/osv,3578.0,3491.0,0.14285714285714285,0.0,0,0,0,702.0,0.0,0.0,0.0
telefonicaid/fiware-rss,4353.0,3498.0,0.25,0.0,0,0,0,1959.0,1.2683333333333333,0.0,0.0
telic/exist-jwt,3849.0,3846.0,0.0,0.0,0,0,0,38.0,0.10526315789473684,0.0,0.0
tempredirect/flume-async,4404.0,4221.0,0.0,0.0,0,0,0,407.0,0.47878787878787876,0.0,0.0
tenjavacontest/daboross,4413.0,4367.0,0.0,0.0,0,0,0,66.0,1.2380952380952381,0.0,0.0
tenode/baleen-extras,3611.0,3547.0,1.0,0.0,0,0,0,418.0,0.0,0.0,0.0
teranos/FYS,4071.0,3982.0,0.5,0.0,0,0,0,122.0,0.0,0.0,0.0
termd/termd,4138.0,3464.0,2.3333333333333335,0.0,0,0,0,1086.0,1.8857142857142857,0.0,0.0
terrancesnyder/solr-groupby-component,4368.0,4244.0,0.5,0.0,0,0,0,238.0,2.0677966101694913,0.0,0.0
terrestris/momo3-backend,3774.0,3470.0,0.14285714285714285,0.0,0,0,0,156.0,0.0,0.0,0.0
terrymanu/miracle-framework,4448.0,4205.0,0.8269230769230769,0.0,0,0,0,1994.0,1.261437908496732,0.0,0.0
tesis-dynaware/graph-editor,4093.0,3862.0,3.2941176470588234,0.0,0,0,0,514.0,0.0,0.0,0.0
tesseract2048/imgbow,4406.0,4378.0,0.5,0.0,0,0,0,64.0,0.0,0.0,0.0
tesseract4java/jleptonica,4240.0,4027.0,1.0,0.0,0,0,0,136.0,0.0,0.0,0.0
tesseract4java/tesseract-gui,4303.0,4027.0,1.75,0.0,0,0,0,270.0,0.06060606060606061,0.0,0.0
testIT-LivingDoc/livingdoc-core,3664.0,3496.0,2.066666666666667,0.0,0,0,0,3761.0,1.1515912897822445,0.0,0.0
testfairy/testfairy-jenkins-plugin,3987.0,3476.0,0.75,0.0,0,0,0,213.0,1.8392857142857142,0.0,0.0
testify/Actions,3892.0,3870.0,0.0,0.0,0,0,0,290.0,0.0,0.0,0.0
testify/JerseyTestProcessor,3981.0,3913.0,0.0,0.0,0,0,0,28.0,0.0,0.0,0.0
testingbot/testingbot_junit,5236.0,5003.0,1.0,0.0,0,0,0,36.0,0.0,0.0,0.0
testmycode/tmc-netbeans,5278.0,3465.0,0.2857142857142857,0.0,0,0,0,830.0,0.0,0.0,0.0
testobject/testobject-gradle-plugin,4054.0,3479.0,1.0,0.0,0,0,0,61.0,0.625,0.0,0.0
textocat/textocat-java-sdk,3888.0,3878.0,1.5,0.0,0,0,0,138.0,1.5,0.0,0.0
tfactory/t-factory-server,3738.0,3500.0,0.0,0.0,0,0,0,132.0,0.0,0.0,0.0
tfeng/play-mods,3808.0,3467.0,0.5,0.0,0,0,0,310.0,0.0,0.0,0.0
tferega/selenate,4798.0,3466.0,0.0,0.0,0,0,0,522.0,0.0,0.0,0.0
tferega/tlctc,5088.0,5088.0,0.6666666666666666,0.0,0,0,0,64.0,0.8695652173913043,0.0,0.0
tfmorris/Places,5070.0,5072.0,0.6666666666666666,0.0,0,0,0,203.0,1.7272727272727273,0.0,0.0
tfmorris/simile-butterfly,3890.0,3890.0,0.5,0.0,0,0,0,403.0,0.2752808988764045,0.0,0.0
tfreier/desktop-crm,3817.0,3477.0,2.0,0.0,0,0,0,406.0,2.2061855670103094,0.0,0.0
tgame14/CoFHLib,4238.0,4238.0,0.0,0.0,0,0,0,541.0,1.9064748201438848,0.0,0.0
tgkprog/java-quick-Log4j2Slf4j,4057.0,4020.0,0.0,0.0,0,0,0,92.0,0.7647058823529411,0.0,0.0
tguzik/m2u,4881.0,4001.0,1.5,0.0,0,0,0,179.0,1.1754385964912282,0.0,0.0
tgvaughan/Mandelscape,4096.0,4085.0,0.0,0.0,0,0,0,30.0,0.0,0.0,0.0
tgvaughan/bacter,4540.0,3472.0,2.3333333333333335,0.0,0,0,0,491.0,0.6223404255319149,0.0,0.0
tgxn/BackupLite,4934.0,4931.0,0.5,0.0,0,0,0,62.0,0.0,0.0,0.0
th-koeln/amcgala,4182.0,3987.0,3.125,0.0,0,0,0,474.0,0.0,0.0,0.0
thaggie/jwalk,4127.0,4120.0,0.0,0.0,0,0,0,39.0,1.4166666666666667,0.0,0.0
thanos/jinfinigon,3772.0,3766.0,0.0,0.0,0,0,0,44.0,0.0,0.0,0.0
theAgileFactory/maf-desktop-app,3792.0,3480.0,1.0,0.0,0,0,0,1986.0,0.0,0.0,0.0
theaigames/conquest-engine,4330.0,4259.0,1.4285714285714286,0.0,0,0,0,56.0,0.0,0.0,0.0
theaigames/poker-engine,4099.0,4093.0,0.8333333333333334,0.0,0,0,0,76.0,0.0,0.0,0.0
theaigames/warlight2-engine,3916.0,3826.0,1.0769230769230769,0.0,0,0,0,72.0,0.0,0.0,0.0
thebombzen/EnchantView,4323.0,3514.0,0.5,0.0,0,0,0,60.0,0.5833333333333334,0.0,0.0
thecarlhall/hazelcast-app,4249.0,4227.0,2.0,0.0,0,0,0,73.0,1.4090909090909092,0.0,0.0
thedathoudarya/WAGU-data-in-table-view,3749.0,3483.0,4.0,0.0,0,0,0,116.0,0.0,0.0,0.0
thedonvaughn/Live-Queue,6040.0,6039.0,1.5,0.0,0,0,0,149.0,0.8490566037735849,0.0,0.0
thedudeguy/JukeIt,5241.0,3967.0,0.7692307692307693,0.0,0,0,0,436.0,0.0,0.0,0.0
thefourtheye/thefourtheyeEditor,4499.0,4339.0,1.0,0.0,0,0,0,84.0,0.32432432432432434,0.0,0.0
thegrandpoobah/painterly,5211.0,5205.0,2.4,0.0,0,0,0,468.0,0.0,0.0,0.0
thejasonyung/logletlab2,3968.0,3968.0,1.0,0.0,0,0,0,184.0,0.0,0.0,0.0
thekeenant/bukkit-tabbed,3591.0,3522.0,1.0,0.0,0,0,0,103.0,1.6206896551724137,0.0,0.0
thelinmichael/spotify-web-api-java,4259.0,3469.0,1.4727272727272727,0.0,0,0,0,837.0,2.9064327485380117,0.0,0.0
themaddoctor1/QuantumVirtualMachine,4049.0,4034.0,2.125,0.0,0,0,0,34.0,0.0,0.0,0.0
themanwhosold/notenrechner,3722.0,3615.0,0.6666666666666666,0.0,0,0,0,468.0,0.41025641025641024,0.0,0.0
thenewcircle/selenium-bootcamp,3720.0,3520.0,0.0,0.0,0,0,0,54.0,0.9473684210526315,0.0,0.0
thensgens/yagi-vm,4583.0,4351.0,1.3333333333333333,0.0,0,0,0,122.0,0.0,0.0,0.0
theoriginalbit/MoarPeripherals,4194.0,3463.0,1.8333333333333333,0.0,0,0,0,1570.0,1.6814988290398127,0.0,0.0
thereisnospoon/webm-haus,4114.0,3641.0,0.0,0.0,0,0,0,178.0,0.09302325581395349,0.0,0.0
theskumar-archive/libautocaptcha,4990.0,4990.0,2.0,0.0,0,0,0,52.0,0.0,0.0,0.0
thesmartenergy/CNR-SmartChargingProvider,3577.0,3520.0,0.0,0.0,0,0,0,124.0,0.0,0.0,0.0
thesmythgroup/SiftXml,5036.0,3769.0,1.0,0.0,0,0,0,90.0,0.6285714285714286,0.0,0.0
theuninvited01/CS317-project,3906.0,3883.0,1.0,0.0,0,0,0,52.0,0.0,0.0,0.0
thiagohp/generic-dao-hibernate,5740.0,5740.0,2.0,0.0,0,0,0,64.0,0.0,0.0,0.0
thibalte/Presto,4816.0,4814.0,0.5,0.0,0,0,0,64.0,0.0,0.0,0.0
thierrymonney/datanucleus-null-param-query,4493.0,4490.0,0.0,0.0,0,0,0,38.0,0.0,0.0,0.0
thilina27/pptgen,3471.0,3466.0,0.0,0.0,0,0,0,58.0,0.6086956521739131,0.0,0.0
thm-projects/arsnova-backend,4527.0,3465.0,0.5517241379310345,0.0,0,0,0,524.0,0.0,0.0,0.0
thmarx/wiquery-jquery-ui-timepicker,4990.0,4410.0,1.0,0.0,0,0,0,216.0,1.694915254237288,0.0,0.0
thomas15v/CrossEvents,3847.0,3841.0,1.0,0.0,0,0,0,128.0,0.13114754098360656,0.0,0.0
thomas15v/TurtleFix,4105.0,4064.0,1.5,0.0,0,0,0,577.0,18.678571428571427,0.0,0.0
thomasbecker/jetty-spdy,5018.0,4980.0,1.5,0.0,0,0,0,12486.0,2.334606039569594,0.0,0.0
thomasdarimont/javaland-dojo-data-munging-java,3570.0,3570.0,0.0,0.0,0,0,0,76.0,1.391304347826087,0.0,0.0
thomasdarimont/spring-labs,4148.0,3714.0,0.9302325581395349,0.0,0,0,0,128.0,0.0,0.0,0.0
thomasgalvin/JavaBlogChallenge,3535.0,3532.0,0.0,0.0,0,0,0,335.0,1.2095238095238094,0.0,0.0
thomasjungblut/glove,3806.0,3802.0,0.3333333333333333,0.0,0,0,0,184.0,3.4705882352941178,0.0,0.0
thomasjungblut/mapreduce-kmeans,3913.0,3745.0,0.5,0.0,0,0,0,93.0,1.8,0.0,0.0
thomasjungblut/tjungblut-graph,4865.0,3854.0,0.8888888888888888,0.0,0,0,0,272.0,1.605263157894737,0.0,0.0
thomaskelder/cytoscape-scripts,4376.0,4304.0,0.0,0.0,0,0,0,44.0,0.0,0.0,0.0
thombergs/diffparser,4436.0,3554.0,1.9090909090909092,0.0,0,0,0,80.0,0.0,0.0,0.0
thopit/Creatures,3862.0,3536.0,15.75,0.0,0,0,0,167.0,0.9649122807017544,0.0,0.0
thorstenwagner/ij-ellipsesplit,3650.0,3463.0,0.0,0.0,0,0,0,74.0,0.0,0.0,0.0
thorstenwagner/ij-ridgedetection,3885.0,3631.0,0.6666666666666666,0.0,0,0,0,130.0,1.3,0.0,0.0
thpeng/spring-time,4246.0,4119.0,0.5,0.0,0,0,0,655.0,2.38,0.0,0.0
threadly/litesockets-http,3918.0,3497.0,1.0,0.0,0,0,0,268.0,0.0,0.0,0.0
threerings/java-signals,5369.0,4604.0,3.0,0.0,0,0,0,134.0,1.4,0.0,0.0
threerings/mono-maven-plugin,4063.0,3913.0,0.0,0.0,0,0,0,56.0,1.625,0.0,0.0
threerings/narya,5367.0,3926.0,4.0,0.0,0,0,0,1954.0,0.0,0.0,0.0
threerings/ooo-util,5185.0,3891.0,1.5,0.0,0,0,0,112.0,1.5625,0.0,0.0
threerings/react,5250.0,3550.0,3.375,0.0,0,0,0,417.0,4.161764705882353,0.0,0.0
thshdw/lixia-javardp,3931.0,3924.0,0.3333333333333333,0.0,0,0,0,318.0,0.1917808219178082,0.0,0.0
thymeleaf/thymeleaf-testing,4731.0,3508.0,2.5,0.0,0,0,0,725.0,3.549618320610687,0.0,0.0
thymeleaf/thymeleafexamples-gtvg,4955.0,3470.0,1.4666666666666666,0.0,0,0,0,284.0,1.620253164556962,0.0,0.0
thymeleaf/thymeleafexamples-petclinic,4955.0,3510.0,1.0138888888888888,0.0,0,0,0,594.0,1.6790123456790123,0.0,0.0
thymeleaf/thymeleafexamples-springmail,4955.0,3466.0,0.76,0.0,0,0,0,264.0,1.911764705882353,0.0,0.0
thymeleaf/thymeleafsandbox-springjsp,4447.0,3510.0,0.5,0.0,0,0,0,209.0,1.9074074074074074,0.0,0.0
tiagox/untref-aydoo-tp-final-srojo,4203.0,4156.0,0.0,0.0,0,0,0,211.0,0.02857142857142857,0.0,0.0
tiborsimon/java-shooter-game,4501.0,3506.0,1.2,0.0,0,0,0,412.0,0.0,0.0,0.0
tiensonqin/clj-social,3969.0,3837.0,1.5,0.0,0,0,0,40.0,0.0,0.0,0.0
tiffit/TODOList,3516.0,3462.0,1.5,0.0,0,0,0,120.0,0.0,0.0,0.0
tiffit/TaleCraft,3568.0,3471.0,0.75,0.0,0,0,0,3635.0,0.5169550173010381,0.0,0.0
tigeorgia/electionsms,4436.0,3538.0,0.6666666666666666,0.0,0,0,0,773.0,1.5227272727272727,0.0,0.0
tijs14tijs/ROAD,4329.0,4221.0,0.6666666666666666,0.0,0,0,0,1531.0,0.01445466491458607,0.0,0.0
tillnagel/timerangeslider,4773.0,3700.0,1.5714285714285714,0.0,0,0,0,174.0,0.0,0.0,0.0
tim-group/High-Speed-Dirt,5037.0,4387.0,0.0,0.0,0,0,0,233.0,2.0517241379310347,0.0,0.0
tim-group/Tucker,4995.0,3484.0,1.0,0.0,0,0,0,429.0,1.56198347107438,0.0,0.0
tim-group/findbugs-jmock,5506.0,5038.0,1.0,0.0,0,0,0,40.0,0.47058823529411764,0.0,0.0
tim-group/test-driven-detectors4findbugs,5398.0,3674.0,1.0625,0.0,0,0,0,114.0,1.135135135135135,0.0,0.0
tim-group/variance,4884.0,4876.0,2.0,0.0,0,0,0,84.0,0.0,0.0,0.0
tim-hong/kmeans,4069.0,4065.0,0.0,0.0,0,0,0,70.0,0.0,0.0,0.0
timabell/sqlHawk,4967.0,4932.0,2.0,0.0,0,0,0,663.0,0.8418803418803419,0.0,0.0
timernsberger/sepia,4537.0,4440.0,0.0,0.0,0,0,0,576.0,0.0,0.0,0.0
timmolter/HelloWebApp,5103.0,5090.0,0.6666666666666666,0.0,0,0,0,44.0,0.7058823529411765,0.0,0.0
timmolter/XChange,5065.0,3461.0,1.5118110236220472,0.0,0,0,0,24994.0,2.969383697813121,0.0,0.0
timmolter/Yank,5354.0,3463.0,5.8,0.0,0,0,0,184.0,1.1,0.0,0.0
timmolter/dropwizard-sundial,3950.0,3526.0,6.0,0.0,0,0,0,130.0,3.28,0.0,0.0
timmyforchelsea/LearningModding,3863.0,3857.0,0.5,0.0,0,0,0,105.0,1.34375,0.0,0.0
timothysc/hadoop-tests,4473.0,4473.0,0.5,0.0,0,0,0,34.0,0.0,0.0,0.0
timvisee/DungeonMaze,4799.0,3564.0,0.8333333333333334,0.0,0,0,0,743.0,1.1171548117154813,0.0,0.0
tingletech/rexster-kibbles,5261.0,5259.0,0.3333333333333333,0.0,0,0,0,258.0,0.0,0.0,0.0
tingletech/snac2,4547.0,4131.0,1.0,0.0,0,0,0,412.0,0.0,0.0,0.0
tingley/tm3,4921.0,4409.0,1.25,0.0,0,0,0,329.0,0.9553571428571429,0.0,0.0
tinkerpop/blueprints,5789.0,3604.0,4.4907063197026025,0.0,0,0,0,1290.0,0.0,0.0,0.0
tinkerpop/gremlin,5870.0,3604.0,9.16969696969697,0.0,0,0,0,698.0,0.0,0.0,0.0
tinkerpop/rexster,5786.0,3604.0,4.333333333333333,0.0,0,0,0,1420.0,0.0,0.0,0.0
tinyHui/POP3server,4382.0,4382.0,0.0,0.0,0,0,0,128.0,0.0,0.0,0.0
tinyMediaManager/api-scraper,3988.0,3463.0,0.0,0.0,0,0,0,282.0,1.264367816091954,0.0,0.0
tinyMediaManager/tinyMediaManager,3841.0,3463.0,2.588235294117647,0.0,0,0,0,4133.0,1.6755555555555555,0.0,0.0
tinysou/tinysou-android,4109.0,4074.0,0.0,0.0,0,0,0,36.0,0.0,0.0,0.0
tipsy/spark-websocket,3739.0,3470.0,0.9,0.0,0,0,0,47.0,1.2666666666666666,0.0,0.0
tiry/nuxeo-mule-connector,4697.0,4376.0,0.2,0.0,0,0,0,198.0,0.0,0.0,0.0
tis-innovation-park/tm-examples,4460.0,4046.0,0.3333333333333333,0.0,0,0,0,166.0,0.0,0.0,0.0
tita/tita,5888.0,5721.0,3.6666666666666665,0.0,0,0,0,1397.0,0.19278996865203762,0.0,0.0
titokone/titokone,4944.0,4662.0,3.0,0.0,0,0,0,722.0,1.1615720524017468,0.0,0.0
tjake/Solandra,5916.0,3568.0,5.908450704225352,0.0,0,0,0,573.0,1.3045977011494252,0.0,0.0
tjkaal/ResetButtonForTextField,4689.0,3547.0,0.42857142857142855,0.0,0,0,0,685.0,10.962264150943396,0.0,0.0
tjsnell/camel-rest-temperature-converter,4527.0,4500.0,0.5,0.0,0,0,0,41.0,0.8666666666666667,0.0,0.0
tjsnell/vdiff,4477.0,4127.0,0.5,0.0,0,0,0,244.0,1.7272727272727273,0.0,0.0
tkaczmarzyk/specification-arg-resolver,4286.0,3461.0,2.9473684210526314,0.0,0,0,0,572.0,2.3484848484848486,0.0,0.0
tkaczmarzyk/th-db-view,3999.0,3998.0,1.0,0.0,0,0,0,81.0,1.1923076923076923,0.0,0.0
tking/JSTUN,4573.0,4473.0,2.210526315789474,0.0,0,0,0,122.0,0.0,0.0,0.0
tkuhn/nanobrowser,4828.0,3940.0,4.0,0.0,0,0,0,486.0,2.477064220183486,0.0,0.0
tkurz/sesame-vocab-builder,4318.0,3813.0,2.3333333333333335,0.0,0,0,0,370.0,3.3142857142857145,0.0,0.0
tkurz/sparql-mm,4317.0,3707.0,3.0,0.0,0,0,0,261.0,0.104,0.0,0.0
tlantz/jlayer-android-decoder,4307.0,4306.0,0.3333333333333333,0.0,0,0,0,84.0,0.047619047619047616,0.0,0.0
tltv/gantt,4348.0,3513.0,1.0,0.0,0,0,0,1109.0,8.58095238095238,0.0,0.0
tmalaska/FileIngestor,4259.0,4191.0,0.5,0.0,0,0,0,170.0,1.1851851851851851,0.0,0.0
tmalaska/Giraph.TreeRooter.Example,4474.0,4188.0,0.0,0.0,0,0,0,58.0,0.0,0.0,0.0
tmalaska/Hive.Generate.DDL,4794.0,4554.0,0.8,0.0,0,0,0,208.0,0.0,0.0,0.0
tmalaska/MapReducer.SleepJob,4463.0,4463.0,0.0,0.0,0,0,0,75.0,1.5,0.0,0.0
tmalaska/Spark..Unique.Seq.Generator,4184.0,4183.0,0.5,0.0,0,0,0,97.0,1.6666666666666667,0.0,0.0
tmalaska/hadcom.utils,4886.0,4816.0,1.2,0.0,0,0,0,248.0,0.0,0.0,0.0
tmc-cli/tmc-cli,3505.0,3462.0,2.0,0.0,0,0,0,467.0,1.474074074074074,0.0,0.0
tmfev/IDRT-Import-and-Mapping-Tool,3883.0,3531.0,1.0,0.0,0,0,0,7185.0,0.9846345514950167,0.0,0.0
tmforum/DSMAPICAT,4492.0,4428.0,1.3333333333333333,0.0,0,0,0,232.0,0.0,0.0,0.0
tminglei/form-binder-java,3830.0,3526.0,3.125,0.0,0,0,0,285.0,2.783333333333333,0.0,0.0
tminglei/page-debugging,4939.0,3576.0,1.3333333333333333,0.0,0,0,0,80.0,0.10256410256410256,0.0,0.0
tmmcguire/ashurbanipal,3950.0,3634.0,0.5,0.0,0,0,0,138.0,0.0,0.0,0.0
tmontgomery/Amaethon,3882.0,3665.0,2.6666666666666665,0.0,0,0,0,448.0,0.0,0.0,0.0
tmurakam/spring-session-mongodb,3761.0,3568.0,2.0,0.0,0,0,0,210.0,1.3650793650793651,0.0,0.0
tobiasbaum/jsync,4532.0,4531.0,0.6666666666666666,0.0,0,0,0,185.0,0.7101449275362319,0.0,0.0
tobyweston/tempus-fugit,4959.0,3752.0,3.6666666666666665,0.0,0,0,0,717.0,2.858108108108108,0.0,0.0
toddfast/typeconverter,4321.0,4320.0,3.0,0.0,0,0,0,147.0,1.2391304347826086,0.0,0.0
toddlipcon/mr-collector-benchmark,4128.0,4122.0,0.5,0.0,0,0,0,22.0,0.0,0.0,0.0
toddlipcon/nutch,6220.0,6191.0,3.0,0.0,0,0,0,5106.0,0.19133419133419133,0.0,0.0
toddtreece/Yarn-Monster,5490.0,5460.0,1.0,0.0,0,0,0,12.0,0.0,0.0,0.0
toefel18/patan,3620.0,3552.0,1.0,0.0,0,0,0,287.0,2.515625,0.0,0.0
tofi86/Jarbundler,4342.0,3549.0,1.8,0.0,0,0,0,121.0,0.23636363636363636,0.0,0.0
togglz/togglz,5108.0,3462.0,2.6,0.0,0,0,0,4812.0,3.8922888616891065,0.0,0.0
tokyojava/hellokitty,4133.0,4133.0,0.0,0.0,0,0,0,12.0,0.0,0.0,0.0
tomasbjerre/git-changelog-lib,3689.0,3461.0,0.8888888888888888,0.0,0,0,0,593.0,1.8636363636363635,0.0,0.0
tomasbjerre/violations-lib,3588.0,3520.0,0.0,0.0,0,0,0,396.0,1.651376146788991,0.0,0.0
tomascejka/arch-mvn_servlet3-webapp-jetty,4242.0,3977.0,0.0,0.0,0,0,0,66.0,0.8333333333333334,0.0,0.0
tomasdelvechio/YarnExamples,4117.0,4014.0,0.5,0.0,0,0,0,132.0,0.0,0.0,0.0
tomcz/jpasskeep,6023.0,3663.0,1.6666666666666667,0.0,0,0,0,365.0,1.1101694915254237,0.0,0.0
tomcz/spring-stringtemplate,5581.0,4585.0,4.0,0.0,0,0,0,206.0,1.0144927536231885,0.0,0.0
tomdeman-bio/Sequence-Search-Tool-for-Antimicrobial-Resistance-SSTAR-,3872.0,3536.0,0.5,0.0,0,0,0,18.0,0.0,0.0,0.0
tomdev2008/NettyServer,3787.0,3569.0,0.0,0.0,0,0,0,406.0,0.0,0.0,0.0
tomitribe/community,4283.0,4194.0,3.3333333333333335,0.0,0,0,0,301.0,1.1894736842105262,0.0,0.0
tomitribe/tomee-jaxrs-starter-project,4193.0,3525.0,1.3529411764705883,0.0,0,0,0,66.0,0.6153846153846154,0.0,0.0
tomjorquera/agent-tooling,4041.0,3819.0,0.0,0.0,0,0,0,564.0,2.9649122807017543,0.0,0.0
tomlurge/converTor,3619.0,3466.0,0.0,0.0,0,0,0,701.0,1.5376884422110553,0.0,0.0
tomlyscan/biblioteca,3491.0,3475.0,0.0,0.0,0,0,0,464.0,0.017595307917888565,0.0,0.0
tommychen1228/cordova-plugin-umeng-feedback,3633.0,3633.0,0.3333333333333333,0.0,0,0,0,126.0,0.0,0.0,0.0
tommychen1228/cordova-plugin-umeng-share,3633.0,3632.0,2.5,0.0,0,0,0,314.0,0.0,0.0,0.0
tommyettinger/GDXTexturePacker,3964.0,3821.0,1.0,0.0,0,0,0,53.0,0.2916666666666667,0.0,0.0
tommyschnabel/SimpleJavaServer,3825.0,3708.0,0.3333333333333333,0.0,0,0,0,91.0,0.7352941176470589,0.0,0.0
tomor/netbeans-php-quickmethodjump,4347.0,4282.0,2.6666666666666665,0.0,0,0,0,50.0,0.0,0.0,0.0
tomsteele/burpbuddy,4249.0,3743.0,4.266666666666667,0.0,0,0,0,158.0,0.0,0.0,0.0
tomwhite/hadoop-annotation-tools,5263.0,5262.0,0.5,0.0,0,0,0,40.0,0.625,0.0,0.0
tomwhite/jdiff,5437.0,5437.0,0.5,0.0,0,0,0,367.0,0.25,0.0,0.0
tonikelope/kissvideostreamer,4045.0,3787.0,0.3333333333333333,0.0,0,0,0,90.0,0.7058823529411765,0.0,0.0
tony19/named-regexp,4902.0,3924.0,3.1818181818181817,0.0,0,0,0,69.0,0.84,0.0,0.0
tonyd3/bktree-spellcheck,4286.0,4166.0,1.0,0.0,0,0,0,83.0,1.0357142857142858,0.0,0.0
tonysparks/leola,4666.0,3494.0,3.5,0.0,0,0,0,844.0,1.525,0.0,0.0
tonyzampogna/XssSanitizer,4923.0,3653.0,0.5714285714285714,0.0,0,0,0,112.0,0.0,0.0,0.0
toolable/namegen,3704.0,3696.0,1.0,0.0,0,0,0,118.0,0.14285714285714285,0.0,0.0
topolik/jax-ws-osgi,4290.0,4284.0,0.0,0.0,0,0,0,211.0,0.5058823529411764,0.0,0.0
torakiki/event-studio,4420.0,4079.0,0.5,0.0,0,0,0,150.0,0.0,0.0,0.0
torarnv/jotify,5764.0,5763.0,0.5,0.0,0,0,0,462.0,0.0,0.0,0.0
torgovtsev/SpaceT-Calendar,3736.0,3610.0,0.0,0.0,0,0,0,380.0,0.0,0.0,0.0
tornadoHunter/Tetris,4379.0,4350.0,0.0,0.0,0,0,0,34.0,0.0,0.0,0.0
torobotaki/justsemantics,4021.0,4012.0,0.75,0.0,0,0,0,36.0,0.0,0.0,0.0
tox4j/upsource-bot,3935.0,3901.0,0.75,0.0,0,0,0,359.0,2.102272727272727,0.0,0.0
toxeh/ExecuteQuery,4149.0,4149.0,0.0,0.0,0,0,0,4092.0,0.7348029392117569,0.0,0.0
tpavels/Game-of-Life,5183.0,5148.0,0.5,0.0,0,0,0,80.0,0.0,0.0,0.0
tpkelly/scott-logic-hackathon,4126.0,4070.0,0.0,0.0,0,0,0,46.0,0.0,0.0,0.0
tracee/contextlogger,4021.0,3540.0,0.6666666666666666,0.0,0,0,0,2286.0,1.4047619047619047,0.0,0.0
tractionsoftware/gwt-traction,4315.0,3792.0,1.5,0.0,0,0,0,548.0,0.9411764705882353,0.0,0.0
tradier/dropwizard-raven,4206.0,3483.0,2.0,0.0,0,0,0,146.0,2.625,0.0,0.0
trainboy2019/forge-1-4,3695.0,3687.0,0.0,0.0,0,0,0,14492.0,0.021760357093039476,0.0,0.0
tranchis/xsd2thrift,5855.0,3531.0,1.9090909090909092,0.0,0,0,0,193.0,0.3780487804878049,0.0,0.0
tranek/ChivalryServerBrowser,4629.0,4499.0,0.6666666666666666,0.0,0,0,0,826.0,0.0,0.0,0.0
trarck/unluac,4206.0,3740.0,1.5,0.0,0,0,0,450.0,0.0,0.0,0.0
travisspencer/stockholm-java-meetup-java-spark-demo,4021.0,4020.0,2.0,0.0,0,0,0,108.0,0.8947368421052632,0.0,0.0
treasure-data/td-jdbc,5026.0,3490.0,1.3333333333333333,0.0,0,0,0,286.0,1.5121951219512195,0.0,0.0
treasure-data/td-logger-java,5142.0,3730.0,2.0,0.0,0,0,0,153.0,0.7678571428571429,0.0,0.0
treelogic-swe/aws-mock,4550.0,3538.0,1.368421052631579,0.0,0,0,0,1620.0,11.630252100840336,0.0,0.0
trein/inmapper-ws,4463.0,4263.0,0.3333333333333333,0.0,0,0,0,464.0,0.33,0.0,0.0
trevorah/Seasonal-Hex-Game-Java,5637.0,4813.0,1.0,0.0,0,0,0,139.0,1.065217391304348,0.0,0.0
trevorhreed/timeoff,4060.0,4058.0,0.0,0.0,0,0,0,227.0,0.12037037037037036,0.0,0.0
trevorprater/serf,3854.0,3854.0,0.5,0.0,0,0,0,111.0,0.1320754716981132,0.0,0.0
treygrainger/solr-in-action,4803.0,3549.0,1.4333333333333333,0.0,0,0,0,1079.0,0.09496124031007752,0.0,0.0
trieu/netty-cookbook,4070.0,3633.0,1.1538461538461537,0.0,0,0,0,1318.0,0.0,0.0,0.0
trifork/nsi-minlog,4931.0,4485.0,0.6666666666666666,0.0,0,0,0,489.0,0.08936170212765958,0.0,0.0
triplea-game/triplea,3795.0,3462.0,1.5333333333333334,0.0,0,0,0,12330.0,3.394575678040245,0.0,0.0
trisberg/big-data-2015,3906.0,3885.0,0.5,0.0,0,0,0,194.0,0.0,0.0,0.0
troed/Courier,5109.0,3850.0,0.4666666666666667,0.0,0,0,0,134.0,1.0222222222222221,0.0,0.0
troggy/webfinger,4256.0,4242.0,0.0,0.0,0,0,0,181.0,1.05,0.0,0.0
troter/user-httpsession,5321.0,4246.0,0.5,0.0,0,0,0,1357.0,1.9970588235294118,0.0,0.0
troywatson/Lawrence-Style-Checker,3737.0,3650.0,0.75,0.0,0,0,0,44.0,0.0,0.0,0.0
trsvax/tapestry-facebook,5404.0,3585.0,1.5714285714285714,0.0,0,0,0,230.0,0.0,0.0,0.0
trulia/thoth-ml,4093.0,3999.0,2.4,0.0,0,0,0,160.0,0.0,0.0,0.0
truongduy134/levenberg-marquardt,3988.0,3779.0,0.0,0.0,0,0,0,100.0,0.0,0.0,0.0
trustedanalytics/broker-store,3778.0,3559.0,0.0,0.0,0,0,0,776.0,2.802469135802469,0.0,0.0
trustedanalytics/hadoop-admin-tools,3777.0,3559.0,0.6666666666666666,0.0,0,0,0,122.0,1.1,0.0,0.0
trustedanalytics/hbase-broker,3777.0,3476.0,0.0,0.0,0,0,0,213.0,2.1346153846153846,0.0,0.0
trustedanalytics/hdfs-broker,3777.0,3463.0,0.0,0.0,0,0,0,378.0,2.367816091954023,0.0,0.0
trustedanalytics/space-shuttle-demo,3778.0,3462.0,0.5,0.0,0,0,0,305.0,0.8962264150943396,0.0,0.0
trustedanalytics/yarn-broker,3778.0,3476.0,0.0,0.0,0,0,0,214.0,2.0754716981132075,0.0,0.0
trustin/os-maven-plugin,4248.0,3554.0,2.111111111111111,0.0,0,0,0,82.0,2.2,0.0,0.0
truward/brikar,3954.0,3486.0,0.0,0.0,0,0,0,1605.0,1.1325536062378168,0.0,0.0
trxsys/gluon,4613.0,4117.0,0.5,0.0,0,0,0,534.0,0.144,0.0,0.0
trykovyura/cordova-plugin-root-detection,3841.0,3786.0,1.0,0.0,0,0,0,18.0,0.0,0.0,0.0
trylimits/Eclipse-Postfix-Code-Completion,4239.0,3766.0,6.5,0.0,0,0,0,22196.0,0.004966588405273614,0.0,0.0
tsegismont/simone,4291.0,4291.0,6.0,0.0,0,0,0,335.0,3.5245901639344264,0.0,0.0
tsteinholz/concept,3636.0,3636.0,0.5,0.0,0,0,0,302.0,4.204081632653061,0.0,0.0
tsunday/dataset_analyzer,3826.0,3746.0,0.5,0.0,0,0,0,82.0,0.0,0.0,0.0
tsundberg/Selenium-and-the-Four-Rules-of-Simple-Design,3944.0,3717.0,0.0,0.0,0,0,0,34.0,1.2727272727272727,0.0,0.0
tsvtkv/dbmsau,4443.0,4352.0,0.0,0.0,0,0,0,374.0,0.0,0.0,0.0
ttaomae/Chat,4368.0,4368.0,0.0,0.0,0,0,0,24.0,0.0,0.0,0.0
ttaylorr/tips,4323.0,4211.0,0.6666666666666666,0.0,0,0,0,38.0,0.0,0.0,0.0
ttennebkram/dslr2drl,4522.0,4522.0,1.0,0.0,0,0,0,43.0,0.6470588235294118,0.0,0.0
tterrag1098/EnderiumPowerArmor,4316.0,4048.0,1.5,0.0,0,0,0,670.0,7.464788732394366,0.0,0.0
tterrag1098/SimpleTransmutations,4467.0,4258.0,0.3333333333333333,0.0,0,0,0,414.0,0.0,0.0,0.0
ttsu/tictactoe-java,5115.0,4719.0,1.0,0.0,0,0,0,116.0,0.8780487804878049,0.0,0.0
ttsugriy/File-System-Simulator,5821.0,5821.0,0.4,0.0,0,0,0,54.0,0.0,0.0,0.0
tuanhiep/mqtt-jmeter,4301.0,3722.0,1.4,0.0,0,0,0,130.0,0.5384615384615384,0.0,0.0
tud-stg-lang/caesar-compiler,5151.0,5151.0,2.0,0.0,0,0,0,2238.0,0.0,0.0,0.0
tudarmstadt-lt/GermaNER,3841.0,3498.0,0.6666666666666666,0.0,0,0,0,228.0,0.0,0.0,0.0
tudarmstadt-lt/sentiment,3863.0,3743.0,0.0,0.0,0,0,0,1132.0,0.0,0.0,0.0
tudelft-atlarge/graphalytics,4156.0,3464.0,0.9090909090909091,0.0,0,0,0,890.0,0.778816199376947,0.0,0.0
tudelft-atlarge/graphalytics-platforms-graphmat,3615.0,3464.0,0.0,0.0,0,0,0,192.0,0.0,0.0,0.0
tuenti/ikusth,3577.0,3577.0,5.25,0.0,0,0,0,88.0,0.5,0.0,0.0
tuguangquan/mybatis,4061.0,3618.0,1.3457943925233644,0.0,0,0,0,3192.0,0.0,0.0,0.0
tuiSSE/SWTSeminarBeispiel,3657.0,3612.0,0.0,0.0,0,0,0,66.0,0.0,0.0,0.0
tukusejssirs/Programy_v_Jave,3698.0,3694.0,0.0,0.0,0,0,0,36.0,0.0,0.0,0.0
tuliren/my_leetcode,4487.0,4001.0,0.0,0.0,0,0,0,308.0,0.0,0.0,0.0
tulskiy/jkeymaster,5306.0,3583.0,5.473684210526316,0.0,0,0,0,309.0,3.0161290322580645,0.0,0.0
tulskiy/musique,5702.0,3484.0,1.8695652173913044,0.0,0,0,0,5536.0,1.3543307086614174,0.0,0.0
tunecrew/apc40-mode,4541.0,4532.0,1.6666666666666667,0.0,0,0,0,12.0,0.0,0.0,0.0
tunnelvisionlabs/java-immutable,3860.0,3837.0,0.4,0.0,0,0,0,354.0,3.3134328358208953,0.0,0.0
tupilabs/tap4j,5341.0,3602.0,1.1666666666666667,0.0,0,0,0,1316.0,1.4145077720207253,0.0,0.0
turesheim/eclipse-timekeeper,4014.0,3732.0,3.5,0.0,0,0,0,226.0,0.0,0.0,0.0
turn/camino,3631.0,3491.0,1.0,0.0,0,0,0,488.0,1.6029411764705883,0.0,0.0
turt2live-bukkit/DumbMail,4124.0,4091.0,0.0,0.0,0,0,0,74.0,2.75,0.0,0.0
turt2live-bukkit/DumbProtection,4125.0,4091.0,0.0,0.0,0,0,0,92.0,2.9473684210526314,0.0,0.0
turtlehunter/UrielsalisBot,3585.0,3466.0,0.3333333333333333,0.0,0,0,0,42.0,0.0,0.0,0.0
tusharm/go-artifactory-plugin,4217.0,3562.0,0.5,0.0,0,0,0,268.0,0.061068702290076333,0.0,0.0
twitter/ambrose,4982.0,3464.0,5.701030927835052,0.0,0,0,0,971.0,1.3551724137931034,0.0,0.0
twitter/distributedlog,3617.0,3461.0,8.971563981042655,0.0,0,0,0,4335.0,2.6937229437229435,0.0,0.0
twitter/elephant-twin,4934.0,4933.0,4.947368421052632,0.0,0,0,0,214.0,0.07692307692307693,0.0,0.0
twitter/hpack,4378.0,3553.0,3.84375,0.0,0,0,0,253.0,1.8636363636363635,0.0,0.0
twitter/jsr166e,4623.0,4322.0,3.3333333333333335,0.0,0,0,0,73.0,1.9473684210526316,0.0,0.0
twitter/libcrunch,4681.0,4528.0,5.214285714285714,0.0,0,0,0,296.0,1.1368421052631579,0.0,0.0
twizmwazin/CardinalPGM,4059.0,3460.0,1.0689655172413792,0.0,0,0,0,1124.0,0.0,0.0,0.0
twocPlantasQueHablan/Proyecto,3895.0,3893.0,0.0,0.0,0,0,0,172.0,1.7826086956521738,0.0,0.0
twolfe18/vector,4493.0,3835.0,0.0,0.0,0,0,0,162.0,4.56,0.0,0.0
twothe/DaVincing,3974.0,3631.0,1.0,0.0,0,0,0,409.0,1.7363636363636363,0.0,0.0
txazo/txazo,3878.0,3469.0,0.5,0.0,0,0,0,1990.0,0.0,0.0,0.0
txtData/socialradar,4223.0,3569.0,1.1428571428571428,0.0,0,0,0,66.0,0.125,0.0,0.0
ty2u/ItemStacker,4917.0,4917.0,1.0,0.0,0,0,0,20.0,0.0,0.0,0.0
tyagihas/awsbigdata,4299.0,4045.0,1.5,0.0,0,0,0,106.0,0.0,0.0,0.0
tychobrailleur/biogenesis,4858.0,3508.0,1.0,0.0,0,0,0,168.0,0.0,0.0,0.0
tyouiifan/traceable-zip,4534.0,4529.0,0.0,0.0,0,0,0,1270.0,0.0,0.0,0.0
typesafehub/config,5124.0,3483.0,6.491961414790997,0.0,0,0,0,588.0,0.0,0.0,0.0
typetools/annotation-tools,3818.0,3464.0,0.8,0.0,0,0,0,2136.0,0.0018726591760299626,0.0,0.0
tyronx/vintagecraft,4010.0,3602.0,2.25,0.0,0,0,0,22991.0,1.0518980621183966,0.0,0.0
tzaeschke/distributed-phtree,3731.0,3731.0,0.0,0.0,0,0,0,758.0,0.0,0.0,0.0
tzmfreedom/embulk-output-salesforce,3830.0,3726.0,1.0,0.0,0,0,0,78.0,0.6666666666666666,0.0,0.0
uPhyca/idobata4j,4317.0,3466.0,6.666666666666667,0.0,0,0,0,212.0,0.0,0.0,0.0
uaihebert/uaiMockServer,3967.0,3703.0,8.5,0.0,0,0,0,1229.0,2.2448275862068967,0.0,0.0
uberamd/NGECore2,4543.0,4543.0,0.0,0.0,0,0,0,59878.0,0.0,0.0,0.0
uberity/uberity-lc-twilio,5043.0,5043.0,0.6666666666666666,0.0,0,0,0,28.0,0.0,0.0,0.0
ubicity-devs/ubicity-core,4456.0,3667.0,0.5,0.0,0,0,0,34.0,0.0,0.0,0.0
ucchyocean/ConnectMessage,4232.0,4232.0,0.0,0.0,0,0,0,34.0,0.0,0.0,0.0
ucchyocean/WireRod,4607.0,3569.0,0.0,0.0,0,0,0,34.0,0.0,0.0,0.0
udevbe/westmalle,3977.0,3461.0,4.0,0.0,0,0,0,2111.0,6.189922480620155,0.0,0.0
udnay/json-simple,4242.0,4241.0,0.0,0.0,0,0,0,119.0,0.75,0.0,0.0
udoprog/tiny-async-java,4028.0,3469.0,1.0,0.0,0,0,0,546.0,1.242603550295858,0.0,0.0
ufrgs-hyman/oscars-bridge,4928.0,3469.0,0.6666666666666666,0.0,0,0,0,40.0,0.0,0.0,0.0
ugol/camel-couchbase,4366.0,4354.0,0.0,0.0,0,0,0,86.0,0.0,0.0,0.0
ugurcan377/YazLabChart-,5113.0,3529.0,0.5,0.0,0,0,0,46.0,0.0,0.0,0.0
ui4j/ui4j,4118.0,3618.0,2.7142857142857144,0.0,0,0,0,761.0,1.0766129032258065,0.0,0.0
uiguard/uiguard,4177.0,4175.0,0.3333333333333333,0.0,0,0,0,718.0,0.0,0.0,0.0
ujhelyiz/Presentation-Theme,5553.0,4535.0,1.0,0.0,0,0,0,30.0,0.0,0.0,0.0
ujlayanankit/clg_website,3694.0,3519.0,0.0,0.0,0,0,0,1048.0,0.0,0.0,0.0
ujmp/universal-java-matrix-package,3795.0,3606.0,2.9,0.0,0,0,0,4752.0,0.0,0.0,0.0
ukase/handlebars-petrovich4j,3644.0,3567.0,0.5,0.0,0,0,0,83.0,1.4,0.0,0.0
ukcrpb6/jaxen-wmb-extensions,4870.0,4868.0,0.0,0.0,0,0,0,1165.0,0.874384236453202,0.0,0.0
ukf/ua-attribute-idp-ext,4995.0,4430.0,2.5,0.0,0,0,0,92.0,0.6857142857142857,0.0,0.0
ukiuni/call-remote-job-plugin,4564.0,4386.0,1.0,0.0,0,0,0,143.0,2.264705882352941,0.0,0.0
uklimaschewski/JMXWrapper,4782.0,3481.0,1.8,0.0,0,0,0,169.0,3.0294117647058822,0.0,0.0
ukuehn/sslfp,4433.0,4267.0,0.0,0.0,0,0,0,179.0,0.873015873015873,0.0,0.0
ukwa/jruby-whois,4360.0,3842.0,0.0,0.0,0,0,0,3506.0,72.63829787234043,0.0,0.0
uli-heller/uli-java-prototypes,4671.0,3650.0,0.0,0.0,0,0,0,2209.0,0.7846347607052897,0.0,0.0
ulymarins/chrome-native-messaging-java,3733.0,3731.0,0.6666666666666666,0.0,0,0,0,66.0,0.0,0.0,0.0
umartin/psgbg-coffee,4501.0,4499.0,0.0,0.0,0,0,0,227.0,1.7540983606557377,0.0,0.0
umbrew/stash-pullrequest-jenkins,4089.0,3820.0,0.6666666666666666,0.0,0,0,0,128.0,0.0,0.0,0.0
umermansoor/TrafficDistributor,3667.0,3656.0,3.8,0.0,0,0,0,157.0,1.1176470588235294,0.0,0.0
umple/dlproj,3974.0,3900.0,0.0,0.0,0,0,0,46.0,0.0,0.0,0.0
unbroken-dome/spring-integration-eventbus,3929.0,3927.0,0.4,0.0,0,0,0,268.0,1.8028169014084507,0.0,0.0
unchartedsoftware/aperture-tiles,4443.0,3478.0,3.7777777777777777,0.0,0,0,0,5853.0,2.4022556390977443,0.0,0.0
unchartedsoftware/ensemble-clustering,4443.0,3902.0,2.3333333333333335,0.0,0,0,0,701.0,0.9537815126050421,0.0,0.0
unclebob/fitnesse,6218.0,3461.0,1.8774038461538463,0.0,0,0,0,8171.0,0.4045307443365696,0.0,0.0
uncodecn/uncode-dal-all,4016.0,3580.0,1.1527777777777777,0.0,0,0,0,1093.0,3.2392344497607657,0.0,0.0
undertow-io/undertow,4898.0,3461.0,2.8986301369863012,0.0,0,0,0,6157.0,1.9812540400775696,0.0,0.0
unicesi/academ,4652.0,4575.0,0.3333333333333333,0.0,0,0,0,1574.0,0.0,0.0,0.0
uniritter/liquid-democracy,4427.0,3758.0,0.16666666666666666,0.0,0,0,0,310.0,0.0,0.0,0.0
unistra/avc-server,4389.0,3764.0,0.6666666666666666,0.0,0,0,0,1707.0,0.008225616921269096,0.0,0.0
unitsofmeasurement/si-units,3906.0,3471.0,1.5,0.0,0,0,0,400.0,1.3781512605042017,0.0,0.0
unitsofmeasurement/unit-tck,4269.0,3461.0,0.3333333333333333,0.0,0,0,0,407.0,5.051724137931035,0.0,0.0
unitsofmeasurement/uom-impl-enum,4152.0,3464.0,0.0,0.0,0,0,0,201.0,1.3278688524590163,0.0,0.0
unitsofmeasurement/uom-lib,4256.0,3554.0,0.5,0.0,0,0,0,368.0,1.1896551724137931,0.0,0.0
unitsofmeasurement/uom-systems,3847.0,3461.0,0.5,0.0,0,0,0,732.0,1.5119617224880382,0.0,0.0
universal-automata/liblevenshtein-java,4279.0,3487.0,1.3333333333333333,0.0,0,0,0,631.0,0.5942622950819673,0.0,0.0
unixunion/vertx-dockermod,4378.0,3891.0,2.0,0.0,0,0,0,361.0,1.5588235294117647,0.0,0.0
unknownloner/HeroMod,3941.0,3941.0,0.5,0.0,0,0,0,252.0,0.0,0.0,0.0
unnikked/Wireworld,4126.0,3900.0,5.5,0.0,0,0,0,58.0,0.0,0.0,0.0
unnikkedga/BooleanExpressionEvaluator,3999.0,3999.0,1.3333333333333333,0.0,0,0,0,48.0,0.0,0.0,0.0
unruly/java-8-matchers,3860.0,3490.0,2.0,0.0,0,0,0,169.0,5.125,0.0,0.0
unruly/junit-rules,4078.0,3839.0,5.5,0.0,0,0,0,134.0,3.037037037037037,0.0,0.0
uom-daris/daris,3861.0,3462.0,0.0,0.0,0,0,0,8764.0,1.4444007858546168,0.0,0.0
urbanairship/datacube,5031.0,3561.0,4.705882352941177,0.0,0,0,0,469.0,1.5954198473282444,0.0,0.0
urgrue/Java-Twitch-Api-Wrapper,3897.0,3542.0,2.4285714285714284,0.0,0,0,0,228.0,0.0,0.0,0.0
urstory/java_edu,4181.0,4180.0,1.0,0.0,0,0,0,96.0,0.0,0.0,0.0
usb4java/usb4java-javax,4320.0,3503.0,1.0,0.0,0,0,0,300.0,0.0,0.0,0.0
usc-cloud/hadoop-louvain-community,4186.0,3624.0,0.375,0.0,0,0,0,90.0,1.2857142857142858,0.0,0.0
usc-isi-i2/elasticsearch-image-features,3603.0,3484.0,3.0,0.0,0,0,0,248.0,3.5555555555555554,0.0,0.0
uservices-hackathon/dojrzewatr.io,3710.0,3662.0,0.0,0.0,0,0,0,131.0,0.015151515151515152,0.0,0.0
ushahidi/Chambua,4983.0,3668.0,1.9285714285714286,0.0,0,0,0,194.0,2.3555555555555556,0.0,0.0
usrz/java-libs-httpd,4330.0,4099.0,0.5,0.0,0,0,0,88.0,0.0,0.0,0.0
ustream/yolo,4497.0,4049.0,3.25,0.0,0,0,0,274.0,0.7058823529411765,0.0,0.0
utapyngo/owl2vcs,4744.0,4056.0,3.8,0.0,0,0,0,212.0,0.0,0.0,0.0
utir/square-2.0,3704.0,3704.0,2.0,0.0,0,0,0,1750.0,0.0,0.0,0.0
utluiz/myq,4218.0,4151.0,0.0,0.0,0,0,0,134.0,0.15873015873015872,0.0,0.0
utnfrrojava/java2016,3545.0,3461.0,2.4,0.0,0,0,0,148.0,0.0,0.0,0.0
uuverifiers/autosat,3625.0,3462.0,1.0,0.0,0,0,0,862.0,0.0,0.0,0.0
uwol/ComputationalEconomy,4622.0,3510.0,0.6666666666666666,0.0,0,0,0,1203.0,1.3472222222222223,0.0,0.0
uwolfer/gerrit-intellij-plugin,4579.0,3461.0,3.6923076923076925,0.0,0,0,0,1017.0,3.9244186046511627,0.0,0.0
v1v/jenkinslint-plugin,3816.0,3728.0,0.5,0.0,0,0,0,306.0,1.3478260869565217,0.0,0.0
v1v/maintenance-jobs-scheduler-plugin,3648.0,3640.0,0.0,0.0,0,0,0,235.0,1.2916666666666667,0.0,0.0
v4lproik/phishing-backend,4011.0,3958.0,0.5,0.0,0,0,0,182.0,2.4878048780487805,0.0,0.0
v5analytics/vertexium,3937.0,3464.0,1.3333333333333333,0.0,0,0,0,4412.0,3.807894736842105,0.0,0.0
v5developer/maven-framework-project,4186.0,3641.0,1.2945205479452055,0.0,0,0,0,12114.0,0.0,0.0,0.0
vaadin/cdi-tutorial,4052.0,4029.0,0.375,0.0,0,0,0,222.0,2.765957446808511,0.0,0.0
vaadin/gwt-api-generator,3842.0,3542.0,3.2222222222222223,0.0,0,0,0,90.0,0.0,0.0,0.0
vaadin/netbeans-plugin,4499.0,3681.0,0.5,0.0,0,0,0,718.0,0.0,0.0,0.0
vaadin/osgi-bridge-and-fragmentedui-demo,4065.0,4040.0,0.3333333333333333,0.0,0,0,0,60.0,0.0,0.0,0.0
vaadin/teleport,4193.0,3981.0,0.0,0.0,0,0,0,185.0,0.49333333333333335,0.0,0.0
vaadin/testbench-tutorial,4089.0,3953.0,0.0,0.0,0,0,0,150.0,5.238095238095238,0.0,0.0
vadia/yandexdisk,4698.0,3548.0,0.5,0.0,0,0,0,154.0,1.12,0.0,0.0
vagabond1-1983/javaDemo,3612.0,3485.0,0.7272727272727273,0.0,0,0,0,418.0,0.058823529411764705,0.0,0.0
valdasraps/resthub,4234.0,3467.0,1.75,0.0,0,0,0,1252.0,1.1827411167512691,0.0,0.0
valegrajales/recommendation_systems_lab1,3953.0,3953.0,0.5,0.0,0,0,0,1376.0,0.0,0.0,0.0
valery1707/java-locale-kazakh,3981.0,3471.0,0.5,0.0,0,0,0,142.0,1.0638297872340425,0.0,0.0
valid4j/valid4j,4318.0,3623.0,5.0,0.0,0,0,0,292.0,1.0947368421052632,0.0,0.0
valliman/savage-xr-master-server,4173.0,3882.0,1.0,0.0,0,0,0,136.0,1.2857142857142858,0.0,0.0
vanderhallenf/eloyente,4752.0,4705.0,0.0,0.0,0,0,0,204.0,0.0,0.0,0.0
vanilla-ci/vanilla-ci-core-DEAD,4242.0,4234.0,0.5,0.0,0,0,0,75.0,0.02631578947368421,0.0,0.0
vanting/course-java-example,4533.0,4276.0,0.0,0.0,0,0,0,292.0,0.0,0.0,0.0
varchev/go-generic-artifactory-poller,4121.0,3538.0,0.36363636363636365,0.0,0,0,0,173.0,1.8888888888888888,0.0,0.0
vase4kin/thucydides-teamcity-steplistener,4219.0,3929.0,0.5,0.0,0,0,0,101.0,2.2916666666666665,0.0,0.0
vasia/gelly-streaming,3952.0,3473.0,2.0,0.0,0,0,0,307.0,2.2916666666666665,0.0,0.0
vasiliygagin/junitrunner,4330.0,4330.0,0.0,0.0,0,0,0,435.0,1.099290780141844,0.0,0.0
vavio/compiler,3906.0,3842.0,0.0,0.0,0,0,0,288.0,0.0,0.0,0.0
vbauer/herald,3949.0,3466.0,17.0,0.0,0,0,0,306.0,1.1428571428571428,0.0,0.0
vbauer/houdini,3950.0,3465.0,9.333333333333334,0.0,0,0,0,225.0,1.1095890410958904,0.0,0.0
vbauer/yandex-metrica-plugin,3729.0,3693.0,2.0,0.0,0,0,0,102.0,1.5862068965517242,0.0,0.0
vbehar/nexus-rundeck-plugin,5412.0,5201.0,1.0,0.0,0,0,0,34.0,0.25,0.0,0.0
vbelinic-tgm/ETL,4316.0,4309.0,0.0,0.0,0,0,0,94.0,0.0,0.0,0.0
vbossica/azurebox,4643.0,4098.0,0.0,0.0,0,0,0,136.0,0.0,0.0,0.0
vbossica/springbox,5045.0,3729.0,0.0,0.0,0,0,0,124.0,0.0,0.0,0.0
vcucek/WildPlot,4500.0,4490.0,1.5,0.0,0,0,0,474.0,0.5202020202020202,0.0,0.0
vdenisov/mysql-connection-validator,4483.0,4483.0,0.0,0.0,0,0,0,40.0,0.8,0.0,0.0
vdenotaris/spring-boot-security-saml-sample,4167.0,3467.0,1.1323529411764706,0.0,0,0,0,288.0,3.0,0.0,0.0
vdurmont/json-mockito-matchers,4315.0,4314.0,0.5,0.0,0,0,0,73.0,1.2608695652173914,0.0,0.0
vdurmont/semver4j,3885.0,3564.0,2.5,0.0,0,0,0,99.0,1.6071428571428572,0.0,0.0
vegidio/google-translate,4249.0,3520.0,1.5,0.0,0,0,0,69.0,0.6296296296296297,0.0,0.0
vegidio/imdb-scraper,4321.0,3520.0,1.5,0.0,0,0,0,70.0,0.5714285714285714,0.0,0.0
velna/jmongo,5635.0,5571.0,1.5,0.0,0,0,0,312.0,1.14,0.0,0.0
venkatesha/git-guide,3696.0,3533.0,0.0,0.0,0,0,0,89.0,0.7575757575757576,0.0,0.0
verbit/orp,3843.0,3765.0,0.5,0.0,0,0,0,189.0,0.6901408450704225,0.0,0.0
verhas/jdsl,4384.0,3614.0,0.5,0.0,0,0,0,278.0,1.1818181818181819,0.0,0.0
verisign/storm-graphite,3972.0,3490.0,2.037037037037037,0.0,0,0,0,212.0,1.962962962962963,0.0,0.0
vert-x/vertx-junit-annotations,4764.0,4690.0,0.9090909090909091,0.0,0,0,0,278.0,0.13740458015267176,0.0,0.0
vert-x3/vertx-auth,4029.0,3462.0,0.8214285714285714,0.0,0,0,0,2406.0,3.4727272727272727,0.0,0.0
vert-x3/vertx-codegen,4226.0,3462.0,0.6153846153846154,0.0,0,0,0,2122.0,1.6369863013698631,0.0,0.0
vert-x3/vertx-embedded-mongo-db,4030.0,3462.0,0.375,0.0,0,0,0,79.0,1.5217391304347827,0.0,0.0
vert-x3/vertx-jgroups,3968.0,3462.0,0.75,0.0,0,0,0,286.0,1.0638297872340425,0.0,0.0
vert-x3/vertx-lang-ceylon,3819.0,3462.0,2.0,0.0,0,0,0,2369.0,2.490530303030303,0.0,0.0
vert-x3/vertx-lang-python,4053.0,3503.0,0.5,0.0,0,0,0,44.0,0.0,0.0,0.0
vert-x3/vertx-service-proxy,4073.0,3462.0,1.0454545454545454,0.0,0,0,0,281.0,1.10989010989011,0.0,0.0
vert-x3/vertx-shell,3804.0,3462.0,1.8,0.0,0,0,0,903.0,1.1314878892733564,0.0,0.0
vert-x3/vertx-sql-common,3961.0,3462.0,0.8461538461538461,0.0,0,0,0,196.0,1.09375,0.0,0.0
vert-x3/vertx-stack,4149.0,3462.0,2.3333333333333335,0.0,0,0,0,232.0,0.034782608695652174,0.0,0.0
vert-x3/vertx-stomp,3780.0,3462.0,2.25,0.0,0,0,0,702.0,1.4509803921568627,0.0,0.0
vert-x3/vertx-sync,3853.0,3462.0,3.111111111111111,0.0,0,0,0,201.0,2.06,0.0,0.0
vertica/Vertica-Hadoop-Connector,4932.0,3912.0,0.8409090909090909,0.0,0,0,0,142.0,0.0,0.0,0.0
vertigo17/Cerberus,4491.0,3461.0,1.375,0.0,0,0,0,5364.0,1.5442536327608982,0.0,0.0
verto/java-graphviz,5629.0,4338.0,1.7,0.0,0,0,0,128.0,1.0952380952380953,0.0,0.0
vhakulinen/neovim-intellij-complete,3533.0,3466.0,19.0,0.0,0,0,0,38.0,0.0,0.0,0.0
vhyza/elasticsearch-analysis-lemmagen,4404.0,3494.0,7.5,0.0,0,0,0,84.0,0.0,0.0,0.0
viadeo/axon-kafka-terminal,4267.0,4233.0,3.3333333333333335,0.0,0,0,0,134.0,0.0,0.0,0.0
viadeo/viadeo-avro-utils,4310.0,4200.0,0.5,0.0,0,0,0,112.0,0.0,0.0,0.0
viatra/EMF-IncQuery-Examples,4963.0,3503.0,0.375,0.0,0,0,0,4216.0,0.0,0.0,0.0
viatra/viatra-dse-swarm,3820.0,3585.0,0.0,0.0,0,0,0,3778.0,0.0,0.0,0.0
vibneiro/dispatching,3884.0,3821.0,1.0,0.0,0,0,0,547.0,3.4356435643564356,0.0,0.0
vibur/vibur-object-pool,3965.0,3481.0,3.6,0.0,0,0,0,104.0,1.2121212121212122,0.0,0.0
vic/ioke-outdated,6166.0,5866.0,0.3333333333333333,0.0,0,0,0,2270.0,1.5555555555555556,0.0,0.0
victims/victims-lib-java,4617.0,4068.0,0.375,0.0,0,0,0,221.0,1.0135135135135136,0.0,0.0
victims/victims-plugin-ant,4617.0,4034.0,0.25,0.0,0,0,0,130.0,0.8085106382978723,0.0,0.0
victims/victims-plugin-jenkins,4466.0,4425.0,1.0,0.0,0,0,0,201.0,1.9803921568627452,0.0,0.0
victordmontero/JCE,3562.0,3534.0,0.0,0.0,0,0,0,600.0,0.5948275862068966,0.0,0.0
victoriawt/csc207-hw5,4303.0,4303.0,0.0,0.0,0,0,0,52.0,0.0,0.0,0.0
vidplace7/BlockPhysics,4384.0,4384.0,0.0,0.0,0,0,0,980.0,29.677419354838708,0.0,0.0
vietansegan/sits,4267.0,4019.0,0.75,0.0,0,0,0,114.0,0.8292682926829268,0.0,0.0
viglucci/app-jcef-example,3648.0,3648.0,2.0,0.0,0,0,0,730.0,1.6237623762376239,0.0,0.0
vigna/fastutil,3871.0,3531.0,6.71875,0.0,0,0,0,480.0,0.016736401673640166,0.0,0.0
vijayanandvk/cq-tech,4466.0,4466.0,0.0,0.0,0,0,0,298.0,0.0,0.0,0.0
viktorstrate/mcAssault,4046.0,3950.0,0.6666666666666666,0.0,0,0,0,76.0,0.0,0.0,0.0
viktozhu/java-beginners,3889.0,3830.0,0.0,0.0,0,0,0,128.0,0.0,0.0,0.0
viktozhu/selenium-qc,4179.0,3897.0,0.0,0.0,0,0,0,194.0,1.0625,0.0,0.0
villeteam/ville-standardutils,4359.0,3484.0,0.0,0.0,0,0,0,2111.0,2.0018939393939394,0.0,0.0
vilmospapp/qrcode-display-portlet,4618.0,4588.0,0.25,0.0,0,0,0,122.0,0.0,0.0,0.0
viltgroup/minium,4581.0,3567.0,4.0,0.0,0,0,0,2668.0,2.6924428822495607,0.0,0.0
vimsh/mafscaling,4324.0,3484.0,3.0,0.0,0,0,0,172.0,0.0,0.0,0.0
vimukthi-git/OpenGTS_2.4.9,4587.0,4587.0,1.0,0.0,0,0,0,1988.0,0.0,0.0,0.0
vincelasal/Spout,4213.0,3674.0,1.5,0.0,0,0,0,20.0,0.0,0.0,0.0
vincent-zurczak/time-sheet-generator,4177.0,3698.0,0.3333333333333333,0.0,0,0,0,77.0,1.16,0.0,0.0
vincentsaluzzo/jTileDownloader,4991.0,4990.0,1.3333333333333333,0.0,0,0,0,945.0,0.008438818565400843,0.0,0.0
vinctzhang/LockManager,3501.0,3493.0,0.5,0.0,0,0,0,72.0,1.3636363636363635,0.0,0.0
viniciusccarvalho/gnomes-demo,3825.0,3825.0,0.5,0.0,0,0,0,130.0,0.0,0.0,0.0
vinta/pangu.java,4045.0,3864.0,3.5,0.0,0,0,0,111.0,1.7666666666666666,0.0,0.0
vinthuy/gadvice,4416.0,4390.0,0.0,0.0,0,0,0,274.0,0.0,0.0,0.0
vinumeris/lighthouse,4112.0,3596.0,4.370967741935484,0.0,0,0,0,398.0,0.0,0.0,0.0
vinyanalista/IA,4055.0,4018.0,0.0,0.0,0,0,0,84.0,0.0,0.0,0.0
virgo/selenium-framework,3975.0,3891.0,0.0,0.0,0,0,0,149.0,1.2826086956521738,0.0,0.0
viritin/viritin,4335.0,3461.0,2.128205128205128,0.0,0,0,0,1136.0,3.7766497461928936,0.0,0.0
virtworld/Java-Http-Server,4450.0,3937.0,0.0,0.0,0,0,0,298.0,0.0,0.0,0.0
virustotalop/FactionsReloaded,3893.0,3679.0,1.5,0.0,0,0,0,116.0,0.0,0.0,0.0
visage-lang/visage-compiler,4847.0,4827.0,1.3333333333333333,0.0,0,0,0,9452.0,0.0,0.0,0.0
vishnubob/hdpov,5354.0,5354.0,0.5,0.0,0,0,0,10.0,0.0,0.0,0.0
vistaprint/octopus-jenkins-plugin,3814.0,3731.0,0.8,0.0,0,0,0,316.0,1.5333333333333334,0.0,0.0
vistarmedia/metrics-datadog,4974.0,4332.0,0.5416666666666666,0.0,0,0,0,89.0,1.0333333333333334,0.0,0.0
vitallan/BasicSpringMVC,4640.0,4638.0,0.5,0.0,0,0,0,131.0,2.75,0.0,0.0
vitalliuss/PDF-java-printer,4227.0,4222.0,0.0,0.0,0,0,0,48.0,0.0,0.0,0.0
vitaly-chibrikov/homework_tester,3767.0,3568.0,0.2631578947368421,0.0,0,0,0,478.0,0.0,0.0,0.0
vitzli/recipedumper,4196.0,4191.0,0.8,0.0,0,0,0,50.0,0.0,0.0,0.0
vivekmittal/javaq,3790.0,3785.0,0.75,0.0,0,0,0,136.0,1.0,0.0,0.0
vivganes/SalesforceHerokuExample,4092.0,4079.0,0.0,0.0,0,0,0,267.0,2.719298245614035,0.0,0.0
vivganes/what-is-mapreduce-blog-post,4286.0,4275.0,0.25,0.0,0,0,0,64.0,0.0,0.0,0.0
vivin/GenericTree,5762.0,3525.0,1.302325581395349,0.0,0,0,0,58.0,0.7272727272727273,0.0,0.0
vjuranek/copy-project-link,5423.0,4633.0,0.0,0.0,0,0,0,90.0,2.1818181818181817,0.0,0.0
vjuranek/radargun-plugin,4163.0,3594.0,0.0,0.0,0,0,0,374.0,1.514018691588785,0.0,0.0
vladimir-bukhtoyarov/metrics-core-hdr,3720.0,3517.0,0.5,0.0,0,0,0,162.0,1.346938775510204,0.0,0.0
vladimir-lu/grapple,3953.0,3953.0,0.0,0.0,0,0,0,293.0,1.3522727272727273,0.0,0.0
vladimirvivien/clamshell-cli,4321.0,3769.0,2.5454545454545454,0.0,0,0,0,567.0,1.1092896174863387,0.0,0.0
vladmihalcea/high-performance-java-persistence,3715.0,3463.0,2.3333333333333335,0.0,0,0,0,1054.0,0.0,0.0,0.0
vlaushkin/program-ab,3935.0,3935.0,0.5,0.0,0,0,0,724.0,0.23384615384615384,0.0,0.0
vlsi/optiq-mat-plugin,4348.0,4061.0,3.5,0.0,0,0,0,76.0,0.0,0.0,0.0
vmaudgalya/projects,3717.0,3525.0,0.0,0.0,0,0,0,16.0,0.0,0.0,0.0
vmk/rite,5023.0,4165.0,0.0,0.0,0,0,0,276.0,0.0,0.0,0.0
vmonaco/behavioral-biometrics-logger,4485.0,4296.0,0.0,0.0,0,0,0,42.0,0.0,0.0,0.0
vmware/upgrade-framework,4200.0,3484.0,1.25,0.0,0,0,0,1420.0,2.9204152249134947,0.0,0.0
vmware/vchs,4116.0,4094.0,0.0,0.0,0,0,0,76.0,0.0,0.0,0.0
vmware/vco-powershel-plugin,4532.0,4507.0,0.3333333333333333,0.0,0,0,0,332.0,0.0,0.0,0.0
vmware/workflowTools,4168.0,3461.0,1.0,0.0,0,0,0,1335.0,1.1093023255813954,0.0,0.0
vnc-biz/vnc-history-zimlet,4723.0,3603.0,0.3333333333333333,0.0,0,0,0,66.0,0.0,0.0,0.0
vnugent/rhqlab-ircbot,4396.0,3744.0,0.0,0.0,0,0,0,42.0,0.0,0.0,0.0
vogellacompany/examples-eclipse,4050.0,3471.0,2.0,0.0,0,0,0,760.0,0.0,0.0,0.0
voho/examples,3959.0,3603.0,0.0,0.0,0,0,0,412.0,0.3258426966292135,0.0,0.0
voho/wiki-generator,3920.0,3918.0,0.0,0.0,0,0,0,68.0,0.0,0.0,0.0
vojtechhabarta/typescript-generator,4060.0,3468.0,2.8461538461538463,0.0,0,0,0,651.0,1.9575757575757575,0.0,0.0
voldemort/voldemort,6043.0,3462.0,3.481707317073171,0.0,0,0,0,3610.0,0.0,0.0,0.0
volkertb/autoproxy-maven-plugin,4058.0,3750.0,0.3333333333333333,0.0,0,0,0,102.0,0.8888888888888888,0.0,0.0
vonZeppelin/planning-poker,4743.0,4552.0,1.6666666666666667,0.0,0,0,0,604.0,2.590909090909091,0.0,0.0
voodoodyne/subetha,3913.0,3865.0,0.6,0.0,0,0,0,3148.0,0.0,0.0,0.0
vorburger/LearningSirius,4059.0,4048.0,0.0,0.0,0,0,0,220.0,0.0,0.0,0.0
vorburger/eLang,5245.0,3515.0,0.5,0.0,0,0,0,759.0,4.137096774193548,0.0,0.0
vorburger/mifos-head,5551.0,5430.0,1.0,0.0,0,0,0,12872.0,0.0,0.0,0.0
vorburger/mvnDeployGitHubTravisCI,4513.0,4511.0,3.5,0.0,0,0,0,73.0,1.2608695652173914,0.0,0.0
voxeo/voxeo-regexp,4577.0,4577.0,1.0,0.0,0,0,0,180.0,0.0,0.0,0.0
voxeolabs/moho,5737.0,3465.0,2.8461538461538463,0.0,0,0,0,3191.0,0.6388429752066116,0.0,0.0
vrakoton/ATG11Extensions,3657.0,3474.0,0.0,0.0,0,0,0,114.0,0.0,0.0,0.0
vramdhanie/snake,4067.0,3999.0,0.0,0.0,0,0,0,99.0,1.15625,0.0,0.0
vratsel/generic-jms-ra,4555.0,4674.0,0.0625,0.0,0,0,0,168.0,0.9824561403508771,0.0,0.0
vs49688/RAFTools,3730.0,3537.0,1.0,0.0,0,0,0,194.0,0.0,0.0,0.0
vtkio/vtk,3982.0,3512.0,0.0,0.0,0,0,0,10842.0,0.0,0.0,0.0
vvydier/ClaimAcademy,3797.0,3526.0,0.0,0.0,0,0,0,826.0,0.0,0.0,0.0
vxnick/abilitytrader,4826.0,4518.0,1.0,0.0,0,0,0,22.0,0.0,0.0,0.0
vy/quasar-maven-plugin,4130.0,3689.0,1.25,0.0,0,0,0,53.0,1.9285714285714286,0.0,0.0
vzaliva/BikeDashboard,4357.0,3700.0,0.5,0.0,0,0,0,74.0,0.0,0.0,0.0
vzhovtyuk/georgy,3707.0,3660.0,0.5,0.0,0,0,0,138.0,1.1111111111111112,0.0,0.0
w7cook/batch-java-runtime,4888.0,4619.0,1.0,0.0,0,0,0,276.0,0.0,0.0,0.0
wJsJwr/MAWalker,4507.0,4295.0,0.21428571428571427,0.0,0,0,0,122.0,0.0,0.0,0.0
waarp/WaarpCommon,4920.0,3471.0,0.5,0.0,0,0,0,558.0,0.0,0.0,0.0
waarp/WaarpDigest,4923.0,3541.0,0.6666666666666666,0.0,0,0,0,130.0,1.0,0.0,0.0
waarp/WaarpFtp,4920.0,3541.0,1.8333333333333333,0.0,0,0,0,742.0,0.9641434262948207,0.0,0.0
waarp/WaarpFtpClient,4776.0,3541.0,1.0,0.0,0,0,0,156.0,0.9811320754716981,0.0,0.0
waarp/WaarpGatewayKernel,4861.0,3464.0,0.25,0.0,0,0,0,343.0,1.1081081081081081,0.0,0.0
waarp/WaarpXmlEditor,4910.0,3596.0,1.5,0.0,0,0,0,138.0,0.0,0.0,0.0
waelawada/generic-reporter,4438.0,4142.0,0.5,0.0,0,0,0,160.0,2.263157894736842,0.0,0.0
waffles87/laststand,4061.0,4061.0,0.0,0.0,0,0,0,34.0,0.0,0.0,0.0
wainepereira/sistemadesaude,3738.0,3703.0,2.0,0.0,0,0,0,272.0,0.0,0.0,0.0
wakaleo/maven-schemaspy-plugin,5500.0,4957.0,1.5384615384615385,0.0,0,0,0,559.0,1.048913043478261,0.0,0.0
wakizaka/spring-data-riak,4207.0,4207.0,0.0,0.0,0,0,0,55.0,1.1666666666666667,0.0,0.0
waldheinz/fat32-lib,4485.0,3789.0,1.2727272727272727,0.0,0,0,0,388.0,1.8235294117647058,0.0,0.0
walkmod/walkmod-javalang-plugin,4369.0,3469.0,0.6666666666666666,0.0,0,0,0,193.0,2.5348837209302326,0.0,0.0
walkmod/walkmod-setter-getter-plugin,4367.0,4122.0,0.0,0.0,0,0,0,98.0,2.0,0.0,0.0
wallrat/labs-redis-clojure,5015.0,4597.0,3.25,0.0,0,0,0,46.0,0.0,0.0,0.0
walokra/markdown-page-generator-plugin,4494.0,3619.0,1.1,0.0,0,0,0,236.0,1.0909090909090908,0.0,0.0
waltercrdz/tacs-tit4tat-GrupoXX,4124.0,3951.0,0.0,0.0,0,0,0,621.0,1.0096618357487923,0.0,0.0
walterschell/jmrtd-noeac,4095.0,4095.0,0.0,0.0,0,0,0,118.0,0.0,0.0,0.0
walti/walti-plugin,3775.0,3684.0,0.0,0.0,0,0,0,145.0,1.5,0.0,0.0
wanasit/LiteSVM,4048.0,4016.0,0.0,0.0,0,0,0,118.0,2.6153846153846154,0.0,0.0
wanasit/chrono-java,4256.0,4070.0,1.0,0.0,0,0,0,251.0,1.0119047619047619,0.0,0.0
wandora-team/wandora,4186.0,3507.0,6.8,0.0,0,0,0,8480.0,0.001415762151958471,0.0,0.0
wang159/CS541,3944.0,3885.0,0.0,0.0,0,0,0,2116.0,0.0,0.0,0.0
wang3/ISPRSODC,3658.0,3658.0,1.0,0.0,0,0,0,174.0,0.05555555555555555,0.0,0.0
wanghao2020/FiveChess,3543.0,3522.0,0.0,0.0,0,0,0,56.0,0.0,0.0,0.0
wangjiegulu/AndroidParcelablePlugin,3721.0,3609.0,8.666666666666666,0.0,0,0,0,70.0,0.0,0.0,0.0
wangyangjun/StreamBench,3736.0,3504.0,1.5,0.0,0,0,0,4592.0,0.0,0.0,0.0
wangym/koubei-mongo,4591.0,3601.0,1.0,0.0,0,0,0,155.0,1.14,0.0,0.0
wangyong1991/pony,3941.0,3720.0,0.0,0.0,0,0,0,328.0,0.0,0.0,0.0
wangzijian777/snmpTool,4214.0,3900.0,0.0,0.0,0,0,0,104.0,0.0,0.0,0.0
waratek/spiracle,4074.0,3470.0,0.25,0.0,0,0,0,380.0,0.9384615384615385,0.0,0.0
warmbreeze/sharded-jedis-sentinel-pool,4319.0,3779.0,0.9402985074626866,0.0,0,0,0,69.0,1.380952380952381,0.0,0.0
warningrc/learn-spring,3969.0,3927.0,0.0,0.0,0,0,0,368.0,2.4047619047619047,0.0,0.0
warriordog/Boxle-Game,4108.0,3944.0,1.5,0.0,0,0,0,498.0,0.0,0.0,0.0
wasadigi/Teaching-MSE-SEA-2016-Instruments,3532.0,3514.0,0.034482758620689655,0.0,0,0,0,96.0,0.0,0.0,0.0
waseemh/lxc-java,4210.0,3598.0,1.6,0.0,0,0,0,105.0,0.6097560975609756,0.0,0.0
washingtonpost/dropwizard-peer-authenticator,3776.0,3597.0,0.2,0.0,0,0,0,135.0,1.2619047619047619,0.0,0.0
washingtonpost/wordpress-rest-api-java-client,3771.0,3764.0,0.6666666666666666,0.0,0,0,0,76.0,0.0,0.0,0.0
wasiahmad/Mining-Stack-Overflow,3579.0,3528.0,0.0,0.0,0,0,0,158.0,0.07792207792207792,0.0,0.0
wasiahmad/Privacy-Preserving-IR,3547.0,3483.0,0.0,0.0,0,0,0,132.0,0.09375,0.0,0.0
watanuoli/CloudAtlas,4210.0,4183.0,0.25,0.0,0,0,0,476.0,0.0,0.0,0.0
watchFire/watchFire,4265.0,3927.0,0.25,0.0,0,0,0,194.0,0.0,0.0,0.0
watsonta/EcobeeAPIWrapper,3968.0,3950.0,0.0,0.0,0,0,0,213.0,1.6440677966101696,0.0,0.0
wavefrontHQ/java,3764.0,3465.0,0.4090909090909091,0.0,0,0,0,960.0,3.117021276595745,0.0,0.0
waynedyck/gwt-gantt,4245.0,3494.0,2.25,0.0,0,0,0,378.0,2.0,0.0,0.0
wazy/MHKC,4324.0,4246.0,0.0,0.0,0,0,0,202.0,0.0,0.0,0.0
wbinglee/maven-s3-repo,4127.0,4127.0,1.5,0.0,0,0,0,84.0,0.0,0.0,0.0
wbstr/liferay-newsletter,4508.0,4191.0,1.0,0.0,0,0,0,436.0,0.19,0.0,0.0
wbstr/vaadin-recaptcha,4411.0,3591.0,0.2,0.0,0,0,0,176.0,2.13953488372093,0.0,0.0
wcm-io/wcm-io-config,3806.0,3517.0,0.5,0.0,0,0,0,562.0,0.0,0.0,0.0
wcm-io/wcm-io-handler,3806.0,3517.0,0.0,0.0,0,0,0,1138.0,0.0,0.0,0.0
wcm-io/wcm-io-sling,3806.0,3589.0,1.0,0.0,0,0,0,234.0,0.0,0.0,0.0
wcm-io/wcm-io-wcm,3806.0,3517.0,1.3333333333333333,0.0,0,0,0,586.0,0.0,0.0,0.0
wcmatthysen/mx-native-loader,4915.0,4915.0,1.0,0.0,0,0,0,77.0,1.434782608695652,0.0,0.0
wdawson/dropwizard-auth-example,3661.0,3575.0,0.16666666666666666,0.0,0,0,0,335.0,1.179245283018868,0.0,0.0
wdpressplus/Jenkins_Practical_Guide_2nd_Edition,3853.0,3851.0,0.3,0.0,0,0,0,148.0,1.8461538461538463,0.0,0.0
wealthfront/kawala,5512.0,3608.0,3.6,0.0,0,0,0,520.0,0.18410041841004185,0.0,0.0
wealthfront/thompson-sampling,4450.0,4172.0,0.8,0.0,0,0,0,104.0,1.5333333333333334,0.0,0.0
weaondara/BungeePerms,4639.0,3522.0,0.7,0.0,0,0,0,535.0,1.122093023255814,0.0,0.0
web-education/mod-image-resizer,4347.0,3535.0,0.5,0.0,0,0,0,171.0,2.942857142857143,0.0,0.0
web-education/vertx-swift-client,3986.0,3548.0,0.0,0.0,0,0,0,136.0,5.2631578947368425,0.0,0.0
web-innovate/java-automation-framework,3587.0,3575.0,0.3333333333333333,0.0,0,0,0,104.0,1.1176470588235294,0.0,0.0
web-traffic-simulator/web-traffic-simulator,4036.0,4020.0,0.25,0.0,0,0,0,343.0,1.0263157894736843,0.0,0.0
webbit/webbit,5447.0,3994.0,4.506329113924051,0.0,0,0,0,714.0,1.2545454545454546,0.0,0.0
webbukkit/DynmapCoreAPI,5081.0,3473.0,0.5625,0.0,0,0,0,180.0,0.9836065573770492,0.0,0.0
webbukkit/dynmap-api,5144.0,3464.0,1.0909090909090908,0.0,0,0,0,38.0,0.8571428571428571,0.0,0.0
webdetails/cfr,4767.0,3462.0,0.5,0.0,0,0,0,866.0,1.542857142857143,0.0,0.0
webdizz/fault-tolerance-talk,3886.0,3847.0,0.25,0.0,0,0,0,375.0,1.016,0.0,0.0
webdizz/jobolizer,4035.0,3941.0,0.4,0.0,0,0,0,180.0,0.0449438202247191,0.0,0.0
webmagic-io/jobhunter,4251.0,4246.0,0.8108108108108109,0.0,0,0,0,181.0,0.47297297297297297,0.0,0.0
webmotion-framework/webmotion,3903.0,3546.0,0.3333333333333333,0.0,0,0,0,3425.0,2.5938337801608577,0.0,0.0
wedabecha/wedabecha,5181.0,5181.0,0.6666666666666666,0.0,0,0,0,214.0,0.0,0.0,0.0
wedeploy/api-java,4034.0,3462.0,0.2,0.0,0,0,0,605.0,0.759090909090909,0.0,0.0
weisong44/infra-mgmt-monitor,3952.0,3942.0,0.0,0.0,0,0,0,296.0,0.0,0.0,0.0
weisong44/infra-mgmt-websocket,3952.0,3952.0,0.0,0.0,0,0,0,1082.0,1.5540983606557377,0.0,0.0
weld/api,5611.0,3465.0,0.9705882352941176,0.0,0,0,0,727.0,1.2986425339366516,0.0,0.0
weld/core,5611.0,3462.0,1.1701030927835052,0.0,0,0,0,20756.0,1.1624009750152346,0.0,0.0
wendal/whale,4056.0,4052.0,0.3333333333333333,0.0,0,0,0,104.0,0.0,0.0,0.0
wendelfleming/USC-LunchNLearn-ElasticSearch,3823.0,3726.0,1.0,0.0,0,0,0,404.0,0.0,0.0,0.0
wendykierp/JTransforms,4184.0,3632.0,2.96,0.0,0,0,0,1170.0,5.325,0.0,0.0
wenerme/GTetris,4448.0,3627.0,0.0,0.0,0,0,0,336.0,1.3465346534653466,0.0,0.0
wenqf11/major-recommendation,3668.0,3624.0,0.0,0.0,0,0,0,120.0,0.0,0.0,0.0
wensheng/JuicyRaspberryPie,3891.0,3480.0,1.5,0.0,0,0,0,74.0,0.0,0.0,0.0
westlinkin/AndroidLocalizationer,4035.0,3526.0,6.743589743589744,0.0,0,0,0,90.0,0.0,0.0,0.0
weswilliams/GivWenZen,4763.0,3996.0,0.8235294117647058,0.0,0,0,0,4327.0,0.10452114730189596,0.0,0.0
wfink/jboss-as-quickstart,4399.0,3794.0,0.75,0.0,0,0,0,5414.0,0.0,0.0,0.0
wg/lettuce,5382.0,3878.0,3.588235294117647,0.0,0,0,0,291.0,1.184782608695652,0.0,0.0
wgoossens/sopc2dts,4151.0,3556.0,0.5,0.0,0,0,0,292.0,0.0,0.0,0.0
wh007/wcp,3766.0,3716.0,0.0,0.0,0,0,0,84.0,0.0,0.0,0.0
wh81752/flaka,3849.0,3776.0,0.0,0.0,0,0,0,549.0,0.6747572815533981,0.0,0.0
whale2/iow-hadoop-streaming,4123.0,3600.0,3.0,0.0,0,0,0,151.0,2.135135135135135,0.0,0.0
whamtet/BasicPlayer,4251.0,4250.0,0.5,0.0,0,0,0,62.0,0.0,0.0,0.0
whatugonnado/NetADS,3865.0,3566.0,0.0,0.0,0,0,0,148.0,1.125,0.0,0.0
whispir/whispir-java-sdk,4118.0,3525.0,1.3333333333333333,0.0,0,0,0,216.0,2.9545454545454546,0.0,0.0
whitelilis/kafka2hadoop,4379.0,4375.0,0.8,0.0,0,0,0,22.0,0.0,0.0,0.0
whitepages/white-elephant,5184.0,5177.0,1.0,0.0,0,0,0,78.0,0.0,0.0,0.0
whitesource/fs-agent,4178.0,3486.0,0.0,0.0,0,0,0,64.0,0.0,0.0,0.0
whitesource/whitesource-bamboo-agent,4873.0,3464.0,0.0,0.0,0,0,0,114.0,0.0,0.0,0.0
whizzosoftware/hobson-hub-core,4031.0,3469.0,1.5,0.0,0,0,0,484.0,0.0,0.0,0.0
whois-server-list/whois-server-list-api,4171.0,3552.0,1.0,0.0,0,0,0,153.0,1.163265306122449,0.0,0.0
wichmann/Schaltwerk,4527.0,4522.0,0.5,0.0,0,0,0,146.0,0.0,0.0,0.0
wichtounet/benchmark-utils,5610.0,5499.0,1.0,0.0,0,0,0,20.0,0.0,0.0,0.0
wicket-acc/wicket-autowire,4456.0,3623.0,3.3333333333333335,0.0,0,0,0,191.0,1.3859649122807018,0.0,0.0
wiflish/bulk-framework,5000.0,3818.0,1.0,0.0,0,0,0,497.0,0.8514285714285714,0.0,0.0
wikimedia/cassandra-metrics-collector,3820.0,3483.0,0.8333333333333334,0.0,0,0,0,191.0,1.3859649122807018,0.0,0.0
wikimedia/search-repository-swift,4252.0,3471.0,0.55,0.0,0,0,0,137.0,2.793103448275862,0.0,0.0
wikipathways/wikipathways-api-client-java,3965.0,3476.0,0.0,0.0,0,0,0,186.0,0.0,0.0,0.0
wil3/lacus,4387.0,3878.0,1.5,0.0,0,0,0,177.0,1.1964285714285714,0.0,0.0
wildfly-swarm/wildfly-swarm-logstash,3588.0,3468.0,0.0,0.0,0,0,0,231.0,1.5846153846153845,0.0,0.0
wildfly-swarm/wildfly-swarm-servers,3587.0,3463.0,0.5,0.0,0,0,0,98.0,1.4482758620689655,0.0,0.0
wildfly/jandex-maven-plugin,5066.0,3570.0,0.6363636363636364,0.0,0,0,0,62.0,1.2,0.0,0.0
wildfly/wildfly-arquillian,4184.0,3463.0,0.27586206896551724,0.0,0,0,0,3747.0,7.3725,0.0,0.0
wilds/GoogleMapWidgetV3,4404.0,3590.0,0.0,0.0,0,0,0,78.0,0.0,0.0,0.0
wilkeraziz/PET,4867.0,3568.0,0.125,0.0,0,0,0,1167.0,0.8442822384428224,0.0,0.0
williamFalcon/TheStartupJavaServer,4373.0,4178.0,0.0,0.0,0,0,0,118.0,0.0,0.0,0.0
williamlucia/spark-dbscan,3731.0,3512.0,2.0,0.0,0,0,0,149.0,0.359375,0.0,0.0
williammartin/illuminator,3896.0,3890.0,0.5,0.0,0,0,0,58.0,0.0,0.0,0.0
williballenthin/Autopsy-WindowsRegistryContentViewer,4410.0,3896.0,0.4,0.0,0,0,0,52.0,0.0,0.0,0.0
williballenthin/RejView,4512.0,4500.0,0.0,0.0,0,0,0,52.0,0.0,0.0,0.0
williewheeler/kite,4964.0,4902.0,1.1176470588235294,0.0,0,0,0,228.0,0.987012987012987,0.0,0.0
willis7/enterprise-gradle,3816.0,3658.0,0.0,0.0,0,0,0,212.0,0.45977011494252873,0.0,0.0
willmenn/biblioteca,3584.0,3577.0,0.5,0.0,0,0,0,130.0,0.12903225806451613,0.0,0.0
willwangcn/gemini,4164.0,4128.0,0.5,0.0,0,0,0,86.0,0.0,0.0,0.0
winder/Universal-G-Code-Sender,4920.0,3467.0,1.544186046511628,0.0,0,0,0,3170.0,2.7771084337349397,0.0,0.0
winder/simpleJavaGrblStreamer,3829.0,3829.0,0.0,0.0,0,0,0,43.0,1.75,0.0,0.0
windj007/uima-serialization,4265.0,4262.0,0.0,0.0,0,0,0,174.0,1.0344827586206897,0.0,0.0
windsurfer/LaserSeaDestruction,5375.0,5345.0,1.0,0.0,0,0,0,202.0,0.0,0.0,0.0
windup/class-body-stripper,3483.0,3482.0,0.5,0.0,0,0,0,49.0,1.6428571428571428,0.0,0.0
windup/windup,4616.0,3461.0,0.6410256410256411,0.0,0,0,0,11776.0,1.887128712871287,0.0,0.0
windy1/google-places-api-java,4326.0,3461.0,1.9516129032258065,0.0,0,0,0,150.0,1.2340425531914894,0.0,0.0
winguse/NENULiveBoard,4808.0,3705.0,3.0,0.0,0,0,0,162.0,0.0,0.0,0.0
winklerm/phreak-examples,4331.0,4288.0,1.5,0.0,0,0,0,172.0,0.0,0.0,0.0
winterbe/java8-explorer,4283.0,4281.0,1.8,0.0,0,0,0,58.0,0.4,0.0,0.0
wipatrick/docker-kafka-storm,3674.0,3672.0,1.0,0.0,0,0,0,136.0,0.0,0.0,0.0
wiperdog/netty-servlet-bridge,4227.0,4212.0,0.0,0.0,0,0,0,148.0,1.125,0.0,0.0
wired-mind/usher,4088.0,3617.0,1.0,0.0,0,0,0,708.0,1.1555555555555554,0.0,0.0
wisdom-framework/wisdom-orientdb,4239.0,3651.0,0.5,0.0,0,0,0,727.0,4.126050420168068,0.0,0.0
witchpou/lirejarp,3977.0,3494.0,0.6666666666666666,0.0,0,0,0,490.0,0.0,0.0,0.0
witoldsz/ultm,4047.0,3535.0,3.0,0.0,0,0,0,109.0,1.2647058823529411,0.0,0.0
wjaskowski/2048-gecco-2015-competition,3919.0,3882.0,0.0,0.0,0,0,0,139.0,1.1333333333333333,0.0,0.0
wjw465150/uncode-schedule,3779.0,3666.0,1.125,0.0,0,0,0,76.0,0.0,0.0,0.0
wlloyd/eiger,4678.0,3714.0,5.4,0.0,0,0,0,2545.0,0.06569343065693431,0.0,0.0
wmira/nosql-jdbc,4005.0,3938.0,0.5,0.0,0,0,0,185.0,1.2241379310344827,0.0,0.0
wmz7year/Redis-Synyed,3660.0,3640.0,0.625,0.0,0,0,0,449.0,1.2214285714285715,0.0,0.0
wodzuu/JSONschema4-mapper,4016.0,3987.0,0.5,0.0,0,0,0,213.0,0.6219512195121951,0.0,0.0
wokuti/bolinha,4122.0,4116.0,0.5,0.0,0,0,0,206.0,0.0594059405940594,0.0,0.0
wolf-359/RedditStream,4446.0,4146.0,0.0,0.0,0,0,0,38.0,0.0,0.0,0.0
wolfmanstout/jene,3819.0,3819.0,0.5,0.0,0,0,0,207.0,0.009615384615384616,0.0,0.0
wombling/mobilequiz,4231.0,4175.0,0.0,0.0,0,0,0,160.0,0.0,0.0,0.0
wonderalexandre/mmlib4j-imagej,3693.0,3501.0,0.5,0.0,0,0,0,168.0,0.0,0.0,0.0
wonnova-development/woost-gamification-java-sdk,3960.0,3555.0,0.0,0.0,0,0,0,85.0,0.71875,0.0,0.0
woorea/openstack-java-sdk,5057.0,3808.0,0.8222222222222222,0.0,0,0,0,2168.0,1.8339222614840989,0.0,0.0
workshare/ms-nos,4325.0,3584.0,12.0,0.0,0,0,0,863.0,1.5743801652892562,0.0,0.0
worldcoinproject/worldcoin-wallet-java,4335.0,4331.0,0.0,0.0,0,0,0,2402.0,0.0,0.0,0.0
wotateam/wota,4611.0,3892.0,1.0,0.0,0,0,0,344.0,0.0,0.0,0.0
wotifgroup/circuitbreaker,4878.0,3809.0,0.75,0.0,0,0,0,102.0,1.25,0.0,0.0
wotifgroup/grails-lightweight-deploy,4583.0,3617.0,1.5,0.0,0,0,0,208.0,0.0,0.0,0.0
wouter-willems/watchdog,4646.0,4575.0,0.125,0.0,0,0,0,274.0,0.0,0.0,0.0
wowselim/jsocketchat,4399.0,4119.0,0.5,0.0,0,0,0,24.0,0.0,0.0,0.0
wparad/stash-http-request-trigger,4254.0,3489.0,0.6666666666666666,0.0,0,0,0,86.0,0.9333333333333333,0.0,0.0
wpilibsuite/EclipsePlugins,3493.0,3491.0,0.0,0.0,0,0,0,2778.0,2.469453376205788,0.0,0.0
wqc0712/DatabaseDesign,3731.0,3687.0,0.0,0.0,0,0,0,124.0,0.0,0.0,0.0
wqwu/NioClient,4490.0,4475.0,0.6666666666666666,0.0,0,0,0,30.0,0.0,0.0,0.0
writtmeyer/gcm_server,4351.0,3961.0,1.131578947368421,0.0,0,0,0,38.0,0.0,0.0,0.0
wsky/pacman-dsl,4256.0,4084.0,0.5,0.0,0,0,0,278.0,0.0,0.0,0.0
wso2-attic/esb-connector-gmail,3584.0,3580.0,0.0,0.0,0,0,0,415.0,0.9785714285714285,0.0,0.0
wso2-attic/product-cdm,3984.0,3631.0,0.0,0.0,0,0,0,953.0,2.4212962962962963,0.0,0.0
wso2-extensions/esb-connector-amazons3,3587.0,3465.0,0.0,0.0,0,0,0,699.0,0.9829787234042553,0.0,0.0
wso2-extensions/esb-connector-basecrm,3587.0,3578.0,0.0,0.0,0,0,0,442.0,0.9798657718120806,0.0,0.0
wso2-extensions/esb-connector-bigquery,3586.0,3487.0,0.0,0.0,0,0,0,392.0,1.2295081967213115,0.0,0.0
wso2-extensions/esb-connector-callrail,3586.0,3580.0,0.0,0.0,0,0,0,361.0,0.9754098360655737,0.0,0.0
wso2-extensions/esb-connector-campaignmonitor,3586.0,3580.0,0.0,0.0,0,0,0,349.0,0.9745762711864406,0.0,0.0
wso2-extensions/esb-connector-cashboard,3586.0,3580.0,0.0,0.0,0,0,0,478.0,0.9813664596273292,0.0,0.0
wso2-extensions/esb-connector-confluence,3586.0,3577.0,0.0,0.0,0,0,0,430.0,0.9793103448275862,0.0,0.0
wso2-extensions/esb-connector-drupal,3585.0,3580.0,0.0,0.0,0,0,0,370.0,0.976,0.0,0.0
wso2-extensions/esb-connector-ebay,3585.0,3580.0,0.0,0.0,0,0,0,495.0,0.7307692307692307,0.0,0.0
wso2-extensions/esb-connector-elasticsearch,3585.0,3580.0,0.0,0.0,0,0,0,418.0,0.9787234042553191,0.0,0.0
wso2-extensions/esb-connector-eloquastandard,3585.0,3580.0,0.0,0.0,0,0,0,868.0,0.9896907216494846,0.0,0.0
wso2-extensions/esb-connector-facebook,3584.0,3580.0,0.0,0.0,0,0,0,1255.0,0.9928571428571429,0.0,0.0
wso2-extensions/esb-connector-feed,3584.0,3580.0,0.0,0.0,0,0,0,94.0,0.9090909090909091,0.0,0.0
wso2-extensions/esb-connector-flickr,3584.0,3579.0,0.0,0.0,0,0,0,531.0,0.9776536312849162,0.0,0.0
wso2-extensions/esb-connector-freshbooks,3584.0,3580.0,0.0,0.0,0,0,0,1123.0,0.9920212765957447,0.0,0.0
wso2-extensions/esb-connector-geonames,3584.0,3580.0,0.0,0.0,0,0,0,364.0,0.975609756097561,0.0,0.0
wso2-extensions/esb-connector-googleblogger,3583.0,3579.0,0.0,0.0,0,0,0,532.0,0.9832402234636871,0.0,0.0
wso2-extensions/esb-connector-googlecalendar,3584.0,3489.0,0.0,0.0,0,0,0,943.0,0.990506329113924,0.0,0.0
wso2-extensions/esb-connector-googlecustomsearch,3584.0,3580.0,0.0,0.0,0,0,0,356.0,0.9833333333333333,0.0,0.0
wso2-extensions/esb-connector-googleplus,3584.0,3580.0,0.0,0.0,0,0,0,394.0,0.9774436090225563,0.0,0.0
wso2-extensions/esb-connector-googlespreadsheet,3584.0,3492.0,0.0,0.0,0,0,0,607.0,0.9852941176470589,0.0,0.0
wso2-extensions/esb-connector-googletasks,3584.0,3498.0,0.0,0.0,0,0,0,568.0,0.9842931937172775,0.0,0.0
wso2-extensions/esb-connector-kafka,3584.0,3580.0,0.0,0.0,0,0,0,86.0,0.9333333333333333,0.0,0.0
wso2-extensions/esb-connector-livechat,3584.0,3580.0,0.0,0.0,0,0,0,364.0,0.975609756097561,0.0,0.0
wso2-extensions/esb-connector-magento,3584.0,3580.0,0.0,0.0,0,0,0,1012.0,0.9911504424778761,0.0,0.0
wso2-extensions/esb-connector-netsuite,3584.0,3476.0,0.0,0.0,0,0,0,460.0,0.9806451612903225,0.0,0.0
wso2-extensions/esb-connector-nexmo,3584.0,3580.0,0.0,0.0,0,0,0,343.0,0.9741379310344828,0.0,0.0
wso2-extensions/esb-connector-pagerduty,3584.0,3486.0,0.0,0.0,0,0,0,598.0,0.8169014084507042,0.0,0.0
wso2-extensions/esb-connector-paypal,3584.0,3580.0,0.0,0.0,0,0,0,532.0,0.9832402234636871,0.0,0.0
wso2-extensions/esb-connector-peoplehr,3584.0,3480.0,0.0,0.0,0,0,0,619.0,0.8227272727272728,0.0,0.0
wso2-extensions/esb-connector-printavo,3584.0,3580.0,0.0,0.0,0,0,0,571.0,0.7681159420289855,0.0,0.0
wso2-extensions/esb-connector-proworkflow,3584.0,3580.0,0.0,0.0,0,0,0,340.0,0.9739130434782609,0.0,0.0
wso2-extensions/esb-connector-recurly,3584.0,3580.0,0.0,0.0,0,0,0,477.0,0.7371428571428571,0.0,0.0
wso2-extensions/esb-connector-reddit,3584.0,3579.0,0.0,0.0,0,0,0,394.0,0.9774436090225563,0.0,0.0
wso2-extensions/esb-connector-salesbinder,3584.0,3579.0,0.0,0.0,0,0,0,358.0,0.9752066115702479,0.0,0.0
wso2-extensions/esb-connector-servicenow,3550.0,3539.0,0.0,0.0,0,0,0,312.0,0.9622641509433962,0.0,0.0
wso2-extensions/esb-connector-sharepoint,3540.0,3538.0,0.0,0.0,0,0,0,346.0,0.9743589743589743,0.0,0.0
wso2-extensions/esb-connector-shippo,3583.0,3580.0,0.0,0.0,0,0,0,340.0,0.9739130434782609,0.0,0.0
wso2-extensions/esb-connector-slideshare,3583.0,3580.0,0.0,0.0,0,0,0,501.0,0.9763313609467456,0.0,0.0
wso2-extensions/esb-connector-spotify,3583.0,3580.0,0.0,0.0,0,0,0,571.0,0.984375,0.0,0.0
wso2-extensions/esb-connector-sugarcrm,3583.0,3580.0,0.0,0.0,0,0,0,361.0,0.9754098360655737,0.0,0.0
wso2-extensions/esb-connector-surveymonkey,3582.0,3580.0,0.0,0.0,0,0,0,355.0,0.975,0.0,0.0
wso2-extensions/esb-connector-teamwork,3582.0,3580.0,0.0,0.0,0,0,0,1708.0,0.9947460595446584,0.0,0.0
wso2-extensions/esb-connector-twitter,3582.0,3492.0,0.0,0.0,0,0,0,859.0,1.0,0.0,0.0
wso2-extensions/esb-connector-verticalresponse,3582.0,3580.0,0.0,0.0,0,0,0,352.0,0.9747899159663865,0.0,0.0
wso2-extensions/esb-connector-yammer,3582.0,3579.0,0.0,0.0,0,0,0,638.0,0.9906542056074766,0.0,0.0
wso2-extensions/esb-connector-zendesk,3582.0,3579.0,0.0,0.0,0,0,0,395.0,0.9849624060150376,0.0,0.0
wso2-extensions/esb-inbound-feed,3582.0,3579.0,0.0,0.0,0,0,0,52.0,0.8421052631578947,0.0,0.0
wso2-extensions/esb-inbound-localfile,3582.0,3579.0,0.0,0.0,0,0,0,43.0,0.8125,0.0,0.0
wso2-extensions/esb-inbound-twitter,3582.0,3579.0,0.0,0.0,0,0,0,50.0,0.8888888888888888,0.0,0.0
wso2-extensions/identity-carbon-auth-signedjwt,3578.0,3462.0,0.0,0.0,0,0,0,82.0,2.2,0.0,0.0
wso2-extensions/identity-event-handler-account-lock,3511.0,3462.0,0.0,0.0,0,0,0,109.0,2.111111111111111,0.0,0.0
wso2-extensions/identity-governance,3511.0,3462.0,0.0,0.0,0,0,0,1017.0,2.806603773584906,0.0,0.0
wso2-extensions/identity-inbound-auth-oauth,3578.0,3461.0,0.0,0.0,0,0,0,1867.0,2.238095238095238,0.0,0.0
wso2-extensions/identity-local-auth-basicauth,3579.0,3479.0,0.0,0.0,0,0,0,106.0,2.0,0.0,0.0
wso2-extensions/identity-local-auth-iwa,3579.0,3471.0,0.0,0.0,0,0,0,582.0,12.974358974358974,0.0,0.0
wso2-extensions/identity-outbound-auth-office365,3514.0,3513.0,0.0,0.0,0,0,0,111.0,2.0357142857142856,0.0,0.0
wso2-extensions/identity-outbound-auth-oidc,3578.0,3491.0,0.0,0.0,0,0,0,109.0,2.111111111111111,0.0,0.0
wso2-extensions/identity-outbound-auth-openid,3578.0,3491.0,0.0,0.0,0,0,0,130.0,1.7714285714285714,0.0,0.0
wso2-extensions/identity-outbound-auth-passwordPolicy,3581.0,3526.0,0.0,0.0,0,0,0,113.0,1.9655172413793103,0.0,0.0
wso2-extensions/identity-outbound-auth-requestpath-oauth,3578.0,3484.0,0.0,0.0,0,0,0,106.0,2.0,0.0,0.0
wso2-extensions/identity-outbound-auth-sms-otp,3587.0,3463.0,0.0,0.0,0,0,0,362.0,4.169491525423729,0.0,0.0
wso2-extensions/identity-user-ws,3577.0,3485.0,0.0,0.0,0,0,0,844.0,7.837209302325581,0.0,0.0
wso2-extensions/identity-userstore-cassandra,3577.0,3504.0,0.0,0.0,0,0,0,92.0,2.0869565217391304,0.0,0.0
wso2-extensions/identity-userstore-ldap,3577.0,3491.0,0.0,0.0,0,0,0,279.0,1.3452380952380953,0.0,0.0
wso2-extensions/identity-userstore-remote,3577.0,3491.0,0.0,0.0,0,0,0,144.0,1.8421052631578947,0.0,0.0
wso2-incubator/wum,3480.0,3469.0,0.0,0.0,0,0,0,78.0,0.0,0.0,0.0
wso2/carbon-apimgt-everywhere,3952.0,3745.0,0.0,0.0,0,0,0,208.0,0.0,0.0,0.0
wso2/carbon-business-messaging,4330.0,3462.0,0.047619047619047616,0.0,0,0,0,2832.0,2.5127388535031847,0.0,0.0
wso2/carbon-datasources,3579.0,3462.0,0.0,0.0,0,0,0,951.0,4.905797101449275,0.0,0.0
wso2/carbon-device-mgt,3963.0,3461.0,0.0,0.0,0,0,0,10063.0,1.4234693877551021,0.0,0.0
wso2/carbon-gateway-framework,3528.0,3465.0,0.09090909090909091,0.0,0,0,0,1991.0,2.4786516853932583,0.0,0.0
wso2/carbon-governance-extensions,3973.0,3482.0,0.07142857142857142,0.0,0,0,0,229.0,2.358490566037736,0.0,0.0
wso2/carbon-identity-framework,3584.0,3461.0,0.07142857142857142,0.0,0,0,0,13064.0,2.361148197596796,0.0,0.0
wso2/carbon-ml,3871.0,3592.0,0.09090909090909091,0.0,0,0,0,3314.0,2.6442577030812324,0.0,0.0
wso2/carbon-multitenancy,4256.0,3489.0,0.0,0.0,0,0,0,2653.0,1.9924812030075187,0.0,0.0
wso2/jaggery,4880.0,3460.0,0.4666666666666667,0.0,0,0,0,1652.0,2.4224598930481283,0.0,0.0
wso2/wso2-api-manager-plugins,3933.0,3485.0,0.16666666666666666,0.0,0,0,0,76.0,0.0,0.0,0.0
wso2/wso2-cassandra,4026.0,3863.0,0.16666666666666666,0.0,0,0,0,3073.0,0.09897610921501707,0.0,0.0
wso2/wso2-commons-httpclient,3499.0,3485.0,0.0,0.0,0,0,0,958.0,1.3103448275862069,0.0,0.0
wssccc/popstar_solution,4474.0,4474.0,0.0,0.0,0,0,0,72.0,1.2173913043478262,0.0,0.0
wstrange/GoogleAuth,5088.0,3498.0,2.3956043956043955,0.0,0,0,0,125.0,1.0238095238095237,0.0,0.0
wsyssantos/BettaServer,4172.0,4172.0,0.3333333333333333,0.0,0,0,0,492.0,0.0,0.0,0.0
wtaon/abc,3471.0,3470.0,0.0,0.0,0,0,0,40.0,0.0,0.0,0.0
wtsi-npg/git-pom-version,4682.0,4681.0,0.3333333333333333,0.0,0,0,0,68.0,0.9166666666666666,0.0,0.0
wu-sheng/sky-walking,3692.0,3466.0,3.185567010309278,0.0,0,0,0,5635.0,0.14742857142857144,0.0,0.0
wuchubuzai/randomUsers,5066.0,4909.0,0.3333333333333333,0.0,0,0,0,53.0,1.0555555555555556,0.0,0.0
wuman/JReadability,4822.0,4493.0,2.75,0.0,0,0,0,69.0,2.7333333333333334,0.0,0.0
wurstmeister/storm-s3,4167.0,3873.0,1.1428571428571428,0.0,0,0,0,130.0,0.0,0.0,0.0
wushujames/kafka-connector-skeleton,3714.0,3647.0,2.75,0.0,0,0,0,104.0,0.9444444444444444,0.0,0.0
wuziliang18/source-code-learn-dubbo,4227.0,3777.0,0.0,0.0,0,0,0,10914.0,0.0,0.0,0.0
wvc/CODeS-MRAP,4925.0,4682.0,1.5,0.0,0,0,0,190.0,0.0,0.0,0.0
wvrossem/FIPS-Tool,4842.0,4842.0,0.5,0.0,0,0,0,44.0,0.0,0.0,0.0
wwadge/bonecp,5818.0,3605.0,3.006993006993007,0.0,0,0,0,579.0,0.7799043062200957,0.0,0.0
wwpass/jenkins-wwpass-auth,4332.0,4331.0,0.0,0.0,0,0,0,227.0,1.88135593220339,0.0,0.0
wwrrss/SE,4256.0,4246.0,0.5,0.0,0,0,0,255.0,2.015625,0.0,0.0
wxingyl/es-index-db,3765.0,3521.0,2.5,0.0,0,0,0,453.0,1.4732824427480915,0.0,0.0
wxingyl/search-commons,3583.0,3501.0,2.5,0.0,0,0,0,704.0,0.0,0.0,0.0
wxyyxc1992/WXWeChatToolkits,3480.0,3466.0,5.384615384615385,0.0,0,0,0,212.0,0.0,0.0,0.0
wxyyxc1992/just-coder-handbook,3540.0,3465.0,2.7142857142857144,0.0,0,0,0,900.0,0.0,0.0,0.0
wyndhamjade/newrelic-java-wicket,4408.0,4407.0,0.6666666666666666,0.0,0,0,0,54.0,1.5,0.0,0.0
wyndwarrior/MineCraftMini,4378.0,4135.0,0.0,0.0,0,0,0,146.0,0.0,0.0,0.0
x-stream/xstream,3929.0,3512.0,2.9555555555555557,0.0,0,0,0,6188.0,5.53958587088916,0.0,0.0
xCP23x/RestockIt,5164.0,4215.0,1.0,0.0,0,0,0,28.0,0.0,0.0,0.0
xLeitix/jcloudscale,4344.0,4245.0,2.0,0.0,0,0,0,4373.0,0.1853146853146853,0.0,0.0
xSAVIKx/AndroidScreencast,4136.0,3480.0,2.033333333333333,0.0,0,0,0,309.0,1.4555555555555555,0.0,0.0
xSAVIKx/AndroidScreencastClient,4136.0,3718.0,1.0,0.0,0,0,0,63.0,0.9545454545454546,0.0,0.0
xVacuum/qEssentialsReloaded,3514.0,3482.0,1.0,0.0,0,0,0,346.0,0.0,0.0,0.0
xafero/dynkt,3812.0,3469.0,5.5,0.0,0,0,0,172.0,1.3461538461538463,0.0,0.0
xai/jdime,3961.0,3468.0,1.75,0.0,0,0,0,284.0,0.0,0.0,0.0
xakus/SeaFight,3634.0,3572.0,1.5,0.0,0,0,0,70.0,0.0,0.0,0.0
xamarin/jar2xml,5311.0,3595.0,1.3333333333333333,0.0,0,0,0,36.0,0.0,0.0,0.0
xandrucea/Testimonial,4481.0,4474.0,0.0,0.0,0,0,0,116.0,0.0,0.0,0.0
xapo/java-sdk,4065.0,4030.0,0.0,0.0,0,0,0,86.0,0.0,0.0,0.0
xasos/Data-Structures-and-Algorithms,4161.0,3961.0,2.0,0.0,0,0,0,26.0,0.0,0.0,0.0
xavierbourguignon/metrics-resteasy,4345.0,4345.0,0.8,0.0,0,0,0,49.0,1.1875,0.0,0.0
xavierlu/Tactical-Snail,3546.0,3546.0,0.0,0.0,0,0,0,80.0,0.0,0.0,0.0
xbacinsk/White-box_cipher_java,3986.0,3862.0,1.0,0.0,0,0,0,132.0,0.12698412698412698,0.0,0.0
xbony2/Bitm,4204.0,4001.0,0.5,0.0,0,0,0,448.0,0.0,0.0,0.0
xdamsorg/xDams-core,4907.0,3462.0,5.0,0.0,0,0,0,5310.0,1.1339233038348082,0.0,0.0
xead/XeadModeler,5059.0,3464.0,2.2222222222222223,0.0,0,0,0,150.0,0.0,0.0,0.0
xebia-france/xebia-management-extras,4760.0,4321.0,1.0,0.0,0,0,0,405.0,0.5123456790123457,0.0,0.0
xebia/couch-docs-maven-plugin,4824.0,4472.0,0.0,0.0,0,0,0,118.0,0.0,0.0,0.0
xebia/jackson-lombok,4043.0,3607.0,4.0,0.0,0,0,0,106.0,3.142857142857143,0.0,0.0
xebialabs/nio-overthere,4913.0,4239.0,0.6666666666666666,0.0,0,0,0,188.0,2.130434782608696,0.0,0.0
xebialabs/overcast,4991.0,3526.0,2.7058823529411766,0.0,0,0,0,302.0,0.0,0.0,0.0
xedin/sasi,3737.0,3600.0,26.2,0.0,0,0,0,328.0,0.0,0.0,0.0
xeger/launssh,5995.0,4167.0,1.3333333333333333,0.0,0,0,0,108.0,0.0,0.0,0.0
xenoterracide/school,6455.0,5852.0,2.0,0.0,0,0,0,8.0,0.0,0.0,0.0
xeraa/morphia-demo,4058.0,3756.0,1.4,0.0,0,0,0,129.0,0.7291666666666666,0.0,0.0
xetorthio/rmq,5530.0,5313.0,2.4545454545454546,0.0,0,0,0,73.0,1.4090909090909092,0.0,0.0
xetorthio/seek,5466.0,5227.0,2.3333333333333335,0.0,0,0,0,89.0,0.9354838709677419,0.0,0.0
xfcjscn/sudoor-server-lib,4256.0,3624.0,0.0,0.0,0,0,0,546.0,1.0444444444444445,0.0,0.0
xfl03/QuestionReg,3867.0,3796.0,0.25,0.0,0,0,0,248.0,0.0,0.0,0.0
xhanin/rtdm-srv,4250.0,4250.0,0.0,0.0,0,0,0,221.0,4.371428571428571,0.0,0.0
xhibit/Teletask-api,4310.0,3520.0,1.0,0.0,0,0,0,1787.0,1.4272030651340997,0.0,0.0
xiafan68/weibostack,3630.0,3536.0,0.0,0.0,0,0,0,562.0,0.0,0.0,0.0
xiangxik/java-platform,3632.0,3474.0,0.8823529411764706,0.0,0,0,0,7823.0,1.1387886081026874,0.0,0.0
xianrendzw/easyframework-data,4109.0,3982.0,0.0,0.0,0,0,0,230.0,1.135135135135135,0.0,0.0
xiaoToni/Test,3487.0,3487.0,0.0,0.0,0,0,0,127.0,0.16923076923076924,0.0,0.0
xiaoerge/File-UI,4299.0,3867.0,1.0,0.0,0,0,0,120.0,0.10344827586206896,0.0,0.0
xiaolongzuo/OSP-sample,3632.0,3516.0,1.5,0.0,0,0,0,104.0,0.20833333333333334,0.0,0.0
xiaolongzuo/niubi-job,3627.0,3478.0,1.037037037037037,0.0,0,0,0,2133.0,1.416,0.0,0.0
xiaolongzuo/zxl,4019.0,3965.0,0.25,0.0,0,0,0,960.0,0.0,0.0,0.0
xiaomogui/TestTeam,4142.0,4142.0,1.0,0.0,0,0,0,32.0,0.0,0.0,0.0
xilangyan/dasein-cloud-qingcloud,3690.0,3632.0,0.0,0.0,0,0,0,242.0,0.0,0.0,0.0
xing/java-beetle,4659.0,4589.0,4.0,0.0,0,0,0,193.0,1.305084745762712,0.0,0.0
xinjin/CoVisor,4260.0,3511.0,0.0,0.0,0,0,0,2111.0,0.8554054054054054,0.0,0.0
xionghuiCoder/eslf4j,3832.0,3631.0,0.0,0.0,0,0,0,228.0,1.2857142857142858,0.0,0.0
xirong/my-backend,3614.0,3580.0,1.7142857142857142,0.0,0,0,0,52.0,0.0,0.0,0.0
xiruibing/DBDocTool,4199.0,3921.0,2.5,0.0,0,0,0,68.0,0.0,0.0,0.0
xitrum-framework/scalive,4340.0,3860.0,13.1,0.0,0,0,0,46.0,0.0,0.0,0.0
xjdr/xio2,3803.0,3745.0,0.0,0.0,0,0,0,474.0,1.2380952380952381,0.0,0.0
xjodoin/feed4j,4631.0,4434.0,0.0,0.0,0,0,0,152.0,1.1428571428571428,0.0,0.0
xkommando/free-choice.net,4433.0,4383.0,0.5,0.0,0,0,0,1750.0,0.0,0.0,0.0
xm0625/BaiduPanApi-Java,3680.0,3513.0,1.0,0.0,0,0,0,66.0,0.0,0.0,0.0
xmomen/dms-webapp,3563.0,3461.0,0.6666666666666666,0.0,0,0,0,3309.0,1.872514619883041,0.0,0.0
xoba/mra-lib,5536.0,4995.0,1.5,0.0,0,0,0,277.0,0.8181818181818182,0.0,0.0
xoriantcorporation/jmxpool,3912.0,3911.0,0.0,0.0,0,0,0,98.0,1.2258064516129032,0.0,0.0
xose/gwt-persona,4694.0,4683.0,0.3333333333333333,0.0,0,0,0,125.0,1.6285714285714286,0.0,0.0
xpandit/pentaho-solution-builder,4324.0,3980.0,0.5,0.0,0,0,0,322.0,0.0,0.0,0.0
xplenty/xplenty.jar,4706.0,3522.0,0.6666666666666666,0.0,0,0,0,335.0,1.179245283018868,0.0,0.0
xpsky202/tair-client,4256.0,3910.0,0.3,0.0,0,0,0,376.0,0.010638297872340425,0.0,0.0
xsonorg/xson,4170.0,4159.0,0.8,0.0,0,0,0,763.0,3.066225165562914,0.0,0.0
xstevens/tabaqui,4801.0,4792.0,0.0,0.0,0,0,0,70.0,0.6666666666666666,0.0,0.0
xsve/Translations4Rails,5756.0,5597.0,1.0,0.0,0,0,0,64.0,0.0,0.0,0.0
xthexder/filament,4427.0,4260.0,0.6666666666666666,0.0,0,0,0,76.0,0.0,0.0,0.0
xtivia/xsf,3973.0,3572.0,0.6,0.0,0,0,0,294.0,0.2595419847328244,0.0,0.0
xtradesoft/pdf-download-print,4201.0,4114.0,0.0,0.0,0,0,0,295.0,1.3,0.0,0.0
xtuhcy/gecco-htmlunit,3575.0,3535.0,0.4444444444444444,0.0,0,0,0,76.0,1.391304347826087,0.0,0.0
xtuhcy/gecco-spring,3614.0,3487.0,0.9090909090909091,0.0,0,0,0,85.0,1.3461538461538463,0.0,0.0
xuender/unidecode,4589.0,3812.0,3.2,0.0,0,0,0,620.0,1.0341463414634147,0.0,0.0
xushaomin/apple-jms,3933.0,3493.0,0.4,0.0,0,0,0,578.0,0.7230046948356808,0.0,0.0
xushaomin/appleframework,4259.0,3533.0,0.5,0.0,0,0,0,882.0,1.3358490566037735,0.0,0.0
xusun-CMU/Twitter-Analytics-Web-Service-Project,4419.0,4410.0,0.0,0.0,0,0,0,62.0,0.0,0.0,0.0
xuxueli/xxl-hex,3849.0,3462.0,0.7142857142857143,0.0,0,0,0,273.0,1.6666666666666667,0.0,0.0
xuxueli/xxl-mq,3707.0,3462.0,1.2,0.0,0,0,0,242.0,0.0,0.0,0.0
xvik/generics-resolver,4045.0,3632.0,5.5,0.0,0,0,0,284.0,0.3064516129032258,0.0,0.0
xvik/guice-persist-orient,4184.0,3502.0,4.142857142857143,0.0,0,0,0,1939.0,0.4538558786346397,0.0,0.0
xvpsource/xvp,4394.0,4394.0,2.9166666666666665,0.0,0,0,0,294.0,0.0,0.0,0.0
xwiki-contrib/application-forum,4509.0,3462.0,0.4,0.0,0,0,0,186.0,0.0,0.0,0.0
xxyy/commandblockerultimate,4365.0,3516.0,0.75,0.0,0,0,0,262.0,1.0344827586206897,0.0,0.0
xylo/JErgometer,5041.0,4971.0,1.5,0.0,0,0,0,603.0,1.1510416666666667,0.0,0.0
xylo/vaadin-numberfield,4316.0,4129.0,0.0,0.0,0,0,0,142.0,2.0,0.0,0.0
y-omura/transprog,3921.0,3907.0,0.0,0.0,0,0,0,82.0,0.0,0.0,0.0
y0sh1/ipsen1-quarto,4325.0,4257.0,1.0,0.0,0,0,0,288.0,1.2222222222222223,0.0,0.0
yageek/lambert-java,4525.0,3792.0,2.3333333333333335,0.0,0,0,0,46.0,0.0,0.0,0.0
yahoo/anthelion,3703.0,3652.0,3.594147582697201,0.0,0,0,0,5039.0,0.15151515151515152,0.0,0.0
yahoo/druid-extensions,3911.0,3463.0,1.6,0.0,0,0,0,102.0,0.0,0.0,0.0
yahoo/egads,3876.0,3547.0,3.6506024096385543,0.0,0,0,0,347.0,1.0884955752212389,0.0,0.0
yahoo/elide,3717.0,3462.0,3.7096774193548385,0.0,0,0,0,3757.0,2.6928838951310863,0.0,0.0
yahoo/hive-funnel-udf,3596.0,3583.0,2.0,0.0,0,0,0,114.0,1.3142857142857143,0.0,0.0
yahoo/xpath_proto_builder,4080.0,3882.0,1.875,0.0,0,0,0,236.0,2.576923076923077,0.0,0.0
yahoo/yamall,3506.0,3478.0,0.0,0.0,0,0,0,363.0,1.2589285714285714,0.0,0.0
yahoojp-marketing/sponsored-search-api-java-samples,3730.0,3478.0,0.5,0.0,0,0,0,8453.0,1.9639006094702298,0.0,0.0
yahya09/edoocatia,4505.0,4505.0,0.0,0.0,0,0,0,438.0,0.0,0.0,0.0
yamcs/yamcs,5192.0,3464.0,0.7272727272727273,0.0,0,0,0,3554.0,0.0,0.0,0.0
yammer/azure-table,4379.0,3567.0,1.3333333333333333,0.0,0,0,0,539.0,2.830357142857143,0.0,0.0
yammer/dropwizard-testing-integration,4379.0,3807.0,1.75,0.0,0,0,0,166.0,2.2,0.0,0.0
yammer/yammer-collections,4379.0,4169.0,3.0,0.0,0,0,0,151.0,3.2758620689655173,0.0,0.0
yanaga-demos/jack-javaone,4465.0,4464.0,0.0,0.0,0,0,0,167.0,1.38,0.0,0.0
yanaga-demos/jack-qconsp,4492.0,4266.0,0.0,0.0,0,0,0,151.0,1.326086956521739,0.0,0.0
yanaga/guava-stream,3949.0,3948.0,7.5,0.0,0,0,0,94.0,2.5714285714285716,0.0,0.0
yanaga/winter-data-jpa,4142.0,3944.0,0.75,0.0,0,0,0,216.0,1.40625,0.0,0.0
yancykim/support,4358.0,4198.0,0.5,0.0,0,0,0,2336.0,0.0,0.0,0.0
yandex-qatools/matchers-java,4557.0,3532.0,3.090909090909091,0.0,0,0,0,507.0,1.3933333333333333,0.0,0.0
yangboz/JPATreeDAO,3993.0,3993.0,0.5,0.0,0,0,0,1053.0,0.3085339168490153,0.0,0.0
yangsiwei880813/CS644,3994.0,3899.0,0.5,0.0,0,0,0,4162.0,0.0,0.0,0.0
yangwn/BaseAuthFramework,3718.0,3569.0,0.0,0.0,0,0,0,1092.0,0.0,0.0,0.0
yannickcr/jenkins-status-badges-plugin,4186.0,3549.0,2.0,0.0,0,0,0,222.0,2.765957446808511,0.0,0.0
yanwuv4yue/TGKS_TWMS,4324.0,4150.0,0.0,0.0,0,0,0,552.0,0.0,0.0,0.0
yasu-s/fxcop-runner-plugin,4694.0,4693.0,0.0,0.0,0,0,0,199.0,2.466666666666667,0.0,0.0
yasu-s/windows-exe-runner-plugin,4668.0,4648.0,0.0,0.0,0,0,0,171.0,2.5526315789473686,0.0,0.0
yatechorg/jedis-utils,3758.0,3482.0,1.0,0.0,0,0,0,490.0,1.84375,0.0,0.0
yavijava/yavijava-samples,4152.0,3476.0,0.5,0.0,0,0,0,271.0,0.08396946564885496,0.0,0.0
ybayk/rxjava-recipes,3481.0,3472.0,0.0,0.0,0,0,0,137.0,1.564102564102564,0.0,0.0
ychartois/JavaByExample,4338.0,4156.0,0.0,0.0,0,0,0,156.0,0.9811320754716981,0.0,0.0
yciabaud/checkstyle-xml-ext,5247.0,4032.0,1.0,0.0,0,0,0,214.0,0.958904109589041,0.0,0.0
ydanila/sharpen_imazen_config,4008.0,3762.0,0.4,0.0,0,0,0,21.0,0.09090909090909091,0.0,0.0
yeahlol/wercker4j,3619.0,3553.0,0.0,0.0,0,0,0,212.0,1.1940298507462686,0.0,0.0
yeahwhat-mc/Karma,4168.0,4167.0,0.0,0.0,0,0,0,86.0,1.2592592592592593,0.0,0.0
yeahwhat-mc/VillagerNames,4640.0,4167.0,0.3333333333333333,0.0,0,0,0,58.0,1.0,0.0,0.0
yeetrack/selenium-spoon-plugin,4157.0,4157.0,0.25,0.0,0,0,0,174.0,1.1428571428571428,0.0,0.0
yegor256/java-frameworks-benchmark,3851.0,3851.0,0.5,0.0,0,0,0,46.0,1.4285714285714286,0.0,0.0
yegor256/rultor,4683.0,3468.0,2.8219178082191783,0.0,0,0,0,1688.0,2.0334128878281623,0.0,0.0
yegor256/s3auth,4863.0,3465.0,3.4,0.0,0,0,0,1044.0,2.3949579831932772,0.0,0.0
yegor256/takes,3995.0,3461.0,1.9690721649484537,0.0,0,0,0,1707.0,1.3056092843326885,0.0,0.0
yegor256/xembly,4520.0,3508.0,11.1,0.0,0,0,0,377.0,1.2393162393162394,0.0,0.0
yeleaveszi/Play-Videos-In-HDFS,3654.0,3541.0,1.2,0.0,0,0,0,129.0,5.277777777777778,0.0,0.0
yetisno/ACD-JAPI,3895.0,3504.0,1.3333333333333333,0.0,0,0,0,242.0,1.3424657534246576,0.0,0.0
yetisno/HTTPCacheServer,3602.0,3601.0,0.0,0.0,0,0,0,94.0,1.3103448275862069,0.0,0.0
yeungda/yet-another-validation-library,5706.0,5654.0,2.0,0.0,0,0,0,300.0,1.6829268292682926,0.0,0.0
yevster/spdxtra,3529.0,3484.0,0.6666666666666666,0.0,0,0,0,233.0,1.051948051948052,0.0,0.0
yevtsy/methods-of-cryptographic-mechanisms,3940.0,3840.0,0.0,0.0,0,0,0,64.0,0.0,0.0,0.0
yezooz/jforex,3827.0,3827.0,0.0,0.0,0,0,0,158.0,0.13333333333333333,0.0,0.0
yg-apaza/tiendita,3880.0,3762.0,0.0,0.0,0,0,0,153.0,1.163265306122449,0.0,0.0
yhao2014/CkoocNLP,3652.0,3520.0,1.5,0.0,0,0,0,618.0,0.1527777777777778,0.0,0.0
yhemanth/hadoop-training-samples,4863.0,3927.0,0.13793103448275862,0.0,0,0,0,317.0,0.9,0.0,0.0
yichen0831/Bomberman_libGdx,3699.0,3581.0,0.6666666666666666,0.0,0,0,0,385.0,0.7446808510638298,0.0,0.0
yidumen/web-site,4096.0,3781.0,0.0,0.0,0,0,0,354.0,0.0,0.0,0.0
yiduwangkai/dubbox-solr,3668.0,3557.0,0.8,0.0,0,0,0,604.0,0.0,0.0,0.0
yifanz/Intellij-Dust,4697.0,3689.0,5.142857142857143,0.0,0,0,0,96.0,0.0,0.0,0.0
yifzhang/storm-miclog,4043.0,4050.0,0.3333333333333333,0.0,0,0,0,348.0,0.04,0.0,0.0
yingzhuo/captcha4j,4470.0,4460.0,0.3333333333333333,0.0,0,0,0,860.0,1.0896057347670252,0.0,0.0
yingzhuo/logback-ext,4509.0,4475.0,0.8,0.0,0,0,0,99.0,0.7297297297297297,0.0,0.0
yinzara/jasperreports-fonts-maven-plugin,4412.0,3829.0,0.0,0.0,0,0,0,116.0,1.0256410256410255,0.0,0.0
yipeipei/pp-rqs,4441.0,4400.0,0.0,0.0,0,0,0,260.0,0.0,0.0,0.0
yjwong/KwicKwacKwoc,4139.0,4123.0,0.0,0.0,0,0,0,66.0,0.0,0.0,0.0
ykiprov/pan2015,3908.0,3858.0,0.0,0.0,0,0,0,2980.0,1.0584615384615386,0.0,0.0
ykulbak/ihbase,5723.0,5639.0,2.5454545454545454,0.0,0,0,0,222.0,0.0,0.0,0.0
ymakino/echowand,4997.0,3466.0,2.3333333333333335,0.0,0,0,0,760.0,0.15864022662889518,0.0,0.0
ymasory/ShowTree,5733.0,4746.0,0.6666666666666666,0.0,0,0,0,149.0,0.04054054054054054,0.0,0.0
ynd/genetic-drawing,6203.0,6186.0,2.5,0.0,0,0,0,143.0,0.025974025974025976,0.0,0.0
yohira0616/aloneTwitter,3735.0,3531.0,0.5,0.0,0,0,0,680.0,2.2360248447204967,0.0,0.0
yoichiro/oauth2-server,4612.0,3558.0,1.127659574468085,0.0,0,0,0,242.0,0.06779661016949153,0.0,0.0
yonadev/yona-server,3727.0,3460.0,0.5,0.0,0,0,0,1375.0,1.0532150776053215,0.0,0.0
yongtang/hadoop-xz,3916.0,3887.0,1.3333333333333333,0.0,0,0,0,98.0,1.5714285714285714,0.0,0.0
yongzhidai/GameServer,3977.0,3928.0,1.1333333333333333,0.0,0,0,0,202.0,0.0,0.0,0.0
yongzhidai/ToolClass,3882.0,3882.0,0.25,0.0,0,0,0,70.0,1.6,0.0,0.0
yonik/noggit,5008.0,3625.0,2.5384615384615383,0.0,0,0,0,105.0,1.8214285714285714,0.0,0.0
yoshaul/connect,4105.0,4105.0,0.0,0.0,0,0,0,35.0,1.3636363636363635,0.0,0.0
youribonnaffe/gradle-format-plugin,4293.0,3565.0,4.5,0.0,0,0,0,153.0,0.7192982456140351,0.0,0.0
ysavary/WindMobile-Server,5429.0,3722.0,0.6666666666666666,0.0,0,0,0,767.0,1.9234693877551021,0.0,0.0
ysc/QuestionAnsweringSystem,4158.0,3472.0,1.144927536231884,0.0,0,0,0,618.0,1.2804232804232805,0.0,0.0
ysc/jsearch,3866.0,3636.0,1.6,0.0,0,0,0,997.0,1.0,0.0,0.0
yschua/SudokuSolver,4519.0,3561.0,0.0,0.0,0,0,0,12.0,0.0,0.0,0.0
yshavit/antlr-denter,4331.0,4254.0,9.5,0.0,0,0,0,225.0,0.7023809523809523,0.0,0.0
ysl3000/WorldBorderAPI1.8-,4012.0,3934.0,0.5,0.0,0,0,0,42.0,0.0,0.0,0.0
yuanguozheng/CoderyuanApiLib,3830.0,3758.0,0.0,0.0,0,0,0,135.0,1.2619047619047619,0.0,0.0
yubinbai/javatemplates,4146.0,3802.0,1.0,0.0,0,0,0,382.0,0.0,0.0,0.0
yukinoraru/ToggleInventory,4865.0,4132.0,1.0,0.0,0,0,0,68.0,0.0,0.0,0.0
yukisov/web-sindan-crawler,4284.0,3974.0,2.5,0.0,0,0,0,124.0,0.9302325581395349,0.0,0.0
yukoff/concourse-connect,5196.0,4743.0,2.3333333333333335,0.0,0,0,0,8828.0,0.0,0.0,0.0
yunspace/dropwizard-xml,4360.0,3837.0,2.5555555555555554,0.0,0,0,0,156.0,0.0,0.0,0.0
yurishchev/aem-dependencies,4035.0,3707.0,0.0,0.0,0,0,0,53.0,1.0555555555555556,0.0,0.0
yusuke/twitter4j,6079.0,3505.0,2.0725806451612905,0.0,0,0,0,3280.0,1.8840236686390532,0.0,0.0
yuvalpinter/LiveQAServerDemo,3914.0,3492.0,0.5,0.0,0,0,0,60.0,0.0,0.0,0.0
yuxiangping/mongodb-orm,4225.0,3568.0,2.0714285714285716,0.0,0,0,0,457.0,1.7933884297520661,0.0,0.0
yuyf10/opendaylight-controller,4279.0,4279.0,0.0,0.0,0,0,0,12761.0,0.25614283188969417,0.0,0.0
ywzl/moblima,3703.0,3686.0,0.0,0.0,0,0,0,319.0,0.46923076923076923,0.0,0.0
yyenigun/scrum-developer,4087.0,3994.0,0.0,0.0,0,0,0,459.0,2.079646017699115,0.0,0.0
yyon/grapplemod,3662.0,3481.0,2.0,0.0,0,0,0,181.0,0.25925925925925924,0.0,0.0
yyqian/imagine,3664.0,3627.0,2.5,0.0,0,0,0,363.0,0.9918032786885246,0.0,0.0
zDevelopers/BelovedBlocks,4030.0,3485.0,2.0,0.0,0,0,0,119.0,0.2,0.0,0.0
zack6849/AlphabotV2,4502.0,4148.0,0.5,0.0,0,0,0,108.0,0.0,0.0,0.0
zack6849/SuperLogger,4822.0,3658.0,0.6666666666666666,0.0,0,0,0,66.0,0.0,0.0,0.0
zackehh/dot-notes-java,3734.0,3490.0,0.5,0.0,0,0,0,112.0,1.8,0.0,0.0
zafarkhaja/jsemver,4821.0,3491.0,5.708333333333333,0.0,0,0,0,270.0,1.7777777777777777,0.0,0.0
zaidsoft/webmail,3717.0,3521.0,0.5,0.0,0,0,0,252.0,1.4324324324324325,0.0,0.0
zalando-incubator/cassandra-etcd-seed-provider,3778.0,3472.0,0.8,0.0,0,0,0,100.0,1.1875,0.0,0.0
zalando-incubator/put-it-to-rest,3494.0,3472.0,0.75,0.0,0,0,0,208.0,1.1818181818181819,0.0,0.0
zalando-incubator/tarbela,3526.0,3476.0,2.5,0.0,0,0,0,243.0,1.7121212121212122,0.0,0.0
zalando-incubator/testing-microservices,3597.0,3476.0,1.3333333333333333,0.0,0,0,0,140.0,0.0,0.0,0.0
zalando-stups/fullstop,3924.0,3461.0,2.0,0.0,0,0,0,4187.0,1.2124233128834356,0.0,0.0
zalando-stups/spring-boot-zalando-stups-tokens,3849.0,3483.0,0.25,0.0,0,0,0,262.0,1.2195121951219512,0.0,0.0
zalando/riptide,3905.0,3461.0,4.333333333333333,0.0,0,0,0,307.0,1.09,0.0,0.0
zalando/spring-cloud-config-aws-kms,3995.0,3843.0,1.75,0.0,0,0,0,173.0,0.9166666666666666,0.0,0.0
zalando/switchboard,4023.0,3491.0,0.5,0.0,0,0,0,259.0,1.1071428571428572,0.0,0.0
zalando/tracer,3715.0,3461.0,3.8,0.0,0,0,0,652.0,1.40625,0.0,0.0
zanox/mod-kinesis,4191.0,3764.0,1.25,0.0,0,0,0,235.0,4.970588235294118,0.0,0.0
zanox/rabbitordering,4882.0,4659.0,0.5,0.0,0,0,0,210.0,1.2615384615384615,0.0,0.0
zanox/simplegraphiteclient,4682.0,3540.0,1.7857142857142858,0.0,0,0,0,103.0,3.0,0.0,0.0
zanox/viAutomator,4680.0,4336.0,3.0,0.0,0,0,0,66.0,0.0,0.0,0.0
zayass/image-maven-plugin,4497.0,3958.0,0.0,0.0,0,0,0,124.0,3.727272727272727,0.0,0.0
zbra-solutions/android-linq,3927.0,3617.0,5.875,0.0,0,0,0,179.0,1.4150943396226414,0.0,0.0
zcai/Vardoop,4500.0,3625.0,0.0,0.0,0,0,0,32.0,0.0,0.0,0.0
zdata-inc/StormSampleProject,4171.0,4141.0,1.1724137931034482,0.0,0,0,0,74.0,0.0,0.0,0.0
zdila/gpx-animator,4701.0,3676.0,2.3333333333333335,0.0,0,0,0,102.0,0.0,0.0,0.0
zdl0804/ZombieLogin,3477.0,3468.0,1.0,0.0,0,0,0,24.0,0.0,0.0,0.0
zeldanerd/Pikmmin_Mo-Stuff,4122.0,3479.0,0.6666666666666666,0.0,0,0,0,346.0,0.0,0.0,0.0
zendesk/zendesk-jira-plugin,6024.0,5307.0,1.2,0.0,0,0,0,266.0,0.0,0.0,0.0
zenoss/zenoss-utils,4583.0,3577.0,0.5,0.0,0,0,0,162.0,0.9285714285714286,0.0,0.0
zenoss/zenoss-zapp,4578.0,3517.0,0.0,0.0,0,0,0,420.0,0.0,0.0,0.0
zenoss/zenoss-zep,4583.0,3462.0,0.3333333333333333,0.0,0,0,0,658.0,0.0,0.0,0.0
zenoss/zenoss.metric.consumer,4562.0,3507.0,0.3333333333333333,0.0,0,0,0,429.0,0.5352941176470588,0.0,0.0
zepheira/painter,4661.0,4661.0,0.0,0.0,0,0,0,61.0,1.0,0.0,0.0
zephyr/img2pdf,5709.0,4924.0,3.0,0.0,0,0,0,23.0,0.08333333333333333,0.0,0.0
zer0Black/zer0MQTTServer,3964.0,3490.0,1.0975609756097562,0.0,0,0,0,186.0,0.0,0.0,0.0
zeroc-ice/ice-builder-eclipse,3923.0,3799.0,2.3333333333333335,0.0,0,0,0,92.0,0.0,0.0,0.0
zeromq/filemq,4838.0,3609.0,3.7804878048780486,0.0,0,0,0,528.0,0.0,0.0,0.0
zeroturnaround/cluster-stats,4658.0,4004.0,0.4,0.0,0,0,0,166.0,1.2307692307692308,0.0,0.0
zeroturnaround/zt-process-killer,3897.0,3534.0,3.5,0.0,0,0,0,259.0,2.5,0.0,0.0
zesch/semeval,4398.0,4328.0,0.6666666666666666,0.0,0,0,0,1512.0,0.0,0.0,0.0
zestyping/buendiaserver,4078.0,4075.0,0.0,0.0,0,0,0,146.0,0.0,0.0,0.0
zgrossbart/HelloSpiffyL10N,5299.0,5291.0,1.0,0.0,0,0,0,1317.0,39.21875,0.0,0.0
zgrossbart/SpiffyNavigation,5280.0,5279.0,0.6666666666666666,0.0,0,0,0,744.0,19.314285714285713,0.0,0.0
zgrossbart/javasteg,5393.0,3821.0,0.5,0.0,0,0,0,40.0,1.0,0.0,0.0
zh32/TeleportSigns,4385.0,3488.0,0.2903225806451613,0.0,0,0,0,276.0,1.3493975903614457,0.0,0.0
zhangclong/pathlet,4342.0,4140.0,0.0,0.0,0,0,0,864.0,1.2074074074074075,0.0,0.0
zhanggh/mtools,4164.0,3569.0,1.125,0.0,0,0,0,886.0,0.0,0.0,0.0
zhangwenzhuo/Rapid,4718.0,3568.0,0.0,0.0,0,0,0,1966.0,0.0,0.0,0.0
zhangyuan/simla,3811.0,3792.0,0.0,0.0,0,0,0,146.0,0.6428571428571429,0.0,0.0
zhaozhiming/ceph-s3-java-client,4114.0,4113.0,0.0,0.0,0,0,0,45.0,0.043478260869565216,0.0,0.0
zhaozhiming/spring4-mybatis,4060.0,4051.0,0.6,0.0,0,0,0,104.0,1.0285714285714285,0.0,0.0
zheng108/exit-web-framework,4802.0,3569.0,0.08235294117647059,0.0,0,0,0,1037.0,1.330128205128205,0.0,0.0
zhenglu1989/web-sso,3890.0,3878.0,1.75,0.0,0,0,0,604.0,0.03355704697986577,0.0,0.0
zhi1ong/bms-api,4038.0,3824.0,2.5,0.0,0,0,0,135.0,0.014705882352941176,0.0,0.0
zhiquanyeo/bloomfirst,4340.0,4020.0,0.0,0.0,0,0,0,40.0,0.0,0.0,0.0
zhongl/iPage,5130.0,3485.0,5.0,0.0,0,0,0,377.0,1.8673469387755102,0.0,0.0
zhongl/stompize,4675.0,4663.0,1.0,0.0,0,0,0,314.0,2.579710144927536,0.0,0.0
zhou-dong/probabilistic-graphical-models,3730.0,3660.0,0.3333333333333333,0.0,0,0,0,174.0,0.0,0.0,0.0
zhoufenglokki/mappingrpc,4304.0,4039.0,0.5,0.0,0,0,0,374.0,0.0,0.0,0.0
zhouhaha/ColorMOTD,3582.0,3569.0,0.75,0.0,0,0,0,98.0,0.0,0.0,0.0
zhouwubai/textfilter,4327.0,4324.0,0.0,0.0,0,0,0,119.0,0.8809523809523809,0.0,0.0
zhu410289616/RHSocketServerDemo-Netty,3610.0,3490.0,1.0,0.0,0,0,0,112.0,0.0,0.0,0.0
zhuravlik/java-uia-bridge,4866.0,4666.0,1.3333333333333333,0.0,0,0,0,188.0,0.0,0.0,0.0
zielu/GitToolBox,4193.0,3483.0,2.6666666666666665,0.0,0,0,0,180.0,0.0,0.0,0.0
zigorsalvador/phoenix,4652.0,4652.0,0.0,0.0,0,0,0,394.0,1.0,0.0,0.0
zitmen/thunderstorm,3879.0,3463.0,0.8,0.0,0,0,0,1822.0,0.0,0.0,0.0
zk1931/pulsefs,4146.0,4006.0,0.0,0.0,0,0,0,226.0,1.1232876712328768,0.0,0.0
zk1931/zabbenchmark,4155.0,4059.0,0.0,0.0,0,0,0,54.0,0.0,0.0,0.0
zk1931/zabkv,4202.0,4038.0,0.25,0.0,0,0,0,102.0,0.8108108108108109,0.0,0.0
zkkz/OrientalExpress,4197.0,3758.0,0.0,0.0,0,0,0,1140.0,0.0,0.0,0.0
zkoss-demo/Biglistbox-Demo,5030.0,4408.0,0.4,0.0,0,0,0,201.0,1.3833333333333333,0.0,0.0
zkoss/zssessentials,4178.0,3490.0,0.25,0.0,0,0,0,601.0,2.1020408163265305,0.0,0.0
zkoss/zssthemes,4178.0,3465.0,0.5,0.0,0,0,0,98.0,0.0,0.0,0.0
zlamalp/perun-wui,4108.0,3462.0,0.0,0.0,0,0,0,2747.0,2.6124161073825505,0.0,0.0
zmlcoder/ePowerMode,3653.0,3652.0,0.5,0.0,0,0,0,52.0,0.0,0.0,0.0
znerd/lessc2java,5956.0,4546.0,3.2,0.0,0,0,0,152.0,0.8518518518518519,0.0,0.0
zogwei/zeus3,4029.0,4033.0,0.21428571428571427,0.0,0,0,0,1810.0,0.5096952908587258,0.0,0.0
zoomis/HMNToolSuite,5080.0,3783.0,1.0,0.0,0,0,0,1118.0,0.0,0.0,0.0
zooniverse/mico-text-analysis,3652.0,3616.0,0.0,0.0,0,0,0,32.0,0.0,0.0,0.0
zoopaper/concurrent-programming,3976.0,3549.0,0.8181818181818182,0.0,0,0,0,421.0,1.4112903225806452,0.0,0.0
zoopaper/netty-study,3970.0,3615.0,1.5,0.0,0,0,0,379.0,1.3421052631578947,0.0,0.0
zouheircadi/catalog,3654.0,3619.0,0.0,0.0,0,0,0,670.0,0.31724137931034485,0.0,0.0
zouzhberk/es-docsearch,3609.0,3581.0,0.25,0.0,0,0,0,188.0,0.835820895522388,0.0,0.0
zouzhberk/weapp,3557.0,3542.0,0.0,0.0,0,0,0,250.0,1.15,0.0,0.0
zqq90/webit-script,4512.0,3470.0,2.125,0.0,0,0,0,1748.0,1.0541012216404886,0.0,0.0
zregvart/xvfb-jenkins-plugin,5076.0,5069.0,0.16666666666666666,0.0,0,0,0,66.0,0.0,0.0,0.0
zsawyer/Stereoscopic3D-for-Minecraft,4692.0,4637.0,2.0,0.0,0,0,0,90.0,0.0,0.0,0.0
zstackorg/zstack,3908.0,3460.0,2.6236559139784945,0.0,0,0,0,22931.0,1.9676470588235293,0.0,0.0
zsumore/angular-rest,4243.0,3981.0,0.0,0.0,0,0,0,196.0,0.0,0.0,0.0
zulily/dropship,4276.0,3850.0,4.0,0.0,0,0,0,123.0,1.2894736842105263,0.0,0.0
zvoykish/jive-sdk-java,4363.0,4363.0,0.0,0.0,0,0,0,364.0,0.0,0.0,0.0
zwollner/SnowControl,4714.0,3575.0,0.0,0.0,0,0,0,84.0,1.0714285714285714,0.0,0.0
zxfjd3g/git_1015,3626.0,3626.0,0.0,0.0,0,0,0,4.0,0.0,0.0,0.0
zyclonite/nassh-relay,4357.0,4158.0,4.142857142857143,0.0,0,0,0,193.0,0.7464788732394366,0.0,0.0
zygon4/htm,4489.0,3642.0,0.5,0.0,0,0,0,312.0,1.305263157894737,0.0,0.0
zylc369/AndroidManifestFix,3719.0,3719.0,0.8333333333333334,0.0,0,0,0,36.0,0.0,0.0,0.0
zyuiop/FastSurvival,3783.0,3781.0,0.75,0.0,0,0,0,130.0,0.0,0.0,0.0
zznate/cassandra-stress,5557.0,5074.0,1.9375,0.0,0,0,0,113.0,1.3823529411764706,0.0,0.0
