name,files_changed_current,file_churn_current,is_large_change,is_hotfix,deploy_complexity_score
01org/jndn-management,362.0,252.0,1,0,255.60000000000002
0x-a6/deathray,64.0,64.0,1,0,61.2
0x0000-dot-ru/simplecaptcha,1068.0,915.0,1,0,803.2
0x010C/LP24-demineur,386.0,386.0,1,0,318.8
0x0961h/adventofcode,470.0,345.0,1,0,336.0
0x7DD/Maratones,248.0,248.0,1,0,208.4
100apps/emailtools,8.0,8.0,0,0,6.4
12-Volt-Bolt/ProjectAurum,134.0,134.0,1,0,117.2
1393Designs/Javasana,44.0,44.0,0,0,35.2
14mRh4X0r/vanilla-irc,56.0,56.0,1,0,54.800000000000004
151henry151/parts-unlimited-to-bigcommerce,108.0,108.0,1,0,96.4
19506jk/Nirvana,200.0,200.0,1,0,170.0
1995parham/Contact-Manager-System,216.0,154.0,1,0,158.0
1SI/tablero_avanzado,99.0,98.0,1,0,88.80000000000001
1and1/Troilus,1420.0,980.0,1,0,970.0
1and1/foss-parent,160.0,158.0,1,0,137.2
1orwell/Battleships,22.0,22.0,0,0,17.6
2Checkout/2checkout-java,316.0,228.0,1,0,227.60000000000002
32bitmicro/Freerouting,1006.0,1006.0,1,0,814.8000000000001
3breadt/dd-plist,378.0,256.0,1,0,263.6
3dbug/blender,12.0,12.0,0,0,9.600000000000001
3dcitydb/importer-exporter-postgis,2436.0,2177.0,1,0,1855.2000000000003
3drobotics/droneapi-java,272.0,176.0,1,0,189.20000000000002
3esmit/JObexFTP,172.0,172.0,1,0,147.6
4242/delmgorb,250.0,178.0,1,0,181.2
4Space/4Space-1.7,2366.0,1953.0,1,0,1737.6000000000001
4data/hibernate-memcached,178.0,133.0,1,0,134.4
4finance/featuros,220.0,220.0,1,0,186.0
4programmers/4Note,234.0,148.0,1,0,162.8
4zero4/AdventureNotFound,56.0,56.0,1,0,54.800000000000004
52North/SOS,8212.0,8212.0,1,0,6579.6
52North/SOS-Test-Suite,494.0,357.0,1,0,350.40000000000003
52North/WPS-Extension-Skeleton,122.0,89.0,1,0,94.4
52North/aixm-bindings,580.0,576.0,1,0,472.4
52North/epos,1922.0,1419.0,1,0,1346.4
52North/iceland,1504.0,1504.0,1,0,1213.2
52North/matlab-control,1620.0,939.0,1,0,1033.6
52North/terraintools,518.0,327.0,1,0,348.0
52North/uncertml-api,250.0,250.0,1,0,210.0
5v3n/arduino-sketchbook,76.0,76.0,1,0,70.80000000000001
5waynewang/commons-jkit,850.0,631.0,1,0,602.4
6WIND/lockable-resources-plugin,316.0,203.0,1,0,217.60000000000002
6tail/nlf,952.0,952.0,1,0,771.6
786228836/codeGenerator,276.0,276.0,1,0,230.8
8BITPLATOONTESTING/javatest,32.0,32.0,0,0,25.6
8BitPlus/BitPlus,850.0,850.0,1,0,690.0
99soft/autobind,1078.0,1000.0,1,0,841.2
99soft/be3,304.0,229.0,1,0,223.20000000000002
99soft/sli4j,600.0,454.0,1,0,431.6
99soft/t2t,146.0,138.0,1,0,123.60000000000001
99taxis/zendesk-java-api,222.0,161.0,1,0,163.20000000000002
9CR4/ChunkyPeripherals,584.0,398.0,1,0,402.80000000000007
9zdata-darwin/loges,34184.0,23867.0,1,0,23230.4
A110802/cos126-assignments-2009,4484.0,4484.0,1,0,3597.2000000000003
A24Group/ssGWT-lib,658.0,657.0,1,0,536.0
AAROC/IDPPublic,630.0,509.0,1,0,465.6
ACS-Community/ACS,28796.0,28796.0,1,0,23046.800000000003
AHeise/cleansing-example,148.0,148.0,1,0,128.4
AIT-JEVis/JSON2JEVisClassesCreator,28.0,28.0,0,0,22.400000000000002
AIT-JEVis/JSON2JEVisStructureCreator,30.0,30.0,0,0,24.0
AJHealey/sankey-javafx,68.0,57.0,1,0,60.0
AKSW/AutoSPARQL,3604.0,2497.0,1,0,2450.4
AKSW/CoyoteCache,462.0,294.0,1,0,312.40000000000003
AKSW/Tapioca,1094.0,749.0,1,0,747.2
AMEE/climatecraft,72.0,72.0,1,0,67.6
APJava/Project,28.0,28.0,0,0,22.400000000000002
AReallyGoodName/OfflineReverseGeocode,78.0,53.0,1,0,62.400000000000006
ASKGLab/DHApplet,71.0,71.0,1,0,66.80000000000001
ATKata/sudoku,52.0,39.0,1,0,46.400000000000006
ATLauncher/ATLauncher,1574.0,1067.0,1,0,1066.4
AaronFoley/CharacterCards,116.0,116.0,1,0,102.80000000000001
AbeelLab/LifeTiles,712.0,690.0,1,0,570.8
Abnaxos/pegdown-doclet,730.0,526.0,1,0,512.4
Abnaxos/pivote-java,636.0,503.0,1,0,465.6
AbrarSyed/animated-octo-meme,110.0,102.0,1,0,94.80000000000001
Abstrys/ConsoleKit,64.0,46.0,1,0,54.0
AccelerationNet/access2csv,38.0,34.0,0,0,28.800000000000004
Achal-Aggarwal/workerbee,594.0,420.0,1,0,415.6
AchieveMe/achieve-carminp-api,182.0,141.0,1,0,139.2
Acidity/LolDataServer,98.0,98.0,1,0,88.4
AcmeProject/WildernessTp,130.0,97.0,1,0,100.80000000000001
Aconex/scrutineer,708.0,457.0,1,0,476.0
AdamBien/airfield,132.0,87.0,1,0,97.60000000000001
AdamBien/cors,90.0,62.0,1,0,70.8
AdamBien/enhydrator,350.0,350.0,1,0,290.0
AdamBien/javaee7-essentials-archetype,78.0,61.0,1,0,65.60000000000001
AdamBien/servicelink,134.0,96.0,1,0,102.0
AddstarMC/BirthdayGift,32.0,32.0,0,0,25.6
Ademan/gitfreenet,54.0,51.0,1,0,52.0
Adobe-Consulting-Services/acs-aem-samples,868.0,630.0,1,0,609.2
Adobe-Marketing-Cloud/aem-scf-sample-components-customize,166.0,166.0,1,0,142.8
Adobe-Marketing-Cloud/aem-touchui-dialogconversion-samples,144.0,102.0,1,0,108.4
Adobe-Marketing-Cloud/analytics-live-stream-api-samples,382.0,382.0,1,0,315.6
Adobe-Marketing-Cloud/cq-java-securecq-maven-plugin,114.0,79.0,1,0,87.2
Adobe-Marketing-Cloud/experiencemanager-java-maintenancetask-sample,84.0,57.0,1,0,66.4
Adobe-Marketing-Cloud/experiencemanager-java-msmrollout,124.0,124.0,1,0,109.2
AdobeAtAdobe/aaa-aem-boilerplate,666.0,488.0,1,0,471.6
Adopt-a-JSR/JSR-353-JSON,74.0,56.0,1,0,62.0
AdrianBZG/N_Queens_Puzzle,78.0,78.0,1,0,72.4
Aenigma/sdk,186.0,134.0,1,0,138.0
Aeronbroker/Aeron,1682.0,1682.0,1,0,1355.6000000000001
Afforess/ns-dumps,96.0,66.0,1,0,74.80000000000001
Afrozaar/wp-api-v2-client-java,508.0,374.0,1,0,362.8
AgentME/DCPU-16-Assembler,208.0,150.0,1,0,153.2
AgileMods/MateriaMuto,1582.0,1581.0,1,0,1275.2000000000003
AgileVentures/MetPlus_resumeCruncher,458.0,447.0,1,0,372.0
Agnie-Software/3a,2456.0,2456.0,1,0,1974.8000000000002
Agnie-Software/gwt-youtube,416.0,275.0,1,0,286.4
Ahoi-IT/coremedia-tools,52.0,52.0,1,0,51.6
Aino-io/agent-java,310.0,226.0,1,0,224.4
AirVan21/DBMS.Basic,178.0,174.0,1,0,150.8
AirVantage/av-sched,314.0,314.0,1,0,261.20000000000005
AkaFluffie/Citelic-742,3108.0,3108.0,1,0,2496.4
Alachisoft/TayzGrid,6812.0,6473.0,1,0,5324.0
Alakeel/AI_Project,10.0,10.0,0,0,8.0
AlanHohn/webmvc,308.0,199.0,1,0,212.8
Alcaline/ProjetoFinalProg2,60.0,43.0,1,0,51.2
Aldorus/LissoProjects,144.0,144.0,1,0,125.2
AlertProject/KESI,384.0,281.0,1,0,276.0
Alex-the-666/It-s-About-Time-Minecraft-Mod,1802.0,1258.0,1,0,1234.0
AlexBarnes86/demos,452.0,366.0,1,0,337.20000000000005
AlexCzar/spring-security-acl-mongodb,138.0,137.0,1,0,120.0
AlexDGr8r/MeteorsMod,928.0,754.0,1,0,682.8000000000001
AlexFalappa/nb-springboot,740.0,510.0,1,0,510.0
AlexIIL/CaveOres,282.0,184.0,1,0,196.40000000000003
AlexIIL/CivCraft,536.0,436.0,1,0,398.8
AlexIIL/TrainCraft-1.8.9,1120.0,746.0,1,0,756.4000000000001
AlexMog/MMO-Rulemasters-World,1396.0,1396.0,1,0,1126.8
AlexanderMisel/gnubridge,596.0,596.0,1,0,486.8
Alfresco/gytheio,2498.0,1857.0,1,0,1752.0
Alfresco/java-api-bck,48.0,48.0,0,0,38.400000000000006
Alfresco/spring-social-alfresco,156.0,156.0,1,0,134.8
AlfrescoBenchmark/benchmark-cmis,434.0,271.0,1,0,292.0
AlfrescoLabs/tika-ffmpeg,124.0,93.0,1,0,96.80000000000001
AlgiersJUG/sushi-shop,144.0,104.0,1,0,109.2
AlgorithmX2/PacketLogger,110.0,76.0,1,0,84.4
AlienVault-Labs/OTX-Java-SDK,212.0,154.0,1,0,156.4
AllenDowney/ThinkJavaCode,326.0,326.0,1,0,270.8
Alma-Sanchez/ChessAI2,58.0,58.0,1,0,56.400000000000006
AlmasB/FXTutorials,334.0,334.0,1,0,277.2
AlmuraDev/Almura-API,3474.0,2581.0,1,0,2432.0
AlmuraDev/Guide-Legacy,178.0,139.0,1,0,136.8
AlonsoCampos/Sistema-Central,1016.0,1016.0,1,0,822.8000000000001
Aloomaio/storm-graphite-metrics,124.0,75.0,1,0,89.6
AlvaroVega/TIDIdlc,418.0,409.0,1,0,340.80000000000007
AlvaroVega/TIDNamingJ,312.0,312.0,1,0,259.6
AmirHooshangi/DTO-code-generation,86.0,69.0,1,0,72.0
Amperture/MCTea,64.0,64.0,1,0,61.2
Amunak/MineAuction,46.0,46.0,0,0,36.800000000000004
AnandSingh/eBayOrder,94.0,86.0,1,0,82.0
AndoxynPlugins/ClearCreativeInventory,32.0,32.0,0,0,25.6
AndreasKl/spring-boot-mvc-completablefuture,98.0,71.0,1,0,77.60000000000001
AndresJMM/Proyecto,3262.0,3262.0,1,0,2619.6000000000004
AndrewDeCHamplain/Bomberman,122.0,122.0,1,0,107.60000000000001
AndrewRosenberg/AuToBI,712.0,709.0,1,0,578.4000000000001
Android-AOSP/external_tagsoup,184.0,146.0,1,0,142.0
AndroidDeveloperLB/WebpifyYourAndroidApp,120.0,120.0,1,0,106.0
AndroidGears/Plugin,256.0,256.0,1,0,214.8
AnimeshShaw/TextMining-Algorithms,36.0,36.0,0,0,28.8
AnkitaB/mesp,296.0,296.0,1,0,246.8
Anntie/JavaChat,114.0,114.0,1,0,101.2
Ansku/numberfield,78.0,78.0,1,0,72.4
Antaresgames/game_machine,960.0,960.0,1,0,778.0
AnthonyGeo/Java,292.0,292.0,1,0,243.60000000000002
AntonOfTheWoods/openemm-patches,42.0,42.0,0,0,33.6
Antyradek/epikomat,170.0,152.0,1,0,138.8
AnujaK/restfiddle,80272.0,41015.0,1,0,48524.8
Anxuiz/BukkitSettings,52.0,52.0,1,0,51.6
Appdynamics/AD-Capital,580.0,421.0,1,0,410.4
Appdynamics/apache-monitoring-extension,118.0,91.0,1,0,93.6
Appdynamics/cassandra-monitoring-extension,118.0,91.0,1,0,93.6
Appdynamics/cloudstack-connector-extension,90.0,74.0,1,0,75.6
Appdynamics/ehcache-monitoring-extension,62.0,53.0,1,0,56.0
Appdynamics/elasticsearch-monitoring-extension,156.0,121.0,1,0,120.80000000000001
Appdynamics/mongo-monitoring-extension,120.0,93.0,1,0,95.2
Appdynamics/oracle-monitoring-extension,56.0,56.0,1,0,54.800000000000004
Appdynamics/pagerduty-alerting-extension,232.0,176.0,1,0,173.20000000000002
Appdynamics/solr-monitoring-extension,108.0,83.0,1,0,86.4
Appdynamics/tibcoems-monitoring-extension,88.0,87.0,1,0,80.0
Appdynamics/varnish-monitoring-extension,96.0,73.0,1,0,77.60000000000001
Appdynamics/vertica-monitoring-extension,84.0,84.0,1,0,77.2
Appdynamics/vmware-vsphere-monitoring-extension,88.0,66.0,1,0,71.60000000000001
Appdynamics/websphere-mq-monitoring-extension,100.0,100.0,1,0,90.0
Appendium/flatpack,1286.0,913.0,1,0,889.6
ApplETS/slack-eventbrite,156.0,111.0,1,0,116.80000000000001
Approach/Renderable,8.0,8.0,0,0,6.4
Appsamblea/miniversion_JPA,174.0,174.0,1,0,149.20000000000002
Appverse/appverse-web,1926.0,1926.0,1,0,1550.8000000000002
Appverse/appverse-web-tools,1044.0,891.0,1,0,784.0
ArcBees/gsss,144.0,110.0,1,0,111.6
ArchmageInc/angular-pdfjs,102.0,102.0,1,0,91.60000000000001
Argamore/BILD-IT-Advanced,372.0,372.0,1,0,307.6
ArminKaric/Project-Royale,34.0,34.0,0,0,27.200000000000003
Arnauld/gutenberg,1772.0,1130.0,1,0,1170.8000000000002
Arnauld/jbehave-eclipse-plugin,666.0,662.0,1,0,541.2
ArneBinder/MavenApacheLicenseUtil,162.0,116.0,1,0,121.2
ArpNetworking/logback-steno,1876.0,1228.0,1,0,1251.6000000000001
ArpNetworking/metrics-aggregator-daemon,2680.0,1830.0,1,0,1814.0
ArpNetworking/metrics-client-java,634.0,393.0,1,0,420.80000000000007
ArpNetworking/metrics-vertx-extra,384.0,240.0,1,0,259.6
Arquisoft/ObservaTerra31,230.0,230.0,1,0,194.0
Arquisoft/Trivial4a,512.0,464.0,1,0,400.40000000000003
Arquisoft/VoteCounting_2b,542.0,416.0,1,0,393.20000000000005
Arquisoft/VotingSystem_3a,814.0,603.0,1,0,576.8000000000001
Arquisoft/VotingSystem_4a,656.0,488.0,1,0,467.6
Arquisoft/censuses_3b,222.0,163.0,1,0,164.0
Arquisoft/voters_1b,92.0,76.0,1,0,77.2
ArtificerRepo/artificer,10448.0,7345.0,1,0,7127.2
Arunk0548/BallPoolGame,12.0,12.0,0,0,9.600000000000001
Asana/java-asana,464.0,336.0,1,0,330.0
Ashel-Dionne/GoogleProblem,32.0,32.0,0,0,25.6
Asprise/java-ocr-api,486.0,293.0,1,0,321.6
Asqatasun/Asqatasun,47758.0,36066.0,1,0,33539.600000000006
Asqatasun/Asqatasun-Sonar-Plugin,248.0,248.0,1,0,208.4
Asqatasun/Web-Snapshot,368.0,368.0,1,0,304.40000000000003
AsyncHttpClient/async-http-client,3442.0,2361.0,1,0,2331.2000000000003
Athou/commafeed,35358.0,18015.0,1,0,21359.2
AuScope/IGSN,426.0,426.0,1,0,350.8
AusDTO/citizenship-appointment-server,23016.0,11810.0,1,0,13940.4
AuthorizeNet/sample-code-java,338.0,249.0,1,0,244.8
Auto-ID-Lab-Japan/fosstrak-tdt,358.0,261.0,1,0,257.6
AvatarQing/GoogleTranslateApiDemo,26.0,26.0,0,0,20.8
Avery246813579/HotPotato,104.0,104.0,1,0,93.2
Avira/couchdoop,760.0,435.0,1,0,488.0
AwesomeSauwss/SteamAge,2902.0,2845.0,1,0,2308.8
AydinSakar/sql-layer,10264.0,10264.0,1,0,8221.2
Ayutac/gcs,1186.0,1184.0,1,0,958.0
Ayutac/toolkit,774.0,772.0,1,0,628.4000000000001
AzayAblone/EncryptionDecryptionDemo,8.0,8.0,0,0,6.4
Azure-Samples/active-directory-java-native-headless,48.0,32.0,0,0,32.0
Azure-Samples/storage-table-java-getting-started,58.0,41.0,1,0,49.60000000000001
Azure/azure-documentdb-hadoop,86.0,86.0,1,0,78.8
Azure/azure-documentdb-java,820.0,532.0,1,0,550.8
Azure/azure-event-hubs,744.0,744.0,1,0,605.2
Azure/azure-storage-java,1848.0,1301.0,1,0,1269.6
B3Partners/b3p-combineImageTool,214.0,163.0,1,0,160.8
B3Partners/b3p-commons-core,720.0,532.0,1,0,510.8
B3Partners/b3p-commons-hibernate,68.0,49.0,1,0,56.800000000000004
B3Partners/b3p-gt2-csv,88.0,65.0,1,0,71.2
B3Partners/b3p-gt2-dxf,292.0,208.0,1,0,210.0
B3Partners/b3p-mapfile,96.0,70.0,1,0,76.4
B3Partners/b3p-zoeker,142.0,108.0,1,0,110.0
B3Partners/datastorelinkerEntities,250.0,210.0,1,0,194.0
BAI1/NewAnnouncer,24.0,24.0,0,0,19.200000000000003
BAndysc/metro-swt,38.0,38.0,0,0,30.400000000000002
BB20101997/BBBlockCraft,704.0,617.0,1,0,538.4000000000001
BCA-Team/Buildcraft-Additions,1468.0,1465.0,1,0,1183.2
BGehrels/singleTransferableVoteElections,522.0,332.0,1,0,351.6
BMKEG/lapdftextVpdmf,148.0,148.0,1,0,128.4
BOSSoNe0013/NeoJava,414.0,297.0,1,0,294.40000000000003
BP2014W1/BPMConverter,294.0,221.0,1,0,216.0
BP2014W1/JUserManagement,506.0,380.0,1,0,364.4
BPELtools/BPEL-splitting,720.0,720.0,1,0,586.0
BPELtools/BPEL4Chor-model,326.0,326.0,1,0,270.8
BVT-Team-61/Robot-Base,54.0,54.0,1,0,53.2
BYOND/byond-compiler-plugin,28.0,28.0,0,0,22.400000000000002
BYVoid/TA-Lib,512.0,319.0,1,0,342.40000000000003
BagusThanatos/NaiveBayesForEverything,154.0,110.0,1,0,115.6
Bai-Cai/Free-Choice.Net,296.0,296.0,1,0,246.8
Bai-Jie/DirectoryCatalog,816.0,648.0,1,0,595.6
Bakkes/Slick2DRPG,332.0,332.0,1,0,275.6
Balrog994/InfernalTech,1142.0,814.0,1,0,792.4000000000001
Banasen/InvScan,68.0,68.0,1,0,64.4
BandwidthOnDemand/nsi-dds,516.0,516.0,1,0,422.8
Barnett-wjq/AssassinInstruction,20.0,20.0,0,0,16.0
BaseXdb/basex,10950.0,8086.0,1,0,7624.4
Bathlamos/Let-It-Rain,54.0,54.0,1,0,53.2
BattlePlugins/BattleEssentials,24.0,24.0,0,0,19.200000000000003
BeYkeRYkt/LightSource,84.0,84.0,1,0,77.2
Beanxxbot/StellaVillam,684.0,485.0,1,0,477.6
Bedework/bw-ical4j-cl,5720.0,4617.0,1,0,4144.8
Bedework/bw-ical4j-vcard,1336.0,949.0,1,0,924.0
Bedework/bw-util,2398.0,1717.0,1,0,1656.0
BeeHiveJava/NetLib,94.0,94.0,1,0,85.2
BelajarJavaBareng/bpersonalia,724.0,460.0,1,0,483.6
BenjaminDiaz/SudokuFX,64.0,64.0,1,0,61.2
BenjaminSchiller/DNA.sampling,44.0,44.0,0,0,35.2
BenjaminSchiller/GTNA,1936.0,1936.0,1,0,1558.8000000000002
BennSandoval/opencfdi-api,452.0,448.0,1,0,370.0
BennyQBD/3DSoftwareRenderer,80.0,80.0,1,0,74.0
Berico-Technologies/CLAVIN,846.0,565.0,1,0,574.4000000000001
Berreis/JCL,448.0,448.0,1,0,368.40000000000003
BertrandDechoux/cascading.plumber,208.0,148.0,1,0,152.4
Bestoa/shadowsocks-java,186.0,140.0,1,0,140.4
Biemc/Biemc,18.0,18.0,0,0,14.4
Bigdaddy-Di/Denkoukeijiban,160.0,150.0,1,0,134.0
BinaryMuse/judaw,38.0,38.0,0,0,30.400000000000002
BingAds/BingAds-Java-SDK,21424.0,14693.0,1,0,14456.800000000001
BioPAX/validator,1792.0,1275.0,1,0,1236.8000000000002
Biospore/kalong,40.0,40.0,0,0,32.0
BitcoinAuthenticator/Wallet,702.0,702.0,1,0,571.6
BlackHubOS/EventoZero,484.0,442.0,1,0,380.40000000000003
BlackacreLabs/pdfboxminer,52.0,38.0,1,0,46.0
BlackyPaw/SimpleConfig,148.0,108.0,1,0,112.4
Blank101/sbworld-server,20.0,20.0,0,0,16.0
Blastman/DtoTester,88.0,60.0,1,0,69.2
BlazeCube/Beacon,366.0,366.0,1,0,302.8
Blazebit/blaze-persistence,6912.0,4946.0,1,0,4753.200000000001
Blazebit/blaze-utils,1880.0,1318.0,1,0,1289.2
BlockScore/blockscore-java,432.0,287.0,1,0,297.6
Blockhaus2000/SelfMadeRegion,90.0,90.0,1,0,82.0
BlueAnanas/ZebrasToggleSneak,164.0,113.0,1,0,120.80000000000001
BlueBrain/bluima,42090.0,42090.0,1,0,33682.0
BlueHuskyStudios/Efficient-Averager,24.0,24.0,0,0,19.200000000000003
BlueMapleTech/AppleGroup-Sasi-Java-JSE-,64.0,64.0,1,0,61.2
BlueVia/Official-Library-Java,2383.0,2383.0,1,0,1916.4
BobString/feistel-cypher-UiS,28.0,28.0,0,0,22.400000000000002
BobbyWhiskey/jdto,498.0,323.0,1,0,338.40000000000003
Bobnix/ApexDocEx,238.0,171.0,1,0,173.60000000000002
BoiseState/Disjoint-Domains,284.0,284.0,1,0,237.20000000000002
BoltsFramework/Bolts-Java,156.0,121.0,1,0,120.80000000000001
Borda/ij-CMP-BIA,276.0,226.0,1,0,210.8
Borisvl/JBIG2-Image-Decoder,332.0,250.0,1,0,242.8
BraintagsGmbH/vertx-key-generator,106.0,106.0,1,0,94.80000000000001
BrandonJohnGrenier/jbehave-junit-reporter-3,86.0,76.0,1,0,74.8
BrandwatchLtd/async-mixpanel-client,132.0,91.0,1,0,99.2
BrassGoggledArchivists/Enchantments,60.0,60.0,1,0,58.0
BraulioV/Napakalaky-Java,70.0,70.0,1,0,66.0
Breeze/breeze.server.java,1014.0,1014.0,1,0,821.2
BrentDouglas/vial,4094.0,2242.0,1,0,2544.4
BrianBB/jPastebin,148.0,112.0,1,0,114.0
BrianEliotWhipple/massive-octo-bear,212.0,212.0,1,0,179.60000000000002
BrianKolowitz/SimpleServlet_ee,134.0,134.0,1,0,117.2
BrightTag/kafkameter,98.0,73.0,1,0,78.4
BringsEuphoria/src,10.0,10.0,0,0,8.0
Bronts/SCrawler,62.0,62.0,1,0,59.6
BrunoPereiraSantos/Consenso,1757.0,1346.0,1,0,1251.2
BrunoSoares-LABORA/mr-api,392.0,392.0,1,0,323.6
BuddhaLabs/DeD-OSX,29178.0,29178.0,1,0,23352.4
BukkitDevTeam/Interglot,102.0,71.0,1,0,79.2
BulaMar/BookwormRobotCapture,556.0,556.0,1,0,454.8
BurgherJon/football4,164.0,153.0,1,0,136.8
Burp-BReWSki/BReWSki,275.0,218.0,1,0,207.2
C-D-Lewis/header-gen,14.0,14.0,0,0,11.200000000000001
CA-APM/ca-apm-fieldpack-mongodb,226.0,171.0,1,0,168.8
CBCJVM/botballsim,2454.0,1319.0,1,0,1519.2
CDKGlobal/pipeline,190.0,190.0,1,0,162.0
CDLUC3/dash-xtf,8384.0,6289.0,1,0,5879.200000000001
CERN-BE/Entwined-STM,520.0,339.0,1,0,353.6
CIRDLES/ET_Redux,2264.0,2183.0,1,0,1788.8000000000002
CIRDLES/GeoApp,116.0,84.0,1,0,90.0
CIRDLES/GeoSamples,446.0,261.0,1,0,292.8
CIT-VSB-TUO/ResBill,2966.0,2966.0,1,0,2382.8
CIVN/ChatSound,64.0,45.0,1,0,53.6
CK35/jacoco-report-changes,128.0,86.0,1,0,95.6
CKOTech/checkout-java-library,276.0,276.0,1,0,230.8
CMPUT391-Proj/ImageShare-2.0,172.0,172.0,1,0,147.6
CMSC495/project,90.0,90.0,1,0,82.0
CONNECT-Solution/CONNECT,35338.0,23234.0,1,0,23438.800000000003
CPEN-221/example4,12.0,12.0,0,0,9.600000000000001
CPEN-221/example8,26.0,26.0,0,0,20.8
CQUAside/Aside-Server,216.0,216.0,1,0,182.8
CREAEducacion/PreguntameWeb,46.0,46.0,0,0,36.800000000000004
CS180-group/greeps,104.0,104.0,1,0,93.2
CS356Blue/jcarder,284.0,284.0,1,0,237.20000000000002
CSEMike/OneSwarm-Community-Server,252.0,251.0,1,0,211.20000000000002
CSIM-Toolkits/ImageJ,82.0,82.0,1,0,75.60000000000001
CSPF-Founder/JavaVulnerableLab,524.0,372.0,1,0,368.40000000000003
CSSE497/pathfinder-routing,230.0,230.0,1,0,194.0
Canadensys/canadensys-data-access,788.0,588.0,1,0,560.4000000000001
Canadensys/narwhal-api,150.0,149.0,1,0,129.6
Canadensys/narwhal-processor,372.0,270.0,1,0,266.8
CandleCandle/translations,238.0,180.0,1,0,177.2
Cantido/qlearner,176.0,176.0,1,0,150.8
CapCaval/ccProjects,890.0,890.0,1,0,722.0
Captain-Chaos/WorldPainter,2080.0,2080.0,1,0,1674.0
CaptainBern/HoloAPICore,122.0,119.0,1,0,106.4
CardinalDevelopment/Cardinal,1084.0,816.0,1,0,770.0
CarlosAgon/ILP-UPMC,3142.0,3142.0,1,0,2523.6000000000004
CarmudiUser/cucumber-rocky,1254.0,809.0,1,0,835.2
CartoDB/cartodb-java-client,124.0,96.0,1,0,98.0
Catalysts/cat-boot,1108.0,833.0,1,0,786.4000000000001
Catalysts/swagger-jaxrs-maven-plugin,154.0,96.0,1,0,110.0
Cawfree/earcut-j,24.0,24.0,0,0,19.200000000000003
Ccook/Mnemosyne,252.0,252.0,1,0,211.60000000000002
Ccook/conniption,420.0,302.0,1,0,298.8
CdePanda/Gantic,222.0,158.0,1,0,162.0
CeON/CERMINE,7380.0,5293.0,1,0,5079.200000000001
Cendrb/UltraMegaFactory,1264.0,878.0,1,0,866.8000000000001
CenturyLinkCloud/clc-java-sdk,7802.0,7021.0,1,0,5939.200000000001
CeriAvignon/Projet2015,346.0,346.0,1,0,286.8
Cetis/lts,126.0,92.0,1,0,97.20000000000002
Ceutec/ExamenProgra1Parcial2,24.0,24.0,0,0,19.200000000000003
Ceutec/Progra1Tarea3,18.0,18.0,0,0,14.4
Ceutec/Progra1Tarea6,18.0,18.0,0,0,14.4
Ceutec/Progra2Tarea3,20.0,20.0,0,0,16.0
ChampionsDev/Champions,534.0,534.0,1,0,437.20000000000005
ChangeVision/astah-uml2c-plugin,126.0,126.0,1,0,110.80000000000001
ChannelMeter/presto-msgpack,96.0,68.0,1,0,75.60000000000001
CharlesSkelton/studio,1646.0,1646.0,1,0,1326.8000000000002
Chase-san/CDDA-Tileset-Editor,122.0,122.0,1,0,107.60000000000001
Chicken-Bones/CodeChickenLib,300.0,300.0,1,0,250.0
Chicken-Bones/EnderStorage,172.0,172.0,1,0,147.6
Chicken-Bones/NotEnoughItems,394.0,394.0,1,0,325.20000000000005
Chimaytric/ProjetBDD,52.0,52.0,1,0,51.6
ChiralBehaviors/hive,250.0,179.0,1,0,181.60000000000002
Chnkr/ChunkrConnect,254.0,222.0,1,0,200.40000000000003
Chnkr/Suelake,512.0,512.0,1,0,419.6
Choonster/ChiselFacades,74.0,62.0,1,0,64.4
Chorus-bdd/Chorus-demo,68.0,68.0,1,0,64.4
Chris27/WinnovationCode,526.0,526.0,1,0,430.8
ChrisQuignon/kivasim,66.0,54.0,1,0,58.0
ChristianSchulte/CC-XJC,3346.0,1764.0,1,0,2054.0
ChromeCastClassicGames/ChromeCastClassicGamesGAE,510.0,362.0,1,0,358.8
ChronixDB/chronix.api,140.0,110.0,1,0,110.0
ChronixDB/chronix.fastdtw,244.0,194.0,1,0,185.20000000000002
ChronixDB/chronix.kassiopeia,1016.0,768.0,1,0,723.6000000000001
Church-of-Koushin/Koushin-General-Mod,68.0,68.0,1,0,64.4
CincinnatiCodingDojo/bugFixExample,22.0,22.0,0,0,17.6
CircuitOfLifeRobotics/Squishy,74.0,74.0,1,0,69.2
CircularChicken/Picklr,284.0,186.0,1,0,198.0
CiscoUKIDCDev/UCSD-OA-Spark,128.0,128.0,1,0,112.4
CitizensDev/Citizens2,474.0,474.0,1,0,389.20000000000005
CityOfLearning/Achievements,50.0,50.0,0,0,40.0
CityOfLearning/LoginUI,32.0,32.0,0,0,25.6
CityPulse/DecisionSupport-ContextualFiltering,638.0,638.0,1,0,520.4000000000001
CivilizatonExperiment/ExtraStuff,48.0,48.0,0,0,38.400000000000006
Clarkcj12/YouTube-Plus,162.0,113.0,1,0,120.0
Claudenw/jdbc4sparql,1810.0,1154.0,1,0,1195.6
Claudenw/junit-contracts,1110.0,727.0,1,0,744.8
CleanSpark/esi,50.0,50.0,0,0,40.0
ClearVolume/ClearVolume,2426.0,1588.0,1,0,1615.6000000000001
Clearpool/Kodiak,288.0,288.0,1,0,240.4
ClemsonRSRG/RESOLVE,6174.0,4036.0,1,0,4094.0000000000005
CleverboyDev/TheUtilityMod,360.0,308.0,1,0,277.2
ClickTravel/Cheddar,2094.0,2094.0,1,0,1685.2
ClickTravel/sqs-worker,114.0,90.0,1,0,91.6
ClickerMonkey/Taskaroo,70.0,68.0,1,0,65.2
Clinical3PO/Platform,6916.0,6916.0,1,0,5542.8
ClitherProject/Clither-Server,326.0,235.0,1,0,234.4
Cloud-Pad/AverageClass,102.0,82.0,1,0,83.60000000000001
CloudBees-community/gasp-server,222.0,140.0,1,0,154.8
CloudScale-Project/CloudStore,1262.0,825.0,1,0,844.8
CloudSlang/score,3628.0,2573.0,1,0,2490.4
Cloudhunter/CrafTech,1504.0,847.0,1,0,950.4000000000001
Cnly/BReplacer,82.0,58.0,1,0,66.0
Cnly/Crafter,194.0,194.0,1,0,165.20000000000002
CoE4BD/HadoopHowTo,54.0,54.0,1,0,53.2
CoEIA/DEM,2686.0,1927.0,1,0,1855.2000000000003
Coconuts2486-FRC/FRC-2016-Beta,48.0,48.0,0,0,38.400000000000006
CodeCrafter47/FreeBungeeChat,244.0,166.0,1,0,174.0
CodeFX-org/demo-serialization-proxy-pattern,30.0,30.0,0,0,24.0
CodeGerm/HBaseMate,80.0,80.0,1,0,74.0
CodeGerm/Pathogen,172.0,172.0,1,0,147.6
CodeLiners/SpatialRunes,214.0,214.0,1,0,181.20000000000002
CodeMyAss/MCProxy,130.0,122.0,1,0,110.80000000000001
CodeQInvest/codeq-invest,818.0,807.0,1,0,660.0
CodeShark/supernode-api,222.0,161.0,1,0,163.20000000000002
Codearte/accurest-maven-plugin,520.0,436.0,1,0,392.4
Codeforces/codeforces-commons,502.0,502.0,1,0,411.6
CodetteNight/EECE-310-Team-12,452.0,452.0,1,0,371.6
Codeusa/CodeUSA-Custom-Titles,10.0,10.0,0,0,8.0
CodyJamesCasey/MinecraftBotBuddy,782.0,650.0,1,0,582.8
CoffeMug/tetris,104.0,74.0,1,0,81.2
CogDis/ItemScanner,22.0,22.0,0,0,17.6
Cognifide/Maven-CRX-Plugin,126.0,91.0,1,0,96.80000000000001
CognitiveScale/project-example-java,72.0,72.0,1,0,67.6
ColdBloodedCoders/InfectedPlugin,34.0,34.0,0,0,27.200000000000003
Comcast/cmb,1872.0,1296.0,1,0,1277.2
Comcast/flume2storm,4142.0,2415.0,1,0,2632.8
Comcast/zucchini,248.0,180.0,1,0,181.2
ComiteGrimoire/GrimMinecraftModTuto,94.0,94.0,1,0,85.2
CommonGuy/AlienWar,166.0,166.0,1,0,142.8
Commonjava/atlas,2016.0,1450.0,1,0,1396.4
Compurnee/Pockeemuns,20.0,20.0,0,0,16.0
Confluex/cookbook,134.0,134.0,1,0,117.2
ConnectingCities/AECFacadeProcessingLibrary,110.0,110.0,1,0,98.0
Connorelsea/XShot,448.0,308.0,1,0,312.40000000000003
ContextQuickie/ContextQuickie,248.0,248.0,1,0,208.4
ContinuumIO/nutchpy,114.0,114.0,1,0,101.2
Contrast-Security-OSS/jinfinity,80.0,57.0,1,0,64.8
Contron/JavaVPK,34.0,34.0,0,0,27.200000000000003
Coolway99/ToS_Forum_Mafia_Note_Taker,64.0,64.0,1,0,61.2
CopyToMyWs/sr.Java,32.0,32.0,0,0,25.6
CoreASM/coreasm.core,3274.0,3274.0,1,0,2629.2000000000003
CoreFiling/reviki,1284.0,1261.0,1,0,1028.0
CoreModding/CORE-API,110.0,110.0,1,0,98.0
CoreModding/CoreModdingInstallerJava,34.0,34.0,0,0,27.200000000000003
CoreNetwork/Limbo,108.0,108.0,1,0,96.4
Cortex-Modders/CodeLyokoMod,2042.0,1424.0,1,0,1396.4
Cosette99/TeamBlitzRobot2016,214.0,214.0,1,0,181.20000000000002
CowboyTesting/api-get-webrequest,82.0,82.0,1,0,75.60000000000001
CptSpaceToaster/CptsModdingLight,394.0,391.0,1,0,324.0
CrackHillCode/UtilityX,316.0,316.0,1,0,262.8
CraftIRC/4,336.0,245.0,1,0,242.4
CraftOfClans/CraftOfClans,116.0,116.0,1,0,102.80000000000001
CrawlScript/WordCount,1060.0,1060.0,1,0,858.0
CreativeMD/InGameConfigManager,204.0,204.0,1,0,173.20000000000002
CreativeMD/ItemPhysic,44.0,44.0,0,0,35.2
CreativeMD/LittleTiles,266.0,266.0,1,0,222.8
Crigges/JMPQ-v3,74.0,74.0,1,0,69.2
Croberson12/Modular-Teleporters,538.0,432.0,1,0,398.0
CrossGaming/CrossGaming-BukkitPlugins,1442.0,1442.0,1,0,1163.6000000000001
CruiseControl/cruisecontrol,4658.0,4658.0,1,0,3736.4
Crunc/hamcrest-json-matchers,308.0,226.0,1,0,223.60000000000002
CrushedPixel/CubicSplineDemo,34.0,34.0,0,0,27.200000000000003
CrushedPixel/PixelCamMod,306.0,202.0,1,0,213.20000000000002
CruxFramework/crux-maven-plugin,74.0,74.0,1,0,69.2
Crydust/TokenReplacer,164.0,117.0,1,0,122.4
Crydust/owasp-esapi-onlyencryptedproperties,232.0,220.0,1,0,190.8
CryoGenesis/GGU,228.0,228.0,1,0,192.4
Crypto-Expert/digitalcoinj,1948.0,1311.0,1,0,1313.6
Cube-Nation/MineCapes,1092.0,571.0,1,0,675.2
Cube-Space/Dynmap-Multiserver,250.0,186.0,1,0,184.4
CubeEngine/ReflecT,932.0,660.0,1,0,646.8
CubeEngine/modules-prototypes,250.0,250.0,1,0,210.0
CubexX/vkapi-lib,80.0,80.0,1,0,74.0
Cuddly-Algorithms/Intervals,20.0,20.0,0,0,16.0
Cue/greplin-bloom-filter,122.0,87.0,1,0,93.60000000000001
Curtisdhi/PickleCraft,100.0,95.0,1,0,88.0
CyanogenMod/android_external_gson,2052.0,1307.0,1,0,1353.6000000000001
CyanogenMod/android_external_guava,4426.0,3363.0,1,0,3125.6000000000004
CyanogenMod/android_external_hamcrest,66.0,66.0,1,0,62.800000000000004
CyanogenMod/android_external_nanohttpd,532.0,372.0,1,0,371.6
Cybnate/NuBitsj,22878.0,12227.0,1,0,14052.0
CyclopsMC/CyclopsCore,2872.0,1911.0,1,0,1923.2
CyclopsMC/StructuredCrafting,238.0,199.0,1,0,184.8
Cyntain/Fuelsmod,348.0,348.0,1,0,288.40000000000003
Cypher121/Skills,102.0,101.0,1,0,91.20000000000002
D4rKDeagle/EnderChestViewer,32.0,32.0,0,0,25.6
DANS-KNAW/dccd-http,194.0,194.0,1,0,165.20000000000002
DANS-KNAW/dccd-webui,2260.0,2260.0,1,0,1818.0
DAT055-2/OpenFlisp,562.0,392.0,1,0,391.6
DBCDK/fcrepo-3.5-patched,5932.0,5921.0,1,0,4751.200000000001
DDoS/MCCasino,104.0,98.0,1,0,90.80000000000001
DDoS/QuickSign,104.0,104.0,1,0,93.2
DICE-UNC/jargon-modeshape,1978.0,1819.0,1,0,1528.8000000000002
DJBiokinetix/DeathSpawn,8.0,8.0,0,0,6.4
DJBiokinetix/MCCommands,8.0,8.0,0,0,6.4
DMDirc/Parser,478.0,478.0,1,0,392.40000000000003
DSH105/HoloAPI,368.0,356.0,1,0,299.6
DSH105/Interact,144.0,134.0,1,0,121.2
DSH105/MenuAPI,58.0,54.0,1,0,54.800000000000004
DV8FromTheWorld/JDA,2310.0,1444.0,1,0,1511.6
DaFlight/DaFlightCommon,178.0,178.0,1,0,152.4
DaGeRe/KoPeMe,2222.0,1474.0,1,0,1488.4
DaanVanYperen/artemis-odb-contrib,898.0,876.0,1,0,719.6000000000001
Dabomstew/pokemon-routetwo,92.0,92.0,1,0,83.60000000000001
Dahie/imageflow,1368.0,1062.0,1,0,982.0
Dahnark/Recursos,20.0,20.0,0,0,16.0
DaiDongLiang/DSC,1908.0,1903.0,1,0,1534.4
DamianJMurphy/SpineTools-Java,134.0,134.0,1,0,117.2
Damiya/legendary,1880.0,1880.0,1,0,1514.0
DanChianucci/ArduinoEclipsePlugin,188.0,188.0,1,0,160.4
Daniel-Dos/DanielDias-MongoDB,352.0,230.0,1,0,242.8
Daniel69/php-builtin-web-server-plugin,184.0,121.0,1,0,132.0
DanielGronau/highj,2546.0,1758.0,1,0,1731.6000000000001
DanielThomas/spring-boot-starter-netty,242.0,204.0,1,0,188.40000000000003
Daquer/Isencao,418.0,290.0,1,0,293.20000000000005
Darigitin/funWork,128.0,128.0,1,0,112.4
DarkFalconQS/agent_oriented_programming,36.0,36.0,0,0,28.8
DarkSoulKTN/HyperPVP,120.0,120.0,1,0,106.0
DarkToast/java-akka-spring-example,100.0,73.0,1,0,79.2
Darkhax-Minecraft/Tesla,676.0,436.0,1,0,454.80000000000007
DarthJDG/OpenPrince,132.0,132.0,1,0,115.60000000000001
Daskie/Crazy8-CPE-103,406.0,406.0,1,0,334.8
Data2Semantics/mustard,728.0,717.0,1,0,588.0
DataDog/jmxfetch,346.0,258.0,1,0,251.60000000000002
DataSketches/sketches-core,1582.0,1046.0,1,0,1061.2
DataSketches/sketches-hive,370.0,237.0,1,0,252.8
DataSketches/sketches-pig,800.0,503.0,1,0,531.2
DataTorrent/examples,1384.0,1384.0,1,0,1117.2
DavePearce/jx86,122.0,78.0,1,0,90.0
DaveRead/semantic_workbench,570.0,443.0,1,0,415.20000000000005
DavidATGreen/stronghold-kingdoms-castle-designer,410.0,292.0,1,0,290.8
DavidEspino/api,38.0,38.0,0,0,30.400000000000002
DavidGoldman/BetterSpawnEggs,40.0,40.0,0,0,32.0
DavidGoldman/MinecraftScripting,296.0,296.0,1,0,246.8
DavidGoldman/PaintingSelectionGui,40.0,40.0,0,0,32.0
DavidOrchard/todo-jersey,256.0,199.0,1,0,192.0
DavidScript/Print-My-Code,6.0,6.0,0,0,4.800000000000001
DavidValeri/blog-pax-exam-servicemix,100.0,100.0,1,0,90.0
DavidWhitlock/PortlandStateJavaSummer2016,190.0,190.0,1,0,162.0
DawsonG/PathTooLong,10.0,10.0,0,0,8.0
DeBortoliWines/openerp-java-api,220.0,148.0,1,0,157.2
Deaboy/Manhunt,276.0,276.0,1,0,230.8
Deadrik/TFC2,17036.0,12496.0,1,0,11822.800000000001
DealerDotCom/metrics-spring-graphite,62.0,62.0,1,0,59.6
Deanveloper/TellrawAPI,30.0,30.0,0,0,24.0
DecadentOasis/DecadentOasis,54.0,54.0,1,0,53.2
DeemOpen/zkui,378.0,288.0,1,0,276.40000000000003
Deepakkoli93/baadal,4644.0,3262.0,1,0,3172.4000000000005
Deepankar01/SearchWorm,1140.0,1140.0,1,0,922.0
Deepfreeze32/SimpleDHT,54.0,43.0,1,0,48.8
Defra/sample-service,128.0,128.0,1,0,112.4
DemandCube/NeverwinterDP-Commons,1410.0,1410.0,1,0,1138.0
DemandCube/Scribengin,1576.0,1575.0,1,0,1270.4
DemandCube/Sparkngin,238.0,237.0,1,0,200.0
DemigodsRPG/Demigods3,1590.0,1033.0,1,0,1059.2
DemigodsRPG/DemigodsRPG,402.0,402.0,1,0,331.6
DemigodsRPG/demigames,170.0,170.0,1,0,146.0
DemoProjects120/spring-demo-mvc,150.0,121.0,1,0,118.4
DemocracyApps/GraphAnalyzer,130.0,130.0,1,0,114.0
Dempsy/Dempsy-examples,460.0,330.0,1,0,326.0
DennisRippinger/spade,670.0,670.0,1,0,546.0
DennisRippinger/wmTestHelper,314.0,235.0,1,0,229.60000000000002
Derek-Ashmore/moneta,448.0,448.0,1,0,368.40000000000003
Dev-Freaks/teak-api,148.0,106.0,1,0,111.60000000000001
DevBoost/DevBoostShared,52.0,52.0,1,0,51.6
DevChat/rblinks,40.0,40.0,0,0,32.0
DevComPack/setupmaker,624.0,620.0,1,0,507.6
DevOps-TangoMe/flume-bigquery,144.0,96.0,1,0,106.0
DevOps-TangoMe/flume-elasticsearch,122.0,86.0,1,0,93.2
DevWars/devwars.tv,2256.0,2256.0,1,0,1814.8000000000002
DevelopersinLearning/bccProject,28.0,28.0,0,0,22.400000000000002
Devexperts/TDP,86.0,58.0,1,0,67.6
DeviantArt/kafka-connect-s3,138.0,99.0,1,0,104.80000000000001
Dexesttp/hkxpack,912.0,677.0,1,0,645.6
DhyanB/Open-Imaging,122.0,114.0,1,0,104.4
DiceTechJobs/SolrPlugins,276.0,201.0,1,0,200.8
DigitalPebble/TextClassification,478.0,298.0,1,0,320.40000000000003
DigitalPebble/tescobank,80.0,58.0,1,0,65.2
DigitalPebble/textclassification-examples,164.0,102.0,1,0,116.4
Dimensions/Dimensions,84.0,84.0,1,0,77.2
DimitrisAndreou/flexigraph,2112.0,1578.0,1,0,1486.0
DineshKumarBose/LeafAccounts,606.0,410.0,1,0,416.4
DineshKumarBose/LeafSchool,854.0,573.0,1,0,580.8000000000001
Diorite/Diorite,8972.0,6581.0,1,0,6231.200000000001
DirectMyFile/JPower,924.0,713.0,1,0,664.8
DiscoveryGroup/bmvis2,510.0,510.0,1,0,418.0
Disguiser-w/SE2,7010.0,7010.0,1,0,5618.0
DistantEye/EP_Utilities,286.0,286.0,1,0,238.8
DittmarSteiner/xhtml-entities,98.0,68.0,1,0,76.4
DivineOmega/AutoTwit,38.0,38.0,0,0,30.400000000000002
DoctorAlpaca/dictionary,250.0,158.0,1,0,173.2
Doist/TodoistModels,120.0,91.0,1,0,94.4
DomHeal/JavaFX-Chat,138.0,134.0,1,0,118.80000000000001
DominicWatson/embedded-lucee-undertow-factory,100.0,69.0,1,0,77.6
Domo42/saga-lib,1312.0,848.0,1,0,874.0000000000001
DoubleDoorDevelopment/CrayCrafting,238.0,155.0,1,0,167.2
DoubleDoorDevelopment/D3Core,328.0,217.0,1,0,228.00000000000003
DoubleDoorDevelopment/Let-it-Burn,118.0,78.0,1,0,88.4
DoubleDoorDevelopment/Lumberjack,290.0,203.0,1,0,207.2
DoubleDoorDevelopment/PlaceableTools,342.0,228.0,1,0,238.0
DoubleDoorDevelopment/TorchTools,94.0,61.0,1,0,72.0
DougEdey/SB_Elsinore_Server,412.0,412.0,1,0,339.6
DoughnutDev/DonutCraft,1550.0,1178.0,1,0,1101.2
Dove-Bren/QuestManager,1460.0,1033.0,1,0,1007.2
DrDub/gitrecommender,76.0,56.0,1,0,62.800000000000004
Draco18s/Artifacts,1186.0,1186.0,1,0,958.8000000000001
DragonTechMC/DTEssentials,302.0,226.0,1,0,221.20000000000002
DragonetMC/Dragonet,380.0,279.0,1,0,273.6
DreamHackers/test,10.0,10.0,0,0,8.0
DreanorBukkit/PvPTitles,34.0,34.0,0,0,27.200000000000003
Dtroll/FuturologyMod,118.0,118.0,1,0,104.4
Dubliner/CS440_MPs,280.0,280.0,1,0,234.0
Dularl/szte-prf-taskmanager,854.0,547.0,1,0,570.4000000000001
Dykam/AutoRegen,72.0,72.0,1,0,67.6
Dynamic-Dependency-Injection/dynamic-cdi-examples,288.0,288.0,1,0,240.4
Dynatrace/Dynatrace-JBoss-7-Datasource-Monitoring-Plugin,54.0,54.0,1,0,53.2
E4Examples/importworkbenchbridge,206.0,206.0,1,0,174.8
EBIvariation/eva-v2,246.0,246.0,1,0,206.8
EBIvariation/variation-commons,260.0,189.0,1,0,189.60000000000002
ECSE321/TD,116.0,116.0,1,0,102.80000000000001
EDACC/edacc_aac,294.0,293.0,1,0,244.8
EDACC/edacc_api,126.0,126.0,1,0,110.80000000000001
EMLab/emlab-generation,678.0,678.0,1,0,552.4
EMNJavaProject/Immutable_collections_java8,62.0,62.0,1,0,59.6
ENGYS/HELYX-OS,2532.0,2532.0,1,0,2035.6000000000001
ESGF/esgf-security,856.0,854.0,1,0,694.0
EXIficient/exificient,1264.0,1015.0,1,0,921.6
EXTER7/OreDictionaryConverter,398.0,272.0,1,0,278.0
EXTER7/Substratum,3706.0,2742.0,1,0,2589.2
EaW1805/engine,4256.0,2645.0,1,0,2770.4
EarthSquare/USA-AQI-parser,6.0,6.0,0,0,4.800000000000001
EasyBatch/easybatch-framework,3598.0,2599.0,1,0,2488.8
EasyMFnE/DeadHorses,104.0,75.0,1,0,81.6
EasyMFnE/Dice,82.0,62.0,1,0,67.60000000000001
EasysoftCompany/LPTI3,640.0,640.0,1,0,522.0
Ecwid/consul-api,830.0,518.0,1,0,549.2
Ecwid/ecwid-mailchimp,812.0,589.0,1,0,570.4000000000001
EddieVanHalen98/vision,144.0,144.0,1,0,125.2
EduardBaer/FightCountdown,24.0,24.0,0,0,19.200000000000003
EduardoSanchezRustom/SistemaTDR,236.0,236.0,1,0,198.8
EdwardLee03/jedis-sr,152.0,144.0,1,0,128.4
EdwardLee03/spring-mvc-demo,424.0,299.0,1,0,299.20000000000005
EdwardLee03/spring-scheduling-sr,256.0,191.0,1,0,188.8
Effervex/DagYo,240.0,240.0,1,0,202.0
Egga/higher-order-java,138.0,106.0,1,0,107.60000000000001
Eggop92/ADSI_Obvial2,842.0,842.0,1,0,683.6
EinsamHauer/disthene-dumper,98.0,70.0,1,0,77.2
EinsamHauer/disthene-reader,964.0,696.0,1,0,674.0
Ekryd/sortpom,926.0,678.0,1,0,651.6
Ekryd/structure-maven-plugin,168.0,128.0,1,0,128.4
ElasticsearchTraining/ElasticsearchJavaSample,218.0,160.0,1,0,161.2
Eldelshell/JobHunter,536.0,536.0,1,0,438.8
Electro-Games/ElectroGames-Mod,266.0,187.0,1,0,191.2
Eleks-Internship/Stohryn.Dmytro,172.0,172.0,1,0,147.6
ElianaFerioli/gestesimperio,90.0,90.0,1,0,82.0
Ellzord/JALSE,1016.0,683.0,1,0,689.6
Elopteryx/upload-parser,684.0,488.0,1,0,478.80000000000007
ElsewhereGames/Logging,96.0,75.0,1,0,78.4
Eluinhost/FancyFreeze,710.0,500.0,1,0,494.0
Emberwalker/Pulsar,300.0,191.0,1,0,206.4
Emergya/DataTransfer,114.0,80.0,1,0,87.6
Emergya/StandardBreadCrumb,306.0,194.0,1,0,210.0
Emergya/smartcity-routing,78.0,78.0,1,0,72.4
EnSoftCorp/android-essentials-toolbox,180.0,180.0,1,0,154.0
Entercode/Procon2014,28.0,28.0,0,0,22.400000000000002
Enterprise-Content-Management/documentum-rest-client-java,1646.0,1005.0,1,0,1070.4
ErfanY/beatflux,382.0,251.0,1,0,263.20000000000005
Eric-Gonzalez/WordFrequency,104.0,83.0,1,0,84.80000000000001
Ericsson/eiffel-remrem-shared,64.0,46.0,1,0,54.0
Erigitic/TotalEconomy,182.0,133.0,1,0,136.0
EsauPR/Digital-Image-Processing,94.0,94.0,1,0,85.2
Esaych/DonutClicker,156.0,156.0,1,0,134.8
Escapecraft/FalseBook,668.0,668.0,1,0,544.4
EsmerilProgramming/overtown,854.0,698.0,1,0,630.8
EsotericSoftware/clippy,92.0,92.0,1,0,83.60000000000001
EsotericSoftware/dnsmadeeasy,30.0,30.0,0,0,24.0
EsotericSoftware/kryonetty,64.0,64.0,1,0,61.2
EsotericSoftware/scar,52.0,52.0,1,0,51.6
EspeonRS/pegasia,302.0,302.0,1,0,251.60000000000002
Esquive/iticrawler,322.0,237.0,1,0,233.60000000000002
Esri/arcgis-runtime-samples-java,2032.0,1946.0,1,0,1601.2000000000003
Esri/cluster-simulator-for-geoevent,144.0,125.0,1,0,117.6
Esri/httpPoll-for-geoevent,100.0,81.0,1,0,82.4
Esri/solutions-geoevent-java,3878.0,3878.0,1,0,3112.4
EsriDE/OpenDataBridge,1808.0,1353.0,1,0,1274.4
EstiNet/gFeatures,962.0,962.0,1,0,779.6
EsupPortail/esup-koha,542.0,375.0,1,0,376.8
EsupPortail/esup-smsu,596.0,596.0,1,0,486.8
EsupPortail/esup-smsu-api-admin,366.0,366.0,1,0,302.8
EterniaLogic/EssencePVPMod,758.0,530.0,1,0,525.2
EtiennePerot/fuse-jna,662.0,417.0,1,0,441.6
EtiennePerot/srcdemo2,6038.0,6036.0,1,0,4839.6
EuroSentiment/eurosentiment-tutorial-java,162.0,115.0,1,0,120.8
EvanWright/BankManager,334.0,230.0,1,0,235.6
Evenprime/NoCheat,228.0,228.0,1,0,192.4
Evenprime/NoPwnage,34.0,34.0,0,0,27.200000000000003
Evervolv/android_external_guava,3150.0,2725.0,1,0,2360.0
EveryoneJavaBlog/everyone-java-blog,1696.0,1175.0,1,0,1158.4
EverythingMe/inbloom,116.0,116.0,1,0,102.80000000000001
Evil-Co/SwingWizard,108.0,85.0,1,0,87.2
ExLibrisGroup/Rosetta.dps-sdk-projects,5090.0,5090.0,1,0,4082.0
Eximius88/ModularPowersuitsAddons,2200.0,1703.0,1,0,1571.2
ExtraCells/ExtraCells1,3062.0,1964.0,1,0,2020.4
ExtraCells/ExtraCells2,3586.0,2472.0,1,0,2433.2000000000003
Extrace/Extrace_Web,204.0,193.0,1,0,168.8
FBergeron/javasol,254.0,253.0,1,0,212.8
FINRAOS/HiveQLUnit,414.0,267.0,1,0,282.40000000000003
FIRST-FRC-Team-2028/2014,414.0,414.0,1,0,341.20000000000005
FITeagle/api,114.0,114.0,1,0,101.2
FIXTradingCommunity/silverflash,1982.0,1283.0,1,0,1316.0
FRC-1294/frc2016,132.0,132.0,1,0,115.60000000000001
FRC-Team-1123/Robot2013,906.0,906.0,1,0,734.8000000000001
FRC-Team1777/VikingsBot-2012,118.0,118.0,1,0,104.4
FRC4564/NatashaToo,52.0,52.0,1,0,51.6
FRosner/mustached-hive-udfs,80.0,60.0,1,0,66.0
FabioZumbi12/RedProtect,198.0,198.0,1,0,168.4
FabricaDeSoftwareINF/Mural-UFG,44.0,44.0,0,0,35.2
Faedrivin/datathonms2014,24.0,24.0,0,0,19.200000000000003
FamilySearch/Gedcom,400.0,309.0,1,0,293.6
Fantast/nand2tetris-implementation,1300.0,1300.0,1,0,1050.0
FastAndFurious/fnf.simulator,144.0,144.0,1,0,125.2
FawtyTwo/Coldcraft,24.0,24.0,0,0,19.200000000000003
Faylixe/googlecodejam-cli,98.0,74.0,1,0,78.80000000000001
Faylixe/googlecodejam-client,302.0,238.0,1,0,226.0
FedUni/caliko,628.0,383.0,1,0,414.40000000000003
Feng14/MiniWeChat-Server,368.0,368.0,1,0,304.40000000000003
FenixEdu/bennu-oauth,1922.0,1062.0,1,0,1203.6000000000001
FenixEdu/fenixedu-academic,34520.0,23784.0,1,0,23331.6
FenixEdu/fenixedu-commons,320.0,232.0,1,0,230.8
Feolive/EmploymentWebsite,1662.0,1619.0,1,0,1322.4
Fewlaps/quitnow-cache,130.0,110.0,1,0,106.0
FiaDot/spring-ws-rabbit-chat,90.0,85.0,1,0,80.0
FindHao/FetchUpdate,60.0,60.0,1,0,58.0
FireBall1725/ae2ee3emcaddon,68.0,65.0,1,0,63.2
Fitbit/fitbit4j,934.0,673.0,1,0,652.8
FitburIO/framework,6018.0,4329.0,1,0,4148.8
FlatCapStudios/ArmaLauncher,42.0,42.0,0,0,33.6
FlavioF/quartz-scheduler-hazelcast-jobstore,162.0,113.0,1,0,120.0
Flibio/EconomyLite,428.0,287.0,1,0,296.0
Flipkart/automobile,407.0,333.0,1,0,306.0
FluffyCloud/binnie-fix-dev5,84.0,56.0,1,0,66.0
FogiaFr/eu,29646.0,29421.0,1,0,23636.800000000003
FoleyFreeze/2016FRC,78.0,78.0,1,0,72.4
Forecaster/BlockTycoon,290.0,202.0,1,0,206.8
ForestryMC/ForestryMC,20804.0,14553.0,1,0,14152.800000000001
Fosstrak/fosstrak-epcis,2086.0,1951.0,1,0,1624.8000000000002
FountainMC/FountainAPI,654.0,474.0,1,0,461.20000000000005
FoxelBox/FoxBukkitChat,80.0,80.0,1,0,74.0
FoxelBox/zOLD_FoxBukkit,566.0,566.0,1,0,462.8
Franjs88/Twitter-Processor-Storm,102.0,72.0,1,0,79.60000000000001
FredXCoders/BaseMod_retired,236.0,236.0,1,0,198.8
FreeArtBureau/SAM,980.0,980.0,1,0,794.0
FreeTymeKiyan/LeetCode-Sol-Res,836.0,836.0,1,0,678.8000000000001
FreeUFG/GraphLib,104.0,85.0,1,0,85.6
FreedomZZQ/crawler-java,20.0,20.0,0,0,16.0
FreekDB/groovy-and-java-8,82.0,82.0,1,0,75.60000000000001
Frihet/java-translator,330.0,326.0,1,0,272.4
Fuchs/confluence-remote-user-sso,30.0,30.0,0,0,24.0
Fufl0/hci-project-2016,454.0,454.0,1,0,373.20000000000005
FunnyMan3595/mcp_deobfuscate,82.0,63.0,1,0,68.0
Furt/JMaNGOS,2472.0,1956.0,1,0,1781.2000000000003
FuseByExample/external-mq-fabric-client,232.0,174.0,1,0,172.40000000000003
FuseByExample/getting_started_with_activemq,96.0,75.0,1,0,78.4
FuseByExample/smx-integration-testing,244.0,183.0,1,0,180.8
FuseMCNetwork/ZCore,370.0,370.0,1,0,306.0
FuseMCNetwork/ZSurvivalGames,90.0,90.0,1,0,82.0
FutureGateway/APIServer,790.0,507.0,1,0,528.8
FutureGateway/LiferayIAM,472.0,472.0,1,0,387.6
FutureProcessing/spring-boot-cloudformation-demo,194.0,115.0,1,0,133.60000000000002
FutureProcessing/spring-boot-security-example,252.0,189.0,1,0,186.40000000000003
FutureSonic/FutureSonic-Server,6868.0,6868.0,1,0,5504.400000000001
Fxe/biosynth-framework,4432.0,3437.0,1,0,3157.6000000000004
FyberOptic/DynamicMappings,140.0,95.0,1,0,104.0
FyberOptic/FullyLoded,172.0,98.0,1,0,118.0
FyberOptic/HeavyMeddle,172.0,98.0,1,0,118.0
FyberOptic/JustBackpack,232.0,143.0,1,0,160.0
FyberOptic/Meddle,96.0,74.0,1,0,78.0
FyberOptic/MeddleGuide,188.0,111.0,1,0,129.60000000000002
Fyro-Ing/JMeter-WebSocket-StompSampler,70.0,53.0,1,0,59.2
GBIF-Sweden/izeure,158.0,113.0,1,0,118.4
GELOG/sample-hbase-app,46.0,46.0,0,0,36.800000000000004
GEOINT/acetate-java,64.0,64.0,1,0,61.2
GGSvennson/jolly-roger,1558.0,1121.0,1,0,1081.6000000000001
GIP-RECIA/esco-accueil,178.0,172.0,1,0,150.0
GOGO98901/Code-Counter,50.0,48.0,0,0,39.2
GOGO98901/sandbox,742.0,646.0,1,0,565.2
GRM-dev/Narutocraft-PL_Mod,3906.0,2815.0,1,0,2698.4
GSMATerminals/NFC-Test-Book-Public,22.0,22.0,0,0,17.6
GTAUN/wl-gamemode,50.0,50.0,0,0,40.0
GUMGA/framework-backend,1798.0,1314.0,1,0,1254.8000000000002
GW2Api/ts3verify,590.0,590.0,1,0,482.0
GWASpi/GWASpi,1534.0,1534.0,1,0,1237.2
GWTReact/gwt-interop-utils,112.0,112.0,1,0,99.60000000000001
Gaarnik/ModHearthstone,74.0,74.0,1,0,69.2
GadgetFactory/OpenBench-Logic-Sniffer,1164.0,1164.0,1,0,941.2
Gagravarr/AlfrescoDataListDownload,176.0,158.0,1,0,143.60000000000002
Gagravarr/VorbisJava,1262.0,849.0,1,0,854.4000000000001
Gakai/GakaisFlightTable,306.0,213.0,1,0,217.60000000000002
GameRevision/GWLP-R,2100.0,2100.0,1,0,1690.0
Gamoholic/Applied-Energistics-2-API,330.0,330.0,1,0,274.0
Gandalf1209/YGE2,94.0,94.0,1,0,85.2
Garoe/chipmunk_android,40.0,40.0,0,0,32.0
Gary-zhouxianjun/hibernate-dynamic-dialects,92.0,92.0,1,0,83.60000000000001
GazLloyd/RaffleGrabber,254.0,254.0,1,0,213.20000000000002
GeeItsZee/FloorIsLava,66.0,66.0,1,0,62.800000000000004
GeePawHill/contentment,106.0,96.0,1,0,90.80000000000001
GeekyTheory/TallerJava,156.0,150.0,1,0,132.4
GeertjanWielenga/CheatSheets,210.0,147.0,1,0,152.8
Geforce132/SecurityCraft,4944.0,4944.0,1,0,3965.2000000000003
Gemba/mvn-dd,92.0,67.0,1,0,73.60000000000001
Genability/genability-java,780.0,564.0,1,0,547.6
GeneralElectric/snowizard,968.0,606.0,1,0,639.6
Genium-Framework/Appium-Support,352.0,220.0,1,0,238.8
Genuitec/piplug-apps,528.0,528.0,1,0,432.40000000000003
GeoNet/mule-metrics,100.0,100.0,1,0,90.0
Georepublic/pgrouting-server,174.0,174.0,1,0,149.20000000000002
GerardT/Arro,410.0,410.0,1,0,338.0
GerritCodeReview/plugins_github,844.0,609.0,1,0,591.2
GerritCodeReview/plugins_replication,118.0,118.0,1,0,104.4
Gherynos/DriveCopy,194.0,140.0,1,0,143.60000000000002
GhostRealms/Metropolis,176.0,147.0,1,0,139.20000000000002
GiannisPapadakis/seletest,816.0,546.0,1,0,554.8000000000001
GideonLeGrange/panstamp-java,718.0,517.0,1,0,504.0
Gigaspaces/mongo-datasource,644.0,438.0,1,0,442.80000000000007
Gigaspaces/xap-drools-integration,250.0,250.0,1,0,210.0
Gikkman/StreamUtil,264.0,264.0,1,0,221.20000000000002
Gildorym/GildorymClasses,56.0,56.0,1,0,54.800000000000004
GilliganCraft/GilliganCraft,250.0,173.0,1,0,179.2
GinRyan/OpenFireMODxmppServer,11520.0,11520.0,1,0,9226.0
GistLabs/mechanize,1794.0,1143.0,1,0,1184.8000000000002
Glamdring/computoser,2820.0,2210.0,1,0,2022.0
Glamdring/google-plus-java-api,732.0,452.0,1,0,483.6
GlasgowClyde/JavaCourse,32.0,32.0,0,0,25.6
Glassdoor/planout4j,472.0,472.0,1,0,387.6
GlenKPeterson/UncleJim,1202.0,742.0,1,0,787.6
GlitchedRaven/caillou-breton,96.0,96.0,1,0,86.80000000000001
Glitchfiend/Bullseye,728.0,515.0,1,0,507.2
GlobalTravelVentures/JJSP,250.0,250.0,1,0,210.0
GluuFederation/oxCore,1400.0,1032.0,1,0,982.8
Gnewt/bainbridgefirst,184.0,184.0,1,0,157.20000000000002
GoClipse/goclipse,6242.0,4515.0,1,0,4312.8
GoMint/jRakNet,224.0,158.0,1,0,162.8
Gobaan/Summarization,472.0,472.0,1,0,387.6
Gocnak/Botnak,704.0,704.0,1,0,573.2
GoldRushMC/quick-game-framework,230.0,230.0,1,0,194.0
GoldenRatio3/StockSimulator,97.0,94.0,1,0,86.4
Goldps/Frozen-Mod,276.0,188.0,1,0,195.60000000000002
GoldyMark/EChartSummoner,350.0,350.0,1,0,290.0
Gooair/groovesquid,746.0,746.0,1,0,606.8000000000001
GoodTimeStudio/Production-Line,1392.0,958.0,1,0,950.0000000000001
GoogleChrome/two-token-sw,316.0,316.0,1,0,262.8
GoogleCloudPlatform/DataflowJavaSDK,9972.0,6151.0,1,0,6459.200000000001
GoogleCloudPlatform/appengine-cloudsql-native-mysql-datanucleus-jdo-demo-java,90.0,72.0,1,0,74.8
GoogleCloudPlatform/appengine-googleanalytics-java,126.0,91.0,1,0,96.80000000000001
GoogleCloudPlatform/appengine-java-vm-guestbook-extras,116.0,116.0,1,0,102.80000000000001
GoogleCloudPlatform/appengine-java-vm-hello,158.0,134.0,1,0,126.80000000000001
GoogleCloudPlatform/appengine-sharded-counters-java,50.0,50.0,0,0,40.0
GoogleCloudPlatform/appengine-websocketchat-java,170.0,121.0,1,0,126.4
GoogleCloudPlatform/bigdata-interop,676.0,676.0,1,0,550.8000000000001
GoogleCloudPlatform/gcloud-java,5166.0,3278.0,1,0,3387.6000000000004
GoogleCloudPlatform/gcloud-java-examples,82.0,82.0,1,0,75.60000000000001
GoogleCloudPlatform/gcloud-maven-plugin,280.0,222.0,1,0,210.8
GoogleCloudPlatform/solutions-griddler-sample-backend-java,116.0,116.0,1,0,102.80000000000001
GoogleCloudPlatform/solutions-ios-push-notification-sample-backend-java,98.0,98.0,1,0,88.4
GoogleCloudPlatform/solutions-photo-sharing-demo-java,172.0,172.0,1,0,147.6
GoogleCloudPlatformTraining/cp100-compute-engine-java,38.0,38.0,0,0,30.400000000000002
GoogleCloudPlatformTraining/cpd200-conference-central-java,196.0,196.0,1,0,166.8
Gooru/nucleus-handlers-copier,206.0,206.0,1,0,174.8
Gooru/nucleus-handlers-event,204.0,204.0,1,0,173.20000000000002
Gooru/nucleus-job,86.0,86.0,1,0,78.8
GoryMoon/MoarSigns,3060.0,2200.0,1,0,2114.0
Goudacraft/FTP,40.0,40.0,0,0,32.0
Governance/dtgov,7796.0,4987.0,1,0,5123.200000000001
Governance/overlord-commons,1030.0,715.0,1,0,708.0
Governance/rtgov-ui,1032.0,1032.0,1,0,835.6
GovernmentCommunicationsHeadquarters/Gaffer,4956.0,3574.0,1,0,3422.0
Graha/replican,192.0,138.0,1,0,142.0
GrammarViz2/grammarviz2_src,628.0,510.0,1,0,465.20000000000005
Graylog2/graylog-plugin-collector,264.0,264.0,1,0,221.20000000000002
Graylog2/graylog-plugin-metrics,106.0,76.0,1,0,82.80000000000001
Graylog2/graylog-plugin-slack,194.0,139.0,1,0,143.20000000000002
Graylog2/jersey-netty,252.0,159.0,1,0,174.4
GreenLightning/hypercube,182.0,182.0,1,0,155.6
Greymerk/minecraft-roguelike,2144.0,1421.0,1,0,1436.0
GridLine/leveldb-mapapi,264.0,187.0,1,0,190.4
Grinnell-CSC207/lab-anonymous-functions,22.0,22.0,0,0,17.6
Grinnell-CSC207/lab-classes,24.0,24.0,0,0,19.200000000000003
Grinnell-CSC207/lab-polymorphism,36.0,36.0,0,0,28.8
Grundlefleck/findbugs4junit,238.0,181.0,1,0,177.60000000000002
GrupoMDACortez/ProyectoFinalMDF,190.0,190.0,1,0,162.0
GruppoPBDMNG-7/shortify.me,1222.0,1222.0,1,0,987.6
Guichaguri/PvPTime,102.0,76.0,1,0,81.2
GuilhermeFSouza/ProjetoIntegrado,150.0,150.0,1,0,130.0
Gunisalvo/Automaton,188.0,188.0,1,0,160.4
GuntherDW/TweakWarp,28.0,28.0,0,0,22.400000000000002
Guronzan/Apache-XmlGraphics,1364.0,1333.0,1,0,1088.8000000000002
Gussi/GateKeeper,136.0,100.0,1,0,104.4
GustoniaEagle/Adventurers-Alchemy,242.0,191.0,1,0,183.20000000000002
GustoniaEagle/Adventurers-Amulets,552.0,376.0,1,0,381.20000000000005
GwtMaterialDesign/gwt-material-demo,16234.0,8565.0,1,0,9929.6
GwtMaterialDesign/gwt-material-starter,566.0,328.0,1,0,367.6
Gyoo/Discord-Streambot,360.0,285.0,1,0,268.0
H3T/H3T,236.0,186.0,1,0,178.8
HATB0T/RuneCraftery,24534.0,24534.0,1,0,19637.2
HB-Biomedical-Technologies/JNAeneratorTest,24.0,24.0,0,0,19.200000000000003
HBM/java-scan,728.0,501.0,1,0,501.6
HCDevelopers/ProjectEuler-Solutions,120.0,120.0,1,0,106.0
HIIT/dime-server,382.0,382.0,1,0,315.6
HRoll/poke-router,104.0,104.0,1,0,93.2
HSLdevcom/parkandrideAPI,56474.0,28952.0,1,0,34180.4
Haehnchen/idea-php-annotation-plugin,288.0,288.0,1,0,240.4
Haehnchen/idea-php-shopware-plugin,244.0,244.0,1,0,205.20000000000002
HalBuilder/halbuilder-guava,252.0,145.0,1,0,168.8
HalBuilder/halbuilder-standard,52.0,36.0,1,0,45.2
HalfLeif/HoldEmBot,140.0,106.0,1,0,108.4
HanSolo/SteelSeries-Swing,1494.0,952.0,1,0,988.4000000000001
HanSolo/javafxdemo,70.0,70.0,1,0,66.0
Hantar0/bankonet,276.0,266.0,1,0,226.8
HaraldWalker/user-agent-utils,438.0,358.0,1,0,328.40000000000003
HarvestCraft/HarvestCraft,538.0,538.0,1,0,440.40000000000003
He11oLiu/ChatRoom,336.0,336.0,1,0,278.8
HearthStats/HearthStats.net-Uploader,3544.0,2326.0,1,0,2358.0
HeisenBugDev/Project-U,164.0,164.0,1,0,141.20000000000002
HenrySlawniak/ThemedBuilds,234.0,174.0,1,0,173.20000000000002
HexEditorPlugin/Plugin,140.0,140.0,1,0,122.0
Hexeption/How-to-code-an-advanced-hacked-client-for-1.9,4094.0,4094.0,1,0,3285.2000000000003
Hexiaoqiao/leetcode,306.0,306.0,1,0,254.8
Hganavak/ExtensibleChatFramework,42.0,42.0,0,0,33.6
Hidendra/INVisible,52.0,52.0,1,0,51.6
HippoGames/MainGame,8.0,8.0,0,0,6.4
HitTheSticks/Sploosh,130.0,130.0,1,0,114.0
HitTheSticks/alamode,70.0,70.0,1,0,66.0
Hive2Hive/Hive2Hive,3958.0,2526.0,1,0,2603.6000000000004
HolgerHees/cloudsync,286.0,215.0,1,0,210.4
HomeEndly/thiki,484.0,334.0,1,0,337.20000000000005
HomeTrainingJava/Handover,28.0,28.0,0,0,22.400000000000002
HongbiaoYang/MapReduceSearch,34.0,34.0,0,0,27.200000000000003
HoratiusTang/EsperDist,1500.0,1500.0,1,0,1210.0
HotMoka/Kitten,1610.0,1435.0,1,0,1228.0
HotblackDesiato/collabware,1678.0,1678.0,1,0,1352.4
HotelsDotCom/corc,726.0,491.0,1,0,496.80000000000007
HotelsDotCom/shared-views,98.0,98.0,1,0,88.4
Hronom/jackson-dataformat-rison,158.0,116.0,1,0,119.60000000000001
HuQingmiao/mybatis-daoj,76.0,76.0,1,0,70.80000000000001
Huawei-Hadoop/hindex,6692.0,5223.0,1,0,4776.0
HugoRedon/Materia,1554.0,1372.0,1,0,1180.4
Hunternif/Dota2Items,640.0,640.0,1,0,522.0
Hunternif/MosesMod,340.0,239.0,1,0,241.60000000000002
Hurence/log-island,306.0,306.0,1,0,254.8
HyCraftHD/TeambattleMod,502.0,409.0,1,0,374.40000000000003
IBM-Watson/wex-wdc-Concept-Insights,58.0,58.0,1,0,56.400000000000006
IBMDecisionOptimization/DOcloud-Trucking-Java-sample,94.0,94.0,1,0,85.2
IBMStreams/streamsx.plumbing,244.0,241.0,1,0,204.0
ICGC-TCGA-PanCancer/CGP-Somatic-Docker,1886.0,1001.0,1,0,1164.8000000000002
ICTConsulting/Snapshot,376.0,376.0,1,0,310.8
IET-OU/nquire-web-source,1726.0,1726.0,1,0,1390.8000000000002
IFT8/Struts2,112.0,112.0,1,0,99.60000000000001
IHTSDO/OTF-User-Module,1842.0,1396.0,1,0,1305.2
IISAS/EntitySearch,236.0,236.0,1,0,198.8
IKCAP/turbosoft,3800.0,2066.0,1,0,2356.4
IKCAP/wings,1536.0,1392.0,1,0,1181.2000000000003
IMAGINARY/jsurf,714.0,534.0,1,0,509.20000000000005
IMSGlobal/basiclti-util-java,358.0,264.0,1,0,258.8
IMSGlobal/caliper-java-example-public,108.0,108.0,1,0,96.4
INAETICS/node-wiring-java,864.0,848.0,1,0,694.8000000000001
INemesisI/XcraftSignLift,22.0,22.0,0,0,17.6
IOT-DSA/dslink-java-haystack,228.0,151.0,1,0,161.60000000000002
IOT-DSA/dslink-java-zwave,1104.0,820.0,1,0,779.6
IPEldorado/RemoteResources,478.0,435.0,1,0,375.20000000000005
IQSS/dataverse,6908.0,5028.0,1,0,4784.400000000001
ISSAC-Labs/EduNext,208.0,208.0,1,0,176.4
ISibboI/AgentSim,784.0,571.0,1,0,552.0
ITJesse/FocusOn,66.0,47.0,1,0,55.2
ITsvetkoFF/Kv-014,1406.0,1028.0,1,0,983.6
IWU-CIS-222/Week-Four-Assignment,12.0,12.0,0,0,9.600000000000001
IanDarwin/jannotate,202.0,141.0,1,0,147.20000000000002
IanDoyleIrl/IPCAM_Recorder,334.0,334.0,1,0,277.2
IanField90/DrawAndTalk,202.0,202.0,1,0,171.60000000000002
Ibanheiz/java-design-patterns,286.0,286.0,1,0,238.8
IcyPalm/Hanze-TwoPlayerGameServer,366.0,271.0,1,0,264.8
ImmobilienScout24/appmon4j,2642.0,1626.0,1,0,1717.2
ImmobilienScout24/spring-boot-rpm-maven-plugin,426.0,281.0,1,0,292.8
ImmobilienScout24/switchman,670.0,556.0,1,0,500.4
Impact2585/Lib2585,140.0,109.0,1,0,109.6
Impavidity/GameTutorial,560.0,560.0,1,0,458.0
ImpressiveCode/ic-depress,3596.0,2814.0,1,0,2574.0
ImpressiveCode/ic-utils,100.0,100.0,1,0,90.0
IncrementalDevelopment/declaratii-anaf,746.0,661.0,1,0,572.8000000000001
Indemnity83/irontank,192.0,189.0,1,0,162.40000000000003
Indoqa/logspace,1580.0,1580.0,1,0,1274.0
Indoqa/solr-spatial-clustering,76.0,55.0,1,0,62.400000000000006
Indy2222/mediservice-java-client,32.0,32.0,0,0,25.6
InfWGospodarce/projekt,1188.0,1188.0,1,0,960.4000000000001
Infernoman/Neoscoinj,1644.0,1644.0,1,0,1325.2
InfinityRaider/3DManeuverGear,512.0,412.0,1,0,379.6
InfinityRaider/AgriCraft,1766.0,1765.0,1,0,1422.4
InfinityStudio/ExoticPower,696.0,484.0,1,0,482.00000000000006
InformaticaCloud/ReST-Connector-CustomAuth-Solutioning,40.0,40.0,0,0,32.0
InformaticaCorp/Surf,1298.0,887.0,1,0,884.0
InformaticsMatters/rdkit,16.0,16.0,0,0,12.8
InitiumIo/camel-metrics,646.0,399.0,1,0,428.00000000000006
Inkimar/commons_cli_ex,34.0,34.0,0,0,27.200000000000003
Inkimar/jpa-1-example,102.0,69.0,1,0,78.4
InsomniaxGaming/OWHShadomanMe,38.0,38.0,0,0,30.400000000000002
Inter-Trust/Aspect_Weaver,1740.0,1740.0,1,0,1402.0
Invivoo/workshops,284.0,284.0,1,0,237.20000000000002
IoTtalk/Dandelion,26.0,26.0,0,0,20.8
IonicaBizau/text-to-speech,70.0,67.0,1,0,64.8
Ipiano/Parsable_Autonomous,50.0,50.0,0,0,40.0
IraRe/library-backend-mongodb,3940.0,2019.0,1,0,2393.6
Iryna-/pft-28-iryna.svitlychenko,430.0,430.0,1,0,354.0
IsNull/MyBot,294.0,188.0,1,0,202.8
IsNull/SunburstJ,74.0,74.0,1,0,69.2
ItsAMysterious/Real-Life-Mod-1.8,1678.0,1379.0,1,0,1232.8000000000002
ItudeMobile/itude-mobile-maven-plugin-android-calabash,124.0,82.0,1,0,92.4
ItudeMobile/itude-mobile-web-mobbl,894.0,666.0,1,0,634.0
IvanTrendafilov/SDP-5,244.0,244.0,1,0,205.20000000000002
Ivorforce/IvToolkit,1692.0,1115.0,1,0,1132.8000000000002
Izerpizer/Agar.io,78.0,78.0,1,0,72.4
JCERTIFLab/JCertif-Offline-Box,142.0,142.0,1,0,123.60000000000001
JCPP/JAthenaeum,460.0,460.0,1,0,378.0
JD-wangyin/Ak47,1852.0,1143.0,1,0,1208.0
JFXtras/jfxtras-labs-samples,238.0,238.0,1,0,200.4
JFixby/RedSputnik,50.0,50.0,0,0,40.0
JFixby/jfixby-public,52.0,52.0,1,0,51.6
JGPay/JGPay,294.0,294.0,1,0,245.20000000000002
JHierrot/openprodoc,1700.0,1700.0,1,0,1370.0
JHouillon/Projet-GLPOO,68.0,68.0,1,0,64.4
JKFennis/Kaliber,158.0,158.0,1,0,136.4
JLEFE1/rankmygame,619.0,597.0,1,0,496.40000000000003
JM-Lab/utils-elasticsearch,188.0,117.0,1,0,132.0
JM-Lab/utils-java8,658.0,410.0,1,0,437.2
JMaNGOS/JMaNGOS,4492.0,3348.0,1,0,3146.0
JOML-CI/joml-lwjgl3-demos,236.0,144.0,1,0,162.0
JTWalraven/macwidgets,1316.0,846.0,1,0,874.8
Ja-va-fan/Java-by-Notepad,86.0,86.0,1,0,78.8
JackWhite20/JaPS,348.0,256.0,1,0,251.60000000000002
Jackeriss/gobang,328.0,328.0,1,0,272.40000000000003
JacobMathBoy/JacobMod,462.0,393.0,1,0,352.0
Jacodom/sitePUM,660.0,444.0,1,0,451.6
JadiraOrg/jadira,3858.0,3858.0,1,0,3096.4
JaiHirsch/mongo-music,62.0,62.0,1,0,59.6
JakeWharton/github-deploy-maven-plugin,128.0,99.0,1,0,100.80000000000001
JamesIry/jADT,2594.0,1596.0,1,0,1686.0000000000002
JamesPan/pdf-smart-crop,110.0,110.0,1,0,98.0
Jameskmonger/317refactor,170.0,170.0,1,0,146.0
JangoBrick/JangoDare,380.0,380.0,1,0,314.0
Jasig/AnnouncementsPortlet,29924.0,15321.0,1,0,18108.0
Jasig/BookmarksPortlet,750.0,508.0,1,0,513.2
Jasig/ContactsPortlet,10638.0,5477.0,1,0,6456.0
Jasig/CoursesPortlet,696.0,692.0,1,0,565.2
Jasig/EsupTwitter,320.0,215.0,1,0,224.0
Jasig/JasigWidgetPortlets,30094.0,15213.0,1,0,18132.800000000003
Jasig/SurveyPortlet,936.0,596.0,1,0,622.8000000000001
Jasig/maven-jasig-portlet-archetype,204.0,154.0,1,0,153.20000000000002
Jasig/sass-maven-plugin,46.0,46.0,0,0,36.800000000000004
Jasig/sched-assist-oraclecalendar,312.0,312.0,1,0,259.6
JasonCrease/redgatesqlci,252.0,165.0,1,0,176.8
JasonIEC/TeamIeC-Core,388.0,327.0,1,0,296.0
Jather90/AMOS_proj5,343.0,336.0,1,0,281.6
Java8-CNAPI-Team/Java8CN,9404.0,9404.0,1,0,7533.200000000001
JavaMoney/javamoney-shelter,654.0,450.0,1,0,451.6
JavaMoney/jsr354-ri-bp,1928.0,1201.0,1,0,1261.6000000000001
JavaProphet/JavaMailServer,76.0,76.0,1,0,70.80000000000001
JavaWoW/JavaWoW,110.0,110.0,1,0,98.0
JavanLu/javan-blog,76.0,76.0,1,0,70.80000000000001
Jaxo/fxosstub,424.0,424.0,1,0,349.20000000000005
JayCanuck/unified-diff-creator,72.0,72.0,1,0,67.6
JburkeRSAC/PizzaCat,88.0,84.0,1,0,78.80000000000001
Jdog653/PapaTBot,12.0,12.0,0,0,9.600000000000001
JeffLi1993/jee-component-learning,46.0,42.0,0,0,35.2
JeffLi1993/jvm-core-learning-example,38.0,38.0,0,0,30.400000000000002
JeffreyFalgout/ThrowingStream,678.0,474.0,1,0,470.8
JeffreyRodriguez/XML-Wrappers-for-Java,102.0,80.0,1,0,82.80000000000001
JeffreyWei/FormAppliction,130.0,97.0,1,0,100.80000000000001
JeffreyWei/MovieWebsiteSpider,94.0,80.0,1,0,79.6
JervenBolleman/owlim-shim,26.0,22.0,0,0,19.200000000000003
JetBrains/TeamCity.SonarQubePlugin,426.0,315.0,1,0,306.4
JetBrains/hackathon-unchain,36.0,36.0,0,0,28.8
JetBrains/intellij-sdk-docs,1392.0,1392.0,1,0,1123.6000000000001
JetBrains/intellij-starteam-plugin,74.0,74.0,1,0,69.2
JetBrains/tc-vso-rooms,194.0,194.0,1,0,165.20000000000002
JetBrains/teamcity-achievements,286.0,209.0,1,0,208.0
JetBrains/teamcity-dotnet-plugin,402.0,297.0,1,0,289.6
JetBrains/teamcity-dottrace,604.0,420.0,1,0,419.6
JetBrains/teamcity-rust-plugin,494.0,362.0,1,0,352.40000000000003
JetBrains/xodus,1960.0,1960.0,1,0,1578.0
Jijun/ik-analyzer,176.0,142.0,1,0,137.20000000000002
Jimmy-Shi/bean-query,396.0,289.0,1,0,284.0
Jiri-Kremser/inventory-benchmark,110.0,110.0,1,0,98.0
JoaoGFarias/PhongInterRug,288.0,288.0,1,0,240.4
JockiHendry/ireport-fork,6532.0,6532.0,1,0,5235.6
JodaOrg/joda-primitives,1622.0,1054.0,1,0,1080.4
JoelJ/ScriptPlugin,510.0,331.0,1,0,346.4
JoelJ/SimpleGit,242.0,150.0,1,0,166.8
JoelJ/code-snippets,260.0,177.0,1,0,184.8
JohanBrunet/Polytheque,122.0,122.0,1,0,107.60000000000001
JohnCny/StatisticsCredit,556.0,556.0,1,0,454.8
JohnDickerson/KidneyExchange,324.0,324.0,1,0,269.2
JohnDickinsonHS/FRC-2015_1,42.0,42.0,0,0,33.6
Johnnei/JavaTorrent,2070.0,1508.0,1,0,1441.2
JonathanRitchey03/GrayscaleUnicodeArt,50.0,50.0,0,0,40.0
JonathanRitchey03/JavaTrie,28.0,28.0,0,0,22.400000000000002
Jonatino/Abendigo-Offset-Scanner,52.0,52.0,1,0,51.6
JonhyGHz/AutomatasI,36.0,36.0,0,0,28.8
Joonsoo/dexdio,450.0,450.0,1,0,370.0
Jordbru/Electronic-Power-Supply,8.0,8.0,0,0,6.4
JoseLlarena/Fluent-Specs,208.0,145.0,1,0,151.2
JosephCottam/AbstractRendering,632.0,632.0,1,0,515.6
JoshuaKissoon/Likir,294.0,288.0,1,0,242.8
JoshuaKissoon/Socialize_Likir,174.0,168.0,1,0,146.8
JosuaKrause/JKit-CustomPen,150.0,111.0,1,0,114.4
JotaSe/JScrapping,40.0,40.0,0,0,32.0
Jpnock/PrivateWorlds,76.0,76.0,1,0,70.80000000000001
Jsnman/ArrowCamMod,22.0,22.0,0,0,17.6
JuanjoSalvador/jLasni,88.0,63.0,1,0,70.4
JuleStar/uima-chinese-segmenter,186.0,122.0,1,0,133.20000000000002
JuleStar/uima-tree-tagger-wrapper,200.0,140.0,1,0,146.0
JulienNicolas37/ofbiz_ynh,17598.0,17598.0,1,0,14088.400000000001
JulienTomezach/CyberSCADASoftware,964.0,964.0,1,0,781.2
Juniper/contrail-vrouter-java-api,86.0,76.0,1,0,74.8
JustBru00/EpicRageQuit,28.0,28.0,0,0,22.400000000000002
JustBru00/RenamePlugin,58.0,58.0,1,0,56.400000000000006
Justice-love/oceandata,186.0,186.0,1,0,158.8
K0zka/benchmarx,386.0,221.0,1,0,252.8
KBotics/RobotCode_Testing,46.0,46.0,0,0,36.800000000000004
KMax/cqels,524.0,381.0,1,0,372.0
KSD-research-group/plugin4gephi,166.0,166.0,1,0,142.8
KTHse/webtex,110.0,92.0,1,0,90.80000000000001
KVRajil/RemoteDesktopSharing,314.0,314.0,1,0,261.20000000000005
Kadvin/spring-component-framework,1024.0,1024.0,1,0,829.2
Kamilkime/KSlots,38.0,38.0,0,0,30.400000000000002
Kanatoko/DozensHA,114.0,88.0,1,0,90.80000000000001
Kanatoko/libinjection-Java,48.0,47.0,0,0,38.0
KarolS/hOCR4J,352.0,241.0,1,0,247.20000000000002
Katalliaan/Rubedo,2602.0,1806.0,1,0,1773.2
KayuraTeam/kayura-core,212.0,204.0,1,0,176.40000000000003
KayuraTeam/kayura-uasp,386.0,386.0,1,0,318.8
Kelleth/age3-nanorobots,918.0,607.0,1,0,620.0
Kenyu-uema/flowchart,696.0,570.0,1,0,516.4000000000001
KepaJRodriguez/hd-webapp,142.0,126.0,1,0,117.20000000000002
Keridos/FloodLights,1138.0,787.0,1,0,780.0
Kevin-Lee/json-statham,1120.0,757.0,1,0,760.8
Kevin-Lee/kommonlee-core,2834.0,1832.0,1,0,1876.4
Kevin-Lee/kommonlee-web,266.0,167.0,1,0,183.2
Kevin-Lee/modern-java-untold,318.0,221.0,1,0,225.60000000000002
KevinGu/zbatis,92.0,92.0,1,0,83.60000000000001
KevinMyDing/LetUsGo-Server,15836.0,11646.0,1,0,11002.800000000001
KeyBridge/lib-openssrf,3178.0,2389.0,1,0,2236.8
Khalian/Modulo7,690.0,679.0,1,0,557.6
Khezen/Mammon,398.0,388.0,1,0,324.40000000000003
KillerMapper/roadstuff,2188.0,1573.0,1,0,1514.4
Killerardvark/CryodexSource,1508.0,1175.0,1,0,1083.2
KilnOfTheSecondFlame/YanKenPon,44.0,44.0,0,0,35.2
KimShen/sissi,4658.0,3439.0,1,0,3248.8
Kimgaeun/Simons_WP,222.0,222.0,1,0,187.60000000000002
KingFaris10/KingKits,672.0,463.0,1,0,464.0
Kingdoms-of-Arden-Development/Crafty,326.0,199.0,1,0,220.0
Kirschstein/legacy-ferry-booking-system,242.0,242.0,1,0,203.60000000000002
Kiskae/Java-Source-Metrics,1806.0,1299.0,1,0,1252.0
Kitdroid/jnihelper,58.0,58.0,1,0,56.400000000000006
Kixeye/relax,152.0,104.0,1,0,112.4
KlausBrunner/solarpositioning,146.0,105.0,1,0,110.4
KleeGroup/deprecated-vertigo-demo,1080.0,1080.0,1,0,874.0
Knechtcraft/treepers-sponge,88.0,69.0,1,0,72.80000000000001
KnowledgeGarden/BacksideServletKS,474.0,474.0,1,0,389.20000000000005
Knux14/SnapDesk,288.0,201.0,1,0,205.60000000000002
Kobata/item-render,156.0,104.0,1,0,114.0
KodekPL/jCustomPortals,34.0,34.0,0,0,27.200000000000003
Kodi123/C-Core,38.0,38.0,0,0,30.400000000000002
KoenKanters94/TimeWaster,44.0,35.0,0,0,31.6
KoolKrafter/HerochatBungeeBridge-Bungee,24.0,24.0,0,0,19.200000000000003
Korotkin-Solutions/java-webtest-template,140.0,102.0,1,0,106.80000000000001
Koynonia/FATEC_4724,256.0,256.0,1,0,214.8
Koziolek/FontAwesomeRenderer,288.0,224.0,1,0,214.8
KrazyTheFox/Starbound-Mod-Manager,312.0,312.0,1,0,259.6
KrishnaPhani/KrishnasSpace,300.0,300.0,1,0,250.0
Kruemelkatze/PixieSmack,588.0,494.0,1,0,442.80000000000007
Ksj7/team12_week4,90.0,90.0,1,0,82.0
KualiCo/ojb,3142.0,3138.0,1,0,2522.0
Kurento/fi-lab-demo,74.0,74.0,1,0,69.2
Kurento/kurento-java,1850.0,1850.0,1,0,1490.0
Kurento/kurento-module-creator,882.0,653.0,1,0,624.0
Kurento/kurento-tutorial-java,1536.0,1536.0,1,0,1238.8000000000002
KurentoLegacy/kmf-tutorial,174.0,174.0,1,0,149.20000000000002
KurentoLegacy/ktool-rom-processor,494.0,370.0,1,0,355.6
LB--/IAm.TotallyNotA.Ninja,118.0,86.0,1,0,91.6
LDCVia/demos-xpages,148.0,148.0,1,0,128.4
LEDgoes/Tetris,38.0,38.0,0,0,30.400000000000002
LMolr/tabuvrp,170.0,170.0,1,0,146.0
LPK-Matt/SkidGUI,512.0,512.0,1,0,419.6
LPkkjHD/PermissionEffects,78.0,56.0,1,0,63.60000000000001
LQTZ/Global-Domination,140.0,140.0,1,0,122.0
LaboratorioPos/AcadMobile,118.0,108.0,1,0,100.4
Labs64/swid-generator,1028.0,564.0,1,0,646.8000000000001
Landsbokasafn/deduplicator,408.0,305.0,1,0,295.20000000000005
LanternPowered/LanternServer,2802.0,2768.0,1,0,2238.0
LapisBlue/Commons,430.0,327.0,1,0,312.8
Larry1123/CanaryUtil,382.0,279.0,1,0,274.40000000000003
LarryPham/Java8Recipes,32.0,32.0,0,0,25.6
LatvianModder/CurseGraph,38.0,38.0,0,0,30.400000000000002
Laubi/MineMaze,86.0,80.0,1,0,76.4
LaunchKey/launchkey-java,1502.0,931.0,1,0,983.2
LaurentTardif/AgileGrenoble2015,178.0,178.0,1,0,152.4
Lazyshot/hbase-streaming,128.0,100.0,1,0,101.2
LeeKemp/UserAgentParser,128.0,118.0,1,0,108.4
Legioth/PersonaForVaadin,60.0,60.0,1,0,58.0
LekoHD/BlockParty,232.0,232.0,1,0,195.60000000000002
Leks13/Java-Jabber-Bot-Reminder,28.0,28.0,0,0,22.400000000000002
LeonTG77/ActionTimer,114.0,89.0,1,0,91.2
LeonardoCardoso/Sorting-Algorithms,34.0,34.0,0,0,27.200000000000003
LeonardoCardoso/Trees,72.0,72.0,1,0,67.6
Leonti/CSSInliner,112.0,112.0,1,0,99.60000000000001
Leonti/etm,136.0,110.0,1,0,108.4
LessonsJava/lessons,50.0,50.0,0,0,40.0
LevelFourAB/dust,2646.0,1911.0,1,0,1832.8000000000002
Leviathan-Studio/MineIDE-UI,210.0,209.0,1,0,177.60000000000002
Lewis-Liu-001/ansj_segx,758.0,572.0,1,0,542.0
LexManos/FernFlowerFixer,54.0,54.0,1,0,53.2
LexManos/YUNoMakeGoodMap,204.0,140.0,1,0,147.60000000000002
LibertyGlobal/flowdock-notifications-rundeck-plugin,88.0,62.0,1,0,70.0
Libertymutual/ssh-key-enforcer-stash,184.0,184.0,1,0,157.20000000000002
LibreDraw/LibreDraw,296.0,288.0,1,0,243.60000000000002
Lifok/NoLogin,102.0,78.0,1,0,82.0
LightCraftNetwork/FuseboxV2,94.0,94.0,1,0,85.2
Lightstreamer/Lightstreamer-example-3DWorld-adapter-java,50.0,50.0,0,0,40.0
Lightstreamer/Lightstreamer-example-Chat-adapter-java,32.0,32.0,0,0,25.6
Lightstreamer/Lightstreamer-example-LeapMotion-adapter-java,60.0,60.0,1,0,58.0
Lightstreamer/Lightstreamer-example-RoomBall-adapter-java,58.0,58.0,1,0,56.400000000000006
Lightstreamer/Lightstreamer-example-RoundTrip-adapter-java,32.0,32.0,0,0,25.6
Lightstreamer/Lightstreamer-example-StockList-client-dde,40.0,40.0,0,0,32.0
Lignumm/CCEmuX,236.0,173.0,1,0,173.60000000000002
LithiumDEV/LithiumLib,102.0,102.0,1,0,91.60000000000001
Litipk/platano-indexer,276.0,276.0,1,0,230.8
LivotovLabs/AutoForms,56.0,56.0,1,0,54.800000000000004
LoadLow/CloudflareApiLibrary,162.0,162.0,1,0,139.6
LoadingPleaseWait/Battleship,36.0,36.0,0,0,28.8
LogicTechCorp/NetherEx,424.0,282.0,1,0,292.40000000000003
LoicDelorme/Polytech-TicTacToe,66.0,66.0,1,0,62.800000000000004
Lomeli12/Augmented-Accessories,614.0,599.0,1,0,495.20000000000005
Lomeli12/Equivalency,462.0,455.0,1,0,376.8
Lomeli12/ModJam2,298.0,298.0,1,0,248.4
Lomeli12/MultiBlock-Tutorial,30.0,30.0,0,0,24.0
Lomeli12/SimpleCondenser,334.0,327.0,1,0,274.4
Lord-Nazdar/Conquest,174.0,174.0,1,0,149.20000000000002
LordH3lmchen/TwitchDownloader,122.0,122.0,1,0,107.60000000000001
Lordmau5/FFS,1064.0,721.0,1,0,724.0
LorenzoBettini/junit-swtbot-example,138.0,138.0,1,0,120.4
Los-Angeles-Salesforce-Developer-Group/BuildProcessWorkshop2015,56.0,56.0,1,0,54.800000000000004
LothrazarMinecraftMods/InventoryControlKeys,196.0,128.0,1,0,139.60000000000002
LothrazarMinecraftMods/PowerApples,320.0,226.0,1,0,228.4
LuNaTeCs-316/LuNaCV,54.0,48.0,1,0,50.800000000000004
LucaPrete/Custom-costs-balancer,82.0,82.0,1,0,75.60000000000001
Lugribossk/dropwizard-experiment,638.0,638.0,1,0,520.4000000000001
LuigiCortese/java-certification-ocp8,600.0,567.0,1,0,476.8
Luiszarate14/PadronElectoral,48.0,48.0,0,0,38.400000000000006
Luiszarate14/manejoXML,86.0,66.0,1,0,70.8
Lukrez/BungeeLogin,32.0,32.0,0,0,25.6
LunarBaseEngin/LunarBase,156.0,156.0,1,0,134.8
Lunatrius/InGame-Info-XML,1062.0,648.0,1,0,694.0
Lunatrius/LunatriusCore,490.0,326.0,1,0,336.4
Lunatrius/Tracer,318.0,213.0,1,0,222.4
Luxoft/Twister,1314.0,1314.0,1,0,1061.2
LuzernWGProjects/invocieManager,68.0,68.0,1,0,64.4
M3SOulu/ShoppingCart,18.0,18.0,0,0,14.4
M4GiK/audio-search,174.0,174.0,1,0,149.20000000000002
MCPTech/mycp,1114.0,1114.0,1,0,901.2
MCServerTools/ServerTools-BACKUP,234.0,148.0,1,0,162.8
MCServerTools/ServerTools-CORE,380.0,249.0,1,0,261.6
MCTyler/CrafterNexus,458.0,458.0,1,0,376.40000000000003
MCUpdater/GUI-JavaFx,110.0,110.0,1,0,98.0
MCUpdater/MCU-DownloadLib,58.0,58.0,1,0,56.400000000000006
MDDLingo/xis-bigdata,900.0,900.0,1,0,730.0
ME1312/HostServers,54.0,54.0,1,0,53.2
MEDEVIT/OSEA-4-Java,42.0,42.0,0,0,33.6
MGStudios/RPG,126.0,126.0,1,0,110.80000000000001
MHarris021/bitly-test,34.0,34.0,0,0,27.200000000000003
MHarris021/iron-worker-mongodb-integration-test,42.0,42.0,0,0,33.6
MKLab-ITI/simmo,1244.0,754.0,1,0,809.2
MKisilyov/P4CTM,320.0,228.0,1,0,229.2
MMore/hue-light-plugin,312.0,201.0,1,0,215.20000000000002
MNCC/minus,102.0,102.0,1,0,91.60000000000001
MPDL/neuron-profiler,306.0,204.0,1,0,214.0
MR-CoAP/CoAP,24.0,24.0,0,0,19.200000000000003
MSaito/RubikCubeAnimationJava3d,80.0,80.0,1,0,74.0
MXProgrammingClub/Chem-Helper,368.0,368.0,1,0,304.40000000000003
MaLeLabTs/RegexGenerator,794.0,794.0,1,0,645.2
Maarc/windup-as-a-service,1670.0,1670.0,1,0,1346.0
MacHac/tsa-sdev-proj,46.0,46.0,0,0,36.800000000000004
Maddosaurus/aerofx,116.0,109.0,1,0,100.0
MagenTys/cherry,466.0,282.0,1,0,309.20000000000005
MagenTys/cherry-cucumber,284.0,168.0,1,0,190.8
MagenTys/cherry-junit,136.0,83.0,1,0,97.60000000000001
MagenTys/cherry-rest,220.0,135.0,1,0,152.0
MagicBees/MagicBees,1994.0,1380.0,1,0,1359.6
Magneticraft-Team/Magneticraft,478.0,478.0,1,0,392.40000000000003
MagnusCorp/TankApp,108.0,108.0,1,0,96.4
Mahtimursut/ohtu,180.0,180.0,1,0,154.0
MammatusTech/qbit-microservices-examples,728.0,728.0,1,0,592.4
ManGroup/weixin,554.0,369.0,1,0,379.20000000000005
Manevolent/EggCrack,632.0,502.0,1,0,463.6
ManfredTremmel/gwt-commons-validator,1548.0,1035.0,1,0,1043.2
Mangopay/mangopay2-java-sdk,738.0,552.0,1,0,526.0
ManyDesigns/Portofino,9684.0,7089.0,1,0,6719.200000000001
Maralbas/simpleUserManager,30.0,30.0,0,0,24.0
MarcLoupias/poc-play-rest-backend,438.0,438.0,1,0,360.40000000000003
Marccspro/Defi-Progra-Generation,126.0,126.0,1,0,110.80000000000001
MarcinWieczorek/NovaGuilds,686.0,686.0,1,0,558.8000000000001
MarioCodes/Proyectos-Java,572.0,572.0,1,0,467.6
MarkHooijkaas/Caas,224.0,222.0,1,0,188.40000000000003
MarkNenadov/jDcCrime,26.0,26.0,0,0,20.8
MarkZ3/EclipseTraining,56.0,56.0,1,0,54.800000000000004
MarkehMe/FactionsAlias,178.0,178.0,1,0,152.4
MarkehMe/FactionsWarps,68.0,68.0,1,0,64.4
MarkusBernhardt/robotframework-selenium2library-java,370.0,263.0,1,0,263.2
MarkyVasconcelos/Towel,446.0,444.0,1,0,366.0
Martin-Dames/Tingeltangel,1772.0,1186.0,1,0,1193.2
MartinMReed/maven-cxx-plugin,300.0,300.0,1,0,250.0
MartinPaulo/JavaStrutsEmailTag,58.0,58.0,1,0,56.400000000000006
MarvinMenzerath/DoomThemAll,100.0,68.0,1,0,77.2
Masson/command-router,114.0,114.0,1,0,101.2
MatMaul/freeboxos-java,474.0,326.0,1,0,330.0
MatadorPants/mcMMO,954.0,954.0,1,0,773.2
MatejTymes/QuickFixUtils,114.0,82.0,1,0,88.4
MateusZitelli/SQL-Compiler,62.0,62.0,1,0,59.6
MattKing11/TeamProject,236.0,225.0,1,0,194.4
Mattah12/gargate,492.0,388.0,1,0,362.0
MatthewBishop/Poseidon,88.0,88.0,1,0,80.4
MatthewDaggitt/Oponn,108.0,108.0,1,0,96.4
Maxels88/openxls,2980.0,2181.0,1,0,2074.4
Maxopoly/EnvironmentalEffects,88.0,88.0,1,0,80.4
Maxopoly/Finale,106.0,75.0,1,0,82.4
Mayomi/PlotSquared-Chinese,652.0,652.0,1,0,531.6
Maypril/metrics-mongodb-reporter,120.0,93.0,1,0,95.2
McJty/AncientMagic,394.0,267.0,1,0,274.40000000000003
McJty/ModTutorials,556.0,386.0,1,0,386.8
McPringle/sportchef,900.0,647.0,1,0,628.8
MegaApuTurkUltra/bpm,50.0,50.0,0,0,40.0
Melanistic/CubeShaft,522.0,522.0,1,0,427.6
MenoData/Time4J,6498.0,4697.0,1,0,4488.0
MentorEmbedded/p2-installer,720.0,720.0,1,0,586.0
Metalcon/bootstrap,84.0,84.0,1,0,77.2
Metaswitch/fmj,3168.0,2352.0,1,0,2218.0
Metazion/JGameDemo,306.0,306.0,1,0,254.8
MeteoGroup/cassandra-embedded-for-test,112.0,77.0,1,0,85.60000000000001
MeteoGroup/grib-library,604.0,452.0,1,0,432.40000000000003
MetrixServer/ItemPlus,460.0,460.0,1,0,378.0
Mezular/CRN-FBLA,16.0,16.0,0,0,12.8
Mgiepz/saiku-reporting-core,390.0,302.0,1,0,286.8
MichaelDennisCompSci/ChessSrv,56.0,56.0,1,0,54.800000000000004
MichaelKohler/FFHS_DA,148.0,148.0,1,0,128.4
MichaelVdheeren/Signalization,124.0,124.0,1,0,109.2
Micheal-Bigmac/OA,1116.0,1116.0,1,0,902.8000000000001
MicronOxford/mcib3d-core,278.0,278.0,1,0,232.4
Microsoft-CISL/Wake-Contrib,112.0,107.0,1,0,97.60000000000001
Microsoft/Azure-Toolkit-for-IntelliJ,694.0,694.0,1,0,565.2
Microsoft/azure-shortcuts-for-java,340.0,332.0,1,0,278.8
Microsoft/azure-tools-for-java,3978.0,3978.0,1,0,3192.4
MikeLydeamore/ItsRainingFood,136.0,95.0,1,0,102.4
MikeLydeamore/SimpleLabels,224.0,156.0,1,0,162.0
MikeLydeamore/SwitchesContinued,176.0,126.0,1,0,130.8
Mikescher/jClipCorn,1532.0,1524.0,1,0,1232.4
MilkBowl/Vault,482.0,352.0,1,0,343.6
MilkBowl/VaultAPI,142.0,101.0,1,0,107.20000000000002
Mind4SE/mind-parent-maven-plugin,468.0,468.0,1,0,384.40000000000003
Mindera/gradle-slack-plugin,102.0,94.0,1,0,88.4
Mine-and-blade-admin/Battlegear2,3490.0,2498.0,1,0,2405.2
MineMaarten/MineChess,482.0,323.0,1,0,332.0
MineMaarten/PneumaticCraft,13140.0,9203.0,1,0,8947.2
MineMaarten/Sokoban-Mod,250.0,250.0,1,0,210.0
MineSworn/UltimateArena,816.0,593.0,1,0,573.6
MineZDev/MineZ,38.0,38.0,0,0,30.400000000000002
MinecraftForge/MCPBukkit,1104.0,1104.0,1,0,893.2
MinecraftForge/MinecraftForge,2690.0,2689.0,1,0,2161.6000000000004
MinecraftWars/Gringotts,416.0,295.0,1,0,294.4
Minestar/BuyCraft,110.0,110.0,1,0,98.0
MinhasKamal/GenderRecognizer,860.0,860.0,1,0,698.0
MiniDigger/RideThaMobv3,522.0,501.0,1,0,419.20000000000005
Mishail/CqlJmeter,172.0,118.0,1,0,126.0
MissionCriticalCloudOldRepos/cosmic-plugin-hypervisor-xenserver,302.0,302.0,1,0,251.60000000000002
Mitsugaru/EntityManager,246.0,203.0,1,0,189.60000000000002
Moandor-y/finalspeed,188.0,188.0,1,0,160.4
Modbder/ThaumicBases,1192.0,1192.0,1,0,963.6
ModeShape/modeshape,16992.0,12958.0,1,0,11990.0
ModeShape/modeshape-performance,670.0,670.0,1,0,546.0
ModelN/build-management,1692.0,1692.0,1,0,1363.6000000000001
ModularMC/ModularMC,474.0,466.0,1,0,386.0
Monofraps/GradleCurse,82.0,74.0,1,0,72.4
Monstercraft/MonsterIRC,1138.0,1138.0,1,0,920.4000000000001
Monstercraft/MonsterTickets,98.0,98.0,1,0,88.4
Moocar/logback-gelf,120.0,95.0,1,0,96.0
Morsgault/Java_RPG,60.0,60.0,1,0,58.0
Mortis69/JavaBrot,40.0,40.0,0,0,32.0
MovingBlocks/FacadeApplet,30.0,30.0,0,0,24.0
MovingBlocks/TeraMath,698.0,448.0,1,0,468.4
MovingBlocks/TerasologyLauncher,642.0,523.0,1,0,476.0
Mpmart08/MusicPlayer,182.0,182.0,1,0,155.6
MrBrax/unifrog,426.0,426.0,1,0,350.8
MrClement/ScheduleGenerator,108.0,108.0,1,0,96.4
MrIbby/BaMsGRAVE,218.0,145.0,1,0,155.2
MrInspectorDev/pCombat,18.0,18.0,0,0,14.4
MrMysteri0us/DBManager,52.0,52.0,1,0,51.6
MrRiegel/BlockDrops,172.0,112.0,1,0,123.6
Mrbysco/MemeInABottle,960.0,682.0,1,0,666.8
Multifarious/shiro-jdbi-realm,246.0,178.0,1,0,179.60000000000002
MultiverseKing/MultiverseKing_JME,1148.0,1148.0,1,0,928.4000000000001
Murmand/checkit,732.0,732.0,1,0,595.6
MusesProject/MusesServer,880.0,781.0,1,0,674.4000000000001
Mustafabangor/SentimentAnalysis4Tweets,86.0,63.0,1,0,69.6
MyCATApache/Mycat-Balance,406.0,397.0,1,0,331.20000000000005
MyCATApache/Mycat-Server,4286.0,3111.0,1,0,2968.8
MyCollab/mycollab,9988.0,9988.0,1,0,8000.400000000001
MyCrazyPi/hypixel-autotip,64.0,64.0,1,0,61.2
MyPureCloud/elasticsearch-phone,214.0,134.0,1,0,149.20000000000002
MySquishyTurtle/MySquishyModTools,358.0,245.0,1,0,251.20000000000002
Myasuka/PCA-Detector,136.0,87.0,1,0,99.20000000000002
MylesIsCool/ViaVersion,1226.0,817.0,1,0,827.2
Mysteana/DwarfForge,36.0,36.0,0,0,28.8
N1T3SLAY3R/Empirecraft,58.0,58.0,1,0,56.400000000000006
N4th4/NuxBridge,52.0,38.0,1,0,46.0
N4th4/NuxGrief,56.0,41.0,1,0,48.800000000000004
N4th4/NuxSMS,52.0,38.0,1,0,46.0
NCIP/cadsr-formbuilder,3010.0,3010.0,1,0,2418.0
NCIP/cadsr-semantic-tools,1606.0,1606.0,1,0,1294.8000000000002
NCIP/cadsr-sentinel,2804.0,2804.0,1,0,2253.2000000000003
NCIP/cagrid-general,4854.0,4854.0,1,0,3893.2000000000003
NCIP/cagrid2-wsrf,2920.0,2335.0,1,0,2112.0
NCIP/edct-formbuilder,2764.0,2458.0,1,0,2098.8
NCIP/nci-mapping-tool,1072.0,1072.0,1,0,867.6
NCIP/nci-term-suggestion,298.0,298.0,1,0,248.4
NCIP/nci-value-set-editor,562.0,562.0,1,0,459.6
NCIP/psc,7796.0,7796.0,1,0,6246.8
NCIP/stats-application-commons,492.0,491.0,1,0,403.20000000000005
NGNFWGames/plugins,1314.0,1314.0,1,0,1061.2
NLeSC/Xenon,1142.0,1142.0,1,0,923.6
NOLFXceptMe/opml,110.0,80.0,1,0,86.0
NOVA-Team/NOVA-Core,1346.0,1346.0,1,0,1086.8
NOVA-Team/NOVA-Minecraft,122.0,114.0,1,0,104.4
NPException/Dimensional-Pockets,684.0,684.0,1,0,557.2
NPException/GameAnalyticsAPI,52.0,52.0,1,0,51.6
NTTCom-MS/traveloci,126.0,77.0,1,0,91.2
Nader-Sl/LoL-Ping-Checker,69.0,66.0,1,0,64.0
NaheulCraft/Loki,174.0,124.0,1,0,129.20000000000002
NaheulCraft/NaheulCraft-Launcher,174.0,174.0,1,0,149.20000000000002
NaheulCraft/NaheulCraft-Updater,368.0,318.0,1,0,284.40000000000003
Nanopublication/nanopub-java,450.0,327.0,1,0,320.8
NapierDevSoc/RandyHelper,16.0,16.0,0,0,12.8
NarwhalTeam3128/FRC2011,36.0,36.0,0,0,28.8
Nashoba-Robotics/NR-2014-CMD,180.0,180.0,1,0,154.0
Nastel/tnt4j-log4j12,212.0,136.0,1,0,149.20000000000002
NatTuck/sample-http,50.0,50.0,0,0,40.0
NataliaDymnikova/akka.scheduler,912.0,768.0,1,0,682.0
NatipCube/NastyHub,88.0,64.0,1,0,70.80000000000001
NaturalIntelligence/BooleanSequence,108.0,108.0,1,0,96.4
Nearsoft/java-crash-course,204.0,204.0,1,0,173.20000000000002
Neder/InteliAutomata,68.0,49.0,1,0,56.800000000000004
Neofonie/aiko,108.0,108.0,1,0,96.4
Neofonie/cinderella,562.0,411.0,1,0,399.20000000000005
NerdNu/ModMode,30.0,30.0,0,0,24.0
NerdNu/SafeBuckets,82.0,62.0,1,0,67.60000000000001
NessComputing/components-ness-config,258.0,254.0,1,0,214.8
NessComputing/components-ness-core,86.0,82.0,1,0,77.2
NessComputing/components-ness-httpclient,346.0,341.0,1,0,284.8
NessComputing/components-ness-integration-testing,58.0,54.0,1,0,54.800000000000004
NessComputing/components-ness-jdbc,82.0,82.0,1,0,75.60000000000001
NessComputing/components-ness-jdbi,112.0,108.0,1,0,98.0
NessComputing/components-ness-scopes,98.0,94.0,1,0,86.80000000000001
NessComputing/components-ness-tracking,130.0,126.0,1,0,112.4
NessComputing/migratory,598.0,581.0,1,0,481.6
NetHome/ZWave,192.0,188.0,1,0,162.0
Netbeans-Modules/NbFileStructureNode,82.0,82.0,1,0,75.60000000000001
Netcentric/accesscontroltool,1080.0,789.0,1,0,757.6
Netcentric/aem-taggable-image,196.0,148.0,1,0,147.60000000000002
Netdex/CircuitDetector,92.0,82.0,1,0,79.60000000000001
Netflix/Prana,140.0,140.0,1,0,122.0
Netflix/curator,280.0,176.0,1,0,192.4
Netflix/feign,630.0,630.0,1,0,514.0
Netflix/karyon,790.0,790.0,1,0,642.0
Netflix/metacat,1208.0,1208.0,1,0,976.4000000000001
Netflix/netflix-graph,188.0,188.0,1,0,160.4
Netflix/servo,770.0,770.0,1,0,626.0
Netflix/staash,1170.0,1170.0,1,0,946.0
Neutree/PandaTvDanMu,138.0,138.0,1,0,120.4
Neutrinet/ISP-ng,372.0,366.0,1,0,305.20000000000005
NewName/javaCUDA,256.0,256.0,1,0,214.8
Nexapp/NexappMath,190.0,138.0,1,0,141.2
Nexmo/nexmo-java,334.0,257.0,1,0,246.4
Nibby/Pix,228.0,228.0,1,0,192.4
NiceSystems/hrider,576.0,535.0,1,0,454.4
NicholasAStuart/Maven-Mule-REST-Plugin,194.0,123.0,1,0,136.8
NicholasAStuart/myo-java,358.0,227.0,1,0,244.00000000000003
NicholsSchool/2015-Beaker-Competition,76.0,76.0,1,0,70.80000000000001
NightHacking/LambdasHacking,62.0,62.0,1,0,59.6
NightKosh/Gravestone-mod-Graves,1036.0,911.0,1,0,788.8000000000001
NightKosh/LavaBoat-mod,314.0,222.0,1,0,224.40000000000003
Nightboo/NightFramework,26.0,26.0,0,0,20.8
NigoroJr/typebest,82.0,82.0,1,0,75.60000000000001
Nithanim/gw2api,2350.0,1406.0,1,0,1512.4
NitorCreations/javaxdelta,378.0,270.0,1,0,269.20000000000005
Nividica/ThaumicEnergistics,1684.0,1326.0,1,0,1214.0
NoCheatPlus/NoCheatPlus,3820.0,2863.0,1,0,2683.2
NoGrief/QueueMonitor,120.0,120.0,1,0,106.0
NoahAndrews/SynchronizedMediaPlayer,76.0,68.0,1,0,67.60000000000001
NoiseQuintet/Sudoku-HelpBot,16.0,16.0,0,0,12.8
NomNuggetNom/mcpvp-mod,676.0,676.0,1,0,550.8000000000001
Noovle/newrelic-rum-liferay,50.0,50.0,0,0,40.0
Not2EXceL/ClashOfBlocks,272.0,272.0,1,0,227.60000000000002
Noterik/Rafael,100.0,96.0,1,0,88.4
Noterik/barney,166.0,158.0,1,0,139.60000000000002
Noterik/edna,162.0,153.0,1,0,136.0
Noterik/lou,636.0,616.0,1,0,510.8
NthPortal/mathlib,210.0,159.0,1,0,157.6
NucleusPowered/Nucleus,5588.0,3386.0,1,0,3599.6000000000004
NuenoB/OpenBlocks_UCHILE,7306.0,5177.0,1,0,5003.200000000001
NullPointerExceptionEHU/CatalogoPeliculas,20.0,20.0,0,0,16.0
Nunnery/MythicDrops,396.0,396.0,1,0,326.8
NyaaCat/RPGitems-reloaded,916.0,638.0,1,0,631.6
NyproTheGeek/SimpleScript,16.0,16.0,0,0,12.8
OG-Kloud/Hexxit-Gear,760.0,589.0,1,0,549.6
OG-Kloud/Trader,274.0,217.0,1,0,206.40000000000003
OHDSI/CDMTableBrowser,54.0,54.0,1,0,53.2
OHDSI/Usagi,478.0,338.0,1,0,336.40000000000003
ONSdigital/project-brian,222.0,222.0,1,0,187.60000000000002
ORRTIZ/obpost,184.0,184.0,1,0,157.20000000000002
OSBI/mondrian,7512.0,5262.0,1,0,5119.6
OSBI/optiq-solr,72.0,72.0,1,0,67.6
OSBI/pdi-sentiment,962.0,538.0,1,0,610.0
OSEHRA/HealtheMe,1528.0,1528.0,1,0,1232.4
OSGP/Platform,2720.0,2720.0,1,0,2186.0
OSSIndex/ossindex-maven-plugin,172.0,126.0,1,0,129.2
OTBProject/OTBProject,514.0,492.0,1,0,412.40000000000003
OWASP/Benchmark,41542.0,29280.0,1,0,28338.8
OWASP/owasp-java-encoder,522.0,400.0,1,0,378.8
Oakland-University/financial-aid-portlet,454.0,303.0,1,0,312.8
ObsidianBox/Magma,1038.0,635.0,1,0,679.2
OctahedronBR/cotopaxi-core,726.0,534.0,1,0,514.0
OctahedronBR/cotopaxi-extensions,408.0,408.0,1,0,336.40000000000003
OfficeDev/ews-java-api,7838.0,4647.0,1,0,5004.0
Ohms3573/FIRST_2013_Code,78.0,78.0,1,0,72.4
Ohrm/Spatial-Machines,198.0,198.0,1,0,168.4
Oicho/MTT,462.0,426.0,1,0,365.20000000000005
Olafski/FastLeafDecay,122.0,84.0,1,0,92.4
OlegSmelov/omgrofl-interpreter,270.0,208.0,1,0,201.2
OliverColeman/ahni,654.0,653.0,1,0,532.8
OliverSanz/TelegramBotAPI,30.0,30.0,0,0,24.0
Olloth/SpoutFlight,58.0,54.0,1,0,54.800000000000004
Olog/olog,194.0,194.0,1,0,165.20000000000002
Omertron/api-tvrage,64.0,64.0,1,0,61.2
OmgImAlexis/TheStuffMod,4942.0,3586.0,1,0,3421.2000000000003
Omnicrola/Panoptes,1350.0,1350.0,1,0,1090.0
OmniscientDebugger/LewisOmniscientDebugger,1654.0,1098.0,1,0,1110.8000000000002
OneHP/Betfair-Trickle,1154.0,1151.0,1,0,932.0
OneSourceConsult/floodlight-queuepusher,34.0,34.0,0,0,27.200000000000003
OneStopTransport/api-java-client,92.0,92.0,1,0,83.60000000000001
Open-RIO/UniversalDrive,110.0,83.0,1,0,87.2
OpenAMEE/amee.platform.api,2294.0,2104.0,1,0,1769.2
OpenAttestation/OpenAttestation,5138.0,4357.0,1,0,3808.0000000000005
OpenBEL/bel-editor,706.0,706.0,1,0,574.8000000000001
OpenChatAlytics/OpenChatAlytics,1188.0,881.0,1,0,837.6000000000001
OpenCollabZA/sakai-openstack-swift,108.0,81.0,1,0,85.6
OpenConext/OpenConext-authorization-server,134.0,134.0,1,0,117.2
OpenConext/OpenConext-voot,270.0,270.0,1,0,226.0
OpenDataSk/odn-search,312.0,271.0,1,0,243.20000000000002
OpenGamma/OG-Platform,2.0,2.0,0,0,1.6
OpenGamma/OpenSIMM,758.0,508.0,1,0,516.4
OpenHFT/Chronicle-Algorithms,800.0,509.0,1,0,533.6
OpenHFT/Chronicle-Engine,3352.0,2109.0,1,0,2194.4
OpenHFT/Chronicle-Essence,172.0,119.0,1,0,126.4
OpenHFT/Chronicle-Values,528.0,348.0,1,0,360.40000000000003
OpenHFT/Java-Lang,2316.0,1501.0,1,0,1536.8000000000002
OpenHFT/jvm-micro-benchmarks,40.0,40.0,0,0,32.0
OpenHMIS/openmrs-module-openhmis.cashier,674.0,674.0,1,0,549.2
OpenJEVis/JEConfig,608.0,608.0,1,0,496.40000000000003
OpenJEVis/JEExample,24.0,24.0,0,0,19.200000000000003
OpenLMIS/benin-SIIL,9182.0,9182.0,1,0,7355.6
OpenLMIS/openlmis-requisition,300.0,237.0,1,0,224.8
OpenLMIS/openlmis-template-service,154.0,122.0,1,0,120.4
OpenMods/OpenPeripheral,766.0,763.0,1,0,621.6
OpenMods/OpenPeripheral-Addons,480.0,477.0,1,0,392.8
OpenMods/OpenPeripheral-Integration,704.0,701.0,1,0,572.0
OpenMurVDI/applet,38.0,38.0,0,0,30.400000000000002
OpenNMS/newts,5536.0,3987.0,1,0,3819.2000000000003
OpenNTF/BuildAndTestPattern4Xpages,748.0,748.0,1,0,608.4
OpenNTF/FindBug-for-Domino-Designer,2826.0,2826.0,1,0,2270.8
OpenNTF/JavascriptAggregator,23306.0,12400.0,1,0,14292.4
OpenNTF/WebDAVForDomino,514.0,514.0,1,0,421.20000000000005
OpenNTF/XPagesExtensionLibrary,12598.0,12598.0,1,0,10088.400000000001
OpenNTF/XPagesRelationalSample,88.0,88.0,1,0,80.4
OpenNTF/collaborationtoday,1102.0,1102.0,1,0,891.6
OpenNTF/org.openntf.domino,12788.0,12788.0,1,0,10240.400000000001
OpenOrganization007/MI,308.0,308.0,1,0,256.4
OpenRainGarden/OpenRainGarden,650.0,650.0,1,0,530.0
OpenRedstoneEngineers/autoprogram-plugin,60.0,44.0,1,0,51.6
OpenRefine/grefine-kasabi,64.0,64.0,1,0,61.2
OpenSOC/opensoc-streaming,2202.0,1650.0,1,0,1550.8000000000002
OpenSecurityResearch/jmsdigger,296.0,202.0,1,0,209.20000000000002
OpenSextant/SolrTextTagger,286.0,205.0,1,0,206.4
OpenSocial/activitystreams,1256.0,842.0,1,0,849.2
OpenSourceConsulting/athena-sqs,170.0,125.0,1,0,128.0
OpenTOSCA/container,5592.0,5592.0,1,0,4483.6
OpenTSDB/async,38.0,38.0,0,0,30.400000000000002
OpenTreeOfLife/treemachine,198.0,198.0,1,0,168.4
OpenXIP/xip-host,1998.0,1995.0,1,0,1607.2
OpeningO/jfinal-oauth2.0-server,298.0,285.0,1,0,243.2
Orange-OpenSource/elpaaso-brokers,1522.0,884.0,1,0,972.4000000000001
Orange-OpenSource/spring-cloud-s3-connectors,598.0,443.0,1,0,426.40000000000003
Orange-OpenSource/spring-social-weibo,464.0,344.0,1,0,333.20000000000005
OrdinaryDude/elastic-reference-client,1540.0,1540.0,1,0,1242.0
Ordinastie/MalisisCore,3720.0,2247.0,1,0,2396.8
OreCruncher/Restructured,554.0,382.0,1,0,384.40000000000003
Oregu/_.java,18.0,18.0,0,0,14.4
Ornro/XJparser,84.0,84.0,1,0,77.2
Orzota/tutorials,136.0,136.0,1,0,118.80000000000001
Osaris31/exterminate,384.0,384.0,1,0,317.20000000000005
OscarFarg/rijksoverheid,1250.0,1211.0,1,0,994.4000000000001
OskarVeerhoek/OpenGL-Core-LWJGL,98.0,98.0,1,0,88.4
OsmBelarus/Tools,586.0,586.0,1,0,478.8
Ostrich-Emulators/semtool,2524.0,2524.0,1,0,2029.2
OsuCelebrity/OsuCelebrity,402.0,402.0,1,0,331.6
OvertJaguar/PowerConverters-RPModule,38.0,38.0,0,0,30.400000000000002
Owexz/SkyStone,38.0,38.0,0,0,30.400000000000002
P7h/IntroToHadoopAndMR__Udacity_Course,158.0,158.0,1,0,136.4
P7h/StormTweetsSentimentD3Viz,254.0,247.0,1,0,210.40000000000003
P7h/StormTweetsURLUnShortening,146.0,108.0,1,0,111.60000000000001
PATRONAS/opuxl,116.0,116.0,1,0,102.80000000000001
PC-Logix/OpenFM,598.0,415.0,1,0,415.20000000000005
PCNI/OpenHMIS,2308.0,1648.0,1,0,1592.4
PGSSoft/scrollscreenshot,42.0,42.0,0,0,33.6
PIEFramework/PIE,286.0,286.0,1,0,238.8
PPiMapBuilder/PPiMapBuilder,1464.0,1047.0,1,0,1014.4000000000001
PRIDE-Utilities/ms-data-core-api,444.0,444.0,1,0,365.20000000000005
PROSPricing/json-transform,210.0,210.0,1,0,178.0
PaesslerAG/JMXMiniProbe,446.0,446.0,1,0,366.8
Paleozoic/open_wx,441.0,299.0,1,0,306.0
Panopto/Blackboard-9.1-Plugin-for-Panopto,722.0,505.0,1,0,500.8
ParaPenguin/morphix,484.0,355.0,1,0,345.6
Parabot/Parabot,1116.0,836.0,1,0,790.8000000000001
Parabot/Parabot-317-API-Minified,398.0,286.0,1,0,283.6
ParakweetLabs/EmailIntentDataSet,38.0,38.0,0,0,30.400000000000002
Parallels/jenkins-parallels,188.0,122.0,1,0,134.0
Parbhat/CRM,185.0,182.0,1,0,156.8
PatandFioneTakeAI/Connect4AI,16.0,16.0,0,0,12.8
PathwayCommons/CyPath2,386.0,260.0,1,0,268.4
PaulBGD/ArenaAPI,260.0,260.0,1,0,218.0
PaulBGD/SocketAPI,98.0,70.0,1,0,77.2
PayPal-Opportunity-Hack-Chennai-2015/AIDE-At-Action,266.0,266.0,1,0,222.8
Pentadrago/ikenga-web,146.0,109.0,1,0,112.0
Pentadrago/spring-boot-example-wicket,168.0,123.0,1,0,126.4
Percy0601/training-cat,264.0,264.0,1,0,221.20000000000002
PeterASteele/BloombergCodeconCompetition,16.0,16.0,0,0,12.8
PeterisP/morphology,696.0,474.0,1,0,478.00000000000006
Petikoch/Java_MVVM_with_Swing_and_RxJava_Examples,666.0,514.0,1,0,482.00000000000006
PhantomThief/adaptive-executor-java,44.0,44.0,0,0,35.2
PhantomThief/jedis-helper,134.0,80.0,1,0,95.6
PhantomThief/jedis-simple-queue,258.0,155.0,1,0,175.2
PhantomYdn/wicket-console,386.0,267.0,1,0,271.20000000000005
Pheox/ca-protein-predictor,392.0,386.0,1,0,321.20000000000005
PhilDatoon/CertIV_ProgramDesign,114.0,114.0,1,0,101.2
Phlenum/Combustible-Lemon-Launcher,518.0,351.0,1,0,357.6
Phylogeny/ExtraBitManipulation,464.0,366.0,1,0,342.0
Piasy/pcapanalyse,52.0,52.0,1,0,51.6
PinaeOS/simba,500.0,370.0,1,0,358.0
PinaeOS/timon,618.0,454.0,1,0,438.80000000000007
Pivotal-Field-Engineering/redisstore,110.0,85.0,1,0,88.0
Pivotal-Open-Source-Hub/StockInference-Spark,294.0,294.0,1,0,245.20000000000002
Pivotal-Open-Source-Hub/geode-demo-application,694.0,694.0,1,0,565.2
PizzaCrust/IoL,118.0,90.0,1,0,93.2
PkayJava/MBaaS,1786.0,1786.0,1,0,1438.8000000000002
PkayJava/pluggable,3280.0,2441.0,1,0,2298.4
Pkmmte/PNG2XML,16.0,16.0,0,0,12.8
Plain-Simple/Grapher,8.0,8.0,0,0,6.4
PlasmaBlazer/TutorialMod,478.0,344.0,1,0,338.8
PlaySpud/spigot-join-spawn,20.0,20.0,0,0,16.0
PlymouthStateCST/softwareEngineering2015,8.0,8.0,0,0,6.4
PocketServer/PocketServer,396.0,365.0,1,0,314.4
PocketServer/PocketServer-Ref,1364.0,1145.0,1,0,1013.6
Pocketkid2/Radio,142.0,102.0,1,0,107.60000000000001
PodcastpediaOrg/podcastpedia-web,822.0,822.0,1,0,667.6
Pokefenn/ImLookingAtBlood,396.0,298.0,1,0,287.6
Polytech-AdrienCastex/POP3-Server,84.0,84.0,1,0,77.2
PorlyBe/BoardGamesAPI,166.0,125.0,1,0,126.4
PovertyAction/github-download,109.0,99.0,1,0,93.2
PraktischeInformatik/spendendosen-verwaltung,714.0,714.0,1,0,581.2
Praqma/mesos-kibana,110.0,110.0,1,0,98.0
Praqma/pretested-integration-plugin,682.0,491.0,1,0,479.20000000000005
Presage/Presage2,1534.0,1094.0,1,0,1061.2
PrismTech/agentv,502.0,502.0,1,0,411.6
Produban/openbus,1406.0,1406.0,1,0,1134.8
Proemion/Helenus,354.0,289.0,1,0,267.2
ProfilingLabs/Usemon2,3836.0,3836.0,1,0,3078.8
ProgrammerDan/learning-chatbot,12.0,12.0,0,0,9.600000000000001
Project-VTR/vtr-source,220.0,220.0,1,0,186.0
Protocodyne/ColorCrashFix,34.0,34.0,0,0,27.200000000000003
ProtocolSupport/ProtocolSupportBungee,178.0,176.0,1,0,151.60000000000002
Prowareness/testgrid-plugin,356.0,224.0,1,0,242.0
ProxyBuilder/proxybuilder,694.0,694.0,1,0,565.2
PruebasDeSoftware/UnRR,144.0,115.0,1,0,113.6
PrzemekBurczyk/HttpBuilder,52.0,52.0,1,0,51.6
Psep/SimpleMail,62.0,62.0,1,0,59.6
Puquios/secure-containers,190.0,132.0,1,0,138.8
PurdueSIGAI/WikiCrawler,22.0,22.0,0,0,17.6
PureMVC/puremvc-java-demo-gwt-employeeadmin,86.0,86.0,1,0,78.8
PureMVC/puremvc-java-multicore-unittests,346.0,346.0,1,0,286.8
PureMVC/puremvc-java-util-pipes,354.0,300.0,1,0,271.6
PureSolTechnologies/license-maven-plugin,302.0,198.0,1,0,210.0
PureSolTechnologies/parsers,966.0,718.0,1,0,683.6
Puremin0rez/PlayerSimulator,38.0,38.0,0,0,30.400000000000002
Putnami/putnami-web-toolkit,5264.0,4334.0,1,0,3849.2
PuzzleLearning/Standing-Behind-Back,218.0,218.0,1,0,184.4
PuzzlesLab/ProjectEuler,510.0,510.0,1,0,418.0
Pwn9/PwnChickenLay,24.0,24.0,0,0,19.200000000000003
Pwn9/PwnFilter,456.0,456.0,1,0,374.8
Pwn9/PwnPlantGrowth,22.0,22.0,0,0,17.6
Pwn9/PwnPvpBalance,36.0,36.0,0,0,28.8
PwnedGalaxy/galaxy-jail-bukkit,62.0,49.0,1,0,54.400000000000006
Py-Tek/liber-minimis,180.0,172.0,1,0,150.8
Pyknic/SocialPhotoNetworkServer,40.0,40.0,0,0,32.0
Q42/Jue,104.0,104.0,1,0,93.2
Qi4j/qi4j-libraries,3018.0,3018.0,1,0,2424.4
QianmiOpen/dubbo-rpc-jsonrpc,274.0,177.0,1,0,190.4
Qkyrie/Twitch,202.0,202.0,1,0,171.60000000000002
Qmunity/BluePower,2560.0,2559.0,1,0,2057.6
QualInsight/qualinsight-plugins-sonarqube-smell,526.0,383.0,1,0,373.6
Quantum-Sicarius-za-net/Wireless-Redstone,36.0,36.0,0,0,28.8
QuarterCode/Classmod,632.0,387.0,1,0,417.6
Queexie/Feudalism,126.0,126.0,1,0,110.80000000000001
QuestSoftwareTCD/OracleHiveConnector,54.0,54.0,1,0,53.2
QuickServerLab/QuickCached,412.0,335.0,1,0,308.8
QuickServerLab/QuickLB,410.0,378.0,1,0,325.20000000000005
QuietOne/MonkeyBrains,194.0,190.0,1,0,163.60000000000002
QuietOne/jNavigation,262.0,256.0,1,0,217.20000000000002
Qunzer/learningJava,1176.0,800.0,1,0,800.4000000000001
QwertyManiac/cassandra-cdh4,3116.0,2956.0,1,0,2438.8
R1rp/rp-search,38.0,38.0,0,0,30.400000000000002
R358/poolnetty,150.0,150.0,1,0,130.0
R41G4/ERP-Constructora,898.0,898.0,1,0,728.4000000000001
RBC1B/ROMS,1178.0,1178.0,1,0,952.4000000000001
RBGKew/eMonocot,67868.0,44274.0,1,0,44866.8
RGreenlees/JUMI-Java-Model-Importer,233.0,176.0,1,0,173.60000000000002
RISCOSS/riscoss-githubanalyzer,634.0,634.0,1,0,517.2
RLHawk1/WorldInventories,40.0,40.0,0,0,32.0
RNCryptor/JNCryptor,230.0,166.0,1,0,168.4
RPTools/zz-old-rptools-common,316.0,316.0,1,0,262.8
RSAIntelShare/RID-Server,346.0,346.0,1,0,286.8
RWTH-i5-IDSG/steve,1226.0,1057.0,1,0,923.2
RaaaGEE/l2effect-patcher,424.0,424.0,1,0,349.20000000000005
Rabbit-Converter/Rabbit-Java,140.0,96.0,1,0,104.4
RadicalES/SmartMistLibrary,144.0,144.0,1,0,125.2
Rafarel/ExplosiveArrow,62.0,62.0,1,0,59.6
Ragnaroek/eclipse-astparser,306.0,249.0,1,0,232.0
Raimmaster/TallerGit,14.0,14.0,0,0,11.200000000000001
Raizunne/Miscellany,472.0,472.0,1,0,387.6
RajivKurian/Java-NIO-example,62.0,62.0,1,0,59.6
Raldir/3DScanner.RaspberryPi,472.0,465.0,1,0,384.8
RamiDTU/CDIO-2,62.0,62.0,1,0,59.6
RangerWolf/Finance-News-Helper,284.0,284.0,1,0,237.20000000000002
Rauks/JavaFX-Dialog,60.0,60.0,1,0,58.0
RayCui/java-api-streaming,38.0,26.0,0,0,25.6
Raysmond/SpringBlog,598.0,446.0,1,0,427.6
ReactiveCouchbase/json-lib,102.0,102.0,1,0,91.60000000000001
ReactiveX/RxJava,1270.0,1270.0,1,0,1026.0
ReactiveX/RxJavaAsyncUtil,108.0,108.0,1,0,96.4
ReactiveX/RxJavaComputationExpressions,56.0,56.0,1,0,54.800000000000004
ReactiveX/RxJavaDebug,70.0,70.0,1,0,66.0
ReactiveX/RxJavaFileUtils,90.0,90.0,1,0,82.0
ReactiveX/RxJavaReactiveStreams,140.0,140.0,1,0,122.0
ReadyTalk/cultivar,688.0,688.0,1,0,560.4
ReadyTalk/swt-bling,264.0,264.0,1,0,221.20000000000002
RealGatt/GasaiBot,13239.0,6729.0,1,0,7997.200000000001
RealityShard/Documentation,14.0,14.0,0,0,11.200000000000001
Recomember/Recom-repaire,1140.0,960.0,1,0,850.0
Red5/red5-client,720.0,437.0,1,0,472.8
Red5/red5-tests,40.0,40.0,0,0,32.0
Red5/red5-websocket,526.0,316.0,1,0,346.8
RedGreenCode/UVa,96.0,96.0,1,0,86.80000000000001
RedInquisitive/Botnet-Heroes,156.0,156.0,1,0,134.8
RedhawkSDR/framework-bulkioInterfaces,780.0,780.0,1,0,634.0
RedhawkSDR/frontendInterfaces,162.0,162.0,1,0,139.6
RedisLabs/redis-quartz,66.0,47.0,1,0,55.2
RedmountProject/Top20TargetGenerator,230.0,175.0,1,0,172.0
Redpill-Linpro/spring-config-etcd,240.0,190.0,1,0,182.0
Redpill-Linpro/spring-config-jdbc,190.0,140.0,1,0,142.0
Rekkyn/spacetimemod,176.0,176.0,1,0,150.8
Relicum/SuperSkyBros,788.0,788.0,1,0,640.4000000000001
Remper/hls,188.0,182.0,1,0,158.0
RenameMonster/MoeRPG,64.0,47.0,1,0,54.400000000000006
ResearchCollectionsAndPreservation/scsb-etl,362.0,282.0,1,0,267.6
RespectNetwork/csp-provisioning-application,702.0,702.0,1,0,571.6
RestComm/camelgateway,970.0,857.0,1,0,740.8
RetailMeNot/TestRailSDK,366.0,268.0,1,0,263.6
Ribesg/Alix,1068.0,651.0,1,0,697.6000000000001
Ribesg/Blob,184.0,131.0,1,0,136.0
Ribesg/NPlugins,3254.0,2160.0,1,0,2175.6000000000004
Ribesg/Pure,178.0,177.0,1,0,152.0
RichardAllanBrown/Coursera-Algorithms-I,40.0,40.0,0,0,32.0
RichardWarburton/lambda-behave-examples,64.0,45.0,1,0,53.6
RichardWarburton/lambda-behave-kata-answers,40.0,40.0,0,0,32.0
Ricston/mule-transport-netty-publisher,422.0,257.0,1,0,281.6
RigasGrigoropoulos/spring-security-acl-cassandra,322.0,207.0,1,0,221.60000000000002
Rigo85/jhfs,134.0,133.0,1,0,116.80000000000001
RiotGamesMinions/zabbix_jmxdiscovery,50.0,42.0,0,0,36.8
Rise-Vision/player-raspberrypi,116.0,116.0,1,0,102.80000000000001
Rise-Vision/rise-player,216.0,152.0,1,0,157.20000000000002
Rise-Vision/rva,1124.0,1124.0,1,0,909.2
RiverWilliamson/FloorPlansForFirefighters,74.0,68.0,1,0,66.80000000000001
RizkiMufrizal/Belajar-SpringDataRest-Hateoas,580.0,349.0,1,0,381.6
Roanis/atg-tdd,420.0,419.0,1,0,345.6
RobKohr/bitcoinj,288.0,286.0,1,0,239.60000000000002
Robbert1/boot-stateless-social,212.0,159.0,1,0,158.4
RobertFischer/GuiceJumper,700.0,434.0,1,0,463.6
RobertLemmens/JVerify,90.0,90.0,1,0,82.0
RoboNickBot/ateam-tanks,478.0,360.0,1,0,345.20000000000005
RobotSquid/MoltenCraft,914.0,653.0,1,0,636.8
Robotia/ExtraUtilities,1270.0,1270.0,1,0,1026.0
RocooTheRocoo/Magix-Plugin,46.0,46.0,0,0,36.800000000000004
RodionGork/FREJ,126.0,98.0,1,0,99.60000000000001
RoelGo/CamSucks,32.0,32.0,0,0,25.6
Roledenez/InventorySystem,502.0,499.0,1,0,410.40000000000003
RomanKreisel/LogViewer,126.0,93.0,1,0,97.60000000000001
Rongmario/Survival-Instinct,20.0,20.0,0,0,16.0
Rory80Hz/dropgradle,70.0,70.0,1,0,66.0
RoyalDev/PopulationDensity,128.0,128.0,1,0,112.4
RoyalDev/RankUp,54.0,42.0,1,0,48.400000000000006
RoyalDev/RoyalSurvivors,82.0,82.0,1,0,75.60000000000001
RuckusWirelessIL/pentaho-kafka-producer,186.0,128.0,1,0,135.60000000000002
Runix-Minecraft/Azathoth,408.0,278.0,1,0,284.40000000000003
RyanHuangPMA/iTextTutorial,92.0,92.0,1,0,83.60000000000001
Ryleigh-Shuler/Runescape-Protocol-Server-Framework,40.0,40.0,0,0,32.0
RypoFalem/ArmorStandEditor,78.0,78.0,1,0,72.4
RysingDragon/EasyTrading,166.0,125.0,1,0,126.4
SAG-KeLP/kelp-additional-kernels,350.0,257.0,1,0,252.8
SALSA-W/M-SALSA,1078.0,778.0,1,0,752.4000000000001
SAMLRaider/SAMLRaider,428.0,308.0,1,0,304.40000000000003
SAP/Lapwing,88.0,88.0,1,0,80.4
SAP/abnf-test-tool,34.0,34.0,0,0,27.200000000000003
SAP/builder-cli,378.0,293.0,1,0,278.40000000000003
SAP/cloud-c4c-extension-sample,270.0,176.0,1,0,188.4
SAP/cloud-cmis-workbench,42.0,42.0,0,0,33.6
SAP/cloud-metricswatcher,118.0,118.0,1,0,104.4
SAP/cloud-odata-java,4014.0,3141.0,1,0,2872.0
SAP/cloud-passkit-demo,198.0,139.0,1,0,144.8
SAP/cloud-roo-gwaddon,120.0,120.0,1,0,106.0
SAP/cloud-springsocial,362.0,227.0,1,0,245.60000000000002
SAP/cloud-yaas-business-service,132.0,132.0,1,0,115.60000000000001
SAP/sap_mobile_platform_espm_olingo_services,374.0,247.0,1,0,258.4
SAP/sap_mobile_platform_extend_functionality,972.0,972.0,1,0,787.6
SAS-Systems/imflux,688.0,457.0,1,0,468.0
SBasalaev/jbfc,140.0,106.0,1,0,108.4
SBeausoleil/Pathfinder-Kingdom-Ruler,174.0,174.0,1,0,149.20000000000002
SEAL-UCLA/Ref-Finder,2430.0,2430.0,1,0,1954.0
SEEK-Jobs/elasticsearch-river-eventstore,104.0,76.0,1,0,82.0
SETTE-Testing/sette-tool,836.0,836.0,1,0,678.8000000000001
SH-Allegion/StuJava,594.0,594.0,1,0,485.20000000000005
SINTEF-9012/cloudml,3334.0,2531.0,1,0,2356.0
SKCraft/CCBolts,106.0,105.0,1,0,94.4
SKCraft/Graft,116.0,84.0,1,0,90.0
SKCraft/SKMCLauncher,732.0,512.0,1,0,507.6
SLAMon/slamon-java-lib,220.0,146.0,1,0,156.4
SMB-TEC/xope-ide,74.0,74.0,1,0,69.2
SOSIEISTY/SOSIE,370.0,370.0,1,0,306.0
SPBTV/csv-to-sstable,66.0,46.0,1,0,54.800000000000004
SPECUSA/loganalyzer,586.0,586.0,1,0,478.8
SPHS-CS/JavaZoo,324.0,324.0,1,0,269.2
SQLPower/sqlpower-library,3882.0,2877.0,1,0,2713.6000000000004
SSOOnline/ApkCustomizationTool,100.0,100.0,1,0,90.0
ST-DDT/CrazyCore,506.0,506.0,1,0,414.8
STIXProject/java-stix,272.0,231.0,1,0,211.20000000000002
SYNAXON/GraphiteReceiver,66.0,66.0,1,0,62.800000000000004
SZitzelsberger/Spreadsheet-Inspection-Framework,862.0,648.0,1,0,614.0
SableCC/sablecc,1652.0,1652.0,1,0,1331.6000000000001
Safety-Harbor-Robotics/TurtleBots,1634.0,1634.0,1,0,1317.2
Sage-Bionetworks/ICGCSynapseGlue,24.0,24.0,0,0,19.200000000000003
Sage-Bionetworks/dashboard-core,186.0,151.0,1,0,144.8
Sage-Bionetworks/dashboard-dw,344.0,266.0,1,0,254.0
Sage-Bionetworks/database-semaphore,222.0,162.0,1,0,163.60000000000002
Sage-Bionetworks/file-proxy,406.0,274.0,1,0,282.0
SahaginOrg/sahagin-java,1790.0,1335.0,1,0,1260.0
SahaginOrg/sahagin-jenkins-plugin,56.0,56.0,1,0,54.800000000000004
SaintsRobotics/FRC-2015-Practice,52.0,52.0,1,0,51.6
SaitoWu/state-machine,116.0,84.0,1,0,90.0
Salaboy/drools-workshop,1062.0,1062.0,1,0,859.6
Salaboy/global-canvas,514.0,370.0,1,0,363.6
SalesforceEng/coyote,706.0,640.0,1,0,548.4000000000001
SalesforceEng/zsync4j,474.0,337.0,1,0,334.40000000000003
SaltTechnology/salt-payment-client-java,266.0,187.0,1,0,191.2
SamCymbaluk/ChessMate,24.0,24.0,0,0,19.200000000000003
SamSix/s6-util,328.0,241.0,1,0,237.60000000000002
Samsung/restful,664.0,451.0,1,0,456.0
Samtrion/SmoothBedrock,108.0,75.0,1,0,83.2
Sankore/Editeur_Sankore---LENUOS-,5568.0,5568.0,1,0,4464.400000000001
Sapphirine/Sentiment-Analysis-on-Movie,1092.0,740.0,1,0,742.8
Sapphirine/Stock-Daily-Price-Predictions-Based-on-News,24.0,20.0,0,0,17.6
Sapphirine/Yelp-Review-Analysis-and-Recommendation,1286.0,1286.0,1,0,1038.8
Saprommorpas/Commons,236.0,192.0,1,0,181.20000000000002
SaschaMoellering/ingestion-service,210.0,145.0,1,0,152.0
Saunders-Mayhem/Thaumic-AE,240.0,166.0,1,0,172.4
Sayi/poi-tl,240.0,185.0,1,0,180.0
Scarsz/DiscordSRV,188.0,137.0,1,0,140.0
SciComputer/Android,8.0,8.0,0,0,6.4
SciGaP/allocateme,518.0,357.0,1,0,360.0
Sciss/NetUtil,82.0,82.0,1,0,75.60000000000001
Sciss/SpeechRecognitionHMM,100.0,100.0,1,0,90.0
Sciss/abc4j,538.0,538.0,1,0,440.40000000000003
ScottDTA/ExtraCarts-1.7.10,316.0,312.0,1,0,261.20000000000005
ScottWoodward/RPShops,46.0,46.0,0,0,36.800000000000004
ScreenBasedSimulator/ScreenBasedSimulator2,5836.0,5147.0,1,0,4403.200000000001
Scrik/Cauldron-1,35406.0,35406.0,1,0,28334.800000000003
SeaCloudsEU/SeaCloudsPlatform,5860.0,4327.0,1,0,4084.8
Seally/hamster-project,340.0,340.0,1,0,282.0
Sean-PAN2014/BlueOrange,546.0,546.0,1,0,446.8
SeanCode/retrofit2-converters-fastjson,74.0,58.0,1,0,62.800000000000004
SeanRoy/lambduh-maven-plugin,222.0,149.0,1,0,158.4
Sefford/kor,142.0,142.0,1,0,123.60000000000001
SeleniumGridRefactor/GridDisplayHelpServlet,26.0,26.0,0,0,20.8
SendRegning/sws-client-java,388.0,310.0,1,0,289.20000000000005
SeniorAdvisor/spring-data-cloudant,362.0,288.0,1,0,270.0
SentinelDataHub/DataHubSystem,3654.0,3654.0,1,0,2933.2000000000003
SequoiaDB/pentaho-sequoiadb-plugin,316.0,206.0,1,0,218.8
SerCeMan/cjdb,662.0,476.0,1,0,465.20000000000005
SerNet/verinice,40634.0,40634.0,1,0,32517.2
SergioLarios/tuts-flow,976.0,684.0,1,0,674.0
SergiusIW/collider,150.0,140.0,1,0,126.0
SergiyGovorukhin/nooble,256.0,191.0,1,0,188.8
Shadorc/Music-Manager,76.0,76.0,1,0,70.80000000000001
Shadorc/Twitter-Stalker-V.2,158.0,158.0,1,0,136.4
ShadowTeam/ForgeGriefPrevention,1094.0,585.0,1,0,681.6
Shadowfiend/etherpad,2552.0,2552.0,1,0,2051.6000000000004
ShaggSpawns/Java-Poker,76.0,76.0,1,0,70.80000000000001
Shan1024/CS4262-DS,78.0,65.0,1,0,67.2
ShaneMcC/DFBnc,376.0,368.0,1,0,307.6
ShangriLaFarm/hubspot-api-java-client,88.0,88.0,1,0,80.4
SharedKnowledge/SharkFW,1184.0,877.0,1,0,834.4000000000001
Shaunrh/Jchaingang,10.0,10.0,0,0,8.0
Sheepzez/Matrixonator-Java,186.0,178.0,1,0,155.60000000000002
ShengLiu/File-Dependency-Client,288.0,284.0,1,0,238.8
Sherkyoung/floodlight-plus,5438.0,5435.0,1,0,4359.200000000001
ShifuML/guagua,1570.0,1125.0,1,0,1088.0
ShinNoNoir/likelines-smila,130.0,130.0,1,0,114.0
Shirkit/all-inhonmodman,560.0,560.0,1,0,458.0
Shirkit/todomod,76.0,76.0,1,0,70.80000000000001
Shuweiy/122BCodeForGroup26,2096.0,2096.0,1,0,1686.8000000000002
SilentChaos512/SilentLib,298.0,196.0,1,0,207.60000000000002
SilentChaos512/WIT,232.0,176.0,1,0,173.20000000000002
SilverThings/SilverWare,4128.0,2487.0,1,0,2656.0
Silverpeas/Silverpeas-Spnego,120.0,85.0,1,0,92.0
SimRo/parallel-thucydides-jbehave-tests,78.0,59.0,1,0,64.80000000000001
Simbacode/mobipayments,376.0,239.0,1,0,256.0
Simon-Kaz/AppiumFindByImage,92.0,64.0,1,0,72.4
SimonBourgarel/SecuriTable-Java,100.0,100.0,1,0,90.0
SimoneMacri/simoProject,36.0,36.0,0,0,28.8
Simonsator/BungeecordPartyAndFriends,352.0,260.0,1,0,254.8
SimpleTimeTracking/StandaloneClient,524.0,502.0,1,0,420.40000000000003
SimplyTapp/Tokenator,164.0,122.0,1,0,124.4
Simsilica/jogex,130.0,130.0,1,0,114.0
SiriusLab/ModelDebugging,4834.0,4336.0,1,0,3678.0
SixDimensions/Component-Bindings-Provider,282.0,225.0,1,0,212.8
Sizableshrimp0/EmeraldCraft,20.0,20.0,0,0,16.0
SkyWars/SkyWars-API,428.0,316.0,1,0,307.6
SkymindIO/hadoop-example-native,82.0,58.0,1,0,66.0
SkymindIO/spark-examples,54.0,54.0,1,0,53.2
SleepyTrousers/EnderCore,1622.0,1063.0,1,0,1084.0
SleepyTrousers/EnderIO,12064.0,8364.0,1,0,8181.200000000001
SleepyTrousers/EnderZoo,1184.0,815.0,1,0,809.6
Slikey/EffectLib-Test,180.0,137.0,1,0,136.8
SlimeVoid/SlimevoidLibrary,558.0,377.0,1,0,384.0
SlimeVoid/WirelessRedstone,882.0,604.0,1,0,604.4000000000001
SmartITEngineering/jetty-session-hbase,140.0,140.0,1,0,122.0
SmartITEngineering/smart-cms,2272.0,2272.0,1,0,1827.6000000000001
SmartITEngineering/smart-email-queue,268.0,268.0,1,0,224.4
SmartITEngineering/smart-event-hub,528.0,528.0,1,0,432.40000000000003
SmartITEngineering/smart-util,826.0,826.0,1,0,670.8000000000001
SmartInfrastructures/dreamer,7432.0,7062.0,1,0,5807.6
Smartupz/tigase-server,1492.0,1492.0,1,0,1203.6000000000001
Smile-SA/fast-maven-plugin,486.0,362.0,1,0,349.20000000000005
SnowstormTeam/Snowstorm,126.0,92.0,1,0,97.20000000000002
Snuffduff/Textadventure,38.0,38.0,0,0,30.400000000000002
SocialWare/ISM,50.0,50.0,0,0,40.0
SocraticGrid/SpringConfigurator,228.0,156.0,1,0,163.60000000000002
Soeren3003/Verschluesselungsprogramm,20.0,20.0,0,0,16.0
SoftEng-HEIGVD/Teaching-MSE-SEA-2015-Lab-BDD,98.0,98.0,1,0,88.4
SoftInstigate/restheart,1340.0,978.0,1,0,937.2
SoftwareArchitecture/Peer,128.0,128.0,1,0,112.4
SoftwareCSE/FFGa,54.0,38.0,1,0,46.800000000000004
SoftwareDefinedBuildings/bw2android,210.0,157.0,1,0,156.8
SoftwareKing/SpringCloud,474.0,474.0,1,0,389.20000000000005
SolrSherlock/JSONDocStore,190.0,190.0,1,0,162.0
SolrSherlock/JSONTopicMap,324.0,324.0,1,0,269.2
SolrSherlock/SolrInterceptor,54.0,54.0,1,0,53.2
SolrSherlock/SolrPlatformCore,226.0,226.0,1,0,190.8
SomeRandomGameDevGroup/bukkit-workers,104.0,104.0,1,0,93.2
SonarSource/sonar-scanner-api,636.0,457.0,1,0,447.20000000000005
SonarSource/sonar-scanner-cli,738.0,627.0,1,0,556.0
Sonnbc/modelCheckingCassandra,3130.0,3007.0,1,0,2464.8
Soroosh/BahaiCalendarLibrary,22.0,22.0,0,0,17.6
Sotera/distributed-louvain-modularity,66.0,66.0,1,0,62.800000000000004
Sotera/vande,112.0,112.0,1,0,99.60000000000001
Sotera/zephyr-contrib,50.0,50.0,0,0,40.0
Sotera/zephyr-sample-project,204.0,203.0,1,0,172.8
SouthAfricaDigitalScience/GADGET-portlet,284.0,284.0,1,0,237.20000000000002
Sovietaced/Avior,258.0,258.0,1,0,216.4
Spartronics4915/2015-Recycle-Rush,294.0,294.0,1,0,245.20000000000002
Spartronics4915/2016-Stronghold,1042.0,1042.0,1,0,843.6
SpectroFinance/ksoap2-generator,2014.0,1144.0,1,0,1273.2
Speljohan/lib-poe,254.0,188.0,1,0,186.8
SpigotMirrors/CraftBukkit,1234.0,1234.0,1,0,997.2
Spirent-TestingTechnologies/PlayCustomParameters,1578.0,1578.0,1,0,1272.4
Spitemare/mtgjson-parser,140.0,100.0,1,0,106.0
SpleefLeague/Core,792.0,568.0,1,0,554.0
SpongePowered/Mixin,642.0,642.0,1,0,523.6
SpongePowered/event-impl-gen,304.0,225.0,1,0,221.60000000000002
SpoonLabs/spoon-examples,128.0,128.0,1,0,112.4
SpotBR/RobotController,74.0,74.0,1,0,69.2
SpoutDev/BukkitBridge,330.0,330.0,1,0,274.0
SpringOne2GX-2014/Intro-to-Spring-Hadoop,282.0,282.0,1,0,235.60000000000002
SpruceHillio/facebook-graph-api-wrapper,194.0,139.0,1,0,143.20000000000002
SpruceHillio/zalando-java-api-wrapper,392.0,251.0,1,0,267.20000000000005
SquareSquash/java,82.0,60.0,1,0,66.80000000000001
Squarespace/jersey2-guice,410.0,286.0,1,0,288.4
Squeezer-software/java-design-patterns,310.0,310.0,1,0,258.0
SquidPony/SquidLib,3684.0,2277.0,1,0,2394.4
St3venAU/ArmorStandTools,42.0,42.0,0,0,33.6
StanfordBioinformatics/googva,14.0,14.0,0,0,11.200000000000001
StarChasers/StarChasers,86.0,86.0,1,0,78.8
StarTrackDevKL/athena,1942.0,1344.0,1,0,1324.4
StarTux/Home,86.0,86.0,1,0,78.8
StarTux/LastLog,40.0,40.0,0,0,32.0
Stederr/IPNCommunity,296.0,296.0,1,0,246.8
StefanMacke/ao-idata-converter,130.0,130.0,1,0,114.0
StefanMacke/ao-integrationserver,126.0,126.0,1,0,110.80000000000001
Stefangemfind/MapMatching,84.0,59.0,1,0,67.2
StephanEwen/flink-dataflow,46.0,46.0,0,0,36.800000000000004
StephaneMangin/Synth,946.0,836.0,1,0,722.8000000000001
StephaneSeyvoz/json-dump,38.0,38.0,0,0,30.400000000000002
StephaneSeyvoz/mind-visual-diff,84.0,84.0,1,0,77.2
StephaneSeyvoz/simple-c-macro-generator,310.0,310.0,1,0,258.0
Steveice10/ClassicProtocolLib,242.0,184.0,1,0,180.40000000000003
Steven-Luo/naive_word_segment,64.0,64.0,1,0,61.2
StevenLawson/FreedomTelnetClient,184.0,123.0,1,0,132.8
StigLau/jotify,1158.0,866.0,1,0,819.6000000000001
Storm-Applied/C6-Flash-sale-recommender,140.0,101.0,1,0,106.4
Stratio/stratio-cassandra,6684.0,5539.0,1,0,4899.200000000001
StratusLab/claudia,3516.0,3217.0,1,0,2703.2000000000003
StratusLab/claudia-monitoring,1314.0,1004.0,1,0,937.2
StratusLab/marketplace,744.0,595.0,1,0,545.6
StreamReduce/streamreduce-core,1594.0,1532.0,1,0,1260.4
StuartMacKay/cookbook-swf,104.0,104.0,1,0,93.2
StuartMacKay/transform-swf,4654.0,3164.0,1,0,3137.2000000000003
SubiRUN/WechatTestTool,168.0,168.0,1,0,144.4
Substeps/substeps-framework,3022.0,2135.0,1,0,2072.8
SummerProject16/SocialList,452.0,452.0,1,0,371.6
SummerWish/TahitiConfigManager,138.0,101.0,1,0,105.60000000000001
SumoLogic/sumo-report-generator,396.0,278.0,1,0,279.6
SunnyBat/PAXChecker,112.0,112.0,1,0,99.60000000000001
SupaHam/EffectLib-Test,172.0,103.0,1,0,120.0
SupaHam/ProtectMyHorse,68.0,68.0,1,0,64.4
SuperHulk/IndoorLocation,322.0,322.0,1,0,267.6
SuperMap/iServer_RemoteTileProviders,40.0,40.0,0,0,32.0
SuperMarcus/JRakLib,440.0,329.0,1,0,317.6
SuperSimpleGuy/dytenjin,176.0,176.0,1,0,150.8
Superzelda111/GcPvP,46.0,46.0,0,0,36.800000000000004
Svish/hyperic-sonicmq-plugin,194.0,194.0,1,0,165.20000000000002
Sw4T/LotR_Risk,82.0,82.0,1,0,75.60000000000001
Swagger2Markup/swagger2markup-cli,134.0,88.0,1,0,98.80000000000001
SwarmAutomation/ExtendedReportingJVM,62.0,62.0,1,0,59.6
SwedishConnection/Arquillian-MQSeries,40.0,40.0,0,0,32.0
Swrve/rate-limited-logger,182.0,143.0,1,0,140.0
Sxw1212/SxwPlugin,90.0,90.0,1,0,82.0
Sy4z/K-Nearest-Neighbour,38.0,38.0,0,0,30.400000000000002
Sycholic/arrows4players,24.0,24.0,0,0,19.200000000000003
Sylvalum/refactored-garbanzo,50.0,40.0,0,0,36.0
Symantec/kafka-monitoring-tool,152.0,110.0,1,0,114.80000000000001
Syriamanal/BukkitPE,48.0,48.0,0,0,38.400000000000006
SystemX-Files/jbrainfuck,56.0,52.0,1,0,53.2
T-Systems-MMS/perfsig-hudson,1240.0,786.0,1,0,820.4000000000001
TBSLabs/3rd_Party_Auth,116.0,116.0,1,0,102.80000000000001
TBSLabs/Url_Short,528.0,344.0,1,0,358.8
TDesjardins/gwt-ol3,2120.0,1297.0,1,0,1376.8000000000002
TGAC/RAMPART,384.0,384.0,1,0,317.20000000000005
TKlerx/BatchRunner,82.0,82.0,1,0,75.60000000000001
TNStudio/studio-gala,72.0,72.0,1,0,67.6
TOGoS/TMCMR,140.0,140.0,1,0,122.0
TOTVS/mdmconnectors,444.0,382.0,1,0,340.40000000000003
TPPIDev/Modpack-Tweaks,602.0,411.0,1,0,415.20000000000005
TS3106/Quick-Sort,10.0,10.0,0,0,8.0
TScottJ/OpenEphyra,2895.0,2895.0,1,0,2326.0
TU-Berlin/mathosphere,718.0,718.0,1,0,584.4
TUDelftNAS/CCNx-DHCNGP,38.0,38.0,0,0,30.400000000000002
TUDelftNAS/CCNx-RenamingFaces,42.0,42.0,0,0,33.6
TUDelftNAS/graphGEAR,182.0,182.0,1,0,155.6
TVPT/VoxelGunsmith,2026.0,1302.0,1,0,1341.2000000000003
TWCable/jackalope,354.0,279.0,1,0,263.2
TYPO3-Solr/solr-typo3-plugin,232.0,181.0,1,0,175.20000000000002
TZer0/TweakedCycle,12.0,12.0,0,0,9.600000000000001
Taiterio/ce,214.0,214.0,1,0,181.20000000000002
TakahikoKawasaki/nv-i18n,1072.0,568.0,1,0,666.0
Takuto88/cron4j,594.0,387.0,1,0,402.40000000000003
Talend/tif,11218.0,5906.0,1,0,6859.6
Tanaguru/Tanaguru,54360.0,40538.0,1,0,37969.2
TanguyGiton/PokeMillions,328.0,247.0,1,0,240.00000000000003
Tartofraize/TSaaP-parser,216.0,164.0,1,0,162.0
TeacherGaming/qcraft-mod,556.0,384.0,1,0,386.0
TealCube/facecore,76.0,76.0,1,0,70.80000000000001
TealCube/loot,336.0,336.0,1,0,278.8
TealNerd/AutoJoin,90.0,64.0,1,0,71.6
TealNerd/RadarJammer,122.0,82.0,1,0,91.60000000000001
Team-IO/taam,1414.0,1244.0,1,0,1073.2
Team1923/Stronghold_2016,92.0,92.0,1,0,83.60000000000001
Team3309/FRC2013,56.0,56.0,1,0,54.800000000000004
Team4777/FRC-2015,116.0,116.0,1,0,102.80000000000001
Team5102/2015,28.0,28.0,0,0,22.400000000000002
Team997Coders/Cynder2015-2014-Code,132.0,132.0,1,0,115.60000000000001
TeamBlackbirdMC/McAPI-SDK,302.0,212.0,1,0,215.60000000000002
TeamLapen/Vampirism,1796.0,1795.0,1,0,1446.4
TeamMetallurgy/Metallurgy-Bees,700.0,500.0,1,0,490.0
TeamMetallurgy/MetallurgyCore,928.0,668.0,1,0,648.4000000000001
TeamSluis/TheLastNinjaGeek,90.0,90.0,1,0,82.0
TeamSprocket/2014Robot,108.0,108.0,1,0,96.4
TeamTrillium/Trillium,188.0,188.0,1,0,160.4
TechGapItalia/tgi-commons,1160.0,700.0,1,0,754.0
TechReborn/RebornCore,2034.0,1348.0,1,0,1362.8000000000002
TechReborn/TechReborn,7148.0,5052.0,1,0,4890.0
TechnicPack/LegacyLauncher,614.0,442.0,1,0,432.40000000000003
Technica-Corporation/Alenka-JDBC,110.0,90.0,1,0,90.0
TechnoD11/SubsystemPID,54.0,54.0,1,0,53.2
TechnoTitans/TitanWare2014,54.0,54.0,1,0,53.2
TechnoWolves5518/2015RobotCode,170.0,170.0,1,0,146.0
TechnologyConversations/TechnologyConversationsBddSteps,238.0,167.0,1,0,172.0
TehNut/ElsewhereBorder,124.0,88.0,1,0,94.80000000000001
TehNut/Harvest,142.0,95.0,1,0,104.80000000000001
Teiid-Designer/komodo-web,688.0,676.0,1,0,555.6
Telenav/improve-osm-plugin,868.0,633.0,1,0,610.4000000000001
Telenav/scoutsigns,990.0,737.0,1,0,700.8
Telsis/jOCP,454.0,338.0,1,0,326.80000000000007
Terasology/StaticCities,398.0,398.0,1,0,328.40000000000003
Terasology/Tasks,146.0,146.0,1,0,126.80000000000001
TerrisCoding/TerrisWarn,28.0,28.0,0,0,22.400000000000002
TerryTsai/Serial-Monitor,120.0,112.0,1,0,102.80000000000001
TestPlant/eggDrive-Java,22.0,22.0,0,0,17.6
TestingResearchIllinois/NonDex,658.0,488.0,1,0,468.4
TheAcademician/CobraCorral,44.0,44.0,0,0,35.2
TheArchives/ArchBlock,254.0,254.0,1,0,213.20000000000002
TheAwesomeGem/MineFantasy,3776.0,3776.0,1,0,3030.8
TheBrazillianForgersTeam/DynamicCraft,722.0,498.0,1,0,498.0
TheBusyBiscuit/sensibletoolbox,604.0,604.0,1,0,493.20000000000005
TheByteGuru/Tanks_Tutorial,60.0,60.0,1,0,58.0
TheCalcmakers/Calculator,28.0,28.0,0,0,22.400000000000002
TheCoder4eu/BootsFaces-OSP,3446.0,2998.0,1,0,2587.6000000000004
TheCreeperOfRedstone/RPG-Items-2,430.0,430.0,1,0,354.0
TheDgtl/Stargate-DHD,16.0,16.0,0,0,12.8
TheFreakLord/BukkitRevival,88.0,88.0,1,0,80.4
TheGrail/http-request-tag-engine,382.0,281.0,1,0,275.20000000000005
TheIcyOne/Civilised-Ideas,130.0,130.0,1,0,114.0
TheLanguageArchive/FLAP,366.0,366.0,1,0,302.8
TheLightMC/Minigames,488.0,488.0,1,0,400.40000000000003
TheMCPEGamer/Adventuria,156.0,156.0,1,0,134.8
TheMatthew/sonarScraper,38.0,38.0,0,0,30.400000000000002
TheNewJavaman/pi-program,18.0,18.0,0,0,14.4
TheRabbitologist/IceAndShadow2,1290.0,1290.0,1,0,1042.0
TheRealTier/ConSea,136.0,136.0,1,0,118.80000000000001
TheReturningVoid/bloodmoney,96.0,74.0,1,0,78.0
TheTorbinWren/OresPlus,1678.0,1548.0,1,0,1300.4
TheValarProject/AwakenDreamsClient,25202.0,25202.0,1,0,20171.600000000002
Thermi/AlgoProjekt,20.0,20.0,0,0,16.0
Thilina123/SigmaCV,118.0,118.0,1,0,104.4
ThinkBigAnalytics/ThinkBig-Hadoop-Extensions,104.0,71.0,1,0,80.0
Thinkofname/plugin-utils,518.0,372.0,1,0,366.0
ThoNill/DRUCK,490.0,490.0,1,0,402.0
Thog/LaunchMyPack,332.0,241.0,1,0,239.20000000000002
ThomasDaheim/ownNoteEditor,100.0,100.0,1,0,90.0
ThreeTen/threeten-bench,180.0,101.0,1,0,122.4
Thutmose/dorfgen,356.0,262.0,1,0,257.20000000000005
TiREX69/bukkit-utils,44.0,44.0,0,0,35.2
Tikinou/schedules-direct-core-api,1100.0,732.0,1,0,742.8
TimShi/s3_video,288.0,181.0,1,0,197.60000000000002
TimelyPick/HtmlSpeed,70.0,70.0,1,0,66.0
Tirasa/ConnIdUNIXBundle,368.0,268.0,1,0,264.40000000000003
TitanRobotics/2022-FRC-2013,360.0,360.0,1,0,298.0
TkmTwoProjects/tkmtwo-snops,338.0,275.0,1,0,255.20000000000002
Tmm2471/Swerve,2564.0,2564.0,1,0,2061.2000000000003
To-da/spring-boot-examples,126.0,126.0,1,0,110.80000000000001
Tocea/Architecture-Designer,964.0,964.0,1,0,781.2
TomDemeranville/orcid-java-client,616.0,460.0,1,0,440.4
TomRK1089/J2Bugzilla-API,200.0,124.0,1,0,139.6
TomasMikula/LiveDirsFX,110.0,102.0,1,0,94.80000000000001
TomasMikula/ReactFX,574.0,567.0,1,0,466.40000000000003
TomasMikula/RichTextFX,266.0,258.0,1,0,219.60000000000002
TomaszMolenda/mediciline,1402.0,932.0,1,0,943.6000000000001
Tombenpotter/Icarus,2090.0,1418.0,1,0,1413.2
Tommy-LSA/supoxy,104.0,104.0,1,0,93.2
TomyLobo/routes,350.0,350.0,1,0,290.0
ToniTang/InventorySerializer,46.0,46.0,0,0,36.800000000000004
Tonius/E-Mobile,592.0,409.0,1,0,410.40000000000003
Top-Q/jmeter-tcp-sampler,32.0,32.0,0,0,25.6
Toporin/SatoChipApplet,176.0,176.0,1,0,150.8
TormundTargers/Animal-Simulator,88.0,88.0,1,0,80.4
Torridity/dsworkbench,9406.0,7080.0,1,0,6604.4
Tostino/jpgAgent,238.0,167.0,1,0,172.0
TouK/ThrowingFunction,300.0,191.0,1,0,206.4
TouK/janusz,286.0,220.0,1,0,212.4
Toures/GreenTower,126.0,126.0,1,0,110.80000000000001
Tradeshift/ts-reaktive,402.0,402.0,1,0,331.6
Training101/JavaForAutomation,264.0,190.0,1,0,191.60000000000002
TranMinhNguyen/Tetris,20.0,20.0,0,0,16.0
Transcriptics/FJREPORT,352.0,352.0,1,0,291.6
Transkribus/fimagestoreClient,220.0,159.0,1,0,161.6
Traumflug/Visolate,264.0,264.0,1,0,221.20000000000002
Trestor/trestor-crypto-java,494.0,301.0,1,0,328.0
Treydone/mandrel,1528.0,1528.0,1,0,1232.4
Tribalforge/mcMMOpa,190.0,142.0,1,0,142.8
TridentSDK/TridentSDK,2182.0,1632.0,1,0,1535.6000000000001
TrigonicSolutions/jrobotx,110.0,110.0,1,0,98.0
TrigonicSolutions/spring-utils,140.0,140.0,1,0,122.0
Trikke/android-sqlite-generator,72.0,72.0,1,0,67.6
Trinea/java-dynamic-load-jar,114.0,114.0,1,0,101.2
Trugath/AXMLParser,30.0,30.0,0,0,24.0
TrustTIC/restful-helloworld-server,114.0,79.0,1,0,87.2
TurtleShip/webtoon-crawler,168.0,118.0,1,0,124.4
Turupawn/ExamenProgra2Parcial2,38.0,38.0,0,0,30.400000000000002
TutorialesHackro/Codigo-Facilito-JEE,692.0,692.0,1,0,563.6
Twain69/jpostgrey,254.0,186.0,1,0,186.0
Twaldigas/java-selenium-2-helper,56.0,39.0,1,0,48.0
TweakCraft/TweakCart2,122.0,122.0,1,0,107.60000000000001
TwilioDevEd/airtng-servlets,352.0,287.0,1,0,265.6
TwilioDevEd/eta-notifications-servlets,216.0,177.0,1,0,167.2
TwoGuysFromKabul/xenqtt,1686.0,1086.0,1,0,1118.8000000000002
TylerHaigh/seng2050-assignment3,344.0,298.0,1,0,266.8
U-QASAR/u-qasar.platform,13192.0,8380.0,1,0,8638.8
UBOdin/jsqlparser,1320.0,829.0,1,0,869.6
UCDenver-ccp/ccp-nlp,6172.0,3968.0,1,0,4066.0
UCSB-CS56-Projects/cs56-github-apiv3-simple-rest-client,78.0,63.0,1,0,66.4
UCSB-CS56-Projects/cs56-utilities-ucsb-curriculum-htmlunit,78.0,74.0,1,0,70.80000000000001
UCSB-CS56-W15/W15-lab04,2624.0,2622.0,1,0,2108.4
UDayton/attendance,316.0,316.0,1,0,262.8
UKCA/CAPortal,666.0,661.0,1,0,540.8000000000001
UKPLab/naacl-bea2016-writing-study,490.0,490.0,1,0,402.0
UNGPublic/sampleng-backend,524.0,349.0,1,0,359.20000000000005
USESystemEngineeringBV/cmake-eclipse-helper,114.0,114.0,1,0,101.2
USF-CS601-starterkits/parrt-graph,34.0,34.0,0,0,27.200000000000003
USF-CS652-starterkits/parrt-vtable-grammar,90.0,87.0,1,0,80.80000000000001
USGS-CIDA/WQP-WQX-Services,434.0,434.0,1,0,357.20000000000005
USGS-CIDA/microservices-libraries,232.0,164.0,1,0,168.40000000000003
UTK7994/Cognitive-Radios,10.0,10.0,0,0,8.0
UW-Madison-DoIT/KeyValueStore,260.0,156.0,1,0,176.4
UberMouse/ArteDungeon,342.0,342.0,1,0,283.6
Ubiquitous-Spice/ModJam-4,362.0,226.0,1,0,245.20000000000002
Udylity/Conversions,26.0,26.0,0,0,20.8
Uko/BUMMEL,2440.0,1513.0,1,0,1591.2
Ulflander/JPipes,122.0,100.0,1,0,98.80000000000001
Ullarah/MinecraftPlugins,1696.0,1200.0,1,0,1168.4
Ullink/gerrit-coverage-plugin,98.0,73.0,1,0,78.4
Ullink/gradle-ikvm-plugin,108.0,93.0,1,0,90.4
Ullink/ordered-scheduler,62.0,62.0,1,0,59.6
Ulmstedt/Minesweeper,98.0,98.0,1,0,88.4
UltraFireFX/MC-Translate,28.0,28.0,0,0,22.400000000000002
UltrahardcoreStats/PVPManagerOld,40.0,40.0,0,0,32.0
UnalSoft/elite-fle,1192.0,826.0,1,0,817.2
UndefinedOffset/eclipse-silverstripedt,804.0,804.0,1,0,653.2
UniSurreyIoT/fiware-iot-discovery-ngsi9,1086.0,741.0,1,0,740.8000000000001
UniTime/unitime,37472.0,22112.0,1,0,23843.600000000002
Unicon/cas-addons,996.0,744.0,1,0,706.0
Unicon/shib-cas-authn2,190.0,149.0,1,0,145.6
Unicon/shib-cas-authn3,146.0,116.0,1,0,114.80000000000001
Uninassau-ProgramacaoIV/ProvaColegiada,304.0,304.0,1,0,253.20000000000002
Uninassau-ProgramacaoIV/sisp,146.0,146.0,1,0,126.80000000000001
Unisay/intellij-swagger,132.0,132.0,1,0,115.60000000000001
UnmercifulTurtle/Robot-Wars,114.0,98.0,1,0,94.80000000000001
UnwiseDeadkilla/Dimensional_Items,582.0,582.0,1,0,475.6
UoW-IRRs/XMLUI-Extras,72.0,72.0,1,0,67.6
Upplication/cordova-java,254.0,190.0,1,0,187.60000000000002
Utviklingsutvalget/ACTion,352.0,352.0,1,0,291.6
UweTrottmann/getglue-java,178.0,129.0,1,0,132.8
V07D/mssqlclient,36.0,36.0,0,0,28.8
VA-CTT/ISAAC,2202.0,2192.0,1,0,1767.6000000000001
VBashlovkina/csc207-hw2,18.0,18.0,0,0,14.4
VCNinc/SimpleJoystick,18.0,18.0,0,0,14.4
VDuda/SyncRunner-Pub,3582.0,3574.0,1,0,2872.4000000000005
VHAINNOVATIONS/ASRCM,1078.0,1078.0,1,0,872.4000000000001
VHAINNOVATIONS/BCDS,3828.0,3828.0,1,0,3072.4
VHAINNOVATIONS/Telepathology,10788.0,10788.0,1,0,8640.4
VTAF/VirtusaSeleniumWebdriverRuntime,152.0,152.0,1,0,131.60000000000002
VanetSim/VanetSim,336.0,336.0,1,0,278.8
Vanilla-Java/Microservices,178.0,178.0,1,0,152.4
VapourDrive/MagTools,536.0,379.0,1,0,376.0
Vectis99/sshs-2016-willamette,82.0,82.0,1,0,75.60000000000001
VeganRoach-OS/vrchat,18.0,18.0,0,0,14.4
Vektah/idea-rust,336.0,336.0,1,0,278.8
Veronicka/TwitterVL,1208.0,1208.0,1,0,976.4000000000001
Veronicka/VinilBanco,222.0,222.0,1,0,187.60000000000002
VerseByVerseQuran/SplitCode,8.0,8.0,0,0,6.4
Vexatos/ARE-WE-END-GAME-YET,158.0,129.0,1,0,124.80000000000001
Vexatos/BeeSpecific,94.0,76.0,1,0,78.0
Vexatos/CheatyComputers,216.0,147.0,1,0,155.20000000000002
VictoriaLacroix/operating-system,322.0,322.0,1,0,267.6
VidarAtlason/KEACS2SM,128.0,128.0,1,0,112.4
VinayakShukl/AES-256,30.0,30.0,0,0,24.0
ViolentNinjaD/EarlyEquipment,314.0,214.0,1,0,221.20000000000002
Virepri/CCTextAdventure,28.0,28.0,0,0,22.400000000000002
Virtual-Instruments/cloudwatch-log4j-appender,80.0,55.0,1,0,64.0
VirtualByte/ByteUtils,82.0,82.0,1,0,75.60000000000001
Vislo/VisloBlock,36.0,36.0,0,0,28.8
Vivastream/spring-security-oauth2-dynamodb,166.0,117.0,1,0,123.20000000000002
VocabHunter/VocabHunter,810.0,721.0,1,0,622.4000000000001
VolumetricPixels/Vitals,52.0,52.0,1,0,51.6
Vult-R/Better-Sprite-Packer,58.0,58.0,1,0,56.400000000000006
WASdev/ci.ant,466.0,387.0,1,0,351.20000000000005
WASdev/ci.maven,408.0,404.0,1,0,334.80000000000007
WASdev/lib.batch.magicsauce,356.0,356.0,1,0,294.8
WASdev/sample.arduino,196.0,196.0,1,0,166.8
WASdev/sample.async.websockets,114.0,114.0,1,0,101.2
WASdev/sample.jms11,120.0,79.0,1,0,89.6
WASdev/sample.microservices.12factorapp,200.0,172.0,1,0,158.8
WASdev/sample.netflixoss.wlp,362.0,362.0,1,0,299.6
WASdev/standards.jsr352.jbatch,3590.0,2234.0,1,0,2339.6
WBHS/MusicSuggestionsUploader,166.0,115.0,1,0,122.4
WC3/WorldCup,460.0,460.0,1,0,378.0
WSDOT/Archetypes,588.0,588.0,1,0,480.40000000000003
WSDOT/WSDOT-Search-GWT,90.0,90.0,1,0,82.0
WTS-I/ADSI,698.0,606.0,1,0,531.6
Waikato/meka,1110.0,1073.0,1,0,883.2
Walkman-Mirror/BetterLAN-Classic,104.0,104.0,1,0,93.2
Walnoot/LibgdxUtils,102.0,102.0,1,0,91.60000000000001
Walter-Stroebel/AnsibleGUI,200.0,200.0,1,0,170.0
WalterMourao/andromda,116.0,116.0,1,0,102.80000000000001
Watchful1/PermissionsChecker,148.0,148.0,1,0,128.4
WaterfallMC/LegacyPinger,80.0,57.0,1,0,64.8
Web-of-Building-Data/Ifc2Rdf,3080.0,3080.0,1,0,2474.0
WedjaaOpen/ElasticJasper,86.0,86.0,1,0,78.8
WegFetZ/SoundCenterPlugin,82.0,82.0,1,0,75.60000000000001
WegenenVerkeer/RxHttpClient,142.0,142.0,1,0,123.60000000000001
Wehavecookies56/Kingdom-Keys,4994.0,4994.0,1,0,4005.2000000000003
Wehavecookies56/Kingdom-Keys-1.8-,2576.0,2576.0,1,0,2070.8
Wehttam664/APCS-Lib,16.0,16.0,0,0,12.8
Wehttam664/EntropyPvP-Plugin,34.0,34.0,0,0,27.200000000000003
Wehttam664/Mechanization-old,72.0,72.0,1,0,67.6
Wehttam664/Townshend,44.0,44.0,0,0,35.2
WesJD/WorldLib,62.0,47.0,1,0,53.6
Westwing-Home-and-Living/Ninja-Printer,142.0,142.0,1,0,123.60000000000001
Whiley/Whiley2JavaScript,42.0,42.0,0,0,33.6
WhiskersOfficial/Pamuk,94.0,71.0,1,0,76.0
WhiteBlue/eleme-hackathon,312.0,228.0,1,0,226.0
Who828/persistent_data_structures,52.0,48.0,1,0,50.0
Wierdoom/Mislead,104.0,104.0,1,0,93.2
Wikia/dropwizard-logstash-encoder,156.0,98.0,1,0,111.60000000000001
WildBamaBoy/arrows-plus,1210.0,1210.0,1,0,978.0
WildDogTeam/lib-android-wildgeo,224.0,136.0,1,0,154.0
WillemJiang/camel-test-framework-demo,188.0,134.0,1,0,138.8
William-Hai/ArraySortAlgorithm,74.0,74.0,1,0,69.2
WiserUFBA/wiser-services,906.0,698.0,1,0,651.6
Wmaxlees/prefetch,374.0,364.0,1,0,305.2
Wolen/ForgeMod,90.0,90.0,1,0,82.0
Wolfofthenyght/MysticGems,1552.0,1480.0,1,0,1222.8000000000002
WonderBeat/optimistic-pessimistic,268.0,197.0,1,0,196.0
Woopra/woopra-j2ee-sdk,90.0,90.0,1,0,82.0
Workfront/api-bootcamp,70.0,70.0,1,0,66.0
Wotty/AS_Computing_Project_Redone,44.0,44.0,0,0,35.2
Wurldtech/beep4j,388.0,388.0,1,0,320.40000000000003
Wurst-Imperium/Wurst-Client,942.0,942.0,1,0,763.6
Wyliodrin/wyliodrin-server-nodejs,260.0,260.0,1,0,218.0
XMV-Solutions/ImportTestcases2JiraZephyr,150.0,98.0,1,0,109.2
XavierTalpe/codility,92.0,92.0,1,0,83.60000000000001
Xemiru/Undertailor,428.0,428.0,1,0,352.40000000000003
Xephi/AuthMeBungee,88.0,65.0,1,0,71.2
XhinLiang/LunarCalendar,223.0,216.0,1,0,185.60000000000002
XiaoMi/themis,1448.0,931.0,1,0,961.6000000000001
XioCo/Vanilla-Server,116.0,116.0,1,0,102.80000000000001
YAMJ/yamj-v2,1428.0,1428.0,1,0,1152.4
YR-ZR0/Geo,22.0,22.0,0,0,17.6
YSelfTool/MapRend,162.0,162.0,1,0,139.6
YagneshShah/SeleniumLearnExploreContribute,546.0,546.0,1,0,446.8
YagoPeixoto/SistemaDeCaronas,60.0,60.0,1,0,58.0
Yelbosh/deep-in-algorithms,257.0,199.0,1,0,192.40000000000003
YiyuJia/flywayFile,54.0,54.0,1,0,53.2
Yongyao/mudrod,400.0,296.0,1,0,288.4
YsuSERESL/OnionUmlVisualization,566.0,566.0,1,0,462.8
Yubico/ykneo-openpgp,68.0,68.0,1,0,64.4
YukonAppleGeek/FestiveArrows,70.0,52.0,1,0,58.8
YulinGUO/collectEvents,44.0,44.0,0,0,35.2
YuriMB/WinSCP-Password-Recovery,12.0,12.0,0,0,9.600000000000001
ZZerog/jSMS4Pi,660.0,485.0,1,0,468.0
ZagasTales/HistoriasdeZagas,2090.0,2090.0,1,0,1682.0
Zahusek/-XclsX-TPAv3-XclsX-,62.0,62.0,1,0,59.6
ZakCreeper/CubesEdge,352.0,232.0,1,0,243.60000000000002
Zandor300/PortalPlace,74.0,74.0,1,0,69.2
Zapotek/raw2vmdk,66.0,54.0,1,0,58.0
Zarkonnen/Ager,104.0,104.0,1,0,93.2
Zbob750/ClientDeny,28.0,28.0,0,0,22.400000000000002
Zeboul/fftdftvisualizer,40.0,40.0,0,0,32.0
Zenoton/Tunnel,150.0,150.0,1,0,130.0
Zergleb/spring-boot-starter-lightadmin,30.0,30.0,0,0,24.0
Zerokyuuni/Ex-Aliquo,766.0,766.0,1,0,622.8000000000001
ZerothAngel/zPermissions,284.0,284.0,1,0,237.20000000000002
Zerrens/InterstellarOres,686.0,686.0,1,0,558.8000000000001
ZhaoX/jdk-1.7-annotated,3384.0,3384.0,1,0,2717.2000000000003
ZhaoYukai/SocketCommunication_Server,26.0,26.0,0,0,20.8
ZheyuJin/CS8674.FALL2015.NEUSeattle,370.0,370.0,1,0,306.0
Ziggeo/ZiggeoJavaSdk,64.0,48.0,1,0,54.800000000000004
Zilacon/APOC-RPG,140.0,140.0,1,0,122.0
Zoey76/FeedParser,42.0,42.0,0,0,33.6
Zombieranke/Schattenwanderer,2696.0,2696.0,1,0,2166.8
ZuInnoTe/hadoop-mapreduce-examples,82.0,59.0,1,0,66.4
Zutubi/com.zutubi.diff,284.0,238.0,1,0,218.8
a8h1nay/Calculator,24.0,24.0,0,0,19.200000000000003
aNNiMON/Own-Programming-Language-Tutorial,498.0,490.0,1,0,405.20000000000005
aadityabagga/bugtrackingportal,284.0,284.0,1,0,237.20000000000002
aakash7864/Simple-Kafka,98.0,98.0,1,0,88.4
aakselrod/libtxchain-java,46.0,46.0,0,0,36.800000000000004
aalmiray/Json-lib,664.0,664.0,1,0,541.2
aaomidi/GUIShop,56.0,56.0,1,0,54.800000000000004
aaomidi/MCAuthenticator,70.0,70.0,1,0,66.0
aaomidi/UUID-API,38.0,38.0,0,0,30.400000000000002
aaronc/freactive.core,88.0,88.0,1,0,80.4
aaronelmore/manydbbench,144.0,105.0,1,0,109.6
aarpon/obit_annotation_tool,800.0,800.0,1,0,650.0
aarya123/FlapJack,56.0,56.0,1,0,54.800000000000004
aaryn101/lol4j,546.0,413.0,1,0,393.6
aatarasoff/spring-thrift-starter,544.0,388.0,1,0,382.80000000000007
aatarasoff/thrift-api-gateway-core,58.0,58.0,1,0,56.400000000000006
aatxe/Orpheus,36542.0,36542.0,1,0,29243.600000000002
aatxe/pkgnx,236.0,167.0,1,0,171.2
aawuley/alps-ec,238.0,238.0,1,0,200.4
ab-opensource/rtb-example,134.0,104.0,1,0,105.2
abadelt/javaconfig-api,324.0,324.0,1,0,269.2
abahgat/suffixtree,92.0,70.0,1,0,74.80000000000001
abashev/spring-workflow,522.0,395.0,1,0,376.8
abassouk/autodao,108.0,108.0,1,0,96.4
abcdabcd987/LLIRInterpreter,10.0,10.0,0,0,8.0
abdulmudabir/Gagawa,436.0,436.0,1,0,358.8
abeatte/Exercises,226.0,226.0,1,0,190.8
abh1nav/libstemmer,136.0,99.0,1,0,104.0
abhaybharti/SeleniumTestFramework,96.0,96.0,1,0,86.80000000000001
abhijitsarkar/jax-ws,1100.0,1100.0,1,0,890.0
abhinavmishra14/alfresco-amazon-s3-publishing-plugin,182.0,159.0,1,0,146.4
abhirockzz/Java-EE-Asynchronous-Capabilities,82.0,82.0,1,0,75.60000000000001
abilng/Spell_Checker,78.0,78.0,1,0,72.4
abinitgui/abinitgui,1892.0,1886.0,1,0,1521.2000000000003
abola/CrawlerPack,252.0,164.0,1,0,176.40000000000003
aboutsip/pkts,3160.0,1971.0,1,0,2062.4
aboyle/F-seq,104.0,80.0,1,0,83.6
abrandofbold/pugh-decide-engine,32.0,32.0,0,0,25.6
abstratt/eclipsegraphviz,590.0,426.0,1,0,416.4
abused/EnergyPlus,402.0,330.0,1,0,302.8
abwaters/bitstamp-api,30.0,30.0,0,0,24.0
abwaters/btce-api,258.0,258.0,1,0,216.4
abwaters/cryptsy-api,270.0,270.0,1,0,226.0
acceptance-test/acceptance-test-selector-plugin,142.0,94.0,1,0,104.4
acciente/oacc-core,732.0,596.0,1,0,541.2
acearth/courant,250.0,213.0,1,0,195.2
acegi/xml-format-maven-plugin,190.0,134.0,1,0,139.6
acesinc/json-data-generator,668.0,421.0,1,0,445.6
achaussende/tp-2D-cutting-stock-problem,182.0,182.0,1,0,155.6
achikin/testrail-jenkins-plugin,484.0,286.0,1,0,318.0
achille-roussel/mpack-java,12.0,12.0,0,0,9.600000000000001
acichon89/fantacalcio,846.0,675.0,1,0,618.4000000000001
acidbluebriggs/ComparatorFactory,72.0,53.0,1,0,60.0
acmeair/acmeair-driver,142.0,116.0,1,0,113.20000000000002
acoburn/fcrepo-camel,866.0,558.0,1,0,579.6
acontes/scheduling,4406.0,4406.0,1,0,3534.8
acopom/split4blank,80.0,60.0,1,0,66.0
acoreful/java-uitls,74.0,70.0,1,0,67.6
acostry/sqldb-bluemix-app,42.0,42.0,0,0,33.6
acourreges/minicopier,292.0,211.0,1,0,211.20000000000002
activatedgeek/DownloadPlus,34.0,34.0,0,0,27.200000000000003
activelylazy/coverage-example,228.0,142.0,1,0,158.0
activequant/gpglayer,82.0,82.0,1,0,75.60000000000001
activityworkshop/GpsPrune,1034.0,1034.0,1,0,837.2
actorapp/actor-api-java,2652.0,1925.0,1,0,1840.8
aculmas/FallDown,38.0,38.0,0,0,30.400000000000002
acwatson/sonar-karma-test-report-plugin,270.0,173.0,1,0,187.2
adafruit/Adafruit-Flow-Meter,6.0,6.0,0,0,4.800000000000001
adakoda/android-screen-monitor,60.0,60.0,1,0,58.0
adamcin/httpsig-java,1206.0,893.0,1,0,849.6000000000001
adamfisk/littleshoot-util,678.0,487.0,1,0,476.0
adamgrieger/ChangeLumberjack,28.0,28.0,0,0,22.400000000000002
adamldavis/hellojava8,68.0,68.0,1,0,64.4
adaptto-conf/2014-sling-rookie-session,242.0,242.0,1,0,203.60000000000002
adatlabor/jdbc-demo,50.0,50.0,0,0,40.0
adbonnin/albedo,224.0,203.0,1,0,180.8
addthis/MetricCatcher,172.0,128.0,1,0,130.0
addthis/aho-corasick,150.0,105.0,1,0,112.0
addthis/bundle,268.0,268.0,1,0,224.4
addthis/hydra,6842.0,4991.0,1,0,4743.200000000001
adejanovski/cassandra-jdbc-wrapper,432.0,317.0,1,0,309.6
adempiere/adempiere,29640.0,29640.0,1,0,23722.0
adesor/chat-messenger,10.0,10.0,0,0,8.0
adi4test/WebAuto,402.0,323.0,1,0,300.0
adinardi/csh-drink-tini,40.0,40.0,0,0,32.0
adinardi/google-closure-compiler,7378.0,5512.0,1,0,5166.0
adityayadav76/internet_of_things_simulator,3104.0,3104.0,1,0,2493.2000000000003
adiyoss/StructED,820.0,820.0,1,0,666.0
adlnet-archive/xapi_design_world_of_xapicraft,62.0,62.0,1,0,59.6
adlogix/googleads-dfp-utils,178.0,174.0,1,0,150.8
adolphenom/MARS_Assembler,2732.0,2732.0,1,0,2195.6
adorsys/tan-server,420.0,274.0,1,0,287.6
adragomir/hbase-indexing-library,200.0,200.0,1,0,170.0
adriafp/seguim-server,342.0,240.0,1,0,242.8
adrianmoldovan/resource-scheduler,186.0,136.0,1,0,138.8
adriannovegil/apache-spark-examples,576.0,416.0,1,0,406.8
adridadou/cubefriendly-engine,128.0,92.0,1,0,98.0
adridadou/eth-contract-api,264.0,189.0,1,0,191.20000000000002
aduprat/calculator-kata,50.0,41.0,0,0,36.400000000000006
advantageous/qbit,5218.0,3502.0,1,0,3498.0000000000005
advantageous/reakt,446.0,300.0,1,0,308.4
aedelmann/jiva,504.0,391.0,1,0,368.0
ael-code/preston,558.0,558.0,1,0,456.40000000000003
aemreunal/PlainEnglishJavaDebugger,124.0,124.0,1,0,109.2
aemreunal/iBeaconServer,636.0,452.0,1,0,445.20000000000005
aeng/zanata-sync,636.0,636.0,1,0,518.8
aeremenok/swing-formbuilder,330.0,330.0,1,0,274.0
aerobit/EnhancedBooks,114.0,114.0,1,0,101.2
aerogear/aerogear-security,506.0,319.0,1,0,340.0
aerogear/java-adm,202.0,128.0,1,0,142.0
aes421/ChatBox,30.0,30.0,0,0,24.0
aesteve/vertx-feeds,126.0,126.0,1,0,110.80000000000001
afcastano/AutoValuePlugin,152.0,152.0,1,0,131.60000000000002
afigueroat/MoebiusExplorer,26.0,26.0,0,0,20.8
afrojer/gitiles,730.0,505.0,1,0,504.0
afrous/Cynthia,8794.0,6431.0,1,0,6100.0
afs/sparql-query-bm,138.0,138.0,1,0,120.4
aftertoday/springOrmHelper,100.0,100.0,1,0,90.0
agaricusb/OreDupeFix,28.0,28.0,0,0,22.400000000000002
agaricusb/SpecialSourceMP,72.0,49.0,1,0,58.400000000000006
agazzarini/SolRDF,1106.0,1106.0,1,0,894.8000000000001
agebhar1/coding-dojo-blueprint,60.0,60.0,1,0,58.0
ageldama/hotwind-hello,124.0,124.0,1,0,109.2
agentgt/JavaAmazonProductAdvertisingClient,516.0,274.0,1,0,326.0
agile-itsm/agile-itsm,21814.0,21803.0,1,0,17456.800000000003
agileapes/dragonfly,1386.0,1386.0,1,0,1118.8
agilecrm/java-api,82.0,82.0,1,0,75.60000000000001
aginsun/The-Betweenlands-Reboot,274.0,274.0,1,0,229.20000000000002
agladysh/js-lua,298.0,238.0,1,0,224.4
agmip/agmip-common-functions,348.0,220.0,1,0,237.20000000000002
agmip/dome,200.0,127.0,1,0,140.8
agmip/translator-agmip,166.0,108.0,1,0,119.60000000000001
agmip/translator-dssat,420.0,273.0,1,0,287.2
agmip/translator-generic-csv,280.0,189.0,1,0,197.60000000000002
agmip/translator-sarrah,116.0,116.0,1,0,102.80000000000001
agolinko/pdfparse,366.0,262.0,1,0,261.20000000000005
agorava/agorava-facebook,578.0,428.0,1,0,412.40000000000003
agorava/agorava-twitter,478.0,354.0,1,0,342.8
agra-uni-bremen/lips,852.0,852.0,1,0,691.6
aguelle/MIDI-Automator,1298.0,1298.0,1,0,1048.4
agusevas/logan,390.0,390.0,1,0,322.0
agusmakmun/Greenfoot-Game-Shot-Meteor-v.3.0,98.0,98.0,1,0,88.4
agxs/Geo-eFramework-Soils-Demonstrator,302.0,301.0,1,0,251.20000000000002
agxs/Soil-Erosion-WPS-Plugin,96.0,96.0,1,0,86.80000000000001
ahabra/reverse-proxy,136.0,136.0,1,0,118.80000000000001
ahmedmoustafa/JAligner,336.0,335.0,1,0,278.4
ahmetalpbalkan/turkish-deasciifier-java,26.0,26.0,0,0,20.8
ahn/cored,388.0,388.0,1,0,320.40000000000003
ahn/vaadin-oauthpopup,224.0,190.0,1,0,175.60000000000002
ahome-it/ahome-core,148.0,148.0,1,0,128.4
ahome-it/ahome-touch,1148.0,1148.0,1,0,928.4000000000001
ahome-it/lienzo-core,828.0,828.0,1,0,672.4000000000001
ahorn/hangman,14.0,14.0,0,0,11.200000000000001
ahus1/keycloak-dropwizard-integration,1230.0,885.0,1,0,856.0
aibg/ai-server-gconway,184.0,184.0,1,0,157.20000000000002
airbnb/aerosolve,718.0,718.0,1,0,584.4
airbnb/chancery,124.0,108.0,1,0,102.80000000000001
airbnb/kafka-statsd-metrics2,136.0,111.0,1,0,108.80000000000001
airbrake/airbrake-java,398.0,276.0,1,0,279.6
airlift/aircompressor,332.0,328.0,1,0,274.0
airlift/airlift,1798.0,1798.0,1,0,1448.4
airlift/parameternames,38.0,38.0,0,0,30.400000000000002
airlift/slice,150.0,150.0,1,0,130.0
airlift/testing-postgresql-server,126.0,86.0,1,0,94.80000000000001
aisha949/slideexamples,134.0,134.0,1,0,117.2
aisrael/jcombinatorics,328.0,229.0,1,0,232.8
aisrael/junit-rules,224.0,199.0,1,0,179.20000000000002
aj-code/TimingIntrusionTool5000,64.0,64.0,1,0,61.2
ajdecon/imagej_morphology,40.0,40.0,0,0,32.0
ajermakovics/lambda2sql,60.0,45.0,1,0,52.0
ajohnston9/ciscorouter,132.0,132.0,1,0,115.60000000000001
ajukraine/closure-compiler,7290.0,5448.0,1,0,5105.200000000001
akapribot/OWM-JAPIs,66.0,66.0,1,0,62.800000000000004
akari-h/nex,178.0,146.0,1,0,139.60000000000002
akarpe/lab-projects,334.0,334.0,1,0,277.2
akash240577/thymeleafexamples-petclinic-2.1-master,982.0,669.0,1,0,670.4000000000001
akashprojects/retailx,88.0,88.0,1,0,80.4
akinaru/wlan-decoder-java,1830.0,1829.0,1,0,1473.6
akiraabe/jBatchMarathon,250.0,171.0,1,0,178.4
akjava/gwt-bvh,140.0,139.0,1,0,121.6
akkumar/hbasene,120.0,120.0,1,0,106.0
akkumar/maven-hadoop,76.0,56.0,1,0,62.800000000000004
akmaier/CONRAD,3376.0,3376.0,1,0,2710.8
akms17/datasift-java,478.0,334.0,1,0,334.8
akohen/Merkurius-LD28,116.0,116.0,1,0,102.80000000000001
akraievoy/funstuff,264.0,264.0,1,0,221.20000000000002
akram/pesit-protocol,96.0,96.0,1,0,86.80000000000001
akranga/chucknorris,112.0,86.0,1,0,89.2
akranga/kube-workshop,164.0,164.0,1,0,141.20000000000002
akubach/phyloviewer,692.0,692.0,1,0,563.6
akullpp/SLDA,142.0,142.0,1,0,123.60000000000001
akvo/akvo-flow,3554.0,3554.0,1,0,2853.2000000000003
alamar/microbe,396.0,364.0,1,0,314.0
alb-i986/JAM,142.0,142.0,1,0,123.60000000000001
albertoruibal/carballo,492.0,479.0,1,0,398.40000000000003
alblue/swiftclipse,160.0,120.0,1,0,122.0
alda2015/ecommerce_api,614.0,387.0,1,0,410.40000000000003
aldominium/compiler,78.0,78.0,1,0,72.4
alecharp/media-file-decompressor,570.0,416.0,1,0,404.4
alechenninger/chronicler,292.0,210.0,1,0,210.8
alediator/mapfish-print,510.0,509.0,1,0,417.6
aleon-GmbH/aleoncean-openhab-binding,146.0,146.0,1,0,126.80000000000001
alesj/gae-123,100.0,67.0,1,0,76.8
alessandroleite/formulaj,570.0,421.0,1,0,406.4
alessandroleite/jdiffbot,148.0,113.0,1,0,114.4
alessandroleite/maven-jdev-plugin,1926.0,1513.0,1,0,1385.6000000000001
alessiodimichelangeli/gsnplus,2410.0,2402.0,1,0,1934.8000000000002
aletheia/jSkelExtractor,186.0,186.0,1,0,158.8
alex-kr/cf-project,236.0,236.0,1,0,198.8
alexanderdean/Unified-Log-Processing,548.0,548.0,1,0,448.40000000000003
alexbennett/JustAFK,38.0,38.0,0,0,30.400000000000002
alexfu/SQLiteQueryBuilder,254.0,199.0,1,0,191.20000000000002
alexgamas/treinamento-spring-boot,604.0,604.0,1,0,493.20000000000005
alexholmes/avro-sorting,790.0,445.0,1,0,504.0
alexisfcote/TicTacTo,102.0,102.0,1,0,91.60000000000001
alexjj/encfsanywhere,180.0,180.0,1,0,154.0
alexmic/FAST-Java,18.0,18.0,0,0,14.4
alexnauda/jmsretry,62.0,43.0,1,0,52.0
alexprut/design-patterns-java,330.0,330.0,1,0,274.0
alexruiz/fest-assert-2.x,2112.0,2112.0,1,0,1699.6000000000001
alexruiz/fest-test,62.0,46.0,1,0,53.2
alexruiz/fest-util,400.0,296.0,1,0,288.4
alexsaveliev/srclib-basic,2550.0,1512.0,1,0,1634.8000000000002
alexthomazo/findgas-admin,228.0,165.0,1,0,167.2
alextunyk/htmlcompressor-maven-plugin,224.0,166.0,1,0,166.0
alexvictoor/pitest-cucumber-plugin,212.0,152.0,1,0,155.60000000000002
alexyz/elec,148.0,148.0,1,0,128.4
alexzhxin/HelloJSF,172.0,172.0,1,0,147.6
alexzuo/spring-social-qq,126.0,101.0,1,0,100.80000000000001
algolia/elasticsearch-cardinality-plugin,6.0,6.0,0,0,4.800000000000001
algolia/firebase-connector,86.0,62.0,1,0,69.2
algorhythms/LeetCode-Java,378.0,378.0,1,0,312.40000000000003
algorithm-study-of-GN/problem-of-coding-interview,76.0,76.0,1,0,70.80000000000001
aliakhtar/EzGss,204.0,150.0,1,0,151.60000000000002
alibaba/TProfiler,276.0,206.0,1,0,202.8
alibaba/asyncload,432.0,296.0,1,0,301.20000000000005
alibaba/cobar,2738.0,2738.0,1,0,2200.4
alibaba/cobarclient,1364.0,879.0,1,0,907.2
alibaba/transmittable-thread-local,364.0,267.0,1,0,262.4
alien4cloud/elasticsearch-mapping-parent,224.0,220.0,1,0,187.60000000000002
allbutone/javatalk,42.0,42.0,0,0,33.6
allengeorge/libraft,1090.0,822.0,1,0,774.8
alleveenstra/Mujina,918.0,679.0,1,0,648.8000000000001
allyhume/SBMLDataTools,64.0,64.0,1,0,61.2
alma2015al/alma2015al,166.0,166.0,1,0,142.8
almondtools/antlr4multichannel,134.0,90.0,1,0,99.6
almondtools/picklock,614.0,390.0,1,0,411.6
almyazin/selenium-junit-lr,94.0,94.0,1,0,85.2
alokdhamanaskar/OntologySimilarity,230.0,224.0,1,0,191.60000000000002
alp82/idea-tabsession,70.0,70.0,1,0,66.0
alphagov/locate-api,378.0,295.0,1,0,279.20000000000005
alphagov/notifications-java-client,320.0,248.0,1,0,237.2
alphagov/pay-partner-integrations,144.0,144.0,1,0,125.2
alphagov/pp-db-collector-template,23156.0,11673.0,1,0,13941.599999999999
alphatica/genotick,838.0,622.0,1,0,594.0
alternativeTime/GlycanBuilderVaadin7Version,1856.0,1856.0,1,0,1494.8000000000002
altran/Valuereporter-Agent,172.0,123.0,1,0,128.0
altsoft/PlatypusJS,8152.0,8152.0,1,0,6531.6
aluetjen/mongodb-document-upload,186.0,120.0,1,0,132.4
alump/BeforeUnload,342.0,210.0,1,0,230.8
alvarocrego/ausiasYieldJson,2964.0,2025.0,1,0,2005.6000000000001
alxyang/library-java,862.0,862.0,1,0,699.6
alyahmed/spring-social-reddit,78.0,78.0,1,0,72.4
am-gooru/nucleus,158.0,158.0,1,0,136.4
amadoru/starterkit-hibernate-springmvc-tiles,406.0,264.0,1,0,278.0
amaembo/huntbugs,666.0,666.0,1,0,542.8000000000001
amaembo/streamex,568.0,378.0,1,0,388.40000000000003
amage/amnesia,160.0,119.0,1,0,121.6
amake/SuperTMXMerge,626.0,443.0,1,0,437.6
amanvishnani/8085,48.0,42.0,0,0,36.0
amaranth/SimpleVanish,22.0,22.0,0,0,17.6
ambud/marauder,646.0,646.0,1,0,526.8000000000001
amedia/freemarker-java-8,96.0,96.0,1,0,86.80000000000001
amedw/CustomFlags,152.0,152.0,1,0,131.60000000000002
amidst/toolbox_old,3996.0,3324.0,1,0,2938.0
amient/hello-kafka-streams,168.0,120.0,1,0,125.2
amient/kafka-metrics,514.0,374.0,1,0,365.20000000000005
amikey/filter-nutch-plugin,44.0,44.0,0,0,35.2
amilachamikara/OpenEnglishSinhalDictionary,102.0,73.0,1,0,80.0
amitdev/PMD-Intellij,74.0,74.0,1,0,69.2
amitkshirsagar13/atg-BaseSite,1750.0,1750.0,1,0,1410.0
amnesty/civicrm-data-integration,124.0,124.0,1,0,109.2
amoAHCP/kube_vertx_demo,166.0,166.0,1,0,142.8
amoAHCP/vert.x-microservice,644.0,464.0,1,0,453.20000000000005
ampayne2/Fallout,1278.0,764.0,1,0,826.8000000000001
amsa-code/risky,5532.0,3491.0,1,0,3619.2000000000003
amuise/kappaeg,58.0,58.0,1,0,56.400000000000006
amushen/DBAdminTool,10.0,10.0,0,0,8.0
amzn/alexa-skills-kit-java,536.0,536.0,1,0,438.8
anadollu/iq4j-javacv,180.0,180.0,1,0,154.0
anadon/JLS,1118.0,1118.0,1,0,904.4000000000001
anagno/PathFinding,26.0,26.0,0,0,20.8
analogweb/core,2948.0,1848.0,1,0,1928.4
anandankm/connxon_pool,158.0,117.0,1,0,120.0
anastasop/koskino,134.0,97.0,1,0,102.4
anba/es6draft,9984.0,7072.0,1,0,6832.400000000001
andehr/tag-classification-framework,402.0,402.0,1,0,331.6
andehr/tag-dependency-parser,128.0,128.0,1,0,112.4
andela-wakinsanmi/checkpointone,50.0,50.0,0,0,40.0
andfRa/Saga,488.0,488.0,1,0,400.40000000000003
andi12/msbuild-maven-plugin,1838.0,1356.0,1,0,1287.6
andieguo/JavaIODemo,58.0,58.0,1,0,56.400000000000006
andiwand/OpenDocument.java,388.0,374.0,1,0,314.8
andiwand/svm,242.0,241.0,1,0,203.20000000000002
andreaGomez/CodeBreaker,40.0,40.0,0,0,32.0
andrealcantara/TweetMe,452.0,452.0,1,0,371.6
andreasbehnke/javaan,298.0,298.0,1,0,248.4
andreaseger/gui,166.0,166.0,1,0,142.8
andreasschultes/satiptranslator,14.0,14.0,0,0,11.200000000000001
andrebires/lime-java,22.0,22.0,0,0,17.6
andreiciubotariu/steam_tradeutils,108.0,108.0,1,0,96.4
andreiolaru-ro/net.xqhs.Graphs,300.0,300.0,1,0,250.0
andremichelle/platforms,242.0,242.0,1,0,203.60000000000002
andrepl/MCAdminTools,102.0,102.0,1,0,91.60000000000001
andreptb/fitnesse-selenium-slim,386.0,386.0,1,0,318.8
andreptb/jenkins-gitlab-security-plugin,224.0,151.0,1,0,160.0
andresteingress/groovy-global-ast-example,80.0,60.0,1,0,66.0
andrew2060/CommissionedHeroesSkills,92.0,92.0,1,0,83.60000000000001
andrewgaul/modernizer-maven-plugin,252.0,154.0,1,0,172.4
andrewmellinger/throwabletorchmod,256.0,174.0,1,0,182.0
andreybm/tango-project,1186.0,1186.0,1,0,958.8000000000001
andreytim/jafar,622.0,622.0,1,0,507.6
andrezimmermann/bean-code-constructor,60.0,43.0,1,0,51.2
andriusvelykis/pde-target-maven-plugin,252.0,153.0,1,0,172.0
andriusvelykis/proofprocess,1806.0,1806.0,1,0,1454.8000000000002
android10/DynamicProxy_Java_Sample,26.0,26.0,0,0,20.8
andronix3/SwingHacks,152.0,152.0,1,0,131.60000000000002
andrus/link-rest-dropwizard,132.0,95.0,1,0,100.80000000000001
andune/anduneCommonBukkitLib,124.0,124.0,1,0,109.2
andygibson/datafactory,94.0,72.0,1,0,76.4
andykravets/TeachingJavaMaterials,184.0,184.0,1,0,157.20000000000002
andypiper/spring-int-mqtt,72.0,54.0,1,0,60.400000000000006
aneeshvartakavi/geneSynth,32.0,32.0,0,0,25.6
angeliferreira/environment,262.0,195.0,1,0,192.8
angelodel80/Cophi-Commons,96.0,90.0,1,0,84.4
angelozerr/eclipse-wtp-webresources,710.0,530.0,1,0,506.0
angelozerr/jsbuild-eclipse,1358.0,1005.0,1,0,955.2
angryelectron/libgphoto2-jna,468.0,321.0,1,0,325.6
anilkd/logback-snmp,110.0,79.0,1,0,85.6
anishathalye/gitlive,152.0,152.0,1,0,131.60000000000002
anjlab/eclipse-tapestry5-plugin,418.0,418.0,1,0,344.40000000000003
ankitbaderiya/code-samples,22.0,22.0,0,0,17.6
annefried/syntSemFeatures,218.0,177.0,1,0,168.0
anneomcl/DotAMapper,1416.0,1416.0,1,0,1142.8
ansell/restlet-utils,288.0,182.0,1,0,198.0
antag99/entreri,1384.0,1143.0,1,0,1020.8000000000001
antag99/retinazer,830.0,561.0,1,0,566.4
anthemengineering/infer-maven-plugin,152.0,88.0,1,0,106.0
anthonydahanne/hello-eclipsecon,230.0,157.0,1,0,164.8
anthonyjchriste/ics211f13,336.0,336.0,1,0,278.8
antidata/htm.java.experiments,568.0,568.0,1,0,464.40000000000003
antlr/symtab,324.0,199.0,1,0,219.2
antoineroux/l20n-java,182.0,143.0,1,0,140.0
antonioalegria/esper-ext,52.0,41.0,1,0,47.2
anu-doi/anudc,4008.0,3939.0,1,0,3188.8
anubiann00b/P2P,50.0,50.0,0,0,40.0
anurag-saran/sla-mgmt-brms,598.0,598.0,1,0,488.40000000000003
aofeng/common4j,156.0,115.0,1,0,118.4
aofeng/dssh4j,66.0,63.0,1,0,61.60000000000001
apache/activemq-activeio,574.0,417.0,1,0,406.40000000000003
apache/activemq-protobuf,360.0,264.0,1,0,259.6
apache/airavata,18672.0,12696.0,1,0,12557.2
apache/ant-ivy,2678.0,2672.0,1,0,2150.0
apache/ant-ivyde,2562.0,2357.0,1,0,1977.6
apache/archiva,20356.0,14629.0,1,0,14004.0
apache/axis2-transports,1068.0,1068.0,1,0,864.4000000000001
apache/batik,15458.0,11874.0,1,0,10942.800000000001
apache/calcite,14264.0,9491.0,1,0,9512.0
apache/camel,57984.0,57984.0,1,0,46397.200000000004
apache/commons-attributes,322.0,318.0,1,0,266.0
apache/commons-bcel,2346.0,1781.0,1,0,1660.8000000000002
apache/commons-beanutils,1460.0,1043.0,1,0,1011.2
apache/commons-bsf,704.0,560.0,1,0,515.6
apache/commons-cli,408.0,314.0,1,0,298.8
apache/commons-configuration,3188.0,2283.0,1,0,2198.4
apache/commons-dbcp,740.0,559.0,1,0,529.6
apache/commons-jci,1276.0,927.0,1,0,891.2
apache/commons-jxpath,1392.0,1043.0,1,0,984.0000000000001
apache/commons-modeler,370.0,282.0,1,0,270.8
apache/commons-ognl,1508.0,1119.0,1,0,1060.8000000000002
apache/commons-proxy,570.0,570.0,1,0,466.0
apache/commons-transaction,516.0,403.0,1,0,377.6
apache/commons-validator,986.0,748.0,1,0,703.6
apache/commons-vfs,2606.0,1941.0,1,0,1828.8000000000002
apache/directory-fortress-enmasse,148.0,148.0,1,0,128.4
apache/falcon,38986.0,22039.0,1,0,24420.0
apache/fop,17336.0,13161.0,1,0,12208.800000000001
apache/forrest,9996.0,9996.0,1,0,8006.8
apache/ftpserver,1010.0,1010.0,1,0,818.0
apache/geronimo-devtools,1074.0,1074.0,1,0,869.2
apache/geronimo-javamail,180.0,180.0,1,0,154.0
apache/helix,11372.0,7388.0,1,0,7514.0
apache/httpasyncclient,292.0,292.0,1,0,243.60000000000002
apache/httpcore,2472.0,1819.0,1,0,1726.4
apache/incubator-beam,13360.0,8158.0,1,0,8617.2
apache/incubator-fluo-recipes,390.0,388.0,1,0,321.20000000000005
apache/incubator-gossip,256.0,180.0,1,0,184.4
apache/incubator-htrace,2076.0,1467.0,1,0,1427.2000000000003
apache/incubator-myriad,870.0,843.0,1,0,695.2
apache/incubator-omid,1082.0,1082.0,1,0,875.6
apache/incubator-optiq-csv,230.0,172.0,1,0,170.8
apache/incubator-s4,1182.0,1182.0,1,0,955.6
apache/incubator-tajo,3736.0,3730.0,1,0,2996.4
apache/incubator-taverna-engine,10898.0,6873.0,1,0,7118.4
apache/incubator-twill,4444.0,2716.0,1,0,2874.0
apache/incubator-unomi,6460.0,4082.0,1,0,4226.8
apache/jackrabbit-oak,15392.0,11907.0,1,0,10929.6
apache/james-mailbox,4922.0,3395.0,1,0,3336.8
apache/james-postage,160.0,160.0,1,0,138.0
apache/karaf-cellar,8646.0,5044.0,1,0,5486.0
apache/karaf-eik,1998.0,1637.0,1,0,1464.0
apache/lenya,6124.0,4590.0,1,0,4295.6
apache/log4j-component,60.0,60.0,1,0,58.0
apache/log4j-extras,1632.0,1219.0,1,0,1150.4
apache/mina,3602.0,2429.0,1,0,2422.4
apache/mina-sshd,6090.0,4196.0,1,0,4124.4
apache/mrunit,374.0,261.0,1,0,264.0
apache/oodt,9380.0,8846.0,1,0,7300.4
apache/opennlp,6522.0,4376.0,1,0,4369.200000000001
apache/parquet-format,106.0,103.0,1,0,93.60000000000001
apache/phoenix,10930.0,7511.0,1,0,7386.4
apache/pig,5652.0,5468.0,1,0,4458.0
apache/portals-pluto,9780.0,7706.0,1,0,7004.4
apache/qpid-java,24600.0,16826.0,1,0,16580.4
apache/qpid-proton,4894.0,3997.0,1,0,3566.4000000000005
apache/rampart,3156.0,2351.0,1,0,2212.8
apache/sanselan,2516.0,1886.0,1,0,1770.8000000000002
apache/santuario-java,11676.0,8018.0,1,0,7887.6
apache/servicemix-specs,2502.0,1824.0,1,0,1740.4
apache/servicemix-utils,1194.0,879.0,1,0,839.2
apache/shiro,7158.0,4979.0,1,0,4864.8
apache/sis,10986.0,8014.0,1,0,7610.000000000001
apache/sling,24778.0,24778.0,1,0,19832.4
apache/tapestry-5,18862.0,15112.0,1,0,13599.6
apache/tez,4906.0,4862.0,1,0,3917.2000000000003
apache/tiles,2666.0,2666.0,1,0,2142.8
apache/tuscany-sdo,1618.0,1470.0,1,0,1245.2
apache/velocity-tools,1082.0,1082.0,1,0,875.6
apache/whirr,564.0,535.0,1,0,449.6
apache/wicket,50340.0,32097.0,1,0,32984.8
apache/wss4j,5784.0,4124.0,1,0,3973.2
apache/xml-graphics-commons,2610.0,2000.0,1,0,1854.0
apache/xmlbeans,1586.0,1577.0,1,0,1275.2000000000003
apache/zookeeper,4166.0,3481.0,1,0,3068.8
apack1001/Android-Monkey-Adapter,224.0,224.0,1,0,189.20000000000002
apangin/helfy,68.0,53.0,1,0,58.400000000000006
apcera/service-gateways,76.0,76.0,1,0,70.80000000000001
apeltzer/EAGER-CLI,194.0,194.0,1,0,165.20000000000002
aperiodic/bifocals,32.0,32.0,0,0,25.6
apetrelli/scafa,770.0,550.0,1,0,538.0
apetresc/Kindle-Widget-Toolkit,106.0,106.0,1,0,94.80000000000001
aphex-/Opus-Prototype,752.0,752.0,1,0,611.6
apigee/apigee-deploy-maven-plugin,280.0,219.0,1,0,209.60000000000002
apigee/java-openws,382.0,371.0,1,0,311.20000000000005
apigee/usergrid-benchmark,88.0,88.0,1,0,80.4
apigee/usergrid-java-sdk,414.0,370.0,1,0,323.6
apiman/apiman-quickstarts,186.0,118.0,1,0,131.60000000000002
aplowe/jclouds-bean-cleaner,128.0,128.0,1,0,112.4
apm78/timerextension,328.0,212.0,1,0,226.00000000000003
apocist/MALSignatureDesigner,210.0,196.0,1,0,172.4
appcelerator-archive/ti.certificatestore,90.0,90.0,1,0,82.0
appmart-japan/MultipleMarkets,6.0,6.0,0,0,4.800000000000001
appoxy/simplejpa,302.0,302.0,1,0,251.60000000000002
aquent/dotcms.plugins.geolocation,68.0,53.0,1,0,58.400000000000006
aracrown/ara-blog-examples,438.0,438.0,1,0,360.40000000000003
aradzie/javaccng,1280.0,1280.0,1,0,1034.0
arafalov/git-to-solr,82.0,66.0,1,0,69.2
araqne/bloomfilter,132.0,91.0,1,0,99.2
araqne/core,1140.0,1132.0,1,0,918.8
arcusys/Valamis,12030.0,12030.0,1,0,9634.0
ardoq/ardoq-excel-import,80.0,60.0,1,0,66.0
areskts/xdeveloper,586.0,568.0,1,0,471.6
arey/hibernate-hydrate,266.0,197.0,1,0,195.20000000000002
arey/initiation-spark-java,94.0,68.0,1,0,74.80000000000001
arey/spring-batch-toolkit,288.0,219.0,1,0,212.8
ariadne-eu/ariadne-harvester,1008.0,764.0,1,0,718.8000000000001
arianne/stendhal,35154.0,26484.0,1,0,24665.2
arifogel/batfish,3620.0,3620.0,1,0,2906.0
arihantsethia/Sp.RDBMS,74.0,74.0,1,0,69.2
arildbjerkenes/jotify,478.0,478.0,1,0,392.40000000000003
arjuna-technologies/TestSupport_DataBroker_Utilities,76.0,76.0,1,0,70.80000000000001
arjunswaj/org.iiitb.mt2013.os,256.0,256.0,1,0,214.8
armando-couto/tecnicas_banco_de_dados-arvore-BMais-2014,108.0,108.0,1,0,96.4
armenak/DataDefender,612.0,468.0,1,0,442.0
armeniopinto/eureka-zuul-tryout,138.0,138.0,1,0,120.4
arnabdotorg/cubist,20.0,20.0,0,0,16.0
arnaudsj/carrot2,7242.0,6219.0,1,0,5394.400000000001
arnobroekhof/hadoop-metrics-influxdb,84.0,62.0,1,0,68.4
aronthor/MineTech,304.0,304.0,1,0,253.20000000000002
arp7/HdfsPerfTest,74.0,52.0,1,0,60.400000000000006
arpinum-oss/cocoritest,448.0,325.0,1,0,319.20000000000005
arquillian/arquillian-container-jruby,226.0,178.0,1,0,171.60000000000002
arquillian/arquillian-script,212.0,146.0,1,0,153.20000000000002
arquivo/functional-tests,696.0,696.0,1,0,566.8000000000001
arrac/eluka,176.0,176.0,1,0,150.8
arrahtec/profiler,2110.0,1448.0,1,0,1433.2
arsadeghi/ACME-Generator,60.0,60.0,1,0,58.0
artclarke/xuggle-utils,596.0,397.0,1,0,407.20000000000005
artefactop/lighter,412.0,285.0,1,0,288.8
artem-zinnatullin/AutoJackson,100.0,79.0,1,0,81.6
arthaud/egg,358.0,358.0,1,0,296.40000000000003
arthurcarroll/Evolutionary_Robotic_Arm_Path_Planner,162.0,162.0,1,0,139.6
artivisi/biller-simulator,522.0,465.0,1,0,404.8
artivisi/iso8583-processor,188.0,156.0,1,0,147.60000000000002
arturmkrtchyan/iban4j,338.0,208.0,1,0,228.40000000000003
arturmkrtchyan/sizeof4j,272.0,173.0,1,0,188.0
aruld/java-oneliners,230.0,171.0,1,0,170.4
arunma/Query2CSVCamel,82.0,66.0,1,0,69.2
arunma/osgicxfcamelmultiparams,309.0,270.0,1,0,241.60000000000002
arx-deidentifier/anonbench,415.0,266.0,1,0,282.4
arx-deidentifier/risk-benchmark,170.0,166.0,1,0,144.4
arzhed/AI-schedule,184.0,184.0,1,0,157.20000000000002
as-ideas/crowdsource,56328.0,29069.0,1,0,34168.8
asaini/VerbosityCalculator,16.0,16.0,0,0,12.8
asaini/homeworks,18.0,18.0,0,0,14.4
asakusafw/asakusafw-dag,1852.0,1616.0,1,0,1397.2000000000003
asamm/locus-api,72.0,72.0,1,0,67.6
asarnow/mdscale,60.0,44.0,1,0,51.6
asarraf/Algorithm-Implementation-Using-Map-Reduce,212.0,212.0,1,0,179.60000000000002
asascience-open/ncSOS,282.0,282.0,1,0,235.60000000000002
asciidoc/asciidoc-maven-plugin,172.0,109.0,1,0,122.4
asciidoctor/asciidoctor-intellij-plugin,208.0,208.0,1,0,176.4
asciidoctor/docker-asciidoctorj,162.0,116.0,1,0,121.2
ase34/flyingblocksapi,300.0,284.0,1,0,243.60000000000002
asegner/skinnywar-maven-plugin,248.0,172.0,1,0,178.0
aserg-ufmg/Truck-Factor,188.0,188.0,1,0,160.4
ashri/java-wordpress-api,406.0,259.0,1,0,276.0
ashri/opml-core,102.0,102.0,1,0,91.60000000000001
asiainfo-linq/MyWork,8.0,8.0,0,0,6.4
aslettemark/ESABot,428.0,315.0,1,0,307.20000000000005
aslom/cognitive-showcase,592.0,433.0,1,0,420.0
asm-products/simpletodo,50.0,50.0,0,0,40.0
aspose-barcode/Aspose.BarCode-for-Java,1458.0,1458.0,1,0,1176.4
aspose-diagram/Aspose.Diagram-for-Java,1680.0,1680.0,1,0,1354.0
aspose-email/Aspose.Email-for-Java,1354.0,1354.0,1,0,1093.2
aspose-slides/Aspose.Slides-for-Java,4214.0,4214.0,1,0,3381.2000000000003
aspose-tasks/Aspose.Tasks-for-Java,1710.0,1710.0,1,0,1378.0
assisstion/RobotSimulator,62.0,62.0,1,0,59.6
astefanutti/metrics-aspectj,602.0,426.0,1,0,421.20000000000005
astitcher/qpid-proton-old,3722.0,2871.0,1,0,2647.2000000000003
astrid/GenoViewer,894.0,894.0,1,0,725.2
astroilov/google-git-notes-plugin,52.0,52.0,1,0,51.6
astroilov/google-usage-report-plugin,34.0,34.0,0,0,27.200000000000003
astubbs/buildnumber-maven-plugin,326.0,278.0,1,0,251.60000000000002
asusoda/Corundum,764.0,764.0,1,0,621.2
ata4/bspsrc,1002.0,739.0,1,0,706.4000000000001
ata4/dragon-mounts,1052.0,725.0,1,0,720.8
ata4/minema,440.0,294.0,1,0,303.6
atas76/openfootie,184.0,149.0,1,0,143.20000000000002
atdl4j/atdl4j,1280.0,929.0,1,0,893.6
atejeda/almasw-modbuilder-plugin,410.0,283.0,1,0,287.2
atguiguafu/testgit2,6.0,6.0,0,0,4.800000000000001
athanasiosem/Hibernate-Generic-Dao-Java,56.0,56.0,1,0,54.800000000000004
atlasapi/atlas-deer,4594.0,3836.0,1,0,3382.0
atolcd/alfresco-zip-and-download,120.0,117.0,1,0,104.80000000000001
atomicint/aj8,2134.0,2134.0,1,0,1717.2
atomicleopard/WebElemental,192.0,135.0,1,0,140.8
atominvention/AndroidDevToolbox,102.0,102.0,1,0,91.60000000000001
atomix/copycat,2354.0,1523.0,1,0,1560.8000000000002
atomixnmc/jME3-ImagePainter,84.0,84.0,1,0,77.2
atomus/TomcatAzureSessionManager,319.0,225.0,1,0,227.60000000000002
atoum/phpstorm-plugin,116.0,116.0,1,0,102.80000000000001
atricore/josso1,9886.0,8614.0,1,0,7410.0
att/yang-design-studio,1748.0,1748.0,1,0,1408.4
attdevsupport/codekit-java,312.0,312.0,1,0,259.6
atteo/xml-combiner,122.0,85.0,1,0,92.80000000000001
attester/attester-maven-plugin,82.0,82.0,1,0,75.60000000000001
attester/robot-server,122.0,87.0,1,0,93.60000000000001
attm2x/m2x-java,206.0,134.0,1,0,146.0
atware/solr-leaning2rank,100.0,96.0,1,0,88.4
audit4j/audit4j-cdi,182.0,115.0,1,0,128.8
audit4j/audit4j-demo,430.0,430.0,1,0,354.0
audit4j/audit4j-spring,122.0,80.0,1,0,90.80000000000001
aumgn/BukkitUtils,586.0,415.0,1,0,410.4
aurbroszniowski/Rainfall,22.0,22.0,0,0,17.6
aurorafeint/jruby-memcached,158.0,124.0,1,0,122.80000000000001
austinv11/Discord4J,2314.0,1411.0,1,0,1500.0
autentia/TNTConcept,4298.0,4298.0,1,0,3448.4
automate-website/jwebrobot,1582.0,1008.0,1,0,1046.0
automenta/netention-old1,1490.0,1483.0,1,0,1199.2
automenta/opennars,3254.0,2682.0,1,0,2384.4
avalonmediasystem/red5-avalon,66.0,62.0,1,0,61.2
avanwyk/cida,144.0,144.0,1,0,125.2
avatarkorra/minecraft-cloaking,26.0,26.0,0,0,20.8
avatarr/image-proc-pure-java,38.0,38.0,0,0,30.400000000000002
avdyk/osgi-caching-test,532.0,381.0,1,0,375.20000000000005
ave4224/Splatoon,66.0,66.0,1,0,62.800000000000004
avranju/swt-browser-app,254.0,252.0,1,0,212.40000000000003
avshabanov/spring-camel-demo,734.0,473.0,1,0,492.80000000000007
awaazde/awaazde-api-client-sdk,156.0,156.0,1,0,134.8
aweber/rabbitmq-flume-plugin,112.0,86.0,1,0,89.2
awltech/clic-archetype,166.0,129.0,1,0,128.0
awltech/easycukes,4048.0,2318.0,1,0,2556.4
awltech/eclipse-optimus,3032.0,3032.0,1,0,2435.6
aws-jp-trainers/devonaws-labs-java-master-jp,212.0,212.0,1,0,179.60000000000002
awslabs/amazon-appstream-sample-entitlement-service,160.0,160.0,1,0,138.0
awslabs/amazon-sqs-java-messaging-lib,436.0,288.0,1,0,299.6
awslabs/aws-apigateway-importer,446.0,294.0,1,0,306.0
awslabs/aws-iot-mqtt-load-generator,490.0,326.0,1,0,336.4
awslabs/aws-tvm-anonymous,68.0,68.0,1,0,64.4
awslabs/emr-sample-apps,284.0,284.0,1,0,237.20000000000002
awstrainingandcertification/devonaws-labs-java,220.0,220.0,1,0,186.0
awvalenti/corridapatrimonial,188.0,188.0,1,0,160.4
awvalenti/cruzes,132.0,132.0,1,0,115.60000000000001
axelboc/sudoku-toolbox,94.0,94.0,1,0,85.2
axemblr/cloudera-manager-api,714.0,533.0,1,0,508.80000000000007
axet/desktop,494.0,494.0,1,0,405.20000000000005
axet/kaptcha,290.0,214.0,1,0,211.60000000000002
axet/libtorrent-dev,664.0,432.0,1,0,448.40000000000003
axet/threads,132.0,98.0,1,0,102.0
axiom-data-science/crks-service,864.0,580.0,1,0,587.6
axotion/Axedit,8.0,8.0,0,0,6.4
ayosec/procfs-j,156.0,108.0,1,0,115.60000000000001
ayszu/ayszu,1036.0,629.0,1,0,676.0
ayushmaanbhav/stockmart,136.0,136.0,1,0,118.80000000000001
azawadzki/jefsr,350.0,350.0,1,0,290.0
azeemshaikh38/InvertedIndex,26.0,26.0,0,0,20.8
azkaban/azkaban-plugins,2940.0,2295.0,1,0,2104.0
b0noI/AIF-KERNEL,354.0,254.0,1,0,253.2
b0noI/TicTacToe,82.0,82.0,1,0,75.60000000000001
b52/mandelbrot,38.0,38.0,0,0,30.400000000000002
backpaper0/sandbox,2158.0,2158.0,1,0,1736.4
baconeggninja/Awesome-stuff-mod,1654.0,1402.0,1,0,1232.4
bacta/couchbase-connector,80.0,80.0,1,0,74.0
baderj/award-ribbons,26.0,26.0,0,0,20.8
badernageral/bgfinancas,596.0,595.0,1,0,486.4
badlogic/jack,860.0,860.0,1,0,698.0
badmusamuda/DeepWindowSearch,8.0,8.0,0,0,6.4
baggio000/CommentPool,404.0,404.0,1,0,333.20000000000005
baidubce/bce-sdk-java,4164.0,2569.0,1,0,2703.2000000000003
baihui212/tsharding,164.0,164.0,1,0,141.20000000000002
balasridhar/metasearch,214.0,214.0,1,0,181.20000000000002
balazssimon/meta-java,862.0,862.0,1,0,699.6
balinjdl/OT-NT-Reference-Map-Processing,36.0,36.0,0,0,28.8
banshee/sbt-jruby,32.0,32.0,0,0,25.6
bantonia/MoodleRest,656.0,483.0,1,0,465.6
baquiax/Compiler,224.0,224.0,1,0,189.20000000000002
barakb/asyncrmi,752.0,595.0,1,0,548.8
barancev/junit_samples,278.0,278.0,1,0,232.4
barancev/testng_samples,318.0,318.0,1,0,264.4
barancev/webdriver-junit-archetype,126.0,97.0,1,0,99.20000000000002
baratine/auction,214.0,214.0,1,0,181.20000000000002
barjo/arvensis,996.0,996.0,1,0,806.8000000000001
barryvan/CSSMin,18.0,18.0,0,0,14.4
bartoszmajsak/arquillian-seam2-example,2602.0,1338.0,1,0,1586.0
base2Services/b2-cdi,116.0,116.0,1,0,102.80000000000001
basepom/property-helper-maven-plugin,340.0,327.0,1,0,276.8
basmussen/i18n-maven-plugin,276.0,212.0,1,0,205.20000000000002
bassemZohdy/spring-mvc-rest,231.0,226.0,1,0,192.8
baswerc/routes,272.0,272.0,1,0,227.60000000000002
batizhao/yxjc2sme,74.0,74.0,1,0,69.2
bava/ig-app,44.0,32.0,0,0,30.400000000000002
baxtheman/inline-edit-journal-hook,50.0,50.0,0,0,40.0
bayofmany/peapod,1070.0,714.0,1,0,723.6
bazaarvoice/awslocal,224.0,157.0,1,0,162.4
bazaarvoice/jsonpps,98.0,68.0,1,0,76.4
bazaarvoice/ostrich,1764.0,1226.0,1,0,1206.0
bazhenov/groovy-shell-server,110.0,78.0,1,0,85.2
bbende/nifi-example-bundles,74.0,74.0,1,0,69.2
bbloomf/cincinnati-library-auto-renew,204.0,134.0,1,0,145.20000000000002
bblue000/StockMarket,188.0,188.0,1,0,160.4
bbonnin/hadoop-mongodb,102.0,77.0,1,0,81.60000000000001
bbonnin/mongo2arango,86.0,63.0,1,0,69.6
bbossgroups/bboss,6284.0,6253.0,1,0,5024.800000000001
bbranan/sdsc-tests,284.0,284.0,1,0,237.20000000000002
bcdev/smos-box,10770.0,8013.0,1,0,7523.200000000001
bckfnn/vertx-native-mongo,156.0,156.0,1,0,134.8
bcroden/QuizDeck-Server,570.0,443.0,1,0,415.20000000000005
bdd-in-action/chapter-2,100.0,100.0,1,0,90.0
bdd-in-action/chapter-5,150.0,150.0,1,0,130.0
bdglue/bdglue,282.0,282.0,1,0,235.60000000000002
bdotzour/visualCaptcha-java,310.0,292.0,1,0,250.8
bdruiz/ProyectBebidas,70.0,70.0,1,0,66.0
be-hase/relumin,1094.0,876.0,1,0,798.0
beachy/protobuf-java-format,238.0,189.0,1,0,180.8
beanio/beanio,1500.0,1500.0,1,0,1210.0
beanvalidation/beanvalidation-api,1140.0,694.0,1,0,743.6
beargiles/ottervpn,150.0,138.0,1,0,125.2
bedrin/jsonde,2184.0,1546.0,1,0,1502.0
bee9156/java-tutorium,488.0,488.0,1,0,400.40000000000003
behas/lucene-skos,320.0,236.0,1,0,232.4
beijunyi/ParallelGit,1272.0,929.0,1,0,890.4000000000001
beinformed/osgitest,338.0,338.0,1,0,280.40000000000003
bekkopen/NoCommons,366.0,275.0,1,0,266.4
bekkopen/jetty-pkg,44.0,44.0,0,0,35.2
belaban/jgroups-raft,494.0,380.0,1,0,359.6
belchan/imageboard,598.0,444.0,1,0,426.80000000000007
beligum/com.beligum.core.play,176.0,176.0,1,0,150.8
beltrachi/antlr-3,1850.0,1815.0,1,0,1476.0
ben-manes/caffeine,5260.0,3215.0,1,0,3400.0
ben-manes/multiway-pool,88.0,88.0,1,0,80.4
bencall/RPlay,84.0,83.0,1,0,76.80000000000001
bencvt/BuildRegion,130.0,130.0,1,0,114.0
bendisposto/prob2-plugin,488.0,488.0,1,0,400.40000000000003
bendraaisma/gnuob-api,1488.0,860.0,1,0,949.2
bendraaisma/gnuob-app,522.0,433.0,1,0,392.0
bendraaisma/gnuob-login,80.0,58.0,1,0,65.2
benjamin-bader/droptools,668.0,442.0,1,0,454.0
benjamin-cartereau/w4-bpmnplus-module-jms,124.0,124.0,1,0,109.2
benjaminballard/voltdb-jdbc-loader,22.0,22.0,0,0,17.6
benjaminpick/java-thumbnailer,430.0,430.0,1,0,354.0
benjamintoofer/cs56-jupi,32.0,32.0,0,0,25.6
benjholla/JReFrameworker,872.0,872.0,1,0,707.6
benjiman/expressions,898.0,577.0,1,0,600.0
benjiman/junit-js,138.0,99.0,1,0,104.80000000000001
benjiman/lambda-type-references,160.0,110.0,1,0,118.0
benjmyers/Bunker-1916-Game,218.0,218.0,1,0,184.4
benozol/ABC,144.0,141.0,1,0,124.0
benruijl/WalledIn,526.0,526.0,1,0,430.8
benruijl/quakemonkey,32.0,32.0,0,0,25.6
benserwa/Manatech,454.0,320.0,1,0,319.6
bentzilla/HealthPlugin,76.0,76.0,1,0,70.80000000000001
benwaffle/Leap-Motion-Instrument,24.0,24.0,0,0,19.200000000000003
berezovskyi/lambda-test-java,94.0,67.0,1,0,74.4
bernarpa/FantaHadoop,88.0,71.0,1,0,73.60000000000001
berry-cs/big-data-cse,240.0,240.0,1,0,202.0
bersch/SignPDF,12.0,12.0,0,0,9.600000000000001
berserkingyadis/ImageDownloader,146.0,105.0,1,0,110.4
berthise/HomeCinema,294.0,294.0,1,0,245.20000000000002
bertique/SonosNPROneServer,1036.0,559.0,1,0,648.0
besherman/lifx-sdk-java,308.0,266.0,1,0,239.60000000000002
betato/DuckFall,68.0,68.0,1,0,64.4
betfair/maven-test-process-plugin,108.0,79.0,1,0,84.80000000000001
betfair/virtualheap,786.0,491.0,1,0,520.8000000000001
bethebeer/CrystalsToCAD,6.0,6.0,0,0,4.800000000000001
bewest/guacamole,90.0,90.0,1,0,82.0
beylerian/profiler,142.0,122.0,1,0,115.60000000000001
bfemiano/cellmate,830.0,671.0,1,0,610.4000000000001
bft-smart/library,1088.0,1088.0,1,0,880.4000000000001
bgeorges/microservices,650.0,650.0,1,0,530.0
bgranvea/offheapstore-benchmark,72.0,72.0,1,0,67.6
bguerout/keemto,474.0,474.0,1,0,389.20000000000005
bhabegger/json-n-xml,174.0,130.0,1,0,131.60000000000002
bhatti/RxJava8,342.0,294.0,1,0,264.40000000000003
bhavindesai20/febatlas,160.0,150.0,1,0,134.0
biboudis/jmh-profilers,116.0,74.0,1,0,86.0
biboudis/streamalg,624.0,395.0,1,0,417.6
bibreen/mecab-ko-lucene-analyzer,342.0,248.0,1,0,246.0
bibryam/camel-message-routing-examples,1212.0,891.0,1,0,851.2
bibryam/camel-redis,116.0,116.0,1,0,102.80000000000001
bicoco/java-list-helpers,274.0,163.0,1,0,184.8
biezhi/blade,1136.0,823.0,1,0,793.6000000000001
bigbrainiac10/SimpleHelpOP,62.0,62.0,1,0,59.6
bigdataviewer/spimdata,674.0,434.0,1,0,453.20000000000005
bilash/boggle-solver,6.0,6.0,0,0,4.800000000000001
billy1380/JavaEPFImporter,156.0,123.0,1,0,121.60000000000001
binfalse/CombineArchive,110.0,110.0,1,0,98.0
bingoogolapple/J2EENote,3036.0,3036.0,1,0,2438.8
bingoohuang/java-utils,1110.0,678.0,1,0,725.2
binkley/axon-spring-boot-starter,1136.0,802.0,1,0,785.2
binkley/service-binder,118.0,77.0,1,0,88.0
binrusas/PreGo,204.0,204.0,1,0,173.20000000000002
bio4j/angulillos-titan,88.0,88.0,1,0,80.4
bio4j/bio4j,778.0,778.0,1,0,632.4000000000001
bioinformatics-ua/dicoogle,3056.0,2228.0,1,0,2123.6000000000004
biojava/biojava-spark,1286.0,957.0,1,0,907.2
biosignin/bsi-core,270.0,197.0,1,0,196.8
biotea/biotea-utilities,216.0,160.0,1,0,160.4
biouno/drmaa-pbs,184.0,141.0,1,0,140.0
biouno/pbs4java,94.0,72.0,1,0,76.4
birdroidcn/wechat4j,90.0,90.0,1,0,82.0
bireme/interop,252.0,246.0,1,0,209.20000000000002
bit-whacker/tweetImporter,34.0,34.0,0,0,27.200000000000003
bitWolfy/MineReset,54.0,54.0,1,0,53.2
bitcoin-labs/bitcoinj-minimal,418.0,418.0,1,0,344.40000000000003
bitcoinj/bitcoinj,6310.0,4041.0,1,0,4150.4
bitium/confluence-saml-plugin,114.0,114.0,1,0,101.2
bitnet/bitnet-java-libs,560.0,560.0,1,0,458.0
bitplaces/rundeck-slack-plugin,104.0,77.0,1,0,82.4
bitsquare/bitsquare,2780.0,2780.0,1,0,2234.0
bitstorm/Wicket-rest-annotations,500.0,384.0,1,0,363.6
bivas/protobuf-java-format,214.0,165.0,1,0,161.60000000000002
bizo/aws-java-sdk-stubs,254.0,182.0,1,0,184.4
bjartek/sensors,70.0,70.0,1,0,66.0
bjornharrtell/jts2geojson,298.0,182.0,1,0,202.0
bjornharvold/bearchoke,2508.0,2148.0,1,0,1872.4
bkiers/Liqp,826.0,574.0,1,0,570.0
bkiers/PCREParser,190.0,114.0,1,0,131.6
bkiers/lua-parser,184.0,111.0,1,0,128.0
bklarson/Hudson-Priority-Sorter-Plugin,72.0,58.0,1,0,62.0
bklarson/Jenkins-repo-plugin,130.0,113.0,1,0,107.2
blackberry/Eclipse-JDE,1416.0,1416.0,1,0,1142.8
blackberry/MomenticsUnitTestingPlugin,302.0,302.0,1,0,251.60000000000002
blackdoor/hate,272.0,173.0,1,0,188.0
blackducksoftware/ohcount4j,546.0,539.0,1,0,444.0
blackducksoftware/sdk-client-tools-protex,7250.0,3903.0,1,0,4471.2
blacklocus/jres,1418.0,925.0,1,0,947.2
blackray/SIMS,166.0,166.0,1,0,142.8
blakktux/Natural-Selection,610.0,610.0,1,0,498.0
blighkit/wechat-framework,294.0,195.0,1,0,205.60000000000002
bliksemlabs/bliksemintegration-realtime,1124.0,764.0,1,0,765.2
blitz-io/blitz-bamboo,114.0,114.0,1,0,101.2
blitz-trading/ExecutionServer,740.0,737.0,1,0,600.8
blockchain/api-v1-client-java,250.0,187.0,1,0,184.8
blockchain/thunder,1650.0,1243.0,1,0,1167.2
bloudraak/blueprint-bamboo-vmware-tasks,76.0,76.0,1,0,70.80000000000001
bluebreezecf/SparkJobServerClient,196.0,123.0,1,0,137.60000000000002
bluecrystalsign/signer-source,1802.0,1351.0,1,0,1271.2
bluedenim/log4j-s3-search,134.0,99.0,1,0,103.2
bluedenim/simpledb-bkrs,110.0,77.0,1,0,84.8
blueprintmedicines/centromere,710.0,710.0,1,0,578.0
bluesmcgroove/bankbot.old,626.0,611.0,1,0,504.8
bluezio/jade-booktrading,30.0,30.0,0,0,24.0
bluezio/xeger,128.0,84.0,1,0,94.80000000000001
blynkkk/blynk-server,3666.0,2647.0,1,0,2535.2
bmatthias/config-builder,1032.0,669.0,1,0,690.4000000000001
bmwcarit/barefoot,952.0,738.0,1,0,686.0
bndtools/bndtools,4746.0,4699.0,1,0,3788.0
bndtools/bndtools-rt,1414.0,1413.0,1,0,1140.8000000000002
bnyeggen/soac,90.0,90.0,1,0,82.0
boaglio/jenkins-plugin-sqlplus-script-runner,204.0,144.0,1,0,149.20000000000002
boaglio/play2-mongodb-filmes,64.0,64.0,1,0,61.2
boalang/xtext-ide,234.0,234.0,1,0,197.20000000000002
boatd/tracksail-ai,190.0,151.0,1,0,146.4
bobbungee/JDesktop,34.0,34.0,0,0,27.200000000000003
bobbybouwmann/ap-algorithm-hill-climbing,54.0,39.0,1,0,47.2
bobdemo/inno,248.0,172.0,1,0,178.0
bobmcwhirter/deltacloud-client-java,334.0,241.0,1,0,240.0
bobozhengsir/DesignPatternsStories,642.0,442.0,1,0,443.6
bogdartysh/openqa,3288.0,3288.0,1,0,2640.4
boivie/skip32-java,114.0,74.0,1,0,85.2
bojantomic/jeff,682.0,507.0,1,0,485.6
boldtrn/graphhopper-geocoder-converter,194.0,137.0,1,0,142.4
bolerio/mjson,340.0,219.0,1,0,233.60000000000002
bombardier-transportation/distributed-test-job,326.0,218.0,1,0,227.60000000000002
boneill42/spark-on-cassandra-quickstart,144.0,102.0,1,0,108.4
bonigarcia/dualsub,712.0,510.0,1,0,498.8
bonii-xx/TestDummy,302.0,204.0,1,0,212.40000000000003
bonprix/vaadin-combobox-multiselect,1342.0,757.0,1,0,849.6000000000001
booleguo/sam-elle,562.0,562.0,1,0,459.6
boothj5/jarch,452.0,412.0,1,0,355.6
bootswithdefer/FakeLocalPortFilter,60.0,44.0,1,0,51.6
booz-allen-hamilton/geterdun,176.0,120.0,1,0,128.4
boozallen/cognition,2080.0,1474.0,1,0,1431.6
boq/GreenHam,1950.0,1002.0,1,0,1190.8
borball/weixin-sdk,2354.0,1697.0,1,0,1630.4
borsboom/synth,184.0,184.0,1,0,157.20000000000002
boss14420/cbls-exercise,320.0,320.0,1,0,266.0
bosschaert/service-jockey,98.0,98.0,1,0,88.4
boubaker/exchange-extension,112.0,112.0,1,0,99.60000000000001
boundary/boundary-camel-components,508.0,373.0,1,0,362.40000000000003
boundary/boundary-vmware,550.0,415.0,1,0,396.0
boxfuse/boxfuse-sample-java-war-hello,94.0,64.0,1,0,73.2
boxfuse/dwunikernel,92.0,70.0,1,0,74.80000000000001
bozimmerman/CoffeeMud,10842.0,10842.0,1,0,8683.6
bpark/websockets-gl,106.0,73.0,1,0,81.60000000000001
bpatters/eservice,33794.0,33691.0,1,0,27004.0
bpupadhyaya/ActivitiConsumer,560.0,330.0,1,0,366.0
bpupadhyaya/Algo-I,114.0,114.0,1,0,101.2
bpupadhyaya/activitiinaction,4044.0,4044.0,1,0,3245.2000000000003
bpupadhyaya/api-mvn,124.0,88.0,1,0,94.80000000000001
bradlucas/yqd,98.0,78.0,1,0,80.4
bradrydzewski/gwt-filesystem,88.0,88.0,1,0,80.4
bradtmoore/wormsizer,948.0,617.0,1,0,636.0
bramp/ffmpeg-cli-wrapper,832.0,513.0,1,0,548.0
bramp/unsafe,1654.0,944.0,1,0,1049.2
brands4friends/daleq,532.0,532.0,1,0,435.6
brdude/check_as400,42.0,42.0,0,0,33.6
breakinblocks/BBTweaks,478.0,334.0,1,0,334.8
breandan/idear,1390.0,883.0,1,0,919.2
brendandahl/pdf.js.utils,32.0,32.0,0,0,25.6
brennangw/exam2-2013F,84.0,84.0,1,0,77.2
brennonyork/storm-lib,76.0,76.0,1,0,70.80000000000001
brettwooldridge/SparseBitSet,146.0,87.0,1,0,103.20000000000002
brewinapps/awseb-maven-plugin,46.0,34.0,0,0,32.0
brewski82/Big-Cyber-City,330.0,330.0,1,0,274.0
brianethier/BareConnection,144.0,98.0,1,0,106.80000000000001
brianethier/BareService,198.0,146.0,1,0,147.60000000000002
brianmhess/cassandra-count,62.0,45.0,1,0,52.8
brianray/embedded-jython,32.0,32.0,0,0,25.6
bric3/cql-maven-plugin,110.0,75.0,1,0,84.0
brinxmat/parasite,462.0,305.0,1,0,316.8
brkt/brkt-sdk-java,900.0,549.0,1,0,589.6
brmeyer/HibernateDemos,598.0,451.0,1,0,429.6
brmson/blanqa,244.0,244.0,1,0,205.20000000000002
broach/jira-github-service,618.0,364.0,1,0,402.8
bromzh/geck,152.0,103.0,1,0,112.0
brooklyncentral/brooklyn-ambari,1252.0,783.0,1,0,824.0
brooklyncentral/brooklyn-maven-plugin,404.0,306.0,1,0,294.0
brosander/dedupe,124.0,89.0,1,0,95.2
brosander/kettle-plugins,880.0,880.0,1,0,714.0
brosenberger/cluj-seatmap-web,178.0,134.0,1,0,134.8
brosenberger/spring-solr-base,144.0,106.0,1,0,110.0
broth-eu/intelli-lab,112.0,112.0,1,0,99.60000000000001
browserstack/browserstack-local-java,78.0,60.0,1,0,65.2
brrr2/irccasino,68.0,68.0,1,0,64.4
brulejr/autohome,168.0,168.0,1,0,144.4
brunchboy/beat-link,82.0,72.0,1,0,71.60000000000001
brunoadacosta/EasyGridObject,60.0,60.0,1,0,58.0
brunoborges/fx2048,56.0,56.0,1,0,54.800000000000004
brunoborges/javaee7-jms-websocket-example,128.0,89.0,1,0,96.80000000000001
brunocampos-ssa/zabbix-api,84.0,62.0,1,0,68.4
brunoribeiro/sql-parser,3204.0,2375.0,1,0,2241.6000000000004
brunosimoes/jPaintbrush,34.0,34.0,0,0,27.200000000000003
brutall/brut.j.common,56.0,40.0,1,0,48.400000000000006
brutall/brut.j.util,34.0,34.0,0,0,27.200000000000003
bruth/mimeparse,88.0,68.0,1,0,72.4
brwe/es-token-plugin,3536.0,2375.0,1,0,2374.4
bryantdo/LightsCameraAction,38.0,38.0,0,0,30.400000000000002
bryanwagner/string-dump,18.0,18.0,0,0,14.4
bryonjacob/graphviz-maven-plugin,268.0,226.0,1,0,207.60000000000002
bsaunder/JEE6DiveLog,1152.0,1152.0,1,0,931.6
bsaunder/camel,1782.0,1322.0,1,0,1251.6000000000001
bsblabs/embed-for-vaadin,350.0,262.0,1,0,254.8
bserdar/check-release-plugin,162.0,110.0,1,0,118.8
bserdar/jiff,164.0,110.0,1,0,119.60000000000001
bserdar/pomutil,142.0,97.0,1,0,105.60000000000001
bsergent/Revise,242.0,242.0,1,0,203.60000000000002
bsideup/groovy-macro-methods,88.0,88.0,1,0,80.4
bsumath/julia,702.0,508.0,1,0,494.0
btnguyen2k/queue-server,182.0,182.0,1,0,155.6
btrplace/scheduler,7380.0,4800.0,1,0,4882.0
bubblecloud/ilves-war-seed,412.0,247.0,1,0,273.6
bucharest-jug/dropwizard-todo,512.0,367.0,1,0,361.6
budius/ChromecastConverter,230.0,167.0,1,0,168.8
buffetboy2001/Control-Component-Library,248.0,248.0,1,0,208.4
bugbash/selenium-kiwix,152.0,109.0,1,0,114.4
buggtb/pentaho-mondrian4-plugin,66.0,66.0,1,0,62.800000000000004
bugsio/confluence-domain-booster-plugin,98.0,98.0,1,0,88.4
bullhorn/dataloader,534.0,339.0,1,0,359.20000000000005
bunkenburg/csv,50.0,50.0,0,0,40.0
bunnyblue/SerializableParcelableGenerator,90.0,90.0,1,0,82.0
burakgon/GCM-Notification-Sender,70.0,64.0,1,0,63.6
burakgon/one-way-authenticator,104.0,84.0,1,0,85.2
burakince/open-course-organizer,842.0,556.0,1,0,569.2
burakisikli/Shrimp,74.0,54.0,1,0,61.2
buremba/swagger-slate,130.0,93.0,1,0,99.2
burning-duck/spring-social-gitlab,586.0,466.0,1,0,430.8
burp-hash/burp-hash,78.0,76.0,1,0,71.60000000000001
buterfleoge/whale,790.0,581.0,1,0,558.4
buzzxu/resteasy-netty-guice,160.0,114.0,1,0,119.6
bviktor/azupload,750.0,750.0,1,0,610.0
bwaldvogel/liblinear-java,260.0,185.0,1,0,188.0
bwaldvogel/log4j-systemd-journal-appender,178.0,121.0,1,0,129.60000000000002
bwolf/resubmissionar-angular,1380.0,1021.0,1,0,970.4000000000001
bytecode-mike/docker-b00t,336.0,259.0,1,0,248.0
bytedeco/procamtracker,484.0,278.0,1,0,314.8
bytefish/PgBulkInsert,276.0,276.0,1,0,230.8
bywan/trello-java-wrapper,282.0,204.0,1,0,204.40000000000003
c0d3br34k3r/magic,70.0,70.0,1,0,66.0
c11/lcms,106.0,106.0,1,0,94.80000000000001
cBioPortal/genome-nexus,280.0,172.0,1,0,190.8
caarlos0/jProtractor,294.0,217.0,1,0,214.40000000000003
cacciatc/happiNES-dev,1924.0,1924.0,1,0,1549.2
caelum/vraptor-scala-mydvds,518.0,518.0,1,0,424.40000000000003
caelwinner/spring-mvc-utils,194.0,128.0,1,0,138.8
caffecoder/macaddr-applet,18.0,16.0,0,0,13.600000000000001
caipiao/Lottery,5462.0,5462.0,1,0,4379.6
caius/jruby-stemmer,32.0,32.0,0,0,25.6
calavera/lighthouse-api-java-client,80.0,60.0,1,0,66.0
calavera/maven-mirah-plugin,22.0,22.0,0,0,17.6
callista-software/spring-saml,92.0,70.0,1,0,74.80000000000001
callistaenterprise/activemq-labs,40.0,40.0,0,0,32.0
callistaenterprise/blog-microservices,712.0,712.0,1,0,579.6
callistaenterprise/blog-non-blocking-rest-service-with-spring-mvc,322.0,322.0,1,0,267.6
callumhutchy/Runecraft-2,8934.0,8233.0,1,0,6876.800000000001
calmattoso/INF1636,262.0,262.0,1,0,219.60000000000002
calrissian/mango,1302.0,937.0,1,0,905.6000000000001
calrissian/rest-doclet,710.0,437.0,1,0,468.8
cambierr/OvhApi,482.0,301.0,1,0,323.20000000000005
camelinaction/camelinaction2,6172.0,6172.0,1,0,4947.6
cameronbraid/wordpress-java,366.0,320.0,1,0,284.4
cameronhunter/glacier-cli,456.0,291.0,1,0,308.8
camliu89/wms,112.0,112.0,1,0,99.60000000000001
campaignmonitor/createsend-java,668.0,493.0,1,0,474.4
camposer/curso_pr_persistence,142.0,142.0,1,0,123.60000000000001
camunda/camunda-bpm-camel,892.0,645.0,1,0,624.8
camunda/camunda-bpm-elasticsearch,866.0,625.0,1,0,606.4000000000001
camunda/camunda-bpmn-model,3480.0,2513.0,1,0,2407.2
camunda/camunda-cmmn-model,1616.0,1166.0,1,0,1122.8000000000002
camunda/camunda-cockpit-plugins,480.0,480.0,1,0,394.0
camunda/camunda-dmn-model,1466.0,1057.0,1,0,1019.2
camunda/camunda-dmn-xlsx,392.0,278.0,1,0,278.0
camunda/camunda-eclipse-plugin,2888.0,2888.0,1,0,2320.4
camunda/camunda-get-started,120.0,82.0,1,0,90.80000000000001
camunda/camunda-get-started-javaee,148.0,101.0,1,0,109.60000000000001
camunda/camunda-xml-model,870.0,638.0,1,0,613.2
canhnt/gaaa-tk,322.0,322.0,1,0,267.6
canoo/code-of-gotham,222.0,214.0,1,0,184.40000000000003
caoli5288/AntiSendPacket,74.0,53.0,1,0,60.800000000000004
caoli5288/ChestSQL,32.0,32.0,0,0,25.6
caoli5288/PlayerSQL,64.0,64.0,1,0,61.2
caoli5288/ProtectPlugin,104.0,104.0,1,0,93.2
caoli5288/economy,60.0,60.0,1,0,58.0
caoli5288/slashlimit,32.0,32.0,0,0,25.6
caoqianli/apk-parser,902.0,553.0,1,0,592.0
capezzbr/persistent-connection-daemon,94.0,94.0,1,0,85.2
cardillo/joinery,616.0,410.0,1,0,420.4
caricah/iotracah,1390.0,1047.0,1,0,984.8
carl-ellis/JEnigma,30.0,30.0,0,0,24.0
carlos-gb/POIUtils,200.0,177.0,1,0,160.8
carlosedusousa/curso-java-fonts,1914.0,1914.0,1,0,1541.2
carlossg/jroller-export,44.0,35.0,0,0,31.6
carlphilipp/stock-tracker,582.0,582.0,1,0,475.6
carlspring/commons-io,224.0,163.0,1,0,164.8
carrotsearch/hppc,7746.0,4102.0,1,0,4749.200000000001
carschno/predicates,190.0,138.0,1,0,141.2
cartwrightian/cfnassist,508.0,508.0,1,0,416.40000000000003
carymrobbins/intellij-haskforce,3046.0,3045.0,1,0,2446.4
caseif/Steel,182.0,182.0,1,0,155.6
cash1981/civilization-boardgame-rest,568.0,426.0,1,0,407.6
caskdata/cdap-ingest,1746.0,1299.0,1,0,1228.0
caskdata/cdap-packs,218.0,218.0,1,0,184.4
caskdata/hydrator-plugins,3960.0,2792.0,1,0,2710.8
caskdata/netty-http,370.0,252.0,1,0,258.8
casmi/casmi-examples,432.0,310.0,1,0,306.8
casmi/cytoband-view,112.0,81.0,1,0,87.2
castagna/EARQ,610.0,401.0,1,0,414.4
castagna/GeoARQ,430.0,275.0,1,0,292.0
castagna/SARQ,388.0,263.0,1,0,270.40000000000003
castagna/hbase-rdf,1166.0,1156.0,1,0,938.8000000000001
castagna/jena-examples,306.0,229.0,1,0,224.0
castagna/mr-pagerank,130.0,130.0,1,0,114.0
castagna/mr-wordcount-example,70.0,70.0,1,0,66.0
castrinho8/ATM_network_simulator,964.0,964.0,1,0,781.2
casz/chess,162.0,120.0,1,0,122.8
catageek/ByteCartAPI,314.0,228.0,1,0,226.8
catalinboja/cts-sourcecode,260.0,260.0,1,0,218.0
cbeams-archive/spring-framework-2.5.x,13568.0,13568.0,1,0,10864.400000000001
cbensemann/SimpleBPM,80.0,80.0,1,0,74.0
cbopp/gwt-taglist,284.0,206.0,1,0,206.0
cbrun/baseliner,340.0,334.0,1,0,279.6
cbrun/org.eclipse.ecoretools.performance,186.0,186.0,1,0,158.8
cbsrbiobank/platedecoder,306.0,290.0,1,0,248.4
cbuntain/ncaa_football_predictor,192.0,192.0,1,0,163.60000000000002
ccascone/JNetMan,78.0,78.0,1,0,72.4
cccties/chilo-producer,456.0,385.0,1,0,346.4
cdap-guides/cdap-bi-guide,142.0,104.0,1,0,108.4
cdeptula/tdeoutputplugin,46.0,44.0,0,0,36.0
cdparra/reminiscens-lifeapi,660.0,660.0,1,0,538.0
cduicu/play-jaas,130.0,130.0,1,0,114.0
cedricvidal/jgitflow-semver,120.0,120.0,1,0,106.0
ceefour/webdav-servlet,188.0,188.0,1,0,160.4
celi-uim/uima-drools,148.0,109.0,1,0,112.80000000000001
celiafi/idiot,34.0,34.0,0,0,27.200000000000003
cenobites/struts2-json-plugin,488.0,334.0,1,0,338.8
centic9/commons-test,268.0,192.0,1,0,194.0
centralnic/spec5-reserved-names,106.0,106.0,1,0,94.80000000000001
cernops/flume-timestamp-filter,76.0,54.0,1,0,62.0
cert-se/megatron-java,1132.0,1128.0,1,0,914.0
cescoffier/vertx-intro-to-async-api,210.0,151.0,1,0,154.4
cesquivias/mumbler,274.0,274.0,1,0,229.20000000000002
ceylon/ceylon-dist,302.0,302.0,1,0,251.60000000000002
cf-platform-eng/vrealize-service-broker-full,324.0,239.0,1,0,235.2
cfelde/CoherenceBloom,50.0,50.0,0,0,40.0
cfelde/Cron4Joda,38.0,38.0,0,0,30.400000000000002
cfg4j/cfg4j-sample-apps,600.0,409.0,1,0,413.6
cfloersch/RtspClient,186.0,186.0,1,0,158.8
cfmlprojects/runwar,188.0,188.0,1,0,160.4
cgfalcon/fluentexcel,104.0,100.0,1,0,91.6
cgi-soa-masterclass/onlinepay,326.0,237.0,1,0,235.20000000000002
cgiannoula/database-project,56.0,56.0,1,0,54.800000000000004
cgoldberg/netplot,44.0,40.0,0,0,33.6
cgutman/tinyrtsp,36.0,36.0,0,0,28.8
chabsiheng/datatable-hibernate-spring,48.0,48.0,0,0,38.400000000000006
chadmv/plow,1176.0,1176.0,1,0,950.8000000000001
chaitu236/TakServer,138.0,98.0,1,0,104.4
chanedi/QuickProject,988.0,712.0,1,0,690.0
changkejun/efw,102.0,102.0,1,0,91.60000000000001
chanjarster/tomcat-mongo-access-log,244.0,167.0,1,0,174.4
chanjarster/weixin-java-tools,1524.0,1116.0,1,0,1066.0
chanwookpark/api-gateway,210.0,151.0,1,0,154.4
chaoslawful/automatizer,284.0,201.0,1,0,204.0
chargebee/chargebee-java,1674.0,918.0,1,0,1046.8000000000002
charite/jannovar,5550.0,3500.0,1,0,3630.0
charles-cooper/idylblas,66.0,52.0,1,0,57.2
charles-cooper/idylfin,7930.0,7155.0,1,0,6044.0
charybr/spring-data-rest-acl,172.0,172.0,1,0,147.6
chazzbg/ingress-bots-public,172.0,172.0,1,0,147.6
chb/i2b2-ssr,1780.0,1710.0,1,0,1406.0
chbachman/ModularArmour,3296.0,2285.0,1,0,2242.4
cheeseum-mods/PistonEverything,138.0,95.0,1,0,103.2
chelinho139/Tutoriales-Java,134.0,134.0,1,0,117.2
chengluyu/sheet,226.0,226.0,1,0,190.8
chengxp3/galaxy,452.0,452.0,1,0,371.6
chenjianjx/freebencher,216.0,130.0,1,0,148.4
chenlb/mmseg4j-solr,182.0,135.0,1,0,136.8
chenshuo/muduo-protorpc,402.0,402.0,1,0,331.6
chenzhc/tomcat-redis-session-manager-1.2-tomcat-7,74.0,53.0,1,0,60.800000000000004
chenzhenyang/aquila,352.0,352.0,1,0,291.6
chetan/UASparser,204.0,146.0,1,0,150.0
chetan/sewer,306.0,306.0,1,0,254.8
chexagon/redis-session-manager,136.0,94.0,1,0,102.0
chicm/CmRaft,730.0,480.0,1,0,494.0
chidmdxx/Subasta-RMI,74.0,74.0,1,0,69.2
chids/logback-messaging-appenders,112.0,112.0,1,0,99.60000000000001
childnodeImport/JMWE,232.0,232.0,1,0,195.60000000000002
childsb/hdp2-glusterfs,72.0,72.0,1,0,67.6
chillenious/commons,1328.0,974.0,1,0,930.8000000000001
chinageek/maven-archetype-templates,142.0,142.0,1,0,123.60000000000001
chinashiyu/gfw.press,100.0,100.0,1,0,90.0
chinnurtb/app-scraper,98.0,98.0,1,0,88.4
chipster/chipster,5056.0,5055.0,1,0,4054.4
chirino/hawtdb,1226.0,824.0,1,0,830.0
chitreshkakwani/graphlib,324.0,247.0,1,0,238.4
chncwang/easy2db,262.0,196.0,1,0,193.20000000000002
chocoteam/choco-parsers,560.0,560.0,1,0,458.0
chompi/openrtb2x,1628.0,1064.0,1,0,1086.8000000000002
chonton/testpojo-maven-plugin,176.0,118.0,1,0,127.60000000000001
chorusjs/main,22.0,22.0,0,0,17.6
chory-amam/slack-capybara,242.0,194.0,1,0,184.40000000000003
chotchki/pgGallery,676.0,458.0,1,0,463.6
choudharybikash/TestRepository1,16.0,16.0,0,0,12.8
chpladmin/chpl-api,6226.0,6226.0,1,0,4990.8
chrisengelsma/3d-painting,330.0,248.0,1,0,241.2
chrisgray/dropwizard-consul,924.0,583.0,1,0,612.8000000000001
chrisguitarguy/Beanstalkc,350.0,288.0,1,0,265.2
chrislee35/IMAPCrypt,182.0,182.0,1,0,155.6
chrislo27/Stray-core,976.0,976.0,1,0,790.8000000000001
chrismattmann/lucene-geo-gazetteer,52.0,52.0,1,0,51.6
chrisokasaki/TradeMaximizer,32.0,30.0,0,0,24.8
chrisphelps/Sudoku-java,50.0,50.0,0,0,40.0
chrisribble/uds-example-app,1740.0,965.0,1,0,1092.0
chrissd23/play-publisher-bootstrapper,72.0,55.0,1,0,60.8
chrisstopher/TextEditor,76.0,76.0,1,0,70.80000000000001
christ66/cobertura,858.0,858.0,1,0,696.4000000000001
christian-lefty/funbase,232.0,150.0,1,0,162.8
christiangda/pigiptools,300.0,220.0,1,0,218.0
christinef/CACHECA,58.0,58.0,1,0,56.400000000000006
christophe-martel/fa-tax-computation,302.0,302.0,1,0,251.60000000000002
christophstrobl/junit-example,132.0,124.0,1,0,112.4
chrisvest/nanopool,180.0,180.0,1,0,154.0
chrisyco/duckshop,152.0,152.0,1,0,131.60000000000002
chronakis/time-utils,134.0,84.0,1,0,97.2
chschmitz/cycles-maven-plugin,140.0,140.0,1,0,122.0
chubbard/WatchTask,90.0,65.0,1,0,72.0
chudooder/FEMultiplayer,1778.0,1778.0,1,0,1432.4
chuidiang/chuidiang-ejemplos,1194.0,1194.0,1,0,965.2
chungkwong/MathOCR,360.0,360.0,1,0,298.0
chylex/Java-Checker,162.0,111.0,1,0,119.2
cihanblt/ideal_repo,1150.0,1150.0,1,0,930.0
cilf/arquillian-java-ee-7-primefaces-5,4304.0,2176.0,1,0,2602.0
cinchapi/runway,94.0,93.0,1,0,84.80000000000001
cinchapi/stalk,38.0,38.0,0,0,30.400000000000002
cincheo/jsweet,1968.0,1391.0,1,0,1353.6
cincheo/jsweet-eclipse-plugin,74.0,74.0,1,0,69.2
cincheo/jsweet-quickstart,36.0,33.0,0,0,27.6
cinovo/cloudconductor-agent-redhat,338.0,249.0,1,0,244.8
cinovo/cloudconductor-server,1710.0,1228.0,1,0,1185.2
cisco-open-source/selenium,20882.0,20882.0,1,0,16715.600000000002
cisco/ASAssets_Utilities,2300.0,2300.0,1,0,1850.0
cisco/PDTool,6538.0,6538.0,1,0,5240.400000000001
cisco/jfnr,122.0,80.0,1,0,90.80000000000001
cismet/cids-custom-wuppertal,2172.0,2172.0,1,0,1747.6000000000001
citerus/dddsample-core,1734.0,1201.0,1,0,1184.0
citiususc/frog,214.0,154.0,1,0,157.20000000000002
citizenmatt/TeamPiazza,110.0,110.0,1,0,98.0
cityzendata/collectd-plugin-warp10,14.0,14.0,0,0,11.200000000000001
civitaspo/embulk-output-sftp,142.0,115.0,1,0,112.80000000000001
cjjava/cjoop-proguard,252.0,186.0,1,0,185.20000000000002
cjwizard/cjwizard,392.0,250.0,1,0,266.8
ckaktus/GdR,20.0,20.0,0,0,16.0
claesn/ir2015,126.0,126.0,1,0,110.80000000000001
clarkparsia/sparql-proxy,74.0,55.0,1,0,61.6
classtag/learn_akka,98.0,98.0,1,0,88.4
classtag/learn_spring_multi_cache,124.0,93.0,1,0,96.80000000000001
claudemamo/mule-transport-zeromq,136.0,136.0,1,0,118.80000000000001
clearbit/clearbit-java,230.0,148.0,1,0,161.2
clearcapital/oss-commands,34.0,34.0,0,0,27.200000000000003
clearcapital/oss-dropwizard-helpers,26.0,26.0,0,0,20.8
clearcapital/oss-http-client,46.0,46.0,0,0,36.800000000000004
clearnlp/clearnlp-demo,136.0,104.0,1,0,106.0
clearnlp/clearnlp-dictionary,132.0,100.0,1,0,102.80000000000001
clearstorydata/clearstorydata-and-google-cloud-dataflow-connector,78.0,78.0,1,0,72.4
clescot/metrics-example,194.0,123.0,1,0,136.8
cletus/jmd,398.0,282.0,1,0,282.0
cli/sonews,1044.0,773.0,1,0,736.8000000000001
clinstid/energydashws,156.0,123.0,1,0,121.60000000000001
clodbrasilino/eficiencia-energetica-web,470.0,470.0,1,0,386.0
clohfink/RendezvousHash,92.0,70.0,1,0,74.80000000000001
cloocher/graylog4j,34.0,27.0,0,0,24.400000000000002
clopezno/poolobject,34.0,34.0,0,0,27.200000000000003
cloudant/java-cloudant,868.0,665.0,1,0,623.2
cloudbees-attic/glassfish3-clickstack,84.0,84.0,1,0,77.2
cloudbees-attic/spring-load-time-weaving-clickstart,106.0,87.0,1,0,87.20000000000002
cloudbees-attic/wildfly-clickstack,78.0,78.0,1,0,72.4
cloudcentric/bigmap,158.0,143.0,1,0,130.4
cloudcentric/blacksmith,640.0,477.0,1,0,456.8
cloudera/RecordBreaker,7004.0,7004.0,1,0,5613.200000000001
cloudera/director-google-plugin,372.0,269.0,1,0,266.40000000000003
cloudera/director-spi-tck,208.0,148.0,1,0,152.4
cloudera/flume,2000.0,2000.0,1,0,1610.0
cloudera/oryx,7312.0,4501.0,1,0,4735.200000000001
cloudera/sentry,448.0,416.0,1,0,355.6
cloudera/sqoop2,2182.0,1588.0,1,0,1518.0
cloudfakers/rhymestore,340.0,312.0,1,0,270.8
cloudfoundry-community/java-service-broker-example,20.0,20.0,0,0,16.0
cloudfoundry-community/postgresql-cf-service-broker,164.0,119.0,1,0,123.20000000000002
cloudfoundry-samples/hello-spring-cloud,76.0,55.0,1,0,62.400000000000006
cloudkeeper-project/cloudkeeper,6084.0,4157.0,1,0,4106.4
cloudsoft/brooklyn-tosca,2046.0,1270.0,1,0,1336.4
cloudsoft/winrm4j,614.0,396.0,1,0,414.0
cltl/EventCoreference,762.0,762.0,1,0,619.6
cltl/KafSaxParser,782.0,782.0,1,0,635.6
cltl/OntoTagger,152.0,137.0,1,0,125.60000000000001
clulab/banner,1394.0,1394.0,1,0,1125.2
clwillingham/java-socket.io.client,154.0,154.0,1,0,133.2
clxy/BigFileUploadJava,128.0,92.0,1,0,98.0
cmader/qSKOS,426.0,426.0,1,0,350.8
cmalai/pde-examples,256.0,256.0,1,0,214.8
cmccabe/jni_based_unix_groups_mapping_test,58.0,39.0,1,0,48.800000000000004
cmccoy/startreerenaissance,278.0,278.0,1,0,232.4
cmoen/mallet,6124.0,3968.0,1,0,4046.8
cmullins/song_recognition,794.0,585.0,1,0,561.6
cn/GB2260.java,100.0,74.0,1,0,79.6
coadetiloye/Crossbow,336.0,336.0,1,0,278.8
coast-team/replication-benchmarker,4050.0,2925.0,1,0,2800.0
cocoxu/multip,182.0,182.0,1,0,155.6
cocuh/intellij-background-chibichara,42.0,42.0,0,0,33.6
code-brewery/java-ormen,172.0,123.0,1,0,128.0
code-disaster/steamworks4j,1154.0,740.0,1,0,767.6
code-distillery/aem-sample-project,248.0,178.0,1,0,180.4
code-distillery/baselining-maven-plugin,338.0,241.0,1,0,241.60000000000002
code-orchestra/colt-as,444.0,444.0,1,0,365.20000000000005
code-up/the-code-bar,118.0,118.0,1,0,104.4
code4craft/jsoup-learning,970.0,647.0,1,0,656.8
code4craft/xsoup,476.0,286.0,1,0,314.8
codebennet/Namecheap-DNS-Java-API,128.0,128.0,1,0,112.4
codeborne/mobileid,444.0,290.0,1,0,303.6
codebox/javabean-tester,6.0,6.0,0,0,4.800000000000001
codebox/readable-regex,24.0,24.0,0,0,19.200000000000003
codebulb/Java8PromisesWithCompletableFuture,112.0,76.0,1,0,85.2
codecentric/edmp-sample-app,104.0,73.0,1,0,80.80000000000001
codecentric/elasticsearch-shield-kerberos-realm,1286.0,698.0,1,0,803.5999999999999
codecentric/event-based-shopping-system,480.0,346.0,1,0,340.4
codecentric/javafxsvg,78.0,68.0,1,0,68.4
codecentric/jenkins-deployment-dashboard-plugin,646.0,441.0,1,0,444.80000000000007
codefollower/CGroup4j,192.0,140.0,1,0,142.8
codefollower/Cassandra-Java-Driver-Research,1226.0,1226.0,1,0,990.8000000000001
codefollower/Cassandra-Research,15714.0,10713.0,1,0,10580.8
codefordc/districthousing,1086.0,1086.0,1,0,878.8000000000001
codegist/crest,4506.0,3413.0,1,0,3177.6000000000004
codeine-cd/codeine,2666.0,2026.0,1,0,1886.8000000000002
codelibs/elasticsearch-dictionary,228.0,151.0,1,0,161.60000000000002
codelibs/elasticsearch-extension,190.0,136.0,1,0,140.4
codelibs/elasticsearch-minhash,186.0,128.0,1,0,135.60000000000002
codelibs/elasticsearch-reindexing,168.0,115.0,1,0,123.2
codelibs/elasticsearch-repository-ssh,136.0,97.0,1,0,103.20000000000002
codelibs/elasticsearch-river-web,138.0,138.0,1,0,120.4
codelibs/elasticsearch-taste,1202.0,851.0,1,0,831.2
codelion/gramtest,184.0,119.0,1,0,131.20000000000002
codenvy/che-core,24172.0,15551.0,1,0,15899.2
codenvy/eclipse-plugin,342.0,342.0,1,0,283.6
codenvy/platform-api-client-java,1088.0,793.0,1,0,762.4000000000001
codenvy/plugin-datasource,3170.0,2088.0,1,0,2113.2
codepilotde/AdServing,3176.0,2494.0,1,0,2278.0
coder-press/crazy-soap,224.0,141.0,1,0,156.0
coderion/mongeez-maven-plugin,70.0,47.0,1,0,56.8
coderliux/Jpetstore,418.0,356.0,1,0,319.6
coderplay/cassandra-bench,84.0,84.0,1,0,77.2
codesearch-github/codesearch,1574.0,1574.0,1,0,1269.2
codetrack-project/codetrack,1232.0,850.0,1,0,842.8
codework/struts2-thymeleaf-plugin,186.0,113.0,1,0,129.60000000000002
codice/imaging-nitf,5896.0,3542.0,1,0,3785.2000000000003
coding4people/mosquito-report-api,688.0,503.0,1,0,486.4
codingeass/Personal-Encyclopedia,149.0,144.0,1,0,127.2
codingtony/impala-jdbc,7350.0,3924.0,1,0,4519.6
codota/codota-maven-plugin,44.0,44.0,0,0,35.2
codylerum/crm,320.0,320.0,1,0,266.0
codylerum/itext-helper,92.0,68.0,1,0,74.0
cogitate/twitter-zipkin-uuid,2072.0,2072.0,1,0,1667.6000000000001
cognitivabrasil/Cognix,942.0,805.0,1,0,708.8
cogroo/cogroo-community,798.0,798.0,1,0,648.4000000000001
cogswell-io/cogs-java-tools-sdk,118.0,89.0,1,0,92.80000000000001
cogsys-tuebingen/SBVC,150.0,150.0,1,0,130.0
cogtool/cogtool,14818.0,12485.0,1,0,10931.2
cohenjo/liquibase-vertica,462.0,338.0,1,0,330.0
coinbase/coinbase-java,652.0,476.0,1,0,461.20000000000005
coinspark/sparkbit-bitcoinj,2512.0,1668.0,1,0,1682.0
colin-lee/core-filter,222.0,135.0,1,0,152.8
colincowie10/ColinModding,718.0,655.0,1,0,559.2
collectionspace/application,2002.0,1999.0,1,0,1610.4
collectionspace/services,10346.0,10343.0,1,0,8285.6
collectivemedia/celos,1466.0,1426.0,1,0,1166.8
colun/gvc,50.0,50.0,0,0,40.0
come25136/MineJapaneseInput,26.0,26.0,0,0,20.8
cometd/cometd,118754.0,60332.0,1,0,71644.40000000001
comick/mini-gnutella,274.0,194.0,1,0,197.20000000000002
commercehub-oss/bamboo-gitlab-plugin,582.0,324.0,1,0,372.4
commercehub-oss/dropwizard-jclouds,180.0,180.0,1,0,154.0
commercehub-oss/gradle-avro-plugin,378.0,282.0,1,0,274.0
commercehub-oss/logstash-support,190.0,190.0,1,0,162.0
commercehub-oss/sensu-java-api,116.0,116.0,1,0,102.80000000000001
commercetools/commercetools-jvm-sdk-contrib,208.0,137.0,1,0,148.0
comoyo/commons,498.0,498.0,1,0,408.40000000000003
compomics/icelogo,570.0,570.0,1,0,466.0
componio/nbDriva,310.0,310.0,1,0,258.0
computelab/chroma,236.0,190.0,1,0,180.4
comtel2000/fx-experience,490.0,433.0,1,0,379.20000000000005
comtel2000/jfxvnc,400.0,388.0,1,0,325.20000000000005
conankid2512/khatahu,1886.0,1886.0,1,0,1518.8000000000002
condorcraft110/ManipulativeTechnomancy,454.0,314.0,1,0,317.20000000000005
conehead/HelpDesk,32.0,32.0,0,0,25.6
confluentinc/common,516.0,362.0,1,0,361.20000000000005
confluentinc/schema-registry,808.0,745.0,1,0,631.2
confluentinc/support-metrics-client,198.0,198.0,1,0,168.4
conicalflask/fs2,1796.0,1144.0,1,0,1186.0
connectbot/simplesocks,154.0,107.0,1,0,114.4
consolving/balancr,330.0,330.0,1,0,274.0
consulo/consulo-csharp,2900.0,2900.0,1,0,2330.0
consulo/consulo-unity3d,640.0,640.0,1,0,522.0
consulo/mono-soft-debugging,446.0,446.0,1,0,366.8
continuuity/netty-http,292.0,202.0,1,0,207.60000000000002
continuumsecurity/resty-burp,98.0,98.0,1,0,88.4
conventions/issuetracker,659.0,633.0,1,0,526.8000000000001
conveyal/geom2gtfs,74.0,64.0,1,0,65.2
conveyal/gtfs-validator,326.0,241.0,1,0,236.8
conveyal/lodes-processor,44.0,44.0,0,0,35.2
conveyal/seamless-census,212.0,141.0,1,0,151.20000000000002
conwetlab/fiware-rss,3782.0,2673.0,1,0,2592.0
cookingfox/eventbus-adapter-java,206.0,134.0,1,0,146.0
coolarch/git-merge-maven-plugin,196.0,133.0,1,0,141.60000000000002
coopernurse/barrister-java,276.0,237.0,1,0,215.20000000000002
copperoxide/jWatermark,34.0,33.0,0,0,26.800000000000004
copygirl/PocketBags,376.0,258.0,1,0,263.6
corbel-platform/events,166.0,116.0,1,0,122.80000000000001
core9/module-admin,106.0,103.0,1,0,93.60000000000001
core9/module-admin-dashboard,82.0,77.0,1,0,73.60000000000001
core9/module-git,74.0,69.0,1,0,67.2
corespring/corespring-java,608.0,433.0,1,0,426.40000000000003
coreydowning/springboot-retrofit-example,114.0,84.0,1,0,89.2
coreyhulen/earnstone-id,106.0,78.0,1,0,83.60000000000001
corinis/Neo4jAdminServlet,88.0,66.0,1,0,71.60000000000001
corney/jutorial,102.0,71.0,1,0,79.2
corsoft/activemq-spring-client,58.0,49.0,1,0,52.800000000000004
costasdroid/project_euler,464.0,464.0,1,0,381.20000000000005
cotdp/com-cotdp-hadoop,126.0,90.0,1,0,96.4
cotiviti/cotiviti-parent,276.0,230.0,1,0,212.4
couchbase/couchbase-lite-java-listener,112.0,112.0,1,0,99.60000000000001
couchbaselabs/devguide-examples,242.0,242.0,1,0,203.60000000000002
couchmate/TeamCity-Phabricator-Plugin,356.0,257.0,1,0,255.20000000000002
couragelabs/global-log-context,68.0,48.0,1,0,56.400000000000006
coveo/nashorn-commonjs-modules,250.0,163.0,1,0,175.2
coverity/pie,710.0,612.0,1,0,538.8
covito/covito-svnadmin,704.0,515.0,1,0,497.6
cpard/kafka-connect-mixpanel,128.0,89.0,1,0,96.80000000000001
cpatni/middleman,104.0,104.0,1,0,93.2
cpdomina/WebUtils,94.0,65.0,1,0,73.6
cpieloth/GPGPU-on-Hadoop,562.0,562.0,1,0,459.6
cpoepke/mule-end-to-end-test-demo,60.0,60.0,1,0,58.0
cpslabteam/codebase,672.0,493.0,1,0,476.0
cqframework/ProfileGenerator,2332.0,1488.0,1,0,1538.0
craftfire/AuthDB,162.0,162.0,1,0,139.6
craftoid/jbead,1624.0,1051.0,1,0,1080.0
craftsmenlabs/gareth-jvm,2008.0,1415.0,1,0,1379.2
craigstjean/jBPM-WAS7-Spring-Sample,400.0,400.0,1,0,330.0
craigwblake/redline,740.0,472.0,1,0,494.8
crate/crate,4992.0,4972.0,1,0,3995.6000000000004
crawljax/crawljax,1308.0,1304.0,1,0,1054.8000000000002
crazycode/morphia,2580.0,1558.0,1,0,1665.2
crcsmnky/mongodb-hadoop-workshop,70.0,70.0,1,0,66.0
credentials/credentials_api,204.0,153.0,1,0,152.8
credentials/idemix_terminal,240.0,189.0,1,0,181.60000000000002
credentials/irma_card_management,90.0,89.0,1,0,81.6
credentials/irma_web_relay,144.0,121.0,1,0,116.0
credentials/sbcred_terminal,52.0,52.0,1,0,51.6
creitz/SudokuSolver,60.0,60.0,1,0,58.0
criccomini/ezdb,1116.0,677.0,1,0,727.2
criedel/bitlyj,342.0,217.0,1,0,233.60000000000002
crisis-economics/CRISIS,2830.0,2830.0,1,0,2274.0
cristal-ise/lookup-ldap,122.0,96.0,1,0,97.20000000000002
cristcost/sensormix,1500.0,1092.0,1,0,1046.8
cristcost/springsec,288.0,288.0,1,0,240.4
criteo/automerge-plugin,56.0,56.0,1,0,54.800000000000004
croeder/ccp_nlp,1510.0,1358.0,1,0,1157.2
crsx/crsx,1348.0,1273.0,1,0,1058.4
crukci-bioinformatics/clarityclient,1090.0,1090.0,1,0,882.0
crypto-coder/open-cyclos,17254.0,17254.0,1,0,13813.2
cs509project/MARS,542.0,542.0,1,0,443.6
csc19601128/Phynixx,1420.0,1420.0,1,0,1146.0
cscheiblich/JWave,542.0,419.0,1,0,394.40000000000003
cschneider/Karaf-Tutorial,2400.0,2067.0,1,0,1796.8000000000002
cschneider/osgi-chat,434.0,325.0,1,0,313.6
cscott/JDoctest,130.0,98.0,1,0,101.2
csev/tsugi-java,110.0,110.0,1,0,98.0
csev/tsugi-jpa-sample,48.0,48.0,0,0,38.400000000000006
csf-ngs/fastqc,458.0,365.0,1,0,339.20000000000005
csgf/federated-login-ext,236.0,236.0,1,0,198.8
cshaxu/nagini,158.0,156.0,1,0,135.60000000000002
cssquare/todo.txt,80.0,63.0,1,0,67.2
cst1201-d644/Chapter-1,36.0,36.0,0,0,28.8
cst316/spring16project-Basic,2854.0,1806.0,1,0,1874.0000000000002
cst316/spring16project-Haskell,3006.0,1923.0,1,0,1981.6000000000001
cst316/spring16project-NewtonScript,3660.0,2321.0,1,0,2402.4
cst316/spring16project-Team-Juneau,3008.0,1901.0,1,0,1973.6000000000001
csutherl/pentaho-plugins,78.0,78.0,1,0,72.4
ctSkennerton/minced,36.0,36.0,0,0,28.8
cternes/openkeepass,1402.0,929.0,1,0,942.4000000000001
cternes/slackspace-angular-spring-keycloak,152.0,118.0,1,0,118.0
cthachuk/CoreHunter,448.0,323.0,1,0,318.40000000000003
cthiemann/JNMatLib,46.0,46.0,0,0,36.800000000000004
cthiemann/SPaTo_Visual_Explorer,442.0,440.0,1,0,362.8
ctnitchie/freemarkerdoclet,96.0,72.0,1,0,77.2
ctomc/keytool-maven-plugin,1114.0,846.0,1,0,794.0
ctripcorp/apollo,3308.0,2407.0,1,0,2296.0
ctripcorp/dataworks-zeus,7412.0,4536.0,1,0,4789.200000000001
cts2/cts2-framework,30886.0,16441.0,1,0,18940.800000000003
cuba-platform/cuba,7840.0,7840.0,1,0,6282.0
cucumber-ltd/shouty.java,102.0,73.0,1,0,80.0
cuent/ModuloContable,1740.0,1190.0,1,0,1182.0
culegooner/SpawnEggDropsMod,54.0,53.0,1,0,52.800000000000004
culvertsoft/mgen,1340.0,1340.0,1,0,1082.0
cumtping/CodeGenerator,94.0,94.0,1,0,85.2
cunhaladm/IRSystemDomains,50.0,50.0,0,0,40.0
cupmanager/jangular,490.0,352.0,1,0,346.8
curso-elementos/spring-boot,194.0,147.0,1,0,146.4
custom-koncept-ltd/constructor,116.0,109.0,1,0,100.0
cvand/la4j,1442.0,879.0,1,0,938.4000000000001
cvanes/jenkins-tag-cloud-plugin,214.0,141.0,1,0,152.0
cvut/JCOP,956.0,735.0,1,0,686.4000000000001
cwan/im-log-stats,266.0,266.0,1,0,222.8
cwdesautels/euler,32.0,32.0,0,0,25.6
cwi-swat/jjtraveler,252.0,252.0,1,0,211.60000000000002
cwk4229/Rocket,26.0,26.0,0,0,20.8
cwpenhale/red5-mobileconsole,2216.0,2216.0,1,0,1782.8000000000002
cyanobacterium/PowerAdvantageAPI,2022.0,1487.0,1,0,1413.6000000000001
cyberbeat/java-css,168.0,168.0,1,0,144.4
cybercomsweden/javaee-exercises,256.0,256.0,1,0,214.8
cyberfox/shell-process,28.0,27.0,0,0,22.0
cybergarage/cybergarage-upnp,1822.0,1329.0,1,0,1270.4
cyberos/meng,22.0,22.0,0,0,17.6
cybertiger/Bukkit-Instances,198.0,198.0,1,0,168.4
cybertiger/RhinoScriptEngine,140.0,99.0,1,0,105.6
cyclus/cycic,154.0,154.0,1,0,133.2
cycorp/api-suite,8848.0,5485.0,1,0,5743.200000000001
cygri/vocidex,840.0,539.0,1,0,561.6
cyklo/Bukkit-OtherBlocks,40.0,38.0,0,0,31.200000000000003
cynosure7/Weever,114.0,84.0,1,0,89.2
cypher256/eclipse-encoding-plugin,134.0,134.0,1,0,117.2
cyrill62/ebics-java,11012.0,5639.0,1,0,6670.4
cyriux/hexagonal-sentimental,170.0,170.0,1,0,146.0
cyrusinnovation/mockito-groovy-support,100.0,76.0,1,0,80.4
cytobank/acs,114.0,113.0,1,0,100.80000000000001
cytomine/Cytomine-java-client,312.0,230.0,1,0,226.8
cytoscape/network-merge,300.0,203.0,1,0,211.2
czarneckid/delicious-java,90.0,88.0,1,0,81.2
czifro-tech/jsocket,108.0,108.0,1,0,96.4
czjvic/netbeans-plugin-run-my-script,30.0,30.0,0,0,24.0
czyuan/AMC,820.0,820.0,1,0,666.0
d-fens/drftpd,3260.0,3260.0,1,0,2618.0
d-rep/Microblog,492.0,327.0,1,0,337.6
d4span/freemindfx,1918.0,1914.0,1,0,1542.8000000000002
dCache/nfs4j,3816.0,2841.0,1,0,2672.8
daalft/PaliNLP2,278.0,276.0,1,0,231.60000000000002
dabbertorres/BZMakeMap,28.0,28.0,0,0,22.400000000000002
daboross/minecraft-commandline-interface,182.0,134.0,1,0,136.4
dactiv/fear,1390.0,1149.0,1,0,1025.6
daijyc/pig,4968.0,4962.0,1,0,3982.0
dain/snappy,236.0,181.0,1,0,176.8
daishisystems/robotFactory,208.0,208.0,1,0,176.4
dajester2013/CFArangoCache,194.0,157.0,1,0,150.4
dakk/mlp-java,13154.0,13154.0,1,0,10533.2
dakrone/tigris,36.0,36.0,0,0,28.8
dakside/jhackshop,232.0,232.0,1,0,195.60000000000002
dakusui/jcunit,2916.0,1931.0,1,0,1948.8000000000002
dallaslu/gettext-commons,282.0,212.0,1,0,207.60000000000002
damiencarol/thrift-jdbc-server,1524.0,796.0,1,0,938.0
damnhandy/Handy-URI-Templates,226.0,226.0,1,0,190.8
damorim/compilers-cin,170.0,170.0,1,0,146.0
dancastellani/jax-rs-base-api,64.0,49.0,1,0,55.2
danfickle/cpp-to-java-source-converter,536.0,347.0,1,0,363.20000000000005
dangdangdotcom/config-toolkit,1590.0,976.0,1,0,1036.4
dangt85/Force.comDeployTools,142.0,136.0,1,0,121.20000000000002
danhaywood/zzz-playtime-isis-todoapp-angularjs,10542.0,10515.0,1,0,8432.8
daniel-beck/jenkins-tortoisesvn-browser-plugin,174.0,111.0,1,0,124.00000000000001
danielabar/framegen,754.0,754.0,1,0,613.2
danielajgrout/dashreports,6758.0,6758.0,1,0,5416.400000000001
danielbchapman/groups,294.0,260.0,1,0,231.60000000000002
danielm59/FastFood,1172.0,830.0,1,0,810.8
danielnaber/jwordsplitter,338.0,226.0,1,0,235.60000000000002
danielnaber/oxygen-languagetool-plugin,100.0,100.0,1,0,90.0
danigiri/storm-sockets,116.0,83.0,1,0,89.60000000000001
danisola/bandit,158.0,123.0,1,0,122.4
danka74/SnomedCTParser,466.0,308.0,1,0,319.6
danlentz/cassandra,2743.0,2737.0,1,0,2202.0
daqcri/AETAS_Dataset,34.0,34.0,0,0,27.200000000000003
daquino/outout,192.0,149.0,1,0,146.4
darcy-framework/darcy-webdriver,920.0,578.0,1,0,609.2
darkgem/coffee,96.0,96.0,1,0,86.80000000000001
darkmi/JSPStudy,222.0,222.0,1,0,187.60000000000002
darlingtonamz/CoffeeMaker,8.0,8.0,0,0,6.4
darrachequesne/spring-data-jpa-datatables-sample,126.0,92.0,1,0,97.20000000000002
darxriggs/codenarc-eclipse,286.0,270.0,1,0,232.4
darylteo/directory-watcher,66.0,66.0,1,0,62.800000000000004
dasein-cloud/dasein-cloud-brightbox,150.0,150.0,1,0,130.0
dasein-cloud/dasein-cloud-core,3658.0,2270.0,1,0,2381.2
dasein-cloud/dasein-cloud-digitalocean,866.0,530.0,1,0,568.4000000000001
dasein-cloud/dasein-cloud-google,150.0,148.0,1,0,129.2
dasein-cloud/dasein-cloud-skeleton,90.0,74.0,1,0,75.6
dasein-cloud/dasein-cloud-softlayer-DEPRECATED,68.0,68.0,1,0,64.4
dasein-cloud/dasein-cloud-tier3,150.0,119.0,1,0,117.6
dasein-cloud/dasein-cloud-zimory,370.0,227.0,1,0,248.8
dashorst/wicketstuff-security,1462.0,1462.0,1,0,1179.6000000000001
dasunhegoda/MSC_EAD_CS,292.0,283.0,1,0,240.0
dat2/jvm_language,54.0,54.0,1,0,53.2
dataArtisans/flink-dataflow,840.0,547.0,1,0,564.8
datacite/mds,936.0,936.0,1,0,758.8000000000001
datacite/oaip,762.0,508.0,1,0,518.0
datacleaner/AnalyzerBeans,8368.0,6105.0,1,0,5799.200000000001
datag/jtimesched,294.0,217.0,1,0,214.40000000000003
dataiku/wt1,478.0,319.0,1,0,328.8
datanucleus/datanucleus-maven-plugin,124.0,93.0,1,0,96.80000000000001
dataspawn/tweeterstreamer,66.0,66.0,1,0,62.800000000000004
datastax/cassandra-log4j-appender,90.0,69.0,1,0,73.6
datastax/java-driver,7944.0,4788.0,1,0,5102.8
dataz/dataz-core,608.0,608.0,1,0,496.40000000000003
datjandra/Clairvaux,118.0,118.0,1,0,104.4
datumbox/DPMM-Clustering,100.0,76.0,1,0,80.4
dauer/geohash,60.0,60.0,1,0,58.0
davdiv/Webcam-applet,56.0,56.0,1,0,54.800000000000004
davejoyce/composite-dao,384.0,248.0,1,0,262.8
davemanton/GameOfLife,30.0,30.0,0,0,24.0
davetron5000/restunit,250.0,215.0,1,0,196.0
davetron5000/vimdoclet,824.0,815.0,1,0,665.6
davidB/scala-maven-plugin,924.0,839.0,1,0,715.2
davidB/spoon-maven-plugin,192.0,192.0,1,0,163.60000000000002
davidandrzej/LogicLDA,224.0,169.0,1,0,167.20000000000002
davidar/jasmin,378.0,378.0,1,0,312.40000000000003
davidar/lljvm,324.0,324.0,1,0,269.2
davidbcook/led-controller,144.0,144.0,1,0,125.2
davidcarboni/Cryptolite,180.0,128.0,1,0,133.2
daviddoran/bejeweled-bot,24.0,24.0,0,0,19.200000000000003
davidgiven/luje,596.0,595.0,1,0,486.4
davidi2/rune-emu,4096.0,4096.0,1,0,3286.8
davidmoten/audio-recognition,328.0,216.0,1,0,227.60000000000002
davidmoten/functional-jpa,222.0,155.0,1,0,160.8
davidmoten/geo,408.0,252.0,1,0,274.0
davidmoten/graph-layout,192.0,121.0,1,0,135.20000000000002
davidmoten/rtree-3d,212.0,212.0,1,0,179.60000000000002
davido/gerrit-ci-plugin,120.0,120.0,1,0,106.0
davidrudder23/OpenNotification,3016.0,3014.0,1,0,2422.0
davstromb/othello,100.0,100.0,1,0,90.0
dawnbreaks/NettyRPC,392.0,279.0,1,0,278.40000000000003
dayatang/hrm-demo,138.0,138.0,1,0,120.4
dayatang/opencis,500.0,500.0,1,0,410.0
dayatang/test-sample-banking,102.0,102.0,1,0,91.60000000000001
dbastin/donkey,9544.0,5693.0,1,0,6104.800000000001
dbcls/ConvRDF,18.0,18.0,0,0,14.4
dbflute-example/dbflute-example-on-springboot,3376.0,2351.0,1,0,2300.8
dbflute-session/dbflute-hands-on,106.0,106.0,1,0,94.80000000000001
dblock/3licenses,772.0,692.0,1,0,595.6
dblock/waffle,1414.0,1414.0,1,0,1141.2
dboissier/mongo4idea,414.0,414.0,1,0,341.20000000000005
dbpedia/MissingBot,102.0,102.0,1,0,91.60000000000001
dbuschman7/mongoFS,734.0,512.0,1,0,508.40000000000003
dcapwell/notes,146.0,146.0,1,0,126.80000000000001
dcatteeu/PCPSolver,66.0,66.0,1,0,62.800000000000004
dcendents/mybatis-generator-plugins,232.0,169.0,1,0,170.40000000000003
dclements/cultivar_old,400.0,400.0,1,0,330.0
dclements/makrut,314.0,314.0,1,0,261.20000000000005
dclements/riak-java-crdt,164.0,164.0,1,0,141.20000000000002
ddarriba/jmodeltest2,896.0,625.0,1,0,618.4000000000001
ddossot/mule-in-action-2e,1852.0,1852.0,1,0,1491.6000000000001
ddossot/vertx-react-demo,684.0,393.0,1,0,440.80000000000007
ddpush/DDPushServer-v1,100.0,100.0,1,0,90.0
deanhiller/channelmanager2,828.0,828.0,1,0,672.4000000000001
deanriverson/griffon-javafx-plugin,154.0,154.0,1,0,133.2
deanwampler/HiveUDFs,86.0,84.0,1,0,78.0
debezium/debezium,1716.0,1191.0,1,0,1172.8000000000002
debop/spring-batch-experiments,1670.0,1660.0,1,0,1342.0
deborahvm/ECommerceApp,128.0,128.0,1,0,112.4
decatur/j2js-compiler,316.0,316.0,1,0,262.8
decatur/j2js-jre,250.0,250.0,1,0,210.0
decoomanj/hazelcast-consul-spi,38.0,38.0,0,0,30.400000000000002
decs/trie,20.0,20.0,0,0,16.0
deephacks/confit,3228.0,2332.0,1,0,2234.0
deepjava/compiler,1202.0,1202.0,1,0,971.6
deeplearning4j/deeplearning4j-word2vec-examples,42.0,42.0,0,0,33.6
deeplearning4j/dl4j-spark-cdh5-examples,112.0,81.0,1,0,87.2
deercoder/hadoop-practice,134.0,134.0,1,0,117.2
defei/codelogger-utils,556.0,414.0,1,0,398.0
defrac/defrac-plugin-intellij,468.0,468.0,1,0,384.40000000000003
dehowell/ontology,78.0,56.0,1,0,63.60000000000001
dehuinet/minxing_java_sdk,350.0,282.0,1,0,262.8
deib-polimi/modaclouds-cpim-library,804.0,623.0,1,0,580.8000000000001
dejanpaler/edit-2015,284.0,284.0,1,0,237.20000000000002
delight-im/Java-Crash-ID,14.0,14.0,0,0,11.200000000000001
delight-im/Java-Shapefile-Parser,60.0,60.0,1,0,58.0
delphix/dsp,1632.0,1632.0,1,0,1315.6000000000001
deluan/shiro-faces,268.0,176.0,1,0,187.60000000000002
delwink/jssf,56.0,56.0,1,0,54.800000000000004
delwiv/IMIE-amphi,440.0,432.0,1,0,358.8
demilich1/metastone,4076.0,4076.0,1,0,3270.8
demiurgosoft/easy-socket-transmission,8.0,8.0,0,0,6.4
demkada/Java-Logger,154.0,114.0,1,0,117.2
demoiselle/framework,4946.0,3914.0,1,0,3554.0
demoiselle/validation,1288.0,730.0,1,0,817.2
dengwenkang/Annotation,24.0,24.0,0,0,19.200000000000003
denisecase/SimSchool,84.0,64.0,1,0,69.2
denisneuling/apitrary.jar,1078.0,822.0,1,0,770.0
dennishendriksen/molgenis-lifelines,270.0,270.0,1,0,226.0
derive4j/derive4j,1840.0,1047.0,1,0,1164.8
dermotte/LIRE,2234.0,1906.0,1,0,1666.0
deruyter/updatejob-plugin,20.0,20.0,0,0,16.0
desliner/rx-workshop,140.0,97.0,1,0,104.80000000000001
despegar/khronus-java-client,284.0,176.0,1,0,194.0
despegar/soffheap,212.0,212.0,1,0,179.60000000000002
dested/Mapbook,66.0,61.0,1,0,60.800000000000004
destin/maven-test-support-plugin,216.0,216.0,1,0,182.8
detectlanguage/detectlanguage-java,252.0,159.0,1,0,174.4
detro/jsonconf,166.0,166.0,1,0,142.8
dev-mraj/WebTrimmer,120.0,116.0,1,0,104.4
devacto/java-puzzles,108.0,108.0,1,0,96.4
developersdo/developer-influencers,352.0,336.0,1,0,285.20000000000005
devette/experiments,30988.0,20448.0,1,0,20584.4
devicehive/devicehive-java,1178.0,779.0,1,0,792.8000000000001
devicehive/devicehive-java-server,2010.0,1369.0,1,0,1361.6
devjunix/libjt400-java,5544.0,5544.0,1,0,4445.2
devng/jetris,222.0,158.0,1,0,162.0
devnull-tools/boteco,880.0,880.0,1,0,714.0
devnull-tools/cafeina,330.0,245.0,1,0,240.0
devstackio/devstack-cb-io,286.0,214.0,1,0,210.0
devsumo/java-cxf-examples,152.0,152.0,1,0,131.60000000000002
devsunny/varlengthprotocol,142.0,103.0,1,0,108.0
dfch/biz.dfch.j.graylog.plugin.output.amqpclient,168.0,121.0,1,0,125.60000000000001
dfci-cccb/raven-repository,314.0,200.0,1,0,215.60000000000002
dfdeshom/custom-mlt,100.0,69.0,1,0,77.6
dfilimon/streaming-storm,72.0,72.0,1,0,67.6
dfjdejulio/bio,76.0,76.0,1,0,70.80000000000001
dflick-pivotal/sentimentr-release,422.0,422.0,1,0,347.6
dfreiretioc/IOC1,54.0,45.0,1,0,49.6
dgomezferro/pasc,208.0,146.0,1,0,151.60000000000002
dgrandemange/IsoMsgActionLib,1168.0,945.0,1,0,855.2
dgrandemange/spring-glue4jpos,132.0,111.0,1,0,107.20000000000002
dhatim/safesql,884.0,551.0,1,0,584.0
dhbw-horb/forgetIT,228.0,228.0,1,0,192.4
dhemery/runtime-suite,604.0,446.0,1,0,430.0
dhinojosa/intro_to_reactive,70.0,70.0,1,0,66.0
dhinojosa/javarx-study,158.0,108.0,1,0,116.4
dhirajsb/hawtapp-camel-hello-world,76.0,58.0,1,0,63.60000000000001
dhmay/msInspect,5650.0,3566.0,1,0,3696.4
dhoepelman/in4389,100.0,73.0,1,0,79.2
dhonza/JCOOL,1254.0,1254.0,1,0,1013.2
dhruvgairola/privacyCleaning,678.0,499.0,1,0,480.8
dialex/JCDP,66.0,66.0,1,0,62.800000000000004
dianping/Dolphin,1044.0,1011.0,1,0,832.0
dibbhatt/kafka-spark-consumer,240.0,175.0,1,0,176.0
dice-project/DICE-Profiles,2456.0,2456.0,1,0,1974.8000000000002
dick-the-deployer/dick,59872.0,30262.0,1,0,36063.600000000006
dick-the-deployer/dick-worker,138.0,138.0,1,0,120.4
dickerpulli/spring-boot-starter-admin-client,244.0,147.0,1,0,166.4
didclab/stork,490.0,490.0,1,0,402.0
diennea/majordodo,1270.0,975.0,1,0,908.0
diesieben07/SevenCommons,2660.0,1593.0,1,0,1711.2
diffplug/JMatIO,374.0,278.0,1,0,270.8
diffplug/TestRepo_1.3.0,166.0,166.0,1,0,142.8
diffplug/matfilerw,1818.0,1035.0,1,0,1151.2
digidotcom/XBeeJavaLibrary,3504.0,2269.0,1,0,2319.2000000000003
digimead-specific/PojoSRX,284.0,208.0,1,0,206.8
digital-crafting-habitat/dch_hack1ng_d4ys_workshop,1306.0,916.0,1,0,898.8
digitalfondue/lavagna,5398.0,3696.0,1,0,3647.6000000000004
digitalinteraction/infiauto,234.0,163.0,1,0,168.8
digitalis-io/cassandra-probe,250.0,203.0,1,0,191.2
digitalpetri/ethernet-ip,676.0,477.0,1,0,471.20000000000005
digitalpetri/opc-ua-stack,2264.0,1642.0,1,0,1572.4
digs-uwo/dcsim-projects,478.0,478.0,1,0,392.40000000000003
diirt/util,1026.0,655.0,1,0,682.4000000000001
dimaki/refuel,228.0,166.0,1,0,167.60000000000002
dimalinux/SSLPing,70.0,55.0,1,0,60.0
dingshao0402/DouroMainland,432.0,302.0,1,0,303.6
dingy007/JStreakAPI,518.0,451.0,1,0,397.6
dinix2008/quasar-groovy,6636.0,3347.0,1,0,4003.2000000000003
diogoduailibe/lzstring4j,38.0,30.0,0,0,27.200000000000003
dipoo/egdownloader,492.0,492.0,1,0,403.6
directededge/directed-edge-bindings,148.0,148.0,1,0,128.4
dirkmc/press,128.0,126.0,1,0,111.60000000000001
dirtyequi/EntityRemoverPlugin,36.0,36.0,0,0,28.8
disbrain/BrainDAL,182.0,170.0,1,0,150.8
disit/iclos,882.0,882.0,1,0,715.6
diverproject/Biblioteca,192.0,192.0,1,0,163.60000000000002
dividuum/mmbukkit,32.0,32.0,0,0,25.6
djonko/GeoAnalytique,218.0,218.0,1,0,184.4
djp3/qualoscopy,344.0,344.0,1,0,285.2
djrice/java-exec,152.0,109.0,1,0,114.4
djyou/lustre,192.0,192.0,1,0,163.60000000000002
dkaffeine/MoreExp,34.0,34.0,0,0,27.200000000000003
dkf/jsonmarshaller,630.0,630.0,1,0,514.0
dkhenry/Minecraft-JMX-Plugin,52.0,52.0,1,0,51.6
dkmfbk/knowledgestore,3344.0,2364.0,1,0,2293.2000000000003
dkmsntua/SociosApi,416.0,416.0,1,0,342.8
dkonarev/com.dk.teamsafe,1006.0,687.0,1,0,687.2
dkpro/dkpro-core-examples,600.0,407.0,1,0,412.8
dl1bff/ircDDB-DV,46.0,46.0,0,0,36.800000000000004
dlbunker/ps-guitar-db,192.0,141.0,1,0,143.20000000000002
dlew/rxjava-multiple-sources-sample,76.0,58.0,1,0,63.60000000000001
dlhartveld/reactive-stream,212.0,203.0,1,0,176.0
dlmiles/full-example-ee7-jca-eis,4438.0,2357.0,1,0,2728.0
dlord/MinecartDelivery,26.0,26.0,0,0,20.8
dmart28/reveno,1054.0,1054.0,1,0,853.2
dmbeer/wicket-bootstrap-example,86.0,86.0,1,0,78.8
dmcg/fakir,372.0,231.0,1,0,251.20000000000002
dmgerman/joa,814.0,733.0,1,0,628.8
dmillerw/AlchemicalBling,142.0,139.0,1,0,122.4
dmillerw/Colored-Chests,114.0,111.0,1,0,100.0
dmillerw/Insomnia,48.0,45.0,0,0,37.2
dmillerw/LoreExpansion_old,464.0,315.0,1,0,321.6
dmillerw/RemoteIO,1402.0,1390.0,1,0,1126.8000000000002
dmillerw/TooMuchRain,112.0,76.0,1,0,85.2
dmillerw/WiresAndCircuits,522.0,351.0,1,0,359.20000000000005
dmnapolitano/stanford-0mq,92.0,66.0,1,0,73.2
dmozealous/ImageComparator,60.0,60.0,1,0,58.0
dmpe/Semester2and5-Examples,946.0,946.0,1,0,766.8000000000001
dmrzh/simplex-crm-b2b,708.0,708.0,1,0,576.4
dmuino/atlas-oss-plugin,226.0,226.0,1,0,190.8
dmulloy2/SwornAPI,416.0,297.0,1,0,295.20000000000005
dmulloy2/SwornRPG,162.0,162.0,1,0,139.6
dmunguiatec/ic5701,264.0,264.0,1,0,221.20000000000002
dmytrodanylyk/folding-plugin,56.0,56.0,1,0,54.800000000000004
dnault/therapi-json-rpc,706.0,559.0,1,0,516.0
doanduyhai/Achilles,11332.0,6570.0,1,0,7170.8
dobermai/Hibernate-Flyway-Integration,130.0,87.0,1,0,96.80000000000001
doctau/jboss-modules-maven-plugin,72.0,49.0,1,0,58.400000000000006
doctorcanada/plants_vs_zombies-greenfoot,860.0,860.0,1,0,698.0
documents4j/documents4j,2858.0,1917.0,1,0,1920.0
docusign/docusign-soap-sdk,1932.0,1932.0,1,0,1555.6000000000001
dom4j/visdom,1122.0,926.0,1,0,829.2
domaframework/spring-boot-sample,98.0,85.0,1,0,83.2
domainAPI/domainAPI_java_wrapper,132.0,99.0,1,0,102.4
domdorn/geo-ip,98.0,77.0,1,0,80.0
domeos/server,5130.0,5055.0,1,0,4084.0
dominicjprice/aethers-notebook,16.0,16.0,0,0,12.8
dominicschaff/ClickatellJavaLibrary,14.0,14.0,0,0,11.200000000000001
dominikschulz/JSpellCorrect,14.0,14.0,0,0,11.200000000000001
domix/diable,126.0,101.0,1,0,100.80000000000001
donal-s/KappaTools,88.0,88.0,1,0,80.4
donaldsiziba/train-timetables,382.0,261.0,1,0,267.20000000000005
donatellosantoro/Llunatic,6198.0,6198.0,1,0,4968.400000000001
donbeave/elasticsearch-analysis-hanlp,172.0,130.0,1,0,130.8
donbeave/grails-google-drive,98.0,98.0,1,0,88.4
dongaihua/highlight-elasticsearch,19006.0,13110.0,1,0,12856.400000000001
dongbe/ProjetIBD,250.0,250.0,1,0,210.0
donsunsoft/donsun-framework,904.0,658.0,1,0,634.8
dooApp/spoon-maven-plugin,46.0,46.0,0,0,36.800000000000004
doomdagger/jextractor,56.0,56.0,1,0,54.800000000000004
doubledutch/ProjectPika,184.0,140.0,1,0,139.60000000000002
dougm/jets3t,4216.0,3148.0,1,0,2955.6000000000004
dounine/clouddisk,1272.0,948.0,1,0,898.0
dourgey/DrinkingSoda,8.0,8.0,0,0,6.4
dowenliu-xyz/ali-ddns,442.0,312.0,1,0,311.6
dowenliu-xyz/elasticsearch-analysis-token-filter-pinyin,46.0,46.0,0,0,36.800000000000004
dowenliu-xyz/solrj-util,192.0,137.0,1,0,141.60000000000002
dpandya/jsr286-gwt-rpc,176.0,176.0,1,0,150.8
dpaukov/combinatoricslib,728.0,467.0,1,0,488.0
dperezcabrera/jpoker,986.0,733.0,1,0,697.6
dpishchukhin/ace-maven-plugin-sample,314.0,314.0,1,0,261.20000000000005
dprg/roomba,1346.0,1346.0,1,0,1086.8
dpwspoon/tools.github,52.0,52.0,1,0,51.6
dr-jts/jeql,1488.0,1483.0,1,0,1198.4
drackows/socket-rpc,130.0,91.0,1,0,98.4
draem0507/java_puzzlers,170.0,170.0,1,0,146.0
dragon66/animated-gif-writer,114.0,114.0,1,0,101.2
dragon66/icafe,4336.0,4332.0,1,0,3477.2000000000003
dragon66/java-psd-library,152.0,152.0,1,0,131.60000000000002
drbild/c2dm4j,442.0,322.0,1,0,315.6
drdozer/sbol-data,1580.0,945.0,1,0,1020.0
dreajay/hrms,2454.0,2454.0,1,0,1973.2
dream-lab/goffish,1658.0,1658.0,1,0,1336.4
dreedyman/Rio,10184.0,7315.0,1,0,7009.6
dresden-ocl/dresdenocl,16556.0,16556.0,1,0,13254.800000000001
drewjst/Purdue,818.0,818.0,1,0,664.4000000000001
drewwills/Soffit,170.0,128.0,1,0,129.2
drfmunoz/mtg-price-crawler,638.0,467.0,1,0,452.0
drftpd-ng/drftpd3,5096.0,5096.0,1,0,4086.8
drheydenreich/jcifs,1424.0,1154.0,1,0,1041.2
dribeiro/cadastroCliente,172.0,172.0,1,0,147.6
dries007/TFCSeedMaker,244.0,180.0,1,0,179.60000000000002
dries007/TFCraft-NEIplugin,320.0,224.0,1,0,227.60000000000002
dries007/j8051,488.0,332.0,1,0,338.0
drifkin/bezier-editor-tool,62.0,62.0,1,0,59.6
drifted-in/planisphere-core,530.0,394.0,1,0,379.6
drimavo/megasena,58.0,43.0,1,0,50.400000000000006
drissamri/linkshortener,488.0,356.0,1,0,347.6
drmirror/followt,136.0,108.0,1,0,107.60000000000001
droolsjbpm/drools,35764.0,25072.0,1,0,24344.4
droolsjbpm/jbpm-dashboard,408.0,408.0,1,0,336.40000000000003
droolsjbpm/jbpm-form-modeler,14804.0,8857.0,1,0,9474.400000000001
droolsjbpm/optaplanner,22376.0,16856.0,1,0,15702.8
dropbox/pem-converter-maven-plugin,202.0,116.0,1,0,137.20000000000002
droplet/DropletBroadcast,42.0,42.0,0,0,33.6
dropwitch/dropwitch,210.0,159.0,1,0,157.6
dropwizard/dropwizard-flyway,142.0,103.0,1,0,108.0
dropwizard/dropwizard-protobuf,264.0,167.0,1,0,182.4
dropwizard/metrics,5208.0,3222.0,1,0,3382.0000000000005
drosenstark/Mjdj-API,80.0,80.0,1,0,74.0
drosenstark/mjdj,176.0,176.0,1,0,150.8
drrb/rust-netbeans,1314.0,1053.0,1,0,956.8000000000001
drtshock/FactionShock,40.0,40.0,0,0,32.0
drtshock/Potato,86.0,63.0,1,0,69.6
drugis/addis-core,2754.0,2719.0,1,0,2199.2000000000003
druid-io/druid,19942.0,13439.0,1,0,13362.400000000001
druid-io/druid-api,654.0,468.0,1,0,458.80000000000007
dryman/Hadoop-CombineFileInputFormat,72.0,51.0,1,0,59.2
dryuf/dryuf-concurrent,590.0,378.0,1,0,397.20000000000005
ds84182/OpenGX,454.0,374.0,1,0,341.20000000000005
dschadow/JavaSecurity,2360.0,1565.0,1,0,1580.0
dselman/tweetamo,106.0,106.0,1,0,94.80000000000001
dsp/projectsonar,548.0,546.0,1,0,447.6
dstepanov/coffeescript-netbeans,160.0,160.0,1,0,138.0
dstl/baleen,2628.0,2628.0,1,0,2112.4
dstreev/hdp-data-gen,254.0,184.0,1,0,185.20000000000002
dsuriyaraj/CarRental,466.0,466.0,1,0,382.8
dswarm/dswarm-gdm,60.0,42.0,1,0,50.8
dswarm/dswarm-xsd2jsonschema,220.0,159.0,1,0,161.6
dswarm/wikidata-d-swarm-importer,138.0,97.0,1,0,104.0
dtag-dbu/speechalyzer,1040.0,1040.0,1,0,842.0
dtendr/mysticalmyriad,348.0,240.0,1,0,245.20000000000002
dtondin/Sisop_2,16.0,16.0,0,0,12.8
dualspiral/Hammer,406.0,406.0,1,0,334.8
duchien85/netty-cookbook,1318.0,1318.0,1,0,1064.4
duckdoom5/RpgEssentials,1222.0,1222.0,1,0,987.6
ducreyna/java-jwt-simple,92.0,92.0,1,0,83.60000000000001
duerrfk/sdn-mq,84.0,84.0,1,0,77.2
duke-compsci308-fall2013/example_browser,30.0,30.0,0,0,24.0
duke-compsci308-fall2014/example_bins,26.0,26.0,0,0,20.8
duke-compsci308-fall2015/example_roulette,34.0,34.0,0,0,27.200000000000003
duke-compsci308-spring2016/lab_bins,22.0,22.0,0,0,17.6
dukeboard/kevoree-log,400.0,252.0,1,0,270.8
dumptruckman/ActionMenuPlus,288.0,193.0,1,0,202.4
dumptruckman/BarterSigns,106.0,106.0,1,0,94.80000000000001
duncanje/jitgapi,82.0,70.0,1,0,70.80000000000001
dunse/Flotr2JF,48.0,48.0,0,0,38.400000000000006
duosecurity/duo_client_java,204.0,151.0,1,0,152.0
duosecurity/duo_java,50.0,50.0,0,0,40.0
duracloud/duracloud,13672.0,9100.0,1,0,9118.8
duracloud/snapshot,1424.0,929.0,1,0,951.2
dverstap/wintersleep-graphviz,670.0,377.0,1,0,428.8
dviveiros/contentbowl,250.0,167.0,1,0,176.8
dvorka/keepass2-to-keepassx,934.0,506.0,1,0,586.0
dwango/quercus,4648.0,4584.0,1,0,3702.8
dwclark/postgresql,252.0,252.0,1,0,211.60000000000002
dwdyer/uncommons-maths,608.0,461.0,1,0,437.6
dweiss/dk.brics.automaton,510.0,302.0,1,0,334.8
dweiss/java-sizeof,1802.0,937.0,1,0,1105.6000000000001
dweiss/language-detection,546.0,409.0,1,0,392.0
dwimberger/crowd-radius-server,116.0,89.0,1,0,92.0
dwing4g/jane,1620.0,1082.0,1,0,1090.8
dwrensha/capnproto-java,250.0,250.0,1,0,210.0
dwtalk/JHawtCode,244.0,175.0,1,0,177.60000000000002
dwws-ufes/2015-transparencia,376.0,368.0,1,0,307.6
dyeo/VanillaTeleporter,828.0,692.0,1,0,618.0
dylanhansch/SpecGrabber,70.0,54.0,1,0,59.6
dylnb/LambdaCalculator,979.0,973.0,1,0,790.8000000000001
dzolotov/quant,202.0,202.0,1,0,171.60000000000002
dzwicker/wicket-svg,238.0,173.0,1,0,174.4
e-Contract/eid-applet,2342.0,2151.0,1,0,1807.2000000000003
e-Contract/mycarenet,5222.0,3158.0,1,0,3362.0
e-motions/emotions2maude_behavior,36.0,36.0,0,0,28.8
e32wong/clocom,100.0,100.0,1,0,90.0
eBay/WebRex,1846.0,1366.0,1,0,1294.8000000000002
eBay/embedded-druid,138.0,96.0,1,0,103.60000000000001
eBay/geosense,148.0,111.0,1,0,113.60000000000001
eBay/myriad,418.0,316.0,1,0,303.6
eBay/oink,684.0,475.0,1,0,473.6
eBay/parallec-plugins,34.0,34.0,0,0,27.200000000000003
eBay/reactive-source,696.0,503.0,1,0,489.6
eFaps/eFaps-Kernel,1250.0,1250.0,1,0,1010.0
eNnillaMS/MineJobs,218.0,215.0,1,0,183.2
ePages-de/restdocs-wiremock,138.0,138.0,1,0,120.4
eXsio/congregation-assistant,456.0,456.0,1,0,374.8
eamelink/play-jpastats,160.0,160.0,1,0,138.0
eark-project/dm-hdfs-storage,82.0,82.0,1,0,75.60000000000001
earlye/dropwizard-multi-config,220.0,136.0,1,0,152.4
eatnumber1/google-gson,2158.0,1406.0,1,0,1435.6
eatnumber1/javautil,448.0,448.0,1,0,368.40000000000003
eaudeweb/sdmx2rdf,408.0,304.0,1,0,294.8
eb4j/eb4j,324.0,324.0,1,0,269.2
ebayopensource/turmeric-monitoring,2880.0,2880.0,1,0,2314.0
ebean-orm-examples/example-java8,332.0,223.0,1,0,232.0
ebean-orm/avaje-ebeanorm-querybean,806.0,503.0,1,0,533.6
ebean-orm/finder-generator,2050.0,1270.0,1,0,1338.0
ebourg/jsign,374.0,289.0,1,0,275.2
ebourgeois/protobuf-client-server,66.0,64.0,1,0,62.0
ecabrerar/taller-desarrollo-web-java,586.0,586.0,1,0,478.8
echin94/AgeCalculator,28.0,28.0,0,0,22.400000000000002
ecki/jmhbench-cryptospeed,204.0,115.0,1,0,137.60000000000002
ecki/seeburger-vfs2,628.0,484.0,1,0,454.80000000000007
eclecticlogic/pedal-loader,224.0,158.0,1,0,162.8
eclecticlogic/whisper,182.0,134.0,1,0,136.4
eclipse/cft,1752.0,1752.0,1,0,1411.6000000000001
eclipse/dawnsci,3468.0,3468.0,1,0,2784.4
eclipse/eclipse-collections-kata,226.0,187.0,1,0,175.2
eclipse/eclipselink.runtime,55180.0,55180.0,1,0,44154.0
eclipse/elk,2130.0,2130.0,1,0,1714.0
eclipse/sisu.mojos,112.0,76.0,1,0,85.2
eclipse/sisu.plexus,934.0,734.0,1,0,677.2
eclipse/smarthome,242330.0,127135.0,1,0,147796.0
ecologylab/BigSemanticsWrapperRepository,2510.0,2510.0,1,0,2018.0
ecosur-infonomia/ecosur-custom-ingesters,56.0,56.0,1,0,54.800000000000004
ecrit/pharmacy_at,824.0,824.0,1,0,669.2
ecu-sle-lab/seng6245-imp-stage1,100.0,100.0,1,0,90.0
ecu-sle-lab/seng6245-intro-examples,34.0,34.0,0,0,27.200000000000003
edanuff/JoSQL,588.0,427.0,1,0,416.0
eddspencer/number-to-words,46.0,33.0,0,0,31.6
eddysystems/eddy,438.0,438.0,1,0,360.40000000000003
ederst/ccr-parameter-plugin,298.0,194.0,1,0,206.8
edescourtis/actor,76.0,59.0,1,0,64.0
edjacob25/stuff,46.0,46.0,0,0,36.800000000000004
edkuqo/spring-amqp,300.0,203.0,1,0,211.2
edmcouncil/rdf-toolkit,444.0,444.0,1,0,365.20000000000005
edmunds/etm-core,474.0,474.0,1,0,389.20000000000005
edouardhue/comeon,412.0,412.0,1,0,339.6
eduanc/PPMC,74.0,74.0,1,0,69.2
eduardoguzman/sisob-data-extractor,3336.0,3336.0,1,0,2678.8
educloudalliance/xroad-rest-gateway,152.0,152.0,1,0,131.60000000000002
edulify/play-sitemap-module.edulify.com,138.0,138.0,1,0,120.4
edulopez44/GravityX,68.0,68.0,1,0,64.4
eduosi/Mcrypt,314.0,237.0,1,0,230.40000000000003
eduosi/cas-client-support,44.0,44.0,0,0,35.2
edvin/fxldemo,46.0,36.0,0,0,32.800000000000004
edward-yakop/flexmojos,4930.0,4930.0,1,0,3954.0
edwardcapriolo/nibiru,956.0,701.0,1,0,672.8000000000001
eedrummer/ccr-importer,788.0,557.0,1,0,548.0
eeichinger/jcurl,130.0,92.0,1,0,98.80000000000001
eeue56/relearn-yourself-a-java,14.0,14.0,0,0,11.200000000000001
eevans/twissandra-j,432.0,326.0,1,0,313.20000000000005
ef-labs/vertx-when,338.0,244.0,1,0,242.8
efsavage/ajah,3032.0,3032.0,1,0,2435.6
egavard/humfray,176.0,129.0,1,0,132.0
eggsy84/spring-boot-frontend,114.0,81.0,1,0,88.0
egidisa/LiveBet,352.0,352.0,1,0,291.6
egillespie/performance-playground,54.0,52.0,1,0,52.400000000000006
egonw/bioclipse.ons,290.0,290.0,1,0,242.0
ehab-abdelhamid/GraMi,666.0,666.0,1,0,542.8000000000001
ehaikyu/DataAnalysisWin,1926.0,1916.0,1,0,1546.8000000000002
eiabea/LearningJavaTheStudentWay,26.0,26.0,0,0,20.8
eidoscode/builder-pattern-sample,120.0,81.0,1,0,90.4
eis/dom4j-example,52.0,38.0,1,0,46.0
eisental/etCommon,122.0,83.0,1,0,92.0
eishub/BW4T,4146.0,3062.0,1,0,2893.2
eitchnet/ch.eitchnet.privilege,204.0,204.0,1,0,173.20000000000002
eitchnet/strolch,7236.0,5305.0,1,0,5026.4
ejw0013/vegemite-smoothie,208.0,208.0,1,0,176.4
eknkc/a-cma,596.0,596.0,1,0,486.8
ekoontz/Lily,2796.0,2591.0,1,0,2164.8
ekoshkin/teamcity-azure-active-directory,140.0,105.0,1,0,108.0
eksopl/asagi,328.0,240.0,1,0,237.20000000000002
elBukkit/MagicPlugin,7116.0,6468.0,1,0,5443.6
elastic/elasticsearch,18612.0,18611.0,1,0,14899.2
elastic/elasticsearch-analysis-stempel,80.0,80.0,1,0,74.0
elastic/elasticsearch-cloud-aws,138.0,138.0,1,0,120.4
elastic/elasticsearch-lang-python,64.0,64.0,1,0,61.2
elastic/elasticsearch-mapper-attachments,298.0,298.0,1,0,248.4
elastic/elasticsearch-metrics-reporter-java,214.0,161.0,1,0,160.0
elastic/elasticsearch-transport-thrift,88.0,88.0,1,0,80.4
elastic/securemock,180.0,106.0,1,0,124.4
elastic/shield-custom-realm-example,56.0,56.0,1,0,54.800000000000004
elasticsoftwarefoundation/elasticactors,2762.0,1935.0,1,0,1888.8
eldemcan/markettsp,214.0,214.0,1,0,181.20000000000002
eldridge/jira-mailhandler-aliased,74.0,74.0,1,0,69.2
elelpublic/resthelper,74.0,73.0,1,0,68.80000000000001
eleme/hackathon-2015,348.0,348.0,1,0,288.40000000000003
elephantscale/hbase-book,244.0,205.0,1,0,189.60000000000002
elexis/elexis-3-portguide,6.0,6.0,0,0,4.800000000000001
elezar/testmailserver,224.0,137.0,1,0,154.4
elias54/Fake-Ores-2,286.0,240.0,1,0,220.4
eliasruizhz/GOOGLE-Calendar-API-Insert-Example,8.0,8.0,0,0,6.4
elimelec/hr,486.0,486.0,1,0,398.8
eliotk/OpenExo,10.0,10.0,0,0,8.0
ellepannitto/Progetto_Java,24.0,24.0,0,0,19.200000000000003
elliotledger/petla-api,74.0,74.0,1,0,69.2
elliottsj/nextbusapi,270.0,270.0,1,0,226.0
elminsterjimmy/PSN-API,240.0,240.0,1,0,202.0
elmot/vaadin-transactional-container-addon,416.0,258.0,1,0,279.6
elodina/dropwizard-kafka-http,94.0,68.0,1,0,74.80000000000001
elorabella/kittenquest,110.0,80.0,1,0,86.0
emabrey/JavaRTMP,148.0,135.0,1,0,123.2
email2vimalraj/CucumberExtentReporter,128.0,93.0,1,0,98.4
emboss/krypt-core-java,184.0,181.0,1,0,156.0
emboss/siphash-java,104.0,74.0,1,0,81.2
embulk/embulk-output-gcs,126.0,104.0,1,0,102.0
emcconsulting/enhanced-pet-clinic,636.0,469.0,1,0,452.0
emcconsulting/enhanced-petclinic,634.0,466.0,1,0,450.0
ementalo/TeleConfirmLite,116.0,85.0,1,0,90.4
emeric254/Java-STRI-S4,180.0,180.0,1,0,154.0
emfjson/emfjson-mongo,322.0,196.0,1,0,217.20000000000002
emicklei/jcollectd-jboss,34.0,34.0,0,0,27.200000000000003
emicklei/selfdiagnose,712.0,552.0,1,0,515.6
emigonza/POStest,442.0,442.0,1,0,363.6
emilybache/Single-Sign-On-Kata,76.0,76.0,1,0,70.80000000000001
emmanuelbernard/hibernate-ogm-old,394.0,390.0,1,0,323.6
emmanuelbernard/visitors-pit-of-hell,36.0,36.0,0,0,28.8
emmt/TiPi,910.0,881.0,1,0,726.4000000000001
emop/ClickGate,192.0,192.0,1,0,163.60000000000002
emop/TaodianApi,148.0,113.0,1,0,114.4
empeeoh/BACnet4J,3230.0,1980.0,1,0,2094.0
emris/BCTFCcrossover,706.0,619.0,1,0,540.0
enableiot/iotanalytics-backend,546.0,421.0,1,0,396.8
encog/encog-sample-java,44.0,31.0,0,0,30.0
endercrest/ColorCube,420.0,311.0,1,0,302.4
endgameinc/storm-metrics-statsd,86.0,64.0,1,0,70.0
endymuhardin/belajar-restful,492.0,459.0,1,0,390.40000000000003
endymuhardin/contoh-jee6,222.0,222.0,1,0,187.60000000000002
enguerrand/xdat,282.0,282.0,1,0,235.60000000000002
enioka/jqm,1310.0,1310.0,1,0,1058.0
enis/gora,1268.0,929.0,1,0,888.8000000000001
enixjin/TMS,186.0,186.0,1,0,158.8
enjoy0924/plum-distribute,1608.0,1032.0,1,0,1066.0
enorvelle/AddressDiscoverer,578.0,578.0,1,0,472.40000000000003
enricobacis/storm-joiner,96.0,88.0,1,0,83.60000000000001
enricozb/SplitWorlds,74.0,74.0,1,0,69.2
enterprisegeeks/java8_study,170.0,122.0,1,0,126.80000000000001
entrobe/sc-recommendations,150.0,125.0,1,0,120.0
entrusc/Pi-RC-Switch,68.0,52.0,1,0,58.0
enviroCar/enviroCar-tools,658.0,553.0,1,0,494.4
eonum/pipeline,384.0,349.0,1,0,303.20000000000005
epappas/booking-java-stub,218.0,155.0,1,0,159.2
epiresdasilva/cte-multi-table-bulk-id-stategy,288.0,200.0,1,0,205.2
epokmedia/storm-local-multilang,40.0,40.0,0,0,32.0
eponvert/upparse,492.0,363.0,1,0,352.0
eraether/WatchWordBot,126.0,95.0,1,0,98.4
erdikoch/OZU-CS320-Group-IRREGULAR,94.0,94.0,1,0,85.2
eregon/mozart-graal,304.0,300.0,1,0,251.60000000000002
eric-lemesre/OpenConcerto,6642.0,6642.0,1,0,5323.6
ericbarnhill/barnhill-ij-toolkit,84.0,84.0,1,0,77.2
ericdahl/spring-boot-github-oauth,114.0,82.0,1,0,88.4
erichVK5/FootprintTextForPCB,28.0,28.0,0,0,22.400000000000002
erichVK5/WilkinsonPowerDividerFootprintGenerator,6.0,6.0,0,0,4.800000000000001
erichVK5/image2footprint,6.0,6.0,0,0,4.800000000000001
erichVK5/translate2geda,140.0,140.0,1,0,122.0
erickrar/pgm-java,76.0,76.0,1,0,70.80000000000001
erickzanardo/gson2xml,36.0,36.0,0,0,28.8
erikzielke/model_generator,210.0,153.0,1,0,155.2
erimatnor/PhonePledge,470.0,327.0,1,0,328.8
ernieyu/Swing-range-slider,40.0,30.0,0,0,28.0
ernieyu/simple-feed-parser,142.0,127.0,1,0,117.60000000000001
ervandew/formic,2084.0,1410.0,1,0,1407.6
erwinvaneyk/Dragons-Arena,608.0,462.0,1,0,438.0
erwolff/nodus,568.0,402.0,1,0,398.0
esadykov/log-analyzer,160.0,117.0,1,0,120.80000000000001
esaito/ExemplosDemoiselle,1210.0,1210.0,1,0,978.0
esbtools/esb-gateways,774.0,512.0,1,0,524.4000000000001
esbtools/esb-message-admin,18068.0,9651.0,1,0,11097.6
esbtools/event-handler,676.0,484.0,1,0,474.00000000000006
eschoenawa/MRTPath,118.0,118.0,1,0,104.4
escidoc-ng/escidoc-ng,2478.0,1680.0,1,0,1673.2
eseifert/vectorgraphics2d,288.0,288.0,1,0,240.4
esendex/esendex-java-sdk,1986.0,1238.0,1,0,1299.6000000000001
esha/spring-boot-starter-axon,128.0,90.0,1,0,97.2
eskatos/asadmin,566.0,417.0,1,0,403.20000000000005
esotericizm/BitquarkJ,2970.0,2035.0,1,0,2012.0
espenhw/maven-trang-plugin,26.0,26.0,0,0,20.8
espeo/vertx-microservice-archetype,88.0,68.0,1,0,72.4
espernet/caroline,58.0,58.0,1,0,56.400000000000006
esteban-flores/em,370.0,360.0,1,0,302.0
esteinberg/plantuml4idea,318.0,318.0,1,0,264.4
estevaosaleme/PlaySEM_SEVideoPlayer,110.0,110.0,1,0,98.0
eswaraj/platform,2748.0,2748.0,1,0,2208.4
esz/jsonrpc,502.0,351.0,1,0,351.20000000000005
etcinitd/jalf,610.0,450.0,1,0,434.0
etdube/pdi-fastjsoninput-plugin,400.0,238.0,1,0,265.2
etecture/dynamic-messages,226.0,176.0,1,0,170.8
etecture/dynamic-repositories,438.0,438.0,1,0,360.40000000000003
etecture/dynamic-resources,614.0,614.0,1,0,501.20000000000005
eteration/glassmaker,904.0,904.0,1,0,733.2
eternnoir/MCRest,144.0,136.0,1,0,122.0
etsy/jenkins-deployinator,96.0,96.0,1,0,86.80000000000001
eucalyptus/bodega,110.0,104.0,1,0,95.6
eugene-krivosheyev/async-task-manager,132.0,98.0,1,0,102.0
eugenebell/IoT-API-Microservice,236.0,175.0,1,0,174.4
eurekin/cv,40.0,40.0,0,0,32.0
eurismarpires/fabricaES_MuralUFG,148.0,148.0,1,0,128.4
eurra/flexbuilders,152.0,146.0,1,0,129.20000000000002
evanchsa/eik,3615.0,2480.0,1,0,2448.0
eventsourcing/es4j-graphql,78.0,77.0,1,0,72.0
eveoh/blackboard-mytimetable,160.0,127.0,1,0,124.80000000000001
eveoh/mytimetable-api-client,126.0,96.0,1,0,98.80000000000001
eveoh/sakai-mytimetable,296.0,226.0,1,0,218.8
everit-org-archive/http-context-simple,100.0,72.0,1,0,78.8
everit-org-archive/querydsl-support-api,70.0,50.0,1,0,58.0
everit-org/authentication-cas-ecm,278.0,256.0,1,0,223.60000000000002
everit-org/authentication-context-ri-ecm,226.0,204.0,1,0,182.0
everit-org/authentication-http-form,70.0,50.0,1,0,58.0
everit-org/authentication-http-session,70.0,50.0,1,0,58.0
everit-org/authentication-oauth2-api,66.0,47.0,1,0,55.2
everit-org/authentication-oauth2-ri-ecm,288.0,288.0,1,0,240.4
everit-org/authentication-simple,76.0,76.0,1,0,70.80000000000001
everit-org/authenticator-api,58.0,41.0,1,0,49.60000000000001
everit-org/authnr-permission-checker-api,66.0,47.0,1,0,55.2
everit-org/authnr-qdsl-util-api,66.0,47.0,1,0,55.2
everit-org/blobstore-jdbc-ecm,126.0,126.0,1,0,110.80000000000001
everit-org/blobstore-mem-ecm,168.0,127.0,1,0,128.0
everit-org/commons-dbcp-ecm,240.0,188.0,1,0,181.2
everit-org/ecm-annotation,246.0,182.0,1,0,181.2
everit-org/ecm-annotation-metadatabuilder,152.0,108.0,1,0,114.0
everit-org/ecm-util-method,148.0,106.0,1,0,111.60000000000001
everit-org/email-javamail-dkim-ecm,186.0,139.0,1,0,140.0
everit-org/email-queue,172.0,124.0,1,0,128.4
everit-org/email-store-ri-ecm,252.0,209.0,1,0,194.40000000000003
everit-org/eosgi-maven-plugin,140.0,140.0,1,0,122.0
everit-org/expression-mvel,124.0,87.0,1,0,94.4
everit-org/jetty-server-api,86.0,62.0,1,0,69.2
everit-org/liquibase-ecm,114.0,114.0,1,0,101.2
everit-org/liquibase-ext-osgi,198.0,145.0,1,0,147.2
everit-org/osgi-xmlcommons-full,178.0,115.0,1,0,127.2
everit-org/password-encryptor-pbkdf2,70.0,50.0,1,0,58.0
everit-org/resource-resolver-api,62.0,44.0,1,0,52.400000000000006
everit-org/resource-ri,156.0,114.0,1,0,118.0
everit-org/sms-esendex,62.0,44.0,1,0,52.400000000000006
everit-org/templating-api,70.0,50.0,1,0,58.0
everit-org/templating-text,218.0,158.0,1,0,160.4
everit-org/transaction-map-readcommited,130.0,92.0,1,0,98.80000000000001
everit-org/transaction-unchecked,102.0,74.0,1,0,80.4
everit-org/webresource,306.0,237.0,1,0,227.20000000000002
evgenyigumnov/common,330.0,247.0,1,0,240.8
evolsnow/socks-server,173.0,161.0,1,0,143.60000000000002
evolvingstuff/MonaLisa,52.0,52.0,1,0,51.6
evolvingstuff/SimpleLSTM,38.0,38.0,0,0,30.400000000000002
evrignaud/fim,984.0,730.0,1,0,695.6
ewaldinho/nanovm,346.0,346.0,1,0,286.8
ewestfal/rice-xml-converter,100.0,75.0,1,0,80.0
ewhauser/protobuf-java-format,240.0,191.0,1,0,182.4
ewidgetfx/ewidgetfx,414.0,381.0,1,0,328.0
ewolff/SCS-ESI,176.0,176.0,1,0,150.8
ewolff/spring-boot-demos,388.0,274.0,1,0,274.8
excella-core/excella-reports,882.0,645.0,1,0,620.8
excelsior-oss/excelsior-jet-api,310.0,225.0,1,0,224.0
excilys/spring-dbunit,568.0,410.0,1,0,401.20000000000005
exercism/xjava,1036.0,1036.0,1,0,838.8000000000001
exo-addons/brand-advocacy,2292.0,1405.0,1,0,1488.8000000000002
exo-addons/cmis-search-connector,50.0,50.0,0,0,40.0
exo-addons/exchange-extension,246.0,180.0,1,0,180.4
exo-addons/exo-es-search,320.0,320.0,1,0,266.0
exo-addons/remove-my-account,612.0,390.0,1,0,410.8
exo-addons/wiki-rdbms,1074.0,708.0,1,0,722.8
exoplatform/cmis-addon,222.0,222.0,1,0,187.60000000000002
exoplatform/social-client-java,284.0,284.0,1,0,237.20000000000002
expkg-zone58/ex-xparse,128.0,128.0,1,0,112.4
extjwnl/extjwnl,1212.0,882.0,1,0,847.6
extrema/jetty-embedded,64.0,64.0,1,0,61.2
eyesniper2/skRayFall,492.0,492.0,1,0,403.6
ezScrum/ezScrum,5646.0,5646.0,1,0,4526.8
ezbake/ezbake-batch,250.0,250.0,1,0,210.0
ezbake/ezbake-data-access,1794.0,1794.0,1,0,1445.2
ezbake/ezbake-training,184.0,184.0,1,0,157.20000000000002
ezbake/ezbakehelpers-hdfsutils,34.0,34.0,0,0,27.200000000000003
ezbake/redisMQ,44.0,44.0,0,0,35.2
ezbuy/tgen,366.0,366.0,1,0,302.8
ezeeb/pipes-tinkerforge,136.0,136.0,1,0,118.80000000000001
ezoengine/GKEngine,2054.0,2054.0,1,0,1653.2
ezraerb/nflodap,76.0,76.0,1,0,70.80000000000001
f1337m4573r/NoCheatPlus,214.0,214.0,1,0,181.20000000000002
fabiankessler/readonly-embedded-dbs-benchmark,212.0,160.0,1,0,158.8
fabianm/brainfuck-java,92.0,70.0,1,0,74.80000000000001
fabiopetroni/VGP,82.0,82.0,1,0,75.60000000000001
fabiophillip/calculadoralib,158.0,105.0,1,0,115.2
fabiosarts/SocialNetwork,276.0,205.0,1,0,202.4
fabioz/eclipse.spellchecker,206.0,206.0,1,0,174.8
fabric8io/data-mapper,3390.0,2546.0,1,0,2384.4
fabric8io/docker-client,4352.0,2471.0,1,0,2739.2000000000003
fabric8io/docker-maven-plugin,1510.0,1033.0,1,0,1027.2
fabric8io/kubernetes-zipkin,406.0,279.0,1,0,284.0
fabric8io/openshift-elasticsearch-plugin,280.0,207.0,1,0,204.8
fabrician/allocation-failure-custom-condition,30.0,30.0,0,0,24.0
fabrician/apache-httpd-enabler,70.0,70.0,1,0,66.0
fahadkalil/EDD_2014_2,22.0,22.0,0,0,17.6
faisal-hameed/java-code-bank,152.0,152.0,1,0,131.60000000000002
falconair/lowlevelfix,170.0,122.0,1,0,126.80000000000001
famaridon/vdoc-maven-plugin,250.0,179.0,1,0,181.60000000000002
fangjian0423/mybatis-helper,148.0,106.0,1,0,111.60000000000001
fangzy/spring-redis-plugin,398.0,276.0,1,0,279.6
fanout/java-gripcontrol,140.0,103.0,1,0,107.2
fanyingming/JingDongDataMining,200.0,200.0,1,0,170.0
farescom/TTSClient,128.0,128.0,1,0,112.4
farina-game/farina,82.0,78.0,1,0,74.0
farina-game/farina-server,70.0,56.0,1,0,60.400000000000006
farukcank/jmdns,598.0,453.0,1,0,430.40000000000003
faryu/power-capturelyse,230.0,230.0,1,0,194.0
fastcat-co/fastcatsearch,7060.0,5165.0,1,0,4900.0
fastcat-co/fastcatsearch3,7264.0,5292.0,1,0,5032.400000000001
fastconnect/tibco-codereview,1010.0,1010.0,1,0,818.0
fastconnect/tibco-fcunit,664.0,664.0,1,0,541.2
fastnsilver/gwt-datehandling-example,328.0,222.0,1,0,230.00000000000003
fayder/restcountries,422.0,287.0,1,0,293.6
fbaligand/lognavigator,266.0,258.0,1,0,219.60000000000002
fbernitt/logparser,338.0,251.0,1,0,245.60000000000002
fbiville/liquigraph,882.0,644.0,1,0,620.4000000000001
fchauvel/trio,5080.0,2886.0,1,0,3196.4
fcrepo3/fcrepo,6252.0,6232.0,1,0,5003.6
fcrepo4-exts/fcrepo-audit,284.0,169.0,1,0,191.20000000000002
fcrepo4-labs/fcrepo-namespace-util,236.0,133.0,1,0,157.60000000000002
fcrepo4-labs/fcrepo4-swordserver,382.0,231.0,1,0,255.20000000000002
fcrespel/jenkins-cas-plugin,578.0,364.0,1,0,386.8
fdagostini/ExemplosJavaSE,280.0,280.0,1,0,234.0
fdicerbo/fiware-dba,586.0,382.0,1,0,397.20000000000005
federicopastore/TibcoBuilder,308.0,193.0,1,0,210.4
feedzai/fos-r,76.0,76.0,1,0,70.80000000000001
feedzai/pdb,344.0,344.0,1,0,285.2
feldim2425/MoreOverlays,204.0,160.0,1,0,155.60000000000002
feldoh/JZookeeperEdit,74.0,60.0,1,0,63.6
felipebz/sonar-plsql,2410.0,1760.0,1,0,1678.0
felipedelcampo/TBrindes,16.0,16.0,0,0,12.8
felipesere/collection-json-parser,510.0,372.0,1,0,362.8
fellow99/every-cloud,2458.0,1788.0,1,0,1708.4
fengsage/jfinal-admin-gen,258.0,191.0,1,0,189.60000000000002
fengyouchao/sockslib,1558.0,980.0,1,0,1025.2
fenix-framework/fenix-framework,9780.0,5921.0,1,0,6290.4
ferdiknight/bloomfilter,62.0,45.0,1,0,52.8
fergunet/GPRuleRefinement,98.0,98.0,1,0,88.4
ferhaterdassade/acarsanServer,145.0,145.0,1,0,126.0
fernandonogueira/java-api-blueprint-generator,124.0,90.0,1,0,95.6
fernandospr/java-wns,588.0,363.0,1,0,390.40000000000003
fernandospr/javapns-jdk16,508.0,380.0,1,0,365.20000000000005
ferrufino/VideoJuegosITESM,370.0,370.0,1,0,306.0
ffacon/tapestry5-angular-demo,1898.0,1351.0,1,0,1309.6
ffalchi/it.cnr.isti.vir,833.0,832.0,1,0,676.0
ffray/maven-dependencytransfer-plugin,64.0,44.0,1,0,53.2
ffromm/build-blocker-plugin,206.0,135.0,1,0,146.4
fgavilondo/neo4j-webgraph,384.0,278.0,1,0,274.8
fge/grappa,962.0,756.0,1,0,697.2
fge/grappa-tracer-backport,82.0,81.0,1,0,75.2
fge/jsonschema2pojo,894.0,732.0,1,0,660.4000000000001
fhanik/sirenofshame-java,76.0,76.0,1,0,70.80000000000001
fhcampuswien/atom,3054.0,2864.0,1,0,2377.2000000000003
fhermeni/from-entropy,1800.0,1800.0,1,0,1450.0
fhg-fokus-nubomedia/nubomedia-media-client,264.0,166.0,1,0,182.0
fhocutt/jwbf-test,68.0,68.0,1,0,64.4
fhopf/lucene-solr-talk,612.0,612.0,1,0,499.6
fhuberts/ece2013_semver,212.0,212.0,1,0,179.60000000000002
fhuberts/musicTreePrograms,1960.0,1958.0,1,0,1577.2
fhussonnois/storm-hazelcast,88.0,63.0,1,0,70.4
fi-content2-games-platform/FIcontent.Gaming.Enabler.Leaderboard,182.0,182.0,1,0,155.6
fibon/maven-confluence-plugin,50.0,50.0,0,0,40.0
fiji/AnalyzeSkeleton,162.0,107.0,1,0,117.6
fiji/SPIM_Registration,3866.0,2412.0,1,0,2521.2000000000003
fikr4n/iclib-java,64.0,64.0,1,0,61.2
filipemb/HSQLDBPersistence,190.0,190.0,1,0,162.0
fillumina/PerformanceTools,1256.0,886.0,1,0,866.8000000000001
filonsegundo/CasePoo,198.0,198.0,1,0,168.4
findusl/KarteikartenMemory,50.0,50.0,0,0,40.0
fingahoverit/neo4j-neo4j_ogm,180.0,141.0,1,0,138.4
finmath/finmath-lib,2784.0,2296.0,1,0,2042.0000000000002
finn-no/serdes-shootout,136.0,123.0,1,0,113.60000000000001
finn-no/unleash-client-java,238.0,172.0,1,0,174.0
finnyb/javampd,1348.0,999.0,1,0,948.8000000000001
fipro78/e4translationexample,212.0,212.0,1,0,179.60000000000002
fireandfuel/MetroProgressIndicator,66.0,52.0,1,0,57.2
fireduck64/jelectrum,838.0,638.0,1,0,600.4000000000001
firepick1/FireBOM,734.0,490.0,1,0,499.6
fireshort/spring-boot-quickstart,1064.0,714.0,1,0,721.2
firmanali/6306121099,10.0,10.0,0,0,8.0
first-team-58/2014-Krugelfang,1832.0,1832.0,1,0,1475.6000000000001
fit2cloud/fit2cloud-general-java-sdk,234.0,161.0,1,0,168.0
fiware-cybercaptor/cybercaptor-server,958.0,648.0,1,0,652.4000000000001
fixteam/fixflow,8652.0,8652.0,1,0,6931.6
fizmo/dropwizard-bundle-guice,182.0,126.0,1,0,133.2
fjakop/ngcalsync,656.0,484.0,1,0,466.00000000000006
fjam/os-project,40.0,40.0,0,0,32.0
fjorum/fjorum,762.0,471.0,1,0,503.20000000000005
flapdoodle-oss/de.flapdoodle.apache.pivot,654.0,395.0,1,0,429.6
flashy3/Galacticraft-Planets,366.0,366.0,1,0,302.8
flaxsearch/BioSolr,2746.0,2746.0,1,0,2206.8
flaxsearch/hackday,806.0,806.0,1,0,654.8000000000001
flemouel/taxi-trace,62.0,62.0,1,0,59.6
flexgp/FCUBE,176.0,176.0,1,0,150.8
flexiblepower/powermatcher,1120.0,1120.0,1,0,906.0
flextao/inflector,68.0,52.0,1,0,58.0
flightstats/hub,1748.0,1379.0,1,0,1260.8000000000002
flipkart-incubator/ranger,466.0,320.0,1,0,324.4
flipkart-incubator/storm-mysql,280.0,206.0,1,0,204.4
flipkart-incubator/zjsonpatch,262.0,181.0,1,0,187.20000000000002
floatec/meteor-storm-libGDX,152.0,115.0,1,0,116.80000000000001
flok99/CoffeeSaint,172.0,172.0,1,0,147.6
floragunncom/search-guard,2026.0,1163.0,1,0,1285.6000000000001
floragunncom/search-guard-ssl,336.0,253.0,1,0,245.60000000000002
florentp/spring-simplejdbcupdate,50.0,50.0,0,0,40.0
floric/DBV_Scheibenwischer,10.0,10.0,0,0,8.0
florinpatrascu/jpublish,2442.0,2291.0,1,0,1903.2000000000003
flosell/ultrahook-java-client,186.0,139.0,1,0,140.0
flow/cache,194.0,133.0,1,0,140.8
flow/caustic,950.0,606.0,1,0,632.4
flow/persistence,584.0,386.0,1,0,398.0
flowdock/jenkins-flowdock-plugin,202.0,129.0,1,0,142.4
flower-platform/flower-platform-arduino-ide-plugin,154.0,154.0,1,0,133.2
flqw/ScreensFramework,42.0,42.0,0,0,33.6
flsusp/http-queue,306.0,200.0,1,0,212.4
fluffypaws/prefect,200.0,139.0,1,0,145.6
fluo-io/webindex,700.0,515.0,1,0,496.0
fluxroot/flux,358.0,290.0,1,0,269.20000000000005
flyaruu/tasman,920.0,892.0,1,0,734.8
flyerhzm/contactlist,102.0,102.0,1,0,91.60000000000001
fmantz/DPF_Text,750.0,750.0,1,0,610.0
fmarchioni/mastertheboss,266.0,266.0,1,0,222.8
fmichel/MaDKit-demos,136.0,136.0,1,0,118.80000000000001
fomkin/native-dependency-maven-plugin-base,178.0,132.0,1,0,134.0
fommil/openssh-java,102.0,73.0,1,0,80.0
fonfica/gradle4eclipse,110.0,110.0,1,0,98.0
foo4u/spring-mvc-cache-control,114.0,114.0,1,0,101.2
foondation/tutorials-java,48.0,48.0,0,0,38.400000000000006
forairan/vcpu,102.0,71.0,1,0,79.2
forax/vmboiler,240.0,225.0,1,0,196.0
forcedotcom/DeskApiClient-Java,1550.0,967.0,1,0,1016.8
forcedotcom/SiteCrawler,160.0,120.0,1,0,122.0
forcedotcom/salesforce-datacom-api-java-client,184.0,135.0,1,0,137.60000000000002
fordfrog/apgdiff,1620.0,1219.0,1,0,1145.6
forge/angularjs-addon,484.0,356.0,1,0,346.0
forge/core,19108.0,13662.0,1,0,13118.0
forge/furnace,5556.0,3844.0,1,0,3770.0
forge/javaee-descriptors,8638.0,6524.0,1,0,6074.800000000001
forgedbits/cfjirajqlfp,88.0,88.0,1,0,80.4
formcept/formcept-enhancer,92.0,64.0,1,0,72.4
fornwall/android-jarsigner,74.0,74.0,1,0,69.2
foundation-runtime/service-directory,1090.0,1090.0,1,0,882.0
fozziethebeat/S-Space,7934.0,4944.0,1,0,5161.200000000001
fp7-alien/test_harness,72.0,72.0,1,0,67.6
fp7-netide/Engine,1484.0,1484.0,1,0,1197.2
fp7-netide/IDE,1278.0,1278.0,1,0,1032.4
fpetrola/humo,170.0,170.0,1,0,146.0
fpw/uosl,558.0,558.0,1,0,456.40000000000003
fracpete/multisearch-weka-package-examples,88.0,63.0,1,0,70.4
fracpete/ptstemmer-weka-package,132.0,89.0,1,0,98.4
fraisse/jbehave-desktop,146.0,142.0,1,0,125.20000000000002
framegrace/beume,132.0,102.0,1,0,103.60000000000001
francesc79/test-procrun,136.0,99.0,1,0,104.0
francis-liberty/oj,280.0,280.0,1,0,234.0
francisBorromeo/zoom07,170.0,170.0,1,0,146.0
franciscaconcha/ProyectoLogisim,8094.0,8094.0,1,0,6485.200000000001
francisliu/hbase,5910.0,4491.0,1,0,4170.4
francoisledroff/force-cq,206.0,206.0,1,0,174.8
frangelh/bibliofilo,166.0,166.0,1,0,142.8
frankbille/ScoreBoard,1602.0,1034.0,1,0,1064.4
frasiek/java-studiies-projects,1270.0,1270.0,1,0,1026.0
fraunhoferfokus/govapps,4914.0,3365.0,1,0,3321.6000000000004
frc2399/2013-code-v3,118.0,118.0,1,0,104.4
fred4jupiter/fredbet,3036.0,2280.0,1,0,2136.4
fredericjoanis/crc-scoreboard,1340.0,1340.0,1,0,1082.0
frederikhappel/graylog2-plugin-alarmcallback-nsca,36.0,35.0,0,0,28.4
frederikkaspar/Kaspar,410.0,410.0,1,0,338.0
fredorange/JLInX,384.0,384.0,1,0,317.20000000000005
fredtargaryen/Floocraft,712.0,492.0,1,0,491.6
freeacs/dbi,262.0,262.0,1,0,219.60000000000002
freeacs/monitor,114.0,114.0,1,0,101.2
freeacs/tr069,368.0,368.0,1,0,304.40000000000003
freeacs/tr069tc,176.0,176.0,1,0,150.8
freeacs/web,1362.0,1362.0,1,0,1099.6000000000001
freecode/paradigm-irc,52.0,52.0,1,0,51.6
freeplane/freeplane,9822.0,7118.0,1,0,6786.0
freerouting/freerouting,2826.0,1933.0,1,0,1913.6000000000001
freesamael/npu-java-course-spring-2015,88.0,88.0,1,0,80.4
freewind/javacc,876.0,578.0,1,0,591.6
freiheit-com/fdc-mock-helper,88.0,71.0,1,0,73.60000000000001
freiheit-com/fdc-serializable-function,252.0,194.0,1,0,188.40000000000003
freiheit-com/fuava_simplebatch,1114.0,903.0,1,0,816.8000000000001
frickler/Html2Rtf,86.0,86.0,1,0,78.8
friesey/PdfEventPrep,112.0,90.0,1,0,90.80000000000001
frincon/openeos,5150.0,4964.0,1,0,4055.6000000000004
frohoff/inspector-gadget,160.0,104.0,1,0,115.6
fromi/spring-google-openidconnect,256.0,158.0,1,0,175.60000000000002
frozen007/LogAnalysis,424.0,328.0,1,0,310.80000000000007
fschopp/java-types,352.0,246.0,1,0,249.20000000000002
ftakiyama/AC-FOVE,990.0,990.0,1,0,802.0
ftsuda82/IntegracaoJBDC,66.0,46.0,1,0,54.800000000000004
fuinorg/ddd-4-java,458.0,337.0,1,0,328.0
fuinorg/event-store-commons,2116.0,1406.0,1,0,1418.8000000000002
fuinorg/event-store-maven-plugin,404.0,266.0,1,0,278.0
fumandito/recruiting-old-style,2080.0,1444.0,1,0,1419.6
funcool/buddy-hashers,46.0,46.0,0,0,36.800000000000004
funkypandagame/protoc-gen-as3,326.0,326.0,1,0,270.8
fusepool/fusepool-ecs,108.0,108.0,1,0,96.4
fusepoolP3/p3-batchrefine,716.0,624.0,1,0,546.0
fusepoolP3/p3-transformer-howto,34.0,34.0,0,0,27.200000000000003
fusesource/hudson-results,52.0,43.0,1,0,48.0
fushar/testerdream,38.0,32.0,0,0,28.0
fusioncharts/jsp-wrapper,248.0,248.0,1,0,208.4
fuzzylite/jfuzzylite,870.0,870.0,1,0,706.0
fwi/fwutil-jdbc,286.0,206.0,1,0,206.8
fylance/tirisa,54.0,54.0,1,0,53.2
g1910/relational-algebra-interpreter-using-antlr-v4,94.0,94.0,1,0,85.2
g4s8/plistconv,236.0,185.0,1,0,178.4
ga4gh/compliance,3048.0,1808.0,1,0,1952.4
gabfssilva/microservices-sample-undertow-cdi-jaxrs,212.0,154.0,1,0,156.4
gabfssilva/rabbitmq-support,272.0,199.0,1,0,198.40000000000003
gabrieldt/Piada_joaozinho,76.0,76.0,1,0,70.80000000000001
gabrielribeirro/pisces,112.0,81.0,1,0,87.2
gabrielsr/bomberman-libgdx,278.0,277.0,1,0,232.0
gabrieltavaresmelo/jPetriNetsSim,303.0,238.0,1,0,226.4
gaetanregaud/Projet_BDS,310.0,310.0,1,0,258.0
gaia-ucm/jbt,648.0,648.0,1,0,528.4
gajduk/TwitterLinkPrediction,160.0,160.0,1,0,138.0
gakuzzzz/xanadu,294.0,194.0,1,0,205.20000000000002
galactocalypse/2048,14.0,14.0,0,0,11.200000000000001
galactocalypse/dots,10.0,10.0,0,0,8.0
galaran/SpL-Editor,68.0,68.0,1,0,64.4
galperie/twu-biblioteca-EllenAndAkon,38.0,38.0,0,0,30.400000000000002
gambitproject/gte,1138.0,1050.0,1,0,885.2
gamers411/nodeka_nembot,76.0,76.0,1,0,70.80000000000001
gammagec/GwtJitsu,178.0,178.0,1,0,152.4
ganesh-karthick/Hadoop,282.0,282.0,1,0,235.60000000000002
gangchen03/netflixbluemix,380.0,380.0,1,0,314.0
ganshane/shakey,1786.0,1124.0,1,0,1174.0
ganskef/LittleProxy-mitm,372.0,245.0,1,0,256.8
garbagetown/hadoop-hands-on,160.0,128.0,1,0,125.2
garcia-jj/google-spelling,94.0,67.0,1,0,74.4
garciaomar/vision,4.0,4.0,0,0,3.2
gardir/INF1010-V16,284.0,284.0,1,0,237.20000000000002
garethahealy/camel-dynamic-loadbalancer,948.0,625.0,1,0,639.2
garnryang/Team8,202.0,202.0,1,0,171.60000000000002
garybentley/quollwriter,2888.0,2886.0,1,0,2319.6000000000004
garyhodgson/tinymce-renderer-plugin,278.0,278.0,1,0,232.4
garypolhill/netlogo-bitstring,66.0,66.0,1,0,62.800000000000004
garys-esri/routing-plus-java,58.0,58.0,1,0,56.400000000000006
gastaldi/jira-maven-plugin,330.0,245.0,1,0,240.0
gatein/gatein-shindig,10346.0,7662.0,1,0,7213.200000000001
gautamsabba/UIFramework,126.0,126.0,1,0,110.80000000000001
gavilancomun/explore-javaFX-3D,70.0,60.0,1,0,62.0
gazman-sdk/quadratic-sieve,46.0,46.0,0,0,36.800000000000004
gbarton/textFileIndexer,112.0,112.0,1,0,99.60000000000001
gbif/common-mybatis,178.0,127.0,1,0,132.0
gbif/registry,3526.0,2567.0,1,0,2447.2
gcauchis/ScalablePress4J,342.0,252.0,1,0,247.60000000000002
gconcon/appengine-guestbookwithguice-java,146.0,104.0,1,0,110.0
gdenning/pushsignal-server,1020.0,682.0,1,0,690.8
gdespres/commons-configuration-zookeeper,208.0,147.0,1,0,152.0
gearpump/gearpump_tap_integration,124.0,87.0,1,0,94.4
gearsystems/twitstream,428.0,367.0,1,0,328.0
geckoboard-java-api/geckoboard-java-api,420.0,311.0,1,0,302.4
geckoboard-java-api/highchart-java-api,352.0,258.0,1,0,254.0
geekdenz/game-ai,98.0,76.0,1,0,79.60000000000001
geektrust/lengaburu-traffic,48.0,48.0,0,0,38.400000000000006
geekybedouin/project_jebr,332.0,332.0,1,0,275.6
gehaxelt/Flink-WikipediaEditCount,188.0,135.0,1,0,139.2
gellegbs/MobLanterns,156.0,156.0,1,0,134.8
gemoc/activitydiagram,3210.0,3210.0,1,0,2578.0
geneos/adempiere,24826.0,24826.0,1,0,19870.800000000003
gengen1988/MobileBO,76.0,76.0,1,0,70.80000000000001
gengkev/eDAB,238.0,238.0,1,0,200.4
genjosanzo/galaxy-ce,3060.0,3050.0,1,0,2454.0
genmymodel/generators,98.0,98.0,1,0,88.4
gentoku/pinnacle-api-client,64.0,64.0,1,0,61.2
genxium/PlayHongKongResort,460.0,460.0,1,0,378.0
geoalgo/voronoiSettlers,306.0,306.0,1,0,254.8
geomajas/geomajas-project-geometry,574.0,390.0,1,0,395.6
geomajas/geomajas-project-sld-editor,1394.0,1086.0,1,0,1002.0
georchestra/cadastrapp,894.0,699.0,1,0,647.2
geoserver/geofence,3328.0,3328.0,1,0,2672.4
geosolutions-it/OpenSDI-Manager2,1088.0,1088.0,1,0,880.4000000000001
geosolutions-it/geobatch,4298.0,4298.0,1,0,3448.4
geosolutions-it/http-proxy,232.0,156.0,1,0,165.20000000000002
geraldox100/avaliacao_online,76.0,76.0,1,0,70.80000000000001
gerrit-review/gerrit,8470.0,8470.0,1,0,6786.0
gerritjvv/pjson,90.0,90.0,1,0,82.0
gesellix/fest-assert-awt-2.x,92.0,92.0,1,0,83.60000000000001
getlantern/kaleidoscope-sim,28.0,28.0,0,0,22.400000000000002
geub/spring-struts-testcase,232.0,171.0,1,0,171.20000000000002
gfkl/Flapparser,64.0,64.0,1,0,61.2
gforcedev/alexml,92.0,92.0,1,0,83.60000000000001
gganebnyi/hdp-yarn-sandbox,70.0,70.0,1,0,66.0
ggasoftware/gga-selenium-framework,2106.0,2106.0,1,0,1694.8000000000002
ggsato/CloudSonar,176.0,176.0,1,0,150.8
ggsm/reversi,362.0,269.0,1,0,262.40000000000003
ghajba/Java,108.0,108.0,1,0,96.4
ghajba/algorithms,44.0,44.0,0,0,35.2
ghasedak/MagfaApi,50.0,50.0,0,0,40.0
ghillert/spring-boot-jsp-demo,260.0,187.0,1,0,188.8
ghostsun/van,294.0,294.0,1,0,245.20000000000002
giagiannis/panic,2004.0,1718.0,1,0,1498.8000000000002
giaunv/bookmarks-rest-oauth2-springboot,56.0,56.0,1,0,54.800000000000004
gigabit101/BaublesHud,212.0,146.0,1,0,153.20000000000002
gigabit101/Talismans,344.0,240.0,1,0,243.6
gigaherz/ElementsOfPower,1942.0,1334.0,1,0,1320.4
gigaherz/Enderthing,220.0,219.0,1,0,185.60000000000002
gigaherz/Survivalist,558.0,388.0,1,0,388.40000000000003
gigya/flume-ng-elasticsearch-ser-ex,50.0,46.0,0,0,38.400000000000006
gilberto-torrezan/gwt-views,240.0,163.0,1,0,171.2
gilberto-torrezan/viacep,146.0,102.0,1,0,109.20000000000002
gildur/SimplePropertiesEditor,68.0,68.0,1,0,64.4
gill3s/opentipbot,618.0,525.0,1,0,467.20000000000005
gilnoh/tl_usage_example,248.0,248.0,1,0,208.4
gilt/flume-logstash-sink,68.0,48.0,1,0,56.400000000000006
gilt/scala-1-day,290.0,290.0,1,0,242.0
gilt/util-dedup,14.0,14.0,0,0,11.200000000000001
ginserra/semantic-search-portlet,284.0,284.0,1,0,237.20000000000002
gioele/xpathapi-jaxp,146.0,106.0,1,0,110.80000000000001
giorgiosironi/game-of-life-modern-java,234.0,181.0,1,0,176.0
giovanebmr/javaifto,866.0,866.0,1,0,702.8000000000001
git-moss/Push2Display,6518.0,6517.0,1,0,5224.0
gitblit/gitblit-smartticketbranches-plugin,440.0,244.0,1,0,283.6
gitblit/google-guice,14166.0,7989.0,1,0,8872.0
gitblit/moxie,930.0,914.0,1,0,747.6
gitchina/springside-3.3.4,8104.0,8104.0,1,0,6493.200000000001
github-ribbon/room-booking,594.0,594.0,1,0,485.20000000000005
githubdemo-organization/githubdemoclass,22.0,22.0,0,0,17.6
giuseppefutia/rdf-public-contracts,138.0,100.0,1,0,105.2
giuseppetotaro/ctakes-clinical-pipeline,72.0,55.0,1,0,60.8
gkopff/logback-raygun,160.0,103.0,1,0,115.2
gkzhong/checkstyle,4008.0,3228.0,1,0,2904.4
gladyscarrizales/calcolatrice,56.0,39.0,1,0,48.0
glefur/s-prototyper,476.0,476.0,1,0,390.8
gleim/rippletx,84.0,65.0,1,0,69.6
glor/Doppelkopf,28.0,25.0,0,0,21.200000000000003
gluster/gmc,1956.0,1956.0,1,0,1574.8000000000002
glyn/Gemini-Blueprint,4556.0,4556.0,1,0,3654.8
glyph/amp-java,84.0,83.0,1,0,76.80000000000001
glyptodon/guacamole-client,20592.0,11530.0,1,0,12858.800000000001
gmh33/Java-CUP-jLex-Example,106.0,106.0,1,0,94.80000000000001
gmind7/bakery-spring-foundation-config,1294.0,857.0,1,0,870.4000000000001
gmlaxfanatic/Contraptions,180.0,180.0,1,0,154.0
gmuecke/whoopdicity,138.0,138.0,1,0,120.4
gnahraf/io-util,996.0,664.0,1,0,674.0
gneuvill/lombok-intellij-plugin,790.0,790.0,1,0,642.0
gnip/support,370.0,370.0,1,0,306.0
gnomezgrave/A-Star,8.0,8.0,0,0,6.4
gnosygnu/xowa,9124.0,9123.0,1,0,7308.800000000001
go1dshtein/flume-regexp-interceptor,88.0,66.0,1,0,71.60000000000001
goaop/idea-plugin,302.0,302.0,1,0,251.60000000000002
gocd-contrib/deb-repo-poller,122.0,122.0,1,0,107.60000000000001
gocd-contrib/script-executor-task,144.0,96.0,1,0,106.0
gocd/go-plugins,554.0,554.0,1,0,453.20000000000005
gokcer/atilim-comodo-java-egitim,42.0,42.0,0,0,33.6
goldenapple3/RFDrills,426.0,358.0,1,0,323.6
goldmann/node-info,88.0,62.0,1,0,70.0
gomathi/merkle-tree,204.0,204.0,1,0,173.20000000000002
goneall/SpdxEclipsePlugin,202.0,202.0,1,0,171.60000000000002
gonmarques/cdi-properties,12070.0,6338.0,1,0,7373.200000000001
google-code-export/ntorrent,1840.0,1424.0,1,0,1315.6
google/K2,346.0,346.0,1,0,286.8
google/allocation-instrumenter,1664.0,854.0,1,0,1017.2
google/android-arscblamer,192.0,192.0,1,0,163.60000000000002
google/binnavi,25130.0,19323.0,1,0,17791.2
google/cloud-reporting,72.0,72.0,1,0,67.6
google/consumer-surveys,102.0,102.0,1,0,91.60000000000001
google/domaintest,1172.0,693.0,1,0,756.0
google/error-prone-javac,16294.0,16294.0,1,0,13045.2
google/firing-range,472.0,472.0,1,0,387.6
google/gmail-oauth2-tools,84.0,84.0,1,0,77.2
google/google-java-format,1606.0,1125.0,1,0,1102.4
google/google-oauth-java-client,620.0,620.0,1,0,506.0
google/ideal,1726.0,1726.0,1,0,1390.8000000000002
google/java-thread-sanitizer,76.0,76.0,1,0,70.80000000000001
google/jimfs,774.0,520.0,1,0,527.6
google/martian-java,256.0,187.0,1,0,187.2
google/nfc-smart-tag,360.0,360.0,1,0,298.0
google/openrtb,208.0,203.0,1,0,174.4
google/openrtb-doubleclick,312.0,307.0,1,0,257.6
google/reagera,32.0,32.0,0,0,25.6
google/rich-test-results,84.0,84.0,1,0,77.2
google/safe-html-types,530.0,389.0,1,0,377.6
googleads/adwords-alerting,538.0,373.0,1,0,374.40000000000003
googleads/aw-reporting,2062.0,1661.0,1,0,1499.2000000000003
googlearchive/appengine-angular-guestbook-java,216.0,180.0,1,0,168.4
googlearchive/bigquery-samples-python,134.0,134.0,1,0,117.2
googlearchive/crc32c-java,16.0,16.0,0,0,12.8
googlegenomics/gatk-tools-java,388.0,258.0,1,0,268.40000000000003
googlemaps/google-maps-services-java,940.0,634.0,1,0,639.6
gootara-org/ios-image-util,144.0,144.0,1,0,125.2
gorayni/CsvRandomSimulator,292.0,216.0,1,0,213.20000000000002
gordolio/websocketChat,590.0,434.0,1,0,419.6
goreycn/AppCodePlugin,48.0,48.0,0,0,38.400000000000006
gorried/hexgraph,332.0,322.0,1,0,271.6
gosaliajigar/DesignPatterns,238.0,238.0,1,0,200.4
goshippo/shippo-java-client,522.0,327.0,1,0,349.6
gossi/eclipse-transpiler-plugin,222.0,222.0,1,0,187.60000000000002
gotrecillo/programacion,404.0,404.0,1,0,333.20000000000005
gpfeifer/angular-d3,96.0,96.0,1,0,86.80000000000001
gpp256/APK-Crawler,36.0,36.0,0,0,28.8
gquintana/metrics-sql,366.0,267.0,1,0,263.20000000000005
graben1437/titan1.0.1.kafka,18284.0,11726.0,1,0,12014.0
graben1437/titan1withtp3.1,17084.0,10880.0,1,0,11195.6
grahamedgecombe/android-ssl,1026.0,753.0,1,0,721.6
grahamedgecombe/tiny-basic-compiler,276.0,201.0,1,0,200.8
grails/grails-gdoc-engine,502.0,502.0,1,0,411.6
grandamp/KSValidationService,328.0,220.0,1,0,229.20000000000002
grandwazir/BukkitDevUploader,64.0,46.0,1,0,54.0
grandwazir/DimensionDoor,74.0,74.0,1,0,69.2
grandwazir/bukkit-utilities-core,750.0,564.0,1,0,535.6
granthbr/integrationCollab,148.0,148.0,1,0,128.4
graphstream/gs-core,2566.0,1842.0,1,0,1773.2000000000003
graphstream/gs-deps,284.0,204.0,1,0,205.20000000000002
graphstream/gs-gama,110.0,110.0,1,0,98.0
grassrootza/grassroot-platform,5196.0,3778.0,1,0,3599.6000000000004
gratianlup/FuzzyStringMatching,32.0,32.0,0,0,25.6
gravitee-io/gravitee-gateway,1304.0,1290.0,1,0,1047.6
gravitee-io/gravitee-oauth2-server,270.0,188.0,1,0,193.2
gravitee-io/gravitee-policy-ipfiltering,116.0,87.0,1,0,91.20000000000002
gravitee-io/gravitee-policy-maven-archetype,122.0,95.0,1,0,96.80000000000001
gravitee-io/gravitee-repository-elasticsearch,148.0,111.0,1,0,113.60000000000001
gravitee-io/gravitee-resource-api,66.0,50.0,1,0,56.400000000000006
gravitonian/alfresco-maven-sdk2-test,92164.0,46200.0,1,0,55355.6
graymalkin/irssi-log-parser,56.0,45.0,1,0,50.400000000000006
greatman/craftconomy3,308.0,308.0,1,0,256.4
greatman/javaircserver,510.0,376.0,1,0,364.4
greenber/Hashlab,34.0,34.0,0,0,27.200000000000003
greenbird/mule-test-tools,236.0,152.0,1,0,165.20000000000002
greenjoe/lambdaFromString,350.0,223.0,1,0,239.2
greenlaw110/atmsim,212.0,149.0,1,0,154.4
greenlover1991/rms,910.0,910.0,1,0,738.0
greenpeppersoftware/greenpepper3-remote-agent,124.0,124.0,1,0,109.2
greensopinion/swagger-jaxrs-maven,466.0,308.0,1,0,319.6
greese/dasein-cloud-atmos,252.0,161.0,1,0,175.20000000000002
greese/dasein-cloud-aws,334.0,292.0,1,0,260.4
greese/dasein-cloud-cloudsigma,410.0,249.0,1,0,273.6
greese/dasein-cloud-digitalocean,770.0,472.0,1,0,506.8
greese/dasein-cloud-enstratus,74.0,74.0,1,0,69.2
greese/dasein-cloud-joyent,438.0,274.0,1,0,294.8
greese/dasein-cloud-openstack,178.0,176.0,1,0,151.60000000000002
greese/dasein-cloud-opsource,358.0,224.0,1,0,242.8
greese/dasein-cloud-skeleton,90.0,74.0,1,0,75.6
greese/dasein-cloud-tier3,124.0,106.0,1,0,102.0
greese/dasein-cloud-vcloud,114.0,106.0,1,0,98.0
greese/dasein-cloud-vsphere,92.0,92.0,1,0,83.60000000000001
greg2001/ant-flaka,680.0,564.0,1,0,507.6
greglu/dropwizard-cookbook,114.0,114.0,1,0,101.2
gresrun/arithmetic-parser,116.0,107.0,1,0,99.20000000000002
greveritt/external_sort,14.0,14.0,0,0,11.200000000000001
griddynamics/computervision,346.0,346.0,1,0,286.8
griddynamics/jagger,3636.0,3450.0,1,0,2844.4
griddynamics/nexus-replication-plugin,82.0,82.0,1,0,75.60000000000001
griffon-plugins/griffon-preferences-plugin,324.0,324.0,1,0,269.2
griffon/griffon,10310.0,10310.0,1,0,8258.0
griffon/griffon-spring-plugin,66.0,66.0,1,0,62.800000000000004
grigorerm/java-school,564.0,525.0,1,0,445.6
grizeldi/z21-drive,216.0,157.0,1,0,159.20000000000002
grmcdorman/SunlessSeaSaveEditor,50.0,50.0,0,0,40.0
grom358/zemscript,184.0,184.0,1,0,157.20000000000002
groovy/gmaven,2112.0,2112.0,1,0,1699.6000000000001
grostirolla1/smartplug,56.0,56.0,1,0,54.800000000000004
groupby/scrapie,212.0,212.0,1,0,179.60000000000002
groupdocs-total/groupdocs-java,4250.0,3163.0,1,0,2975.2
groupon/DotCi-Plugins-Starter-Pack,330.0,226.0,1,0,232.4
groupon/Message-Bus,638.0,507.0,1,0,468.0
groupon/Novie,1022.0,704.0,1,0,700.4000000000001
groupon/jesos,188.0,178.0,1,0,156.4
groupon/mongo-deep-mapreduce,102.0,102.0,1,0,91.60000000000001
groupon/odo,1546.0,1043.0,1,0,1045.6000000000001
groupon/pebble,1396.0,925.0,1,0,938.4
growbit/turbogwt-http,304.0,304.0,1,0,253.20000000000002
grro/reactivecassandra,480.0,290.0,1,0,318.0
grum/Ashley,472.0,392.0,1,0,355.6
grundic/teamcity-web-parameters,114.0,113.0,1,0,100.80000000000001
grunka/Fortuna,270.0,193.0,1,0,195.2
grzegorz2047/AceOfSpadesMiniGame,228.0,167.0,1,0,168.0
grzegorzblaszczyk/jtimecalc,130.0,128.0,1,0,113.2
gs1oliot/oliot-epcis,1006.0,648.0,1,0,671.6
gs1oliot/oliot-fc,4618.0,3315.0,1,0,3183.2
gsavin/csss2013-gpsapp,172.0,172.0,1,0,147.6
gsdlab/ClaferChocoSoo,30.0,30.0,0,0,24.0
gsdlab/chocosolver,3096.0,2261.0,1,0,2152.8
gseguin/NanoHTTPd,16.0,13.0,0,0,11.600000000000001
gsh199449/DistributedCrawler,248.0,240.0,1,0,205.2
gshakhn/ideauidesigner-maven-plugin,82.0,59.0,1,0,66.4
gsi-upm/VoteSim,102.0,102.0,1,0,91.60000000000001
gspandy/dubbo,4326.0,4326.0,1,0,3470.8
gssbzn/acreencias,66.0,66.0,1,0,62.800000000000004
gstreamer-java/gst1-java-core,1810.0,1153.0,1,0,1195.2
gsummer/cyNeo4j,294.0,218.0,1,0,214.8
gtenham/magnolia-templating,2394.0,1534.0,1,0,1581.2
gtesei/pippoproxy,210.0,155.0,1,0,156.0
gturri/dokuJClient,1292.0,877.0,1,0,877.6000000000001
gubatron/SellerTrade,168.0,167.0,1,0,144.0
guchuanlong/MyXApp,758.0,721.0,1,0,601.6
gudmundur/atunit,838.0,573.0,1,0,574.4000000000001
guerda/license-report,138.0,106.0,1,0,107.60000000000001
guhao/zo-spring-boot,558.0,344.0,1,0,370.8
guide-me/GuideMe,192.0,192.0,1,0,163.60000000000002
guigarage/Photonia,336.0,336.0,1,0,278.8
guikeller/jetty-runner,144.0,143.0,1,0,124.80000000000001
guillaume-alvarez/ShapeOfThingsThatWere,898.0,671.0,1,0,637.6000000000001
guillaumewibaux/AER3,586.0,586.0,1,0,478.8
guoguibing/librec,320.0,320.0,1,0,266.0
guojiangshan/canyin,344.0,344.0,1,0,285.2
gusennan/Date4JWithTimeZone,166.0,121.0,1,0,124.80000000000001
gustavoilc/UberDB,352.0,352.0,1,0,291.6
gutomaia/guruha,68.0,67.0,1,0,64.0
gwt-plugins/gwt-eclipse-plugin,48758.0,27218.0,1,0,30400.4
gwtw/growing-with-the-web,380.0,324.0,1,0,291.6
gxianglong/kratos-1,428.0,428.0,1,0,352.40000000000003
gyfora/StreamKV,218.0,194.0,1,0,174.8
gyk001/word-excel-util,528.0,388.0,1,0,376.40000000000003
gyscos/CMANes,284.0,284.0,1,0,237.20000000000002
gzls/core,284.0,213.0,1,0,208.8
gzu-liyujiang/MapSlicingTool,168.0,168.0,1,0,144.4
h20/MusicBigData,206.0,206.0,1,0,174.8
h4ssi/sample-safe,58.0,44.0,1,0,50.800000000000004
ha-jdbc/ha-jdbc,3634.0,2622.0,1,0,2512.4
hackergarten/LdapAuth,68.0,68.0,1,0,64.4
hadooparchitecturebook/clickstream-tutorial,154.0,154.0,1,0,133.2
hadooparchitecturebook/hadoop-arch-book,594.0,594.0,1,0,485.20000000000005
hadrsystems/nics-monitoring,76.0,76.0,1,0,70.80000000000001
hadrsystems/nics-tools,342.0,265.0,1,0,252.8
haebin/flume-timestamp-interceptor,80.0,60.0,1,0,66.0
hafizhme/povo,98.0,98.0,1,0,88.4
hageok/GArduino,34.0,34.0,0,0,27.200000000000003
hakandilek/publicplay,664.0,664.0,1,0,541.2
hal/testsuite,1086.0,1086.0,1,0,878.8000000000001
halestudio/slf4j-plus,376.0,376.0,1,0,310.8
halolimat/clocacits,104.0,104.0,1,0,93.2
halvors/Electrometrics,1178.0,802.0,1,0,802.0
hamcrest/JavaHamcrest,968.0,693.0,1,0,674.4000000000001
hammacher/javaslicer,2670.0,1704.0,1,0,1759.6
hammerdr/go-docker-registry-poller,56.0,52.0,1,0,53.2
hammyau/ODFExplorer,322.0,322.0,1,0,267.6
hamnis/funclite,174.0,120.0,1,0,127.60000000000001
hanack/intellij-generator-plugin,262.0,262.0,1,0,219.60000000000002
hank/litecoinj,1158.0,799.0,1,0,792.8000000000001
hankcs/IceNAT,36.0,36.0,0,0,28.8
hankcs/maxent_iis,64.0,48.0,1,0,54.800000000000004
hansson/rento,1534.0,1083.0,1,0,1056.8000000000002
hantsy/ee8-sandbox,980.0,645.0,1,0,660.0
haogrgr/haogrgr-projects,890.0,838.0,1,0,701.2
haopeng/sase,686.0,686.0,1,0,558.8000000000001
happygiraffe/jslint4java,724.0,561.0,1,0,524.0
happygiraffe/jslint4java-eclipse,138.0,138.0,1,0,120.4
harbulot/keygenapp,184.0,178.0,1,0,154.8
harshadura/platform-communications,4034.0,3393.0,1,0,2980.8
hascong/ExerciseForJava,24.0,24.0,0,0,19.200000000000003
hata/embulk-decoder-commons-compress,230.0,208.0,1,0,185.2
hatboysam/muse-x,56.0,56.0,1,0,54.800000000000004
hatemalimam/lazyprime,266.0,185.0,1,0,190.4
hatsunearu/OneDegreeNorth-FRC-2013,28.0,28.0,0,0,22.400000000000002
hauserulrich/SysP16,200.0,200.0,1,0,170.0
hawesie/lejos-bluetooth-example,26.0,26.0,0,0,20.8
hawesie/rp-shared,106.0,106.0,1,0,94.80000000000001
hawkular/hawkular-bus,4628.0,2567.0,1,0,2888.0
hawkular/hawkular-client-java,360.0,269.0,1,0,261.6
hawkular/hawkular-command-gateway,812.0,533.0,1,0,548.0
hawkular/hawkular-nest,152.0,152.0,1,0,131.60000000000002
hawtio/hawtio-java,70887.0,35773.0,1,0,42674.0
hbz/thumby,138.0,138.0,1,0,120.4
hccampos/smooth-scroll-plugin,26.0,26.0,0,0,20.8
hce/scoringsystem,196.0,196.0,1,0,166.8
hceylan/guava,3096.0,2747.0,1,0,2347.2
hcoca/RMAutomationUIFramework,810.0,810.0,1,0,658.0
hcolato/ufg,148.0,148.0,1,0,128.4
hdinsight/eventhubs-client,180.0,130.0,1,0,134.0
hdsdi3g/DCP-Verify,38.0,38.0,0,0,30.400000000000002
headius/invokebinder,164.0,125.0,1,0,125.60000000000001
headius/protoj,84.0,59.0,1,0,67.2
heapfault/jct,170.0,170.0,1,0,146.0
heldeen/cf-signal-resource-bundle,100.0,68.0,1,0,77.2
heliumv/zemecs,52.0,52.0,1,0,51.6
helixproject/helix,308.0,308.0,1,0,256.4
hellais/Onionoo,44.0,43.0,0,0,34.8
hellojavaer/poi-excel-utils,492.0,310.0,1,0,330.8
hellojinjie/hive-function,98.0,71.0,1,0,77.60000000000001
helvalius/tomighty-achievements,294.0,294.0,1,0,245.20000000000002
hendrosteven/springmvc-jpa-sample,222.0,222.0,1,0,187.60000000000002
heneke/thymeleaf-extras-togglz,200.0,145.0,1,0,148.0
hengyunabc/metrics-zabbix,108.0,74.0,1,0,82.80000000000001
henryyan/java-lib,1350.0,956.0,1,0,932.4000000000001
herbiehp/unicenta,4634.0,4634.0,1,0,3717.2000000000003
hernad/easyrec,10916.0,7913.0,1,0,7541.6
heroku/direct-to-heroku-client-java,168.0,120.0,1,0,125.2
heroku/heroku-bamboo-plugin,72.0,72.0,1,0,67.6
heroku/heroku.jar,1002.0,811.0,1,0,735.2
herwix/droolsjbpm-core,188.0,188.0,1,0,160.4
hesenrre/Valkyrie,200.0,200.0,1,0,170.0
hesenrre/commons,80.0,80.0,1,0,74.0
heuermh/adam-plugins,136.0,96.0,1,0,102.80000000000001
heuermh/java-gcon,284.0,249.0,1,0,223.20000000000002
heuermh/variation-cytoscape3-app,910.0,671.0,1,0,642.4000000000001
heunfa/Duesterwald,122.0,122.0,1,0,107.60000000000001
hevs-isi/gdx2d,2244.0,1638.0,1,0,1562.8000000000002
heyimblake/HiveMCRank,136.0,93.0,1,0,101.60000000000001
hferentschik/ogm-kitchensink,3452.0,1809.0,1,0,2114.4
hflicka/ecg-dsp-tool,72.0,72.0,1,0,67.6
hgoebl/simplify-java,246.0,168.0,1,0,175.60000000000002
hhaslam11/Text-Fighter,94.0,94.0,1,0,85.2
hhazewinkel/smi4j,1270.0,934.0,1,0,891.6
hibernate/hibernate-jpa-api,418.0,418.0,1,0,344.40000000000003
hibernate/hibernate-ogm,9532.0,6945.0,1,0,6600.8
hierynomus/assumeng,144.0,95.0,1,0,105.6
high-level/zodiark,1218.0,845.0,1,0,835.2
highkay/sgtcloud-libgdx-sdk,42.0,42.0,0,0,33.6
highkay/slf4j-libgdx,68.0,51.0,1,0,57.60000000000001
highsource/db-fahrplan-api,106.0,106.0,1,0,94.80000000000001
highsource/hyperjaxb3,9834.0,8980.0,1,0,7535.6
highsource/maven-jaxb2-plugin-support,286.0,286.0,1,0,238.8
highway-to-urhell/highway-to-urhell,448.0,330.0,1,0,321.20000000000005
hihellobyeoh/HTech,500.0,385.0,1,0,364.0
hilarycheng/bert_java,76.0,55.0,1,0,62.400000000000006
hilbix/org.jetbrains,18.0,18.0,0,0,14.4
hillst/PhenoFront,1120.0,782.0,1,0,770.8
himanshu-soni/gpx-parser,68.0,68.0,1,0,64.4
hina0118/play-doma,152.0,152.0,1,0,131.60000000000002
hinsenchan/sosafe_security_system_sim,416.0,317.0,1,0,303.20000000000005
hiohiohio/omegat-plugin-linkbuilder,186.0,139.0,1,0,140.0
hiredman/archiva,8368.0,8368.0,1,0,6704.400000000001
hirooka/chukasa,764.0,606.0,1,0,558.0
hiroshitoda/Selenium-sample-with-Jenkins,1374.0,1356.0,1,0,1102.0
hitech95/Bow-Warfare,196.0,196.0,1,0,166.8
hitech95/SkyWars,188.0,188.0,1,0,160.4
hivemq/hivemq-maven-plugin,200.0,119.0,1,0,137.6
hivemq/hivemq-stormpath-plugin,124.0,96.0,1,0,98.0
hjs4827/girlsRuleShop,206.0,206.0,1,0,174.8
hjwylde/qux-java,1504.0,1342.0,1,0,1148.4
hkminegod/FreezeMod,34.0,34.0,0,0,27.200000000000003
hkuchampudi/MegaProject_Solutions,66.0,66.0,1,0,62.800000000000004
hllorens/cognitionis-nlp-libraries,942.0,942.0,1,0,763.6
hllorens/timeml-normalizer,160.0,112.0,1,0,118.80000000000001
hlprmnky/swf-tech-talk,364.0,364.0,1,0,301.2
hmagalhaes/exemplo-rh,216.0,216.0,1,0,182.8
hmetaxa/MixLDA,8844.0,6472.0,1,0,6136.400000000001
hmlingesh/dynatrace-service-broker,266.0,216.0,1,0,202.8
hnlaomie/fourinone,1186.0,931.0,1,0,856.8000000000001
hnlj0915/web-practise,168.0,156.0,1,0,139.60000000000002
hnunner/maven-kar-archive,404.0,289.0,1,0,287.20000000000005
hoangpt/izi-prj.tracker,72.0,72.0,1,0,67.6
hocken/wxg,116.0,97.0,1,0,95.20000000000002
hol353/translator-apsim,68.0,59.0,1,0,60.800000000000004
holdenk/learning-spark-examples,372.0,372.0,1,0,307.6
holgerbrandl/themoviedbapi,618.0,446.0,1,0,435.6
holisticon/jboss-modules-ant-task,166.0,126.0,1,0,126.80000000000001
holisticon/vaadin-fluent-ui,72.0,72.0,1,0,67.6
holmari/gerritstats,436.0,314.0,1,0,310.0
holmbergius/Wildbook,5740.0,4014.0,1,0,3911.6000000000004
holmes-org/holmes-validation,424.0,288.0,1,0,294.8
holodeck-b2b/Holodeck-B2B,2528.0,1900.0,1,0,1781.2
homberghp/correctorsworkbench,2234.0,2234.0,1,0,1797.2
honcho-messaging/honcho-dispatcher,58.0,58.0,1,0,56.400000000000006
hoozheng/AndroidRobot,1014.0,1014.0,1,0,821.2
hopru711/TwinProject,30.0,30.0,0,0,24.0
hopshadoop/hops-metadata-dal,1472.0,1022.0,1,0,1007.6000000000001
hortonworks/dstream,1684.0,1186.0,1,0,1158.0
hortonworks/simple-yarn-app,80.0,63.0,1,0,67.2
hoserdude/spring-boot-mybatis-profile-sandbox,88.0,63.0,1,0,70.4
hostnet/eclipse_plugin_dead,68.0,68.0,1,0,64.4
hotelbeds-sdk/hotel-api-sdk-java,1926.0,1272.0,1,0,1289.2
housejester/d8a-conjure,362.0,263.0,1,0,260.0
housejester/jsondumper,446.0,324.0,1,0,318.0
hoverruan/weiboclient4j,1346.0,962.0,1,0,933.2
howard/composite-split,78.0,78.0,1,0,72.4
hpe-idol/find,1376.0,1376.0,1,0,1110.8
hpedrorodrigues/Sort.java,134.0,130.0,1,0,115.6
hpiasg/asgbreezegui,82.0,82.0,1,0,75.60000000000001
hpiasg/asgcommon,326.0,227.0,1,0,231.20000000000002
hpiasg/asglogic,312.0,312.0,1,0,259.6
hpiasg/desij,618.0,618.0,1,0,504.40000000000003
hpttlook/flume_monitor_source,176.0,145.0,1,0,138.4
hridesh/panini,4592.0,3075.0,1,0,3076.8
hrmohr/newrelic-deployment-notifier-plugin,210.0,138.0,1,0,149.2
hs-web/webbuilder,2864.0,2157.0,1,0,2018.4
hschott/ready-websocket-plugin,552.0,404.0,1,0,392.40000000000003
hsenasilva/project-test,400.0,400.0,1,0,330.0
htools/htools,3144.0,2252.0,1,0,2168.4
http-kit/http-kit,268.0,268.0,1,0,224.4
hu-semesterprojekt-genombrowser/Alazen-Integration,122.0,107.0,1,0,101.60000000000001
huahin/huahin-core,798.0,499.0,1,0,528.8000000000001
huahin/huahin-manager,104.0,104.0,1,0,93.2
huahin/huahin-unit,84.0,84.0,1,0,77.2
huangyaping/spring-boot-rest,372.0,233.0,1,0,252.0
huangye177/magate,384.0,384.0,1,0,317.20000000000005
huanzhou/jeecms6,7764.0,7764.0,1,0,6221.200000000001
huberflores/CodeOffloadingAnnotations,264.0,192.0,1,0,192.40000000000003
hudson2-plugins/artifactory-plugin,1914.0,1235.0,1,0,1269.6
hudson3-plugins/crowd2-plugin,356.0,228.0,1,0,243.60000000000002
hudson3-plugins/disk-usage-plugin,372.0,237.0,1,0,253.60000000000002
hudson3-plugins/ivy-plugin,1176.0,782.0,1,0,793.2
hufuman/excel2db,46.0,46.0,0,0,36.800000000000004
huherto/springyRecords,122.0,122.0,1,0,107.60000000000001
hundsun/ares-studio,21412.0,16941.0,1,0,15351.2
hungyao/context-toolkit,1072.0,1072.0,1,0,867.6
huohuo/spring-velocity-maven-mvc,134.0,87.0,1,0,98.4
hurik/JGeagle,356.0,265.0,1,0,258.4
hurik/MangaManagerAndDownloader,632.0,453.0,1,0,444.0
hustbill/akka-distributed-workers-java,64.0,64.0,1,0,61.2
hwdmedia/hwdmedia-amf,82.0,61.0,1,0,67.2
hyberbin/hyberbin-osgi,226.0,175.0,1,0,170.4
hybridbpm/hybridbpm,1118.0,1048.0,1,0,876.4000000000001
hydrodog/LiquiZ,232.0,232.0,1,0,195.60000000000002
hyee/OpenCSV,82.0,82.0,1,0,75.60000000000001
hyounesy/ALEA,78.0,78.0,1,0,72.4
hyperbox/api,1642.0,1293.0,1,0,1184.0
hypereddie/TinyHttp,70.0,70.0,1,0,66.0
hyperthunk/def-proxy,196.0,196.0,1,0,166.8
hypower-org/jcreate,36.0,36.0,0,0,28.8
hzbarcea/activemq-osgi,178.0,140.0,1,0,137.2
hzbarcea/camel-vista,452.0,327.0,1,0,321.6
hzbarcea/x12-parser,404.0,359.0,1,0,315.20000000000005
i386/feedle,124.0,91.0,1,0,96.0
iCarto/siga,27430.0,27430.0,1,0,21954.0
iChun/MobVsMob,64.0,64.0,1,0,61.2
iChun/Sync,350.0,282.0,1,0,262.8
iChun/Tabula,614.0,503.0,1,0,456.80000000000007
iCodingStar/Laboratory-devices-management-system,1132.0,1122.0,1,0,911.6
iKeirNez/CommunicationsFramework,444.0,324.0,1,0,317.20000000000005
iRail/brail2gtfs-rt,370.0,243.0,1,0,255.2
iSECPartners/extractparam,16.0,16.0,0,0,12.8
ia-toki/judgels-jophiel-commons,156.0,156.0,1,0,134.8
ia-toki/judgels-uriel,668.0,668.0,1,0,544.4
iainworkman/370Project,578.0,578.0,1,0,472.40000000000003
iamaamir/Mp3-Arranger,182.0,161.0,1,0,147.2
ian-bartholomew/spring-boot-docker-hello-world,54.0,37.0,1,0,46.400000000000006
iandees/josm-notes,194.0,193.0,1,0,164.8
ianliu0420/BaseMode_SpringMongo,386.0,256.0,1,0,266.8
ianso/scriptus,640.0,640.0,1,0,522.0
iansrobinson/neode,772.0,499.0,1,0,518.4000000000001
iay/java-docker,20.0,20.0,0,0,16.0
ib-ruby/ib-ruby,2328.0,2328.0,1,0,1872.4
ibauersachs/dnssecjava,1646.0,1226.0,1,0,1158.8000000000002
iblancasa/hackathon_telefonicaTodosIncluidos,104.0,78.0,1,0,82.80000000000001
ibm-datapower/ertool,296.0,296.0,1,0,246.8
ibm-messaging/iot-gateway-samples,152.0,152.0,1,0,131.60000000000002
ibm-messaging/mq-wlm-client,302.0,302.0,1,0,251.60000000000002
ibm-messaging/mqlight-fishalive-java,94.0,94.0,1,0,85.2
ibm-rtvs/Examples,220.0,220.0,1,0,186.0
ibmcnxdev/photosharing-java,148.0,148.0,1,0,128.4
ibmcontest/phonebookdemo,28184.0,14153.0,1,0,16944.800000000003
ibmcontest/phonebookdemo-slow,28178.0,14150.0,1,0,16941.2
ibmcontest/phonebookdemo-v2,28188.0,14157.0,1,0,16948.0
ibmecod/cognitive-devoxx-videosearch,2172.0,1443.0,1,0,1456.0
ibmjstart/bluemix-tweet-downloader,36.0,36.0,0,0,28.8
ibmwtx/PDF,74.0,74.0,1,0,69.2
ibocon/project-SemanticAnalyzer,44.0,44.0,0,0,35.2
ibrahim-netto/FabricaDados,68.0,68.0,1,0,64.4
ical4j/ical4j-extensions,648.0,432.0,1,0,442.0
icaromedeiros/r2r,913.0,913.0,1,0,740.4000000000001
icclab/watchtower-automation,124.0,124.0,1,0,109.2
icelemon1314/mapleLemon,1368.0,1368.0,1,0,1104.4
icelxt/TimeMagic,518.0,340.0,1,0,353.20000000000005
icholy/geokettle-2.0,30572.0,21362.0,1,0,20783.600000000002
ickeinderbahn/freibier,234.0,234.0,1,0,197.20000000000002
icode/ameba-session,40.0,40.0,0,0,32.0
iddi/oocsi,170.0,170.0,1,0,146.0
ideaalloc/wechat-app,876.0,604.0,1,0,602.0
idega/com.idega.builder,1302.0,1302.0,1,0,1051.6000000000001
idega/com.idega.core,5190.0,5190.0,1,0,4162.0
idekerlab/cyREST,712.0,505.0,1,0,496.8
identityxx/penrose-server,4482.0,4480.0,1,0,3594.8
idf/DocumentMiner,2382.0,2382.0,1,0,1915.6000000000001
idf/commons-util,326.0,235.0,1,0,234.4
idiazt/spring-aop-xml-example,158.0,115.0,1,0,119.2
ieb/symplectic-harvester,126.0,126.0,1,0,110.80000000000001
ieg-vienna/ieg-prefuse,584.0,350.0,1,0,383.6
if-056-java/animalsRepo,664.0,664.0,1,0,541.2
if-Team/Nukkit-Plugins,480.0,480.0,1,0,394.0
ifnul/ums-backend,13518.0,10123.0,1,0,9466.400000000001
igd-geo/mongomvcc,508.0,356.0,1,0,355.6
ignite/spring-reference,444.0,444.0,1,0,365.20000000000005
igniterealtime/REST-API-Client,150.0,110.0,1,0,114.0
igniterealtime/community-plugins,13860.0,13860.0,1,0,11098.0
igor-petruk/protobuf-maven-plugin,172.0,111.0,1,0,123.2
ihaolin/common,100.0,96.0,1,0,88.4
ihaolin/wechat,296.0,292.0,1,0,245.20000000000002
ihaolin/wepay,356.0,277.0,1,0,263.20000000000005
ihavespoons/PASSword,6.0,6.0,0,0,4.800000000000001
ihuerga/deeplearning4j-nlp-examples,268.0,199.0,1,0,196.8
iiitb2014/plagiarismcheck,16.0,16.0,0,0,12.8
iisi-nj/gemlite,28.0,28.0,0,0,22.400000000000002
iitp-stockmart/stockmart,262.0,175.0,1,0,184.8
ijlhjj/documents,798.0,798.0,1,0,648.4000000000001
ijpb/MorphoLibJ,1774.0,1353.0,1,0,1260.8000000000002
ikCourage/LFS,42.0,42.0,0,0,33.6
ikai/App-Engine-Java-Mapper-API-demos,98.0,98.0,1,0,88.4
ikeike443/bloghub,340.0,255.0,1,0,248.0
ikromin/jphotoframe,80.0,77.0,1,0,72.8
ikumen/tlrl,976.0,703.0,1,0,681.6
ilrt/caboto,1178.0,812.0,1,0,806.0
iluwatar/java-design-patterns,12492.0,8726.0,1,0,8497.2
ilya-murzinov/WhiteSWTTestApplication,154.0,113.0,1,0,116.80000000000001
im-qq/GCache,138.0,138.0,1,0,120.4
imagej/ij1-patcher,350.0,234.0,1,0,243.60000000000002
imagej/ij1-tests,544.0,401.0,1,0,388.0
imagej/imagej-ops,6800.0,4570.0,1,0,4558.0
imatin/James,6900.0,4903.0,1,0,4731.2
imglib/imglib2-algorithm-gpl,424.0,297.0,1,0,298.40000000000003
imie-source/TennisRules,106.0,106.0,1,0,94.80000000000001
iminto/baicai,1868.0,1317.0,1,0,1284.0
immutables/maven-shade-plugin,1734.0,1596.0,1,0,1342.0
imperial-modaclouds/modaclouds-sda-weka,84.0,84.0,1,0,77.2
import-io/importio-client-libs-deprecated,208.0,208.0,1,0,176.4
imtopsales/vysper-demo,108.0,108.0,1,0,96.4
in28minutes/JavaWebApplicationStepByStep,226.0,166.0,1,0,166.8
in28minutes/MavenIn28Minutes,710.0,710.0,1,0,578.0
in28minutes/MockitoIn28Minutes,579.0,518.0,1,0,448.80000000000007
inbloom/batch-upload-tool,166.0,127.0,1,0,127.20000000000002
inbloom/ldap-in-memory,320.0,218.0,1,0,225.2
incognitos/common,174.0,126.0,1,0,130.0
ind9/jets3t,3928.0,2938.0,1,0,2756.4
indeedeng/imhotep-tsv-converter,150.0,122.0,1,0,118.80000000000001
indeedeng/status,592.0,407.0,1,0,409.6
indiv0/text-to-speech,42.0,42.0,0,0,33.6
inductiveautomation/ignition-sdk-archetypes,328.0,251.0,1,0,241.60000000000002
indvd00m/vaadin7-console-addon,1306.0,726.0,1,0,822.8
indy256/codelibrary,546.0,546.0,1,0,446.8
inesc-id-esw/jvstm,546.0,544.0,1,0,446.0
inevo/mondrian,2690.0,2688.0,1,0,2161.2
infielddesign/aem-id-solrindexer,402.0,285.0,1,0,284.8
infina/chocolatecraft,142.0,142.0,1,0,123.60000000000001
infinispan/infinispan-cachestore-hbase,122.0,122.0,1,0,107.60000000000001
infinispan/infinispan-hadoop,7472.0,3854.0,1,0,4540.400000000001
infinispan/infinispan-simple-tutorials,1028.0,714.0,1,0,706.8000000000001
informatik-mannheim/Moduro-Toolbox,414.0,383.0,1,0,328.80000000000007
infsci2560sp16/testassignment4-BrianKolowitz,350.0,272.0,1,0,258.8
ingenieux/codecommit-url-helper,188.0,122.0,1,0,134.0
ingojaeckel/dynamo-toolbox,102.0,74.0,1,0,80.4
initrunlevel0/SimpleGARobocode,64.0,64.0,1,0,61.2
inkysea/vmware-vrealize-automation,652.0,436.0,1,0,445.20000000000005
innoq/LiQID,1426.0,791.0,1,0,896.8
inreachventures/aws-signing-request-interceptor,170.0,107.0,1,0,120.80000000000001
inseptember/MemCachedSessionManager,360.0,260.0,1,0,258.0
insideout10/stanbol-freeling,304.0,297.0,1,0,250.40000000000003
instacount/appengine-counter,590.0,362.0,1,0,390.8
instantor/PropsLoader,122.0,122.0,1,0,107.60000000000001
insula/log4j-sns,110.0,84.0,1,0,87.6
intarsys/native-c,168.0,168.0,1,0,144.4
intarsys/runtime,2020.0,2020.0,1,0,1626.0
integram/cleverbus,4836.0,3529.0,1,0,3356.0
intel-hadoop/HiBench,1604.0,1604.0,1,0,1293.2
intel-hadoop/zookeeper-rhino,2648.0,2640.0,1,0,2125.2
intelie/lognit-cli,684.0,503.0,1,0,484.80000000000007
intelligentautomation/proteus,1296.0,1296.0,1,0,1046.8
intelligentautomation/proteus-common,300.0,208.0,1,0,213.2
intentmedia/admm,264.0,208.0,1,0,198.8
interseroh/demo-gwt-springboot,1324.0,888.0,1,0,894.8000000000001
intrbiz/SNMP-IB,50130.0,25810.0,1,0,30386.0
inventionsbyhamid/File-Organizer,54.0,54.0,1,0,53.2
invider/trux,106.0,106.0,1,0,94.80000000000001
ion-programming/LD28,130.0,130.0,1,0,114.0
ioos/sos-injector-example,100.0,74.0,1,0,79.6
iorch/prototypes,142.0,142.0,1,0,123.60000000000001
ipeirotis/Get-Another-Label,428.0,316.0,1,0,307.6
ipfaffen/prishonor,650.0,646.0,1,0,528.4000000000001
ipfs/java-ipfs-api,178.0,120.0,1,0,129.2
ipkn/crow-benchmark,164.0,164.0,1,0,141.20000000000002
irfen/lucene-example,70.0,70.0,1,0,66.0
irfen/redis-example,250.0,167.0,1,0,176.8
irfiit/yago,150.0,150.0,1,0,130.0
irobertson/invokedynamic-talk-code,252.0,162.0,1,0,175.60000000000002
ironmanMA/Random-Forest,56.0,56.0,1,0,54.800000000000004
ironpinguin/serialized-php-parser,78.0,56.0,1,0,63.60000000000001
irundaia/sbt-sassify,348.0,348.0,1,0,288.40000000000003
irvinhomem/DumpFSLocal,52.0,48.0,1,0,50.0
isa-group/FaMA,2828.0,2828.0,1,0,2272.4
isabinin/aws-apigateway-swagger-exporter,70.0,51.0,1,0,58.400000000000006
isaiah/rbtree-jruby,58.0,58.0,1,0,56.400000000000006
isapp/firebase-queue-java,180.0,118.0,1,0,129.2
isbm/srmf,184.0,178.0,1,0,154.8
isel-leic-cg/1415i-public,262.0,262.0,1,0,219.60000000000002
isel-leic-ls/1314-2-common,122.0,118.0,1,0,106.0
iservport/helianto-plan,738.0,550.0,1,0,525.2
isisaddons/isis-module-security,2844.0,1836.0,1,0,1882.0000000000002
isisaddons/isis-module-stringinterpolator,1414.0,839.0,1,0,911.2
isisaddons/isis-wicket-fullcalendar2,1450.0,870.0,1,0,938.0
isisaddons/isis-wicket-gmap3,1426.0,856.0,1,0,922.8
isitgeorge/PlayerProtect,56.0,38.0,1,0,47.6
ismb/it.ismb.pert.osgi.dal,42.0,42.0,0,0,33.6
ismb/jemma.osgi.dal,98.0,98.0,1,0,88.4
ismb/jemma.osgi.dal.functions.eh,140.0,107.0,1,0,108.80000000000001
isparkes/OpenRate,1568.0,1148.0,1,0,1096.4
isr-web-team/isr-web-team,566.0,387.0,1,0,391.20000000000005
ist-dsi-archive/bennu-signals,252.0,149.0,1,0,170.4
ist-dsi/fenixedu-id-cards,13754.0,6946.0,1,0,8290.0
isuruanu/ussd-session-manager,88.0,88.0,1,0,80.4
isurunix/image2ascii,58.0,47.0,1,0,52.0
iswangheng/DataMining-over-Sina-Weibo,516.0,516.0,1,0,422.8
it-yudharta/java-tutorial,36.0,36.0,0,0,28.8
itachi1706/Bukkit,1320.0,1320.0,1,0,1066.0
italiangrid/voms-api-java,1796.0,1185.0,1,0,1202.4
italiangrid/voms-clients,694.0,456.0,1,0,470.0
ithempel/ms4j,95.0,69.0,1,0,75.6
itoshkov/nand2tetris-emu,1948.0,1410.0,1,0,1353.2
itshorty/libsybos,208.0,127.0,1,0,144.0
itspanzi/WaitUtils,114.0,84.0,1,0,89.2
itszootime/aquacrop-interface,318.0,230.0,1,0,229.2
itszootime/geojson-java,342.0,259.0,1,0,250.40000000000003
itweet/bigtable-sql,5054.0,3532.0,1,0,3444.4000000000005
ivangrod/gwt_boot,178.0,178.0,1,0,152.4
ivnik/telnet-groovysh,36.0,31.0,0,0,26.8
ivylabs/ivy-pdi-git-steps,514.0,364.0,1,0,361.20000000000005
iwarapter/sonar-puppet,1062.0,1062.0,1,0,859.6
iwxfer/video2gif,138.0,108.0,1,0,108.4
ixa-ehu/ixa-pipe-chunk,242.0,155.0,1,0,168.8
ixa-ehu/ixa-pipe-time,44.0,43.0,0,0,34.8
ixa-ehu/ixa-pipe-tok,278.0,179.0,1,0,192.8
izacus/slo_ner_service,48.0,40.0,0,0,35.2
izenecloud/laser,572.0,425.0,1,0,408.8
izerui/spring-boot-jpa-simple,68.0,68.0,1,0,64.4
izerui/webapp-framework,960.0,640.0,1,0,650.0
iziteq/izi-travel-java-api,624.0,398.0,1,0,418.80000000000007
j-shepard/antlr-calculator,38.0,33.0,0,0,28.400000000000002
j-shepard/java-vs-scala,56.0,56.0,1,0,54.800000000000004
j0ach1mmall3/FreeAutoMessage,204.0,150.0,1,0,151.60000000000002
j0ach1mmall3/JLib,988.0,716.0,1,0,691.6000000000001
j0holo/gamingen_pakeergarage,218.0,218.0,1,0,184.4
j256/ormlite-core,3238.0,1989.0,1,0,2100.8
j256/simplejmx,790.0,513.0,1,0,531.2
j8spec/j8spec,398.0,270.0,1,0,277.20000000000005
jClarity/student-programme,70.0,53.0,1,0,59.2
jDramaix/gss.gwt,284.0,284.0,1,0,237.20000000000002
jDramaix/selectable,220.0,220.0,1,0,186.0
jGauravGupta/JPAModeler,2324.0,2324.0,1,0,1869.2
jMonkeyEngine-Contributions/Lemur,1966.0,1324.0,1,0,1326.0
jMotif/SAX,640.0,517.0,1,0,472.8
jOOQ/jOOR,86.0,86.0,1,0,78.8
ja-fra/zk-configuration,124.0,85.0,1,0,93.6
jaak-s/extraTrees,290.0,242.0,1,0,222.8
jabbrwcky/selenium-api,208.0,163.0,1,0,158.4
jacketattack/UnionFindPercolation,32.0,32.0,0,0,25.6
jacomyal/ABCD-Gephi-Plugin,44.0,44.0,0,0,35.2
jaconel/PrefixrAntTask,24.0,24.0,0,0,19.200000000000003
jacopofar/jhc-06-morecolours,16.0,16.0,0,0,12.8
jadahl/jgroups-android,2710.0,2179.0,1,0,1965.6
jadar/DeveloperCapes,188.0,156.0,1,0,147.60000000000002
jadetang/maliang,312.0,253.0,1,0,236.0
jadler-mocking/jadler,1130.0,727.0,1,0,752.8
jadyer/demo-cas-server-web,908.0,624.0,1,0,622.8000000000001
jaeksoft/jcifs-krb5,2716.0,1867.0,1,0,1843.2000000000003
jaesga/latch-facebook-hack,88.0,65.0,1,0,71.2
jahlborn/rmiio,772.0,588.0,1,0,554.0
jaideepcoder/solr2trec,18.0,18.0,0,0,14.4
jaimegarza/syntax,412.0,381.0,1,0,327.20000000000005
jajja/jorm,592.0,355.0,1,0,388.8
jake-freeman/stream-thing,514.0,514.0,1,0,421.20000000000005
jakedouglas/fnv-java,78.0,54.0,1,0,62.800000000000004
jakubholynet/blog,364.0,364.0,1,0,301.2
jakubnabrdalik/hentai-cloudy-rental,86266.0,43293.0,1,0,51833.600000000006
jalpedersen/jetty-hazelcast,166.0,127.0,1,0,127.20000000000002
jamee/openshift-jweb-demo,658.0,463.0,1,0,458.4
jamel/dbf,114.0,101.0,1,0,96.0
jamel/j7zip,598.0,390.0,1,0,405.20000000000005
james-hu/jabb-core-java8,978.0,700.0,1,0,681.2
jamesagnew/hapi-fhir,38434.0,24730.0,1,0,25275.6
jameseh96/agarAI,106.0,78.0,1,0,83.60000000000001
jamesmoss/guy-manuel-helmet-led-controller,8.0,8.0,0,0,6.4
jamesosullivan/SimpleTCT,242.0,237.0,1,0,201.60000000000002
jamf/HealthCheckUtility,72.0,72.0,1,0,67.6
jan-zajic/mesos-hbase,240.0,240.0,1,0,202.0
jankotek/JDBM3,618.0,433.0,1,0,430.40000000000003
jankotek/elsa,540.0,321.0,1,0,354.4
jankroken/commandline,614.0,392.0,1,0,412.40000000000003
jann2005/scene-classification-spark,82.0,57.0,1,0,65.60000000000001
jannehietamaki/mungbean,1116.0,796.0,1,0,774.8000000000001
jannehietamaki/spring-object-mapper,242.0,162.0,1,0,171.60000000000002
jansoren/akka-persistence-java-example,184.0,184.0,1,0,157.20000000000002
janvdbergh/secappdev-oauth,156.0,104.0,1,0,114.0
janwtr/coba-git,82.0,82.0,1,0,75.60000000000001
janyou/ANTLR-Swift-Target,122.0,113.0,1,0,104.0
jaquadro/Chameleon,370.0,243.0,1,0,255.2
jaquadro/ForgeMods,604.0,604.0,1,0,493.20000000000005
jaquadro/StorageDrawers,3466.0,3465.0,1,0,2782.4
jar398/jade,74.0,55.0,1,0,61.6
jarcec/sqoop-data-generator,82.0,59.0,1,0,66.4
jaroslav-kuchar/Multimode-Networks,58.0,58.0,1,0,56.400000000000006
jaroslav-kuchar/Social-Network-Analysis,94.0,94.0,1,0,85.2
jaroslav-kuchar/rCBA,170.0,170.0,1,0,146.0
jarski/LazyList,1222.0,678.0,1,0,770.0
jarzi/CommandPattern,28.0,28.0,0,0,22.400000000000002
jasminb/jsonapi-converter,386.0,281.0,1,0,276.8
jasondevj/hotpotato,2060.0,1276.0,1,0,1344.4
jasongoodwin/learning-akka,1188.0,1188.0,1,0,960.4000000000001
jassman/servlet_examen,1646.0,1149.0,1,0,1128.0
jatecs/jatecs,1850.0,1850.0,1,0,1490.0
jatovm/malva,110.0,110.0,1,0,98.0
jattenberg/MALLET,6198.0,4012.0,1,0,4094.0000000000005
java-course-ee/java-course-ee,7122.0,7122.0,1,0,5707.6
java-park-mail-ru/2016-02-IOTA,138.0,102.0,1,0,106.0
java8/Java8InAction,752.0,510.0,1,0,514.8
javaJake/profileinspector,44.0,35.0,0,0,31.6
javabeanz/owasp-security-logging,594.0,423.0,1,0,416.80000000000007
javabits/pojo-mbean,268.0,198.0,1,0,196.4
javadba/dl4j-spark-ml-examples,86.0,67.0,1,0,71.2
javadera/shainweb,1102.0,998.0,1,0,850.0
javadev/jasper-xml-to-pdf-generator,270.0,198.0,1,0,197.2
javadev/latintoukrainian,190.0,140.0,1,0,142.0
javadev/odt-to-pdf-converter,156.0,106.0,1,0,114.80000000000001
javadev/ukrainiantolatin,256.0,219.0,1,0,200.0
javamelody/sonar-javamelody,90.0,60.0,1,0,70.0
javanna/elasticsearch-river-solr,186.0,133.0,1,0,137.60000000000002
javaparser/javaparser,856.0,624.0,1,0,602.0
javasoze/meaningfulweb,550.0,432.0,1,0,402.8
javedmshah/duosecurity,66.0,66.0,1,0,62.800000000000004
javgh/MtGoxCachingProxy,102.0,78.0,1,0,82.0
jawher/moulder-j,508.0,326.0,1,0,343.6
jaxio/usi2011,1182.0,947.0,1,0,861.6
jayfella/BlockShop,74.0,68.0,1,0,66.80000000000001
jayfella/SimpleJail,154.0,148.0,1,0,130.8
jayfella/TerrainWorld,74.0,69.0,1,0,67.2
jayhorn/jayhorn,1818.0,1567.0,1,0,1364.0
jayjiahua/Cinpockema,403.0,308.0,1,0,294.40000000000003
jayqqaa12/jbase,758.0,564.0,1,0,538.8
jaytaylor/persistit,918.0,918.0,1,0,744.4000000000001
jayway/JsonPath,1602.0,1070.0,1,0,1078.8000000000002
jayway/facebook-test-java-api,136.0,105.0,1,0,106.4
jayway/maven-lab-plugin,220.0,165.0,1,0,164.0
jazorp/jazorp,222.0,150.0,1,0,158.8
jb-aero/SKCompat,334.0,218.0,1,0,230.8
jbackfield/image-generator,66.0,48.0,1,0,55.60000000000001
jbake-org/jbake-forge-addon,504.0,366.0,1,0,358.0
jbaruch/spring-configs-battle,180.0,180.0,1,0,154.0
jbayer/cloudfoundry-sticky-session,84.0,58.0,1,0,66.80000000000001
jbfromlbc/insightcmislab2014,414.0,242.0,1,0,272.40000000000003
jbgi/eventsrc4j,118.0,72.0,1,0,86.0
jbman/wichteln,204.0,146.0,1,0,150.0
jbosgi/jbosgi-spi,78.0,78.0,1,0,72.4
jboss-developer/jboss-portal-quickstarts,1260.0,1260.0,1,0,1018.0
jboss-logging/slf4j-jboss-logmanager,66.0,48.0,1,0,55.60000000000001
jboss/jboss-annotations-api_spec,126.0,90.0,1,0,96.4
jboss/jboss-ejb-api_spec,388.0,286.0,1,0,279.6
jboss/jboss-jaxrpc-api_spec,272.0,201.0,1,0,199.20000000000002
jbossas/jboss-vfs,1098.0,797.0,1,0,768.0
jbosschina/cluster,2942.0,2696.0,1,0,2265.2
jbossorg/sbs-human-friendly-urls,122.0,122.0,1,0,107.60000000000001
jboulon/schlep,464.0,464.0,1,0,381.20000000000005
jbrisbin/disruptor,284.0,284.0,1,0,237.20000000000002
jbundle/osgi,262.0,190.0,1,0,190.8
jcabi/jcabi-aspects,794.0,580.0,1,0,559.6
jcabi/jcabi-beanstalk-maven-plugin,490.0,323.0,1,0,335.20000000000005
jcabi/jcabi-dynamo,1458.0,824.0,1,0,922.8000000000001
jcabi/jcabi-heroku-maven-plugin,142.0,140.0,1,0,122.80000000000001
jcabi/jcabi-http,520.0,388.0,1,0,373.20000000000005
jcabi/jcabi-jdbc,7324.0,3722.0,1,0,4428.400000000001
jcabi/jcabi-latex-maven-plugin,186.0,141.0,1,0,140.8
jcabi/jcabi-manifests,176.0,135.0,1,0,134.4
jcabi/jcabi-matchers,230.0,176.0,1,0,172.4
jcabi/jcabi-mysql-maven-plugin,19564.0,9880.0,1,0,11787.6
jcabi/jcabi-ssh,252.0,190.0,1,0,186.8
jcabi/jcabi-w3c,190.0,146.0,1,0,144.4
jcdesimp/Landlord,130.0,126.0,1,0,112.4
jcgay/buildplan-maven-plugin,254.0,181.0,1,0,184.0
jcgay/maven-profiler,136.0,136.0,1,0,118.80000000000001
jchambers/jeospatial,176.0,141.0,1,0,136.8
jcjolley/journalApp,16.0,16.0,0,0,12.8
jcjones/SCHUA,46.0,46.0,0,0,36.800000000000004
jclawson/dropwizardry,288.0,210.0,1,0,209.2
jcorcoran/BNO055_FRC,48.0,48.0,0,0,38.400000000000006
jcordes73/jboss-as-zookeeper,100.0,100.0,1,0,90.0
jcreel/SAFCreator,104.0,104.0,1,0,93.2
jcustenborder/flume-ng-rabbitmq,126.0,89.0,1,0,96.0
jdavisonc/seedboxer,1824.0,1277.0,1,0,1250.4
jdcasey/build-migration-maven-plugin,168.0,134.0,1,0,130.8
jdcasey/user-manager,96.0,96.0,1,0,86.80000000000001
jdebrabant/parallel_arules,340.0,340.0,1,0,282.0
jdewald/qjnes,742.0,537.0,1,0,521.6
jdf/equivalence-lock,14.0,14.0,0,0,11.200000000000001
jdoe123/plugins-github,756.0,550.0,1,0,532.4000000000001
jdoklovic/maven-cli-plugin,400.0,285.0,1,0,284.0
jdrusso/ScraperBike2013,698.0,698.0,1,0,568.4
jdubois/Tudu-Lists,1204.0,837.0,1,0,826.4000000000001
jdupl/lancoder,1142.0,846.0,1,0,805.2
jdw/FractalZoom,20.0,20.0,0,0,16.0
jeantessier/dependency-finder,2502.0,2495.0,1,0,2008.8000000000002
jefalbino/jsmart-web,1068.0,804.0,1,0,758.8000000000001
jefalbino/jsmartdb,222.0,165.0,1,0,164.8
jefalbino/jsmartdb-test,126.0,126.0,1,0,110.80000000000001
jeffhain/jafama,66.0,66.0,1,0,62.800000000000004
jeffskj/flock,170.0,119.0,1,0,125.6
jelena927/softverski-proces,264.0,264.0,1,0,221.20000000000002
jelmerk/window-matching-agent,30.0,27.0,0,0,22.8
jembi/rhea-shr-adapter,766.0,504.0,1,0,518.0
jembi/sdmx-hd-lib,1634.0,1508.0,1,0,1266.8000000000002
jembrown/EmpPrior,34.0,34.0,0,0,27.200000000000003
jemygraw/ShootPlane,162.0,162.0,1,0,139.6
jenkins-infra/ircbot,220.0,149.0,1,0,157.6
jenkinsci/analysis-collector-plugin,676.0,477.0,1,0,471.20000000000005
jenkinsci/aws-credentials-plugin,64.0,64.0,1,0,61.2
jenkinsci/bitbucket-build-status-notifier-plugin,216.0,140.0,1,0,152.4
jenkinsci/boot-clj-plugin,196.0,135.0,1,0,142.4
jenkinsci/cobertura-plugin,874.0,562.0,1,0,584.4000000000001
jenkinsci/coverity-plugin,4652.0,3230.0,1,0,3162.8
jenkinsci/crowd2-plugin,424.0,269.0,1,0,287.20000000000005
jenkinsci/disk-usage-plugin,774.0,553.0,1,0,540.8000000000001
jenkinsci/docker-workflow-plugin,816.0,651.0,1,0,596.8000000000001
jenkinsci/dumpinfo-buildwrapper-plugin,114.0,91.0,1,0,92.0
jenkinsci/ec2-plugin,866.0,599.0,1,0,596.0
jenkinsci/environment-script-plugin,224.0,151.0,1,0,160.0
jenkinsci/fortify-cloudscan-plugin,28516.0,14321.0,1,0,17144.800000000003
jenkinsci/gatekeeper-plugin,418.0,279.0,1,0,288.8
jenkinsci/github-plugin,1674.0,1164.0,1,0,1145.2
jenkinsci/google-metadata-plugin,194.0,120.0,1,0,135.60000000000002
jenkinsci/hello-world-plugin,144.0,96.0,1,0,106.0
jenkinsci/housekeeper-plugin,160.0,108.0,1,0,117.2
jenkinsci/html5-notifier-plugin,328.0,217.0,1,0,228.00000000000003
jenkinsci/job-import-plugin,192.0,129.0,1,0,138.4
jenkinsci/job-poll-action-plugin,164.0,110.0,1,0,119.60000000000001
jenkinsci/m2release-plugin,736.0,489.0,1,0,500.00000000000006
jenkinsci/maven-invoker-plugin,334.0,204.0,1,0,225.2
jenkinsci/mesos-plugin,662.0,447.0,1,0,453.6
jenkinsci/optional-plugin-helper-module,34.0,34.0,0,0,27.200000000000003
jenkinsci/packer-plugin,300.0,207.0,1,0,212.8
jenkinsci/parameter-separator-plugin,200.0,129.0,1,0,141.6
jenkinsci/progress-bar-column-plugin,212.0,138.0,1,0,150.0
jenkinsci/sbt-plugin,224.0,139.0,1,0,155.20000000000002
jenkinsci/scripttrigger-plugin,378.0,241.0,1,0,257.6
jenkinsci/seleniumhtmlreport,274.0,180.0,1,0,191.60000000000002
jenkinsci/trac-plugin,358.0,238.0,1,0,248.40000000000003
jenkinsci/transifex-plugin,104.0,104.0,1,0,93.2
jenkinsci/xldeploy-plugin,674.0,491.0,1,0,476.0
jenkinsci/xstream,10674.0,6161.0,1,0,6744.0
jennybrown8/codeanalyzer,278.0,203.0,1,0,202.4
jensalm/spring-rest-server,578.0,362.0,1,0,386.0
jenshadlich/PhotoMosaic,160.0,127.0,1,0,124.80000000000001
jentfoo/XboxMediaProcessor,54.0,46.0,1,0,50.0
jento-tm/liferay-mail-client,380.0,253.0,1,0,263.2
jentrata/jentrata,2576.0,1672.0,1,0,1709.2000000000003
jenzz/Java-NoOp,280.0,201.0,1,0,202.4
jeo/jeo,2780.0,1949.0,1,0,1901.6
jereksel/LayersBuilder,156.0,156.0,1,0,134.8
jeremiehuchet/nominatim-java-api,266.0,197.0,1,0,195.20000000000002
jeremiehuchet/onebusaway-java-api,220.0,165.0,1,0,164.0
jeremybrooks/SuprSetr,602.0,501.0,1,0,451.20000000000005
jerolba/funsteroid,732.0,521.0,1,0,511.20000000000005
jerryryle/armcc_eclipse,44.0,44.0,0,0,35.2
jerrywang1981/dlithome,276.0,274.0,1,0,230.0
jescov/jescov-ant,48.0,38.0,0,0,34.400000000000006
jesg/selenium-grid-demo,44.0,31.0,0,0,30.0
jesse-gallagher/portfolio,370.0,370.0,1,0,306.0
jessefugitt/jms-tools,210.0,157.0,1,0,156.8
jessy1092/AutoCommunique,30.0,30.0,0,0,24.0
jessyZu/jsongood,548.0,431.0,1,0,401.6
jestjest/quizme,212.0,212.0,1,0,179.60000000000002
jesuino/jbpm-rewards-client,182.0,182.0,1,0,155.6
jesusaurus/jenkins-logstash-plugin,220.0,139.0,1,0,153.6
jet-black/jwebconsole,4174.0,2499.0,1,0,2679.2000000000003
jethroo/WADL-first-REST-Webservice-CXF-Example,328.0,195.0,1,0,219.20000000000002
jettison-json/jettison,356.0,254.0,1,0,254.0
jetty-project/embedded-servlet-3.0,112.0,80.0,1,0,86.80000000000001
jewzaam/needless-compass,488.0,342.0,1,0,342.0
jexenberger/yadi,206.0,149.0,1,0,152.0
jfaerman/iot,64.0,64.0,1,0,61.2
jfager/functional-critbit,334.0,226.0,1,0,234.0
jfallows/specification.wse,94.0,69.0,1,0,75.2
jfclere/tomcat-vault,20.0,20.0,0,0,16.0
jfclere/tomcat7-eap6-examples,1494.0,1042.0,1,0,1024.4
jfcmacro/lavadorasduales,40.0,37.0,0,0,30.8
jffnothing/phoenix-4.0.0-incubating,5610.0,3826.0,1,0,3784.4
jfmwz/storm-example,612.0,612.0,1,0,499.6
jfschaefer/layeredgraphlayout,130.0,122.0,1,0,110.80000000000001
jgardella/duck-duck-goose,108.0,92.0,1,0,90.0
jgkamat/JPlanetSimulator,262.0,193.0,1,0,192.0
jglobus/JGlobus,3788.0,2781.0,1,0,2637.6000000000004
jglrxavpok/UncraftingTable,200.0,173.0,1,0,159.2
jgonian/commons-ip-math,348.0,248.0,1,0,248.40000000000003
jhalterman/modelmapper,3514.0,2230.0,1,0,2307.6000000000004
jhalterman/typetools,236.0,152.0,1,0,165.20000000000002
jhaood/github-job-keywords,796.0,587.0,1,0,563.2
jharting/weld-collections-benchmark,64.0,64.0,1,0,61.2
jhberges/camel-consul-leader,194.0,123.0,1,0,136.8
jhclark/bigfatlm,496.0,366.0,1,0,354.8
jhead/Starfury,92.0,92.0,1,0,83.60000000000001
jherson/aws,20.0,20.0,0,0,16.0
jhunters/jprotobuf,1372.0,1132.0,1,0,1011.6000000000001
jiach/MetaDiff,194.0,194.0,1,0,165.20000000000002
jiafu1115/spark-plugin,276.0,182.0,1,0,193.2
jiangy/jspider,34.0,34.0,0,0,27.200000000000003
jiecao-fm/hashids-java,134.0,82.0,1,0,96.4
jilliankokernak/jilliankokernak,8.0,8.0,0,0,6.4
jimdowling/id2210-vt14,254.0,254.0,1,0,213.20000000000002
jimmoores/quandl4j,2722.0,1978.0,1,0,1890.0
jimmyy/Plupload,116.0,116.0,1,0,102.80000000000001
jinahya/bit-io,146.0,146.0,1,0,126.80000000000001
jingwei/krati,3906.0,2581.0,1,0,2604.8
jinie/Camel_Surveillance,184.0,133.0,1,0,136.8
jinmingjian/eclipse.themes.darker,126.0,126.0,1,0,110.80000000000001
jirkapinkas/abcvids,652.0,445.0,1,0,448.8
jirkapinkas/example-spring-boot,274.0,168.0,1,0,186.8
jirkapinkas/jsfeshop,378.0,262.0,1,0,266.0
jirutka/commons-hibernate,80.0,57.0,1,0,64.8
jirutka/spring-rest-exception-handler,420.0,300.0,1,0,298.0
jisonami/Jisonami2,220.0,220.0,1,0,186.0
jitlogic/zico,606.0,606.0,1,0,494.8
jitpack/maven-modular,164.0,112.0,1,0,120.4
jitsi/jicofo,1170.0,884.0,1,0,831.6
jitsi/jipopro,260.0,212.0,1,0,198.8
jitsi/jitsi-hammer,262.0,195.0,1,0,192.8
jitsi/turnserver,148.0,148.0,1,0,128.4
jittagornp/GoogleCloudPrint,532.0,391.0,1,0,379.20000000000005
jiucai/appframework,972.0,775.0,1,0,708.8
jivesoftware/aquarium,102.0,102.0,1,0,91.60000000000001
jivesoftware/jive-utils,916.0,657.0,1,0,639.2
jivesoftware/tasmo,1178.0,1178.0,1,0,952.4000000000001
jiwhiz/JiwhizBlogWeb,1482.0,1048.0,1,0,1022.0000000000001
jjeffcaii/zight-mm-server,654.0,370.0,1,0,419.6
jjenkov/butterfly-di-container,582.0,422.0,1,0,411.6
jjenkov/iap-tools-java,678.0,502.0,1,0,482.0
jjenkov/java-nio-server,70.0,70.0,1,0,66.0
jjfiv/galago-git,3382.0,2867.0,1,0,2509.6000000000004
jjj5311/CivChat2,64.0,64.0,1,0,61.2
jkennedy1980/clang-scanbuild-plugin,372.0,302.0,1,0,279.6
jkff/greg,422.0,312.0,1,0,303.6
jkorab/smx-bootstraps,128.0,128.0,1,0,112.4
jkrasnay/webjar,54.0,42.0,1,0,48.400000000000006
jkriss/monomic,180.0,180.0,1,0,154.0
jkschoen/jsma,246.0,244.0,1,0,206.0
jkubrynski/spring-boot-new-relic-agent,11860.0,5941.0,1,0,7130.4
jlaws/xoauth,46.0,46.0,0,0,36.800000000000004
jledit/jledit,696.0,480.0,1,0,480.40000000000003
jlinn/asana-api-java,304.0,221.0,1,0,220.0
jlinn/quartz-redis-jobstore,334.0,209.0,1,0,227.2
jloisel/elastic-crud,464.0,412.0,1,0,360.40000000000003
jloisel/reactive-couchbase,852.0,600.0,1,0,590.8
jluchiji/centipede,316.0,316.0,1,0,262.8
jlvivero/JavaReader,8.0,8.0,0,0,6.4
jmaassen/ConstellationOnYarn,104.0,102.0,1,0,92.4
jmacglashan/burlap,7416.0,4374.0,1,0,4726.0
jmarginier/chess,1836.0,1836.0,1,0,1478.8000000000002
jmchandonia/RBTnSeq,228.0,225.0,1,0,191.2
jmdns/jmdns,1118.0,736.0,1,0,751.6000000000001
jmeetsma/Iglu-Common,436.0,436.0,1,0,358.8
jmeetsma/Iglu-Util,1642.0,1134.0,1,0,1120.4
jmibanez/jmeter-rmi-plugin,88.0,85.0,1,0,79.2
jmiettinen/wikilinks,204.0,142.0,1,0,148.4
jmimo/netty-icap,880.0,590.0,1,0,598.0
jmini/Eclipse-Copyright-Generator,180.0,180.0,1,0,154.0
jmnarloch/zuul-trie-matcher-spring-cloud-starter,348.0,239.0,1,0,244.8
jni-/user-login,198.0,152.0,1,0,150.0
jnickg/JLiff,22.0,22.0,0,0,17.6
jnioche/libsvm-java,36.0,36.0,0,0,28.8
jnordwick/zerog-grisu,54.0,54.0,1,0,53.2
jnr/jnr-process,132.0,81.0,1,0,95.2
jnr/jnr-x86asm,378.0,277.0,1,0,272.0
joakim666/spring-boot-spring-loaded-java8-example,134.0,97.0,1,0,102.4
joantolos/business,470.0,437.0,1,0,372.8
joaquinpereira/RNSII,730.0,730.0,1,0,594.0
jodal/mmfplanner,622.0,469.0,1,0,446.40000000000003
joedayz/TallerServiciosWeb,926.0,926.0,1,0,750.8000000000001
joedayz/javaee7-samples,534.0,534.0,1,0,437.20000000000005
joel-costigliola/assertj-assertions-generator,650.0,473.0,1,0,459.20000000000005
joel-costigliola/fest-guava-assert,176.0,132.0,1,0,133.20000000000002
joelb-git/lqt,106.0,78.0,1,0,83.60000000000001
joeldossantos/aNa,394.0,394.0,1,0,325.20000000000005
joelso/trello4j,354.0,232.0,1,0,244.4
joerghoh/cq5-healthcheck,524.0,370.0,1,0,367.6
joergwicker/mlcbmad,26.0,26.0,0,0,20.8
joergwicker/scavenger,1502.0,920.0,1,0,978.8000000000001
joesondow/amazoncomponents,66.0,66.0,1,0,62.800000000000004
joestelmach/zipper,248.0,153.0,1,0,170.4
joeywen/fudannlp,2542.0,2542.0,1,0,2043.6000000000001
joeywen/mongodb-client,28.0,28.0,0,0,22.400000000000002
johan/closure-compiler,3906.0,2832.0,1,0,2705.2
johan12345/vertretungsplan-server,268.0,221.0,1,0,205.60000000000002
johanandren/Stack-Detective,482.0,367.0,1,0,349.6
johanandren/wicket-googlevis,114.0,85.0,1,0,89.6
johanhaleby/message-counter-lab,234.0,168.0,1,0,170.8
johanley/date4j,132.0,95.0,1,0,100.80000000000001
johann-petrak/gateplugin-StringAnnotation,134.0,133.0,1,0,116.80000000000001
john-morales/concurrent-utils,216.0,139.0,1,0,152.0
johnament/hammock,780.0,552.0,1,0,542.8
johnament/resteasy-netty-cdi,154.0,110.0,1,0,115.6
johnament/restful-and-beyond-tut2184,914.0,689.0,1,0,651.2
johncarl81/bundler,272.0,186.0,1,0,193.20000000000002
johncarl81/silver,720.0,413.0,1,0,463.20000000000005
johnflan/JavaEnigma,172.0,125.0,1,0,128.8
johnfosborneiii/jdg-xml-cache-store-lm,86.0,86.0,1,0,78.8
johnlcox/motif,1974.0,1201.0,1,0,1280.0
johnluetke/WeatherAPI,286.0,186.0,1,0,198.8
johnp/ModularWotClanInfo,196.0,181.0,1,0,160.8
johnzzhang/ProjectGoKart,990.0,990.0,1,0,802.0
jojo-bacon/FRC4087-2016-Robot-Code,42.0,42.0,0,0,33.6
jojona/Kex_UCTP_GA_SA,724.0,724.0,1,0,589.2
jojule/DocumentManager,134.0,87.0,1,0,98.4
joke1196/Teaching-HEIGVD-RES-2015-Vagrant,240.0,240.0,1,0,202.0
joker23/GT-Car-Rental,266.0,173.0,1,0,185.60000000000002
jollydays/camel-hystrix-endpoint,200.0,129.0,1,0,141.6
joluet/okde-java,154.0,120.0,1,0,119.6
jonabbey/Ganymede,2228.0,2228.0,1,0,1792.4
jonahkichwacoders/org.eclipse.dataset,482.0,479.0,1,0,394.40000000000003
jonahkichwacoders/org.eclipse.dataset.examples,50.0,50.0,0,0,40.0
jonashackt/tutorial-soap-spring-boot-cxf,1952.0,1198.0,1,0,1270.0
jonasoreland/teambuilder,326.0,210.0,1,0,224.4
jonathanlermitage/tikione-steam-cleaner,266.0,266.0,1,0,222.8
jonathanqbo/springframework,488.0,375.0,1,0,355.20000000000005
jonathanswenson/starschema-bigquery-jdbc,256.0,242.0,1,0,209.20000000000002
jonbuffington/gwt-test-example,354.0,228.0,1,0,242.8
jonesd/abora-ash,258.0,190.0,1,0,189.2
jonfhancock/JsonToJava,256.0,256.0,1,0,214.8
jonhare/COMP6237,1656.0,1656.0,1,0,1334.8000000000002
jonnyli1125/DawnCraft,122.0,122.0,1,0,107.60000000000001
jonnyli1125/MCDawn-Full,106.0,106.0,1,0,94.80000000000001
jonnyzzz/TeamCity.Virtual,230.0,230.0,1,0,194.0
joonty/memegen,210.0,133.0,1,0,147.2
jopecko/logback-flume-ng,182.0,126.0,1,0,133.2
jorabin/KeePassJava2,384.0,272.0,1,0,272.40000000000003
jordw/heftydb,888.0,626.0,1,0,615.6
jorgaf/LoxaWebSiteExport,80.0,80.0,1,0,74.0
jorge-aranda/quick-panel,184.0,135.0,1,0,137.60000000000002
jorgenpt/lipermi,126.0,93.0,1,0,97.60000000000001
joschi/JadConfig,1094.0,805.0,1,0,769.6
josedab/spring-boot-angularjs-examples,5558.0,5558.0,1,0,4456.400000000001
josedab/spring-boot-kafka-video-consumer,102.0,74.0,1,0,80.4
joselufo/RandomUserApi,134.0,104.0,1,0,105.2
josephcopenhaver/VNCServer,807.0,549.0,1,0,552.4000000000001
josh6beasttt/NYUBackend,122.0,80.0,1,0,90.80000000000001
joshcai/lecturesync-backend,128.0,128.0,1,0,112.4
joshelser/accumulo-csv,140.0,108.0,1,0,109.2
joshelser/cosmos,1848.0,1279.0,1,0,1260.8000000000002
joshiejack/ModTweaker,2598.0,1768.0,1,0,1756.4
joshlong/bootiful-banners,82.0,82.0,1,0,75.60000000000001
joshlong/configuring-it-all-out,74.0,74.0,1,0,69.2
joshlong/qcon2015-sao-paolo-microservices-workshop,178.0,178.0,1,0,152.4
joshlong/selfies,110.0,76.0,1,0,84.4
joshlong/service-registration-and-discovery,266.0,185.0,1,0,190.4
joshlong/spring-and-kafka,98.0,67.0,1,0,76.0
joshlong/techtips,54.0,54.0,1,0,53.2
joshlong/ws.tagit,492.0,437.0,1,0,381.6
joshuad2/twitter-visualization-demo,152.0,107.0,1,0,113.60000000000001
joshuayao/bigbench-ml,130.0,93.0,1,0,99.2
josuesasilva/JPaint,92.0,88.0,1,0,82.0
jottinger/lightshow,100.0,76.0,1,0,80.4
jottinger/ogm-example,92.0,64.0,1,0,72.4
joyent/java-http-signature,630.0,443.0,1,0,439.20000000000005
joyent/java-manta,624.0,447.0,1,0,438.40000000000003
jozefizso/teamcity-microsoftsdks,236.0,171.0,1,0,172.8
jpaoletti/java-presentation-manager,2142.0,1828.0,1,0,1598.0
jpatanooga/Canova,998.0,763.0,1,0,714.4000000000001
jpatanooga/dl4j-rnn-timeseries-examples,460.0,336.0,1,0,328.4
jpbetz/cli-util,256.0,169.0,1,0,180.0
jperedadnr/Leap3DFX,52.0,52.0,1,0,51.6
jplandrain/djeclipse,198.0,138.0,1,0,144.4
jpmml/jpmml-model,3824.0,2211.0,1,0,2424.0
jpmml/jpmml-sparkml,386.0,280.0,1,0,276.4
jpnauta/seng-501-image-recognition,202.0,149.0,1,0,150.4
jponge/blobstore,60.0,60.0,1,0,58.0
jporras66/8583core,574.0,574.0,1,0,469.20000000000005
jporras66/cardgui,134.0,134.0,1,0,117.2
jpountz/sorts,172.0,139.0,1,0,134.4
jprante/elasticsearch-analysis-baseform,140.0,140.0,1,0,122.0
jprante/elasticsearch-gatherer,1224.0,730.0,1,0,791.6
jprante/elasticsearch-helper,420.0,420.0,1,0,346.0
jprante/elasticsearch-jdbc,856.0,757.0,1,0,655.2
jprante/elasticsearch-plugin-bundle,950.0,950.0,1,0,770.0
jprante/log4j2-elasticsearch,276.0,168.0,1,0,187.60000000000002
jpschewe/fll-sw,3486.0,3486.0,1,0,2798.8
jqm4gwt/jqm4gwt,4778.0,3003.0,1,0,3122.4
jqno/equalsverifier,2072.0,1314.0,1,0,1364.4
jqs7/shop,214.0,138.0,1,0,150.8
jraduget/kaleido-repository,2686.0,2571.0,1,0,2112.8
jramoyo/indexed-file-reader,186.0,120.0,1,0,132.4
jrbing/pushover-notification-plugin,76.0,51.0,1,0,60.800000000000004
jrbn/ajira,1454.0,1077.0,1,0,1022.4000000000001
jrbn/dynamite,1008.0,853.0,1,0,754.4000000000001
jreijn/spring-comparing-template-engines,548.0,356.0,1,0,371.6
jrfaller/gumtree,1582.0,1136.0,1,0,1097.2
jrgoldfinemiddleton/cs61b,552.0,552.0,1,0,451.6
jri/deepamehta,1970.0,1970.0,1,0,1586.0
jribble/gwt-syncproxy,138.0,138.0,1,0,120.4
jrimum/texgit,654.0,407.0,1,0,434.40000000000003
jriwanek/End-Metals,880.0,617.0,1,0,608.8
jromero/jira-bulletins,138.0,138.0,1,0,120.4
jroyalty/jglm,212.0,153.0,1,0,156.0
jruby/jruby-examples,60.0,60.0,1,0,58.0
jruchcolo/rice-cd,110746.0,70978.0,1,0,72699.6
jschlichtholz/jiffybox,618.0,542.0,1,0,474.0
jscrambler/java-jscrambler,96.0,96.0,1,0,86.80000000000001
jsharkey13/chemistry-checker,200.0,138.0,1,0,145.2
jsherman1/kahadb-trace-analyzer,24.0,24.0,0,0,19.200000000000003
jshook/testclient,618.0,452.0,1,0,438.0
jsight/eap-examples,92.0,92.0,1,0,83.60000000000001
jsilland/piezo,330.0,330.0,1,0,274.0
jsloyer/talent-manager,398.0,363.0,1,0,314.40000000000003
jsog/jsog-jackson,202.0,125.0,1,0,140.8
jsongrts/raftlckmgr,210.0,142.0,1,0,150.8
jtaodream/tomcat-redis-session-manager,262.0,203.0,1,0,196.0
jtgasper3/maven-examples,32.0,32.0,0,0,25.6
jtsay362/chesspresso,524.0,418.0,1,0,386.80000000000007
jtwig/jtwig-examples-old,208.0,195.0,1,0,171.2
jtwig/jtwig-spaceless-extension,274.0,180.0,1,0,191.60000000000002
jtwig/jtwig-spring,216.0,157.0,1,0,159.20000000000002
jtzeng/stratoflyer,178.0,178.0,1,0,152.4
juanitodread/e-commerce-rest-api,198.0,198.0,1,0,168.4
juanmirocks/mallet,6176.0,3998.0,1,0,4079.6000000000004
jubincn/WGS84GCJ02Conversion,28.0,28.0,0,0,22.400000000000002
judgels/gabriel-commons,108.0,108.0,1,0,96.4
jughyd/GitFx,136.0,118.0,1,0,111.60000000000001
juhasipo/JMobster,1300.0,982.0,1,0,922.8
juhaszviktor/ESDestination,14.0,14.0,0,0,11.200000000000001
julian-urbano/MelodyShape,212.0,212.0,1,0,179.60000000000002
julianespinel/movies,246.0,183.0,1,0,181.60000000000002
julianharty/android-webdriver-vm-demo,166.0,166.0,1,0,142.8
julianhyde/eigenbase-properties,242.0,153.0,1,0,168.0
julianhyde/eigenbase-xom,112.0,112.0,1,0,99.60000000000001
julianhyde/foodmart-data-json,234.0,174.0,1,0,173.20000000000002
julianhyde/hydromatic-resource,194.0,140.0,1,0,143.60000000000002
julianhyde/linq4j,1546.0,968.0,1,0,1015.6000000000001
julianhyde/optiq-csv,234.0,175.0,1,0,173.60000000000002
julianhyde/optiq-splunk,74.0,74.0,1,0,69.2
julianhyde/quidem,220.0,147.0,1,0,156.8
julianmendez/jcel,5280.0,3060.0,1,0,3346.0
julianofischer/onedropolicies,418.0,418.0,1,0,344.40000000000003
julienchastang/charts4j,1094.0,852.0,1,0,788.4000000000001
juliocnsouzadev/ocpjp,864.0,655.0,1,0,617.6
juliomiguel1/redsocialclase,1648.0,1186.0,1,0,1143.6000000000001
juliusHuelsmann/paint,782.0,782.0,1,0,635.6
junit-team/junit5,3348.0,2371.0,1,0,2297.6000000000004
junit-team/junit5-samples,150.0,150.0,1,0,130.0
junit/Protoclipse-AS3,98.0,98.0,1,0,88.4
junminstorage/code4fun,332.0,332.0,1,0,275.6
junoyoon/simpleupdatesite-plugin,138.0,138.0,1,0,120.4
junwei-wang/cpabe,92.0,92.0,1,0,83.60000000000001
junyangren/echoice-ums,2342.0,2342.0,1,0,1883.6000000000001
juphoff/setiCode,82.0,82.0,1,0,75.60000000000001
jurnho/example-jaxrs-cxf3-spring4,134.0,83.0,1,0,96.80000000000001
justinedelson/cq-urlfilter,50.0,50.0,0,0,40.0
justinethier/AVL-Tree,14.0,14.0,0,0,11.200000000000001
justinsb/jetcd,100.0,74.0,1,0,79.6
jvermillard/hands-on-coap,138.0,138.0,1,0,120.4
jvmhub/Spring-Boot-with-Thymeleaf-tutorial,114.0,80.0,1,0,87.6
jvz/atg-ant-plugin,330.0,250.0,1,0,242.0
jwaldman/FastaValidator,158.0,141.0,1,0,129.60000000000002
jweese/thrax,476.0,475.0,1,0,390.4
jwilsoncredera/Profiles-Blog,454.0,336.0,1,0,326.0
jwolff52/RankUp,34.0,33.0,0,0,26.800000000000004
jwonders/conflex,210.0,138.0,1,0,149.2
jxqlovejava/sdk4j,586.0,436.0,1,0,418.8
jxqlovejava/utility,159.0,133.0,1,0,126.80000000000001
jyang/google-feedserver,1138.0,958.0,1,0,848.4000000000001
jyemin/async-mongodb-example,50.0,49.0,0,0,39.6
jyhsu2000/BannerMaker,102.0,102.0,1,0,91.60000000000001
jywarren/infrared-visible-video-kit,384.0,384.0,1,0,317.20000000000005
jzillmann/moontime,130.0,126.0,1,0,112.4
jzsues/pomelo-websocket-java-client,254.0,185.0,1,0,185.60000000000002
k-a-z-u/DragTag,206.0,206.0,1,0,174.8
k-int/JZLib,198.0,198.0,1,0,168.4
k0105/ensemble,466.0,318.0,1,0,323.6
k0ner/olv-eclipse-integration,98.0,98.0,1,0,88.4
k255/drill-gis,116.0,116.0,1,0,102.80000000000001
k3po/k3po,17458.0,12437.0,1,0,11968.0
k9mail/jutf7,148.0,108.0,1,0,112.4
ka-ka-xyz/JmxHeapWatchDog,224.0,178.0,1,0,170.8
kaaaaang/ews-java-api,2954.0,2093.0,1,0,2028.8000000000002
kaaass/BiliDanmaku,44.0,44.0,0,0,35.2
kaaprotech/satu,1108.0,683.0,1,0,726.4000000000001
kaazing/tools.wscat,84.0,55.0,1,0,65.6
kaazing/truststore-maven-plugin,132.0,88.0,1,0,98.0
kadric/dreamteam,924.0,924.0,1,0,749.2
kadualon/initialState-java,78.0,54.0,1,0,62.800000000000004
kahowell/xform-live,128.0,96.0,1,0,99.60000000000001
kairosdb/kairos-carbon,232.0,232.0,1,0,195.60000000000002
kaklakariada/portmapper,428.0,321.0,1,0,309.6
kakusuke-maruno/jp.kksk,80.0,80.0,1,0,74.0
kalemdzievski/XML-Generic-Parser,60.0,60.0,1,0,58.0
kally788/JsmvcPackProject,58.0,58.0,1,0,56.400000000000006
kamcpp/avicenna,92.0,92.0,1,0,83.60000000000001
kaneg/reviewboard-plugin-for-idea,48.0,48.0,0,0,38.400000000000006
kantega/respiro,3914.0,2609.0,1,0,2619.2000000000003
kanzure/uncertainfuture,450.0,450.0,1,0,370.0
kara71/KaraOK,140.0,140.0,1,0,122.0
kareez/jnbis,880.0,569.0,1,0,589.6
kares/jruby-rack-worker,140.0,140.0,1,0,122.0
karimhamdanali/averroes,132.0,132.0,1,0,115.60000000000001
kariminf/AllSummarizer,146.0,146.0,1,0,126.80000000000001
karlkfi/spring-mvc-params,150.0,107.0,1,0,112.80000000000001
karlroberts/base64,86.0,62.0,1,0,69.2
karlward/clutterometer,60.0,60.0,1,0,58.0
karma-runner/maven-karma-plugin,86.0,56.0,1,0,66.8
kart1618/Java-units.1.89.J01_Test,270.0,268.0,1,0,225.2
kart1618/jLevenshtein_v0_2_Test,230.0,228.0,1,0,193.2
karthikj1/BarcodeLocalizer,32.0,32.0,0,0,25.6
kartoFlane/superluminal2,2612.0,1757.0,1,0,1757.6
kasonyang/kalang,964.0,717.0,1,0,682.4000000000001
kasooja/cl-esa,868.0,661.0,1,0,621.6000000000001
kasperisager/swing-mvc,54.0,54.0,1,0,53.2
katharsis-project/katharsis-core,2962.0,1857.0,1,0,1937.6
katharsis-project/katharsis-rs,266.0,194.0,1,0,194.0
katharsis-project/katharsis-spring,88.0,88.0,1,0,80.4
katsuma/tokyo-jogging,112.0,112.0,1,0,99.60000000000001
kawasima/solr-jdbc,252.0,223.0,1,0,200.0
kawasima/websocket-classloader,210.0,149.0,1,0,153.6
kayahr/jasdoc,860.0,671.0,1,0,622.4000000000001
kayahr/javascript-maven-plugin,174.0,114.0,1,0,125.20000000000002
kayahr/jollada,1030.0,766.0,1,0,728.4000000000001
kayahr/pherialize,138.0,104.0,1,0,106.80000000000001
kayahr/xadrian,1266.0,990.0,1,0,912.4000000000001
kaydell/echo,32.0,32.0,0,0,25.6
kazuhira-r/hazelcast-examples,1088.0,1088.0,1,0,880.4000000000001
kbansal/fuzzsmt,96.0,72.0,1,0,77.2
kbase/genome_comparison,362.0,362.0,1,0,299.6
kbase/java_common,248.0,246.0,1,0,207.60000000000002
kbase/meme,352.0,350.0,1,0,290.8
kbase/njs_wrapper,404.0,401.0,1,0,332.0
kbase/user_and_job_state,502.0,500.0,1,0,410.8
kbastani/spring-boot-graph-processing-example,390.0,342.0,1,0,302.8
kbastani/spring-cloud-polyglot-persistence-example,298.0,298.0,1,0,248.4
kbjosu/FirstGame,28.0,28.0,0,0,22.400000000000002
kcthota/emoji4j,98.0,69.0,1,0,76.80000000000001
kdbanman/InfoSpect,12.0,12.0,0,0,9.600000000000001
kddart/interopServer-DAL,782.0,575.0,1,0,552.8
kdkanishka/Virustotal-Public-API-V2.0-Client,330.0,255.0,1,0,244.0
kecskemeti/dissect-cf,754.0,504.0,1,0,513.2
keedio/Storm-0.9.1-Kafka-0.8-Test,44.0,33.0,0,0,30.800000000000004
keedio/flume-ng-sql-source,224.0,138.0,1,0,154.8
keedio/flume-taildirectory-source,104.0,72.0,1,0,80.4
keepkey/multibit,1150.0,1150.0,1,0,930.0
keepkey/multibit-hardware,2526.0,1522.0,1,0,1629.2000000000003
keepkey/multibit-hd,6468.0,4550.0,1,0,4417.200000000001
kefirfromperm/kefirbb,1114.0,746.0,1,0,754.0
keith-turner/jinex,40.0,40.0,0,0,32.0
keithbranton/angular-maven-plugin,90.0,61.0,1,0,70.4
keithlawless/Tips--Bukkit-Plugin-,32.0,32.0,0,0,25.6
kekeh/code128encoder,262.0,180.0,1,0,186.8
kelzan/HanziHelper,6864.0,5131.0,1,0,4808.0
kemitix/wiser-assertions,152.0,105.0,1,0,112.80000000000001
kendzi/show-in-google-plugin,50.0,49.0,0,0,39.6
kennedyoliveira/pastebin4j,324.0,233.0,1,0,232.8
kennedyoliveira/standalone-hystrix-dashboard,242.0,167.0,1,0,173.60000000000002
kennedyoliveira/ultimate-pastebin-intellij-plugin,180.0,180.0,1,0,154.0
kennyyu/flags,152.0,108.0,1,0,114.0
kennyzli/io.tusk,236.0,173.0,1,0,173.60000000000002
kenpu/2014-01-csci2020u,222.0,222.0,1,0,187.60000000000002
kenshoo/flume-rabbitmq-sink,48.0,48.0,0,0,38.400000000000006
kenyaehrs/hospitalcore,4614.0,3021.0,1,0,3064.0
kenyaehrs/inventory,778.0,778.0,1,0,632.4000000000001
kevin91nl/TextMining,6.0,6.0,0,0,4.800000000000001
kevinbayes/vest,324.0,239.0,1,0,235.2
kevininestroza/tarea4progra1,18.0,18.0,0,0,14.4
kevinseim/beanio,1458.0,1458.0,1,0,1176.4
kevoree/kevoree-samples,164.0,164.0,1,0,141.20000000000002
kevoree/kevscript,1866.0,1367.0,1,0,1303.2000000000003
keycloak/keycloak,36320.0,26821.0,1,0,25266.4
keyhan/jBSBE,198.0,142.0,1,0,146.0
kgary/ser422_spring16,1214.0,1214.0,1,0,981.2
khaing211/json-grep,298.0,198.0,1,0,208.4
khanning/LeapScratch,110.0,110.0,1,0,98.0
khartec/waltz,4284.0,3564.0,1,0,3149.2000000000003
khasang/Cachoeira,494.0,486.0,1,0,402.0
khatchad/Common-Eclipse-Java-Refactoring-Framework,204.0,204.0,1,0,173.20000000000002
khatchad/Constants-to-Enum-Eclipse-Plugin,242.0,242.0,1,0,203.60000000000002
khipu/lib-java,210.0,156.0,1,0,156.4
khmarbaise/iterator-maven-plugin,698.0,640.0,1,0,545.2
kholodovitch/kayak-java,82.0,82.0,1,0,75.60000000000001
khotyn/spring-tx-test,188.0,122.0,1,0,134.0
kiarnold/RiskSimlutator,86.0,86.0,1,0,78.8
kiblerdude/zoopeeker,148.0,115.0,1,0,115.2
kiesel/johanna,298.0,220.0,1,0,217.2
kijiproject/cassandra-maven-plugin,138.0,107.0,1,0,108.0
kijiproject/hadoop-configurator,58.0,58.0,1,0,56.400000000000006
kijiproject/kiji-model-repository,234.0,234.0,1,0,197.20000000000002
kikht/java-examples,872.0,872.0,1,0,707.6
kilim/kilim,946.0,684.0,1,0,662.0
killbill/killbill-accertify-plugin,296.0,214.0,1,0,214.0
killbill/killbill-client-java,396.0,292.0,1,0,285.20000000000005
killbill/killbill-forte-plugin,496.0,328.0,1,0,339.6
killbill/killbill-meter-plugin,826.0,593.0,1,0,577.6
killbilling/recurly-java-library,272.0,272.0,1,0,227.60000000000002
killjoy1221/TabbyChat-2,284.0,283.0,1,0,236.8
killme2008/ewok,64.0,64.0,1,0,61.2
kinnla/eniac,1160.0,946.0,1,0,852.4000000000001
kinnla/swp-2013,216.0,216.0,1,0,182.8
kinow/testlink-unit,60.0,52.0,1,0,54.8
kinshik/hadoop-demo,48.0,48.0,0,0,38.400000000000006
kish1/Twitter-MapReduce,38.0,38.0,0,0,30.400000000000002
kishoreg/incubator-helix,4620.0,3072.0,1,0,3086.8
kiswanij/remote-reflection,132.0,95.0,1,0,100.80000000000001
kite-sdk/kite-examples-integration-tests,142.0,142.0,1,0,123.60000000000001
kiuwan/thirdparty-report-importer,126.0,91.0,1,0,96.80000000000001
kiwilew/covito-kit,1110.0,843.0,1,0,791.2
kjk/volante-obsolete,1198.0,1198.0,1,0,968.4000000000001
kjlubick/fb-contrib-eclipse-quick-fixes,330.0,330.0,1,0,274.0
kkapelon/Apache-Httpd-conf-Reader,170.0,128.0,1,0,129.2
kkkon/job-strongauth-simple-plugin,114.0,91.0,1,0,92.0
kklin/java-audio-steganography,108.0,105.0,1,0,95.2
kksk-foundation-libraries/com.kksk,252.0,252.0,1,0,211.60000000000002
klatunetworks/webhooks,158.0,113.0,1,0,118.4
klaube/kata,436.0,436.0,1,0,358.8
kleinmind/bridge-bounding,172.0,123.0,1,0,128.0
klemens/openolat,26876.0,26876.0,1,0,21510.800000000003
klieber/phantomjs-maven-plugin,672.0,514.0,1,0,484.40000000000003
kliniki-online/spring-web-doclet,244.0,185.0,1,0,181.60000000000002
klyall/ad-authenticator,250.0,164.0,1,0,175.60000000000002
klymenek/jamod,364.0,364.0,1,0,301.2
kmecpp/EnjinNews,50.0,50.0,0,0,40.0
kmhasan-class/spring2016java,694.0,694.0,1,0,565.2
knifhen/javarebel-stripes-plugin,66.0,58.0,1,0,59.60000000000001
knime-mpicbg/HCS-Tools,1220.0,1220.0,1,0,986.0
kno10/reversegeocode,190.0,160.0,1,0,150.0
knoebber/secret-nemesis,54.0,54.0,1,0,53.2
knowitall/common-java,114.0,92.0,1,0,92.4
knowledgetechnologyuhh/docks,628.0,628.0,1,0,512.4000000000001
kobaj/JavaDecisionTree,10.0,10.0,0,0,8.0
kobalj/stopwatch,188.0,136.0,1,0,139.60000000000002
kodgemisi/camp,614.0,401.0,1,0,416.0
kohle/Avaricia,22.0,22.0,0,0,17.6
kohsah/akomantoso-lib,6302.0,4751.0,1,0,4431.200000000001
kohsuke/file-leak-detector,154.0,108.0,1,0,114.80000000000001
kohsuke/hudson,50030.0,36446.0,1,0,34600.4
kojisekig/word2vec-lucene,242.0,211.0,1,0,191.20000000000002
komamitsu/jackson-dataformat-msgpack,176.0,119.0,1,0,128.0
komiya-atsushi/s3gyazo-java,94.0,67.0,1,0,74.4
kompics/kompics,1786.0,1180.0,1,0,1196.4
konachan700/JNekoImageDB,692.0,686.0,1,0,561.2
konifar/android-material-design-icon-generator-plugin,123236.0,82154.0,1,0,82166.0
konrad-garus/classycle-gradle-plugin,68.0,60.0,1,0,61.2
konsolas/ConditionalCommands,166.0,110.0,1,0,120.4
kontext-e/jqassistant-plugins,762.0,713.0,1,0,600.0
konvergeio/cofoja-example,86.0,58.0,1,0,67.6
koofr/java-koofr,122.0,122.0,1,0,107.60000000000001
koppor/gradlepackage,82.0,66.0,1,0,69.2
kortaggio/BrokenTimer,12.0,12.0,0,0,9.600000000000001
korydondzila/LejOSEv3,32.0,32.0,0,0,25.6
kosch/NanoVM,3310.0,3310.0,1,0,2658.0
kotcrab/arget,488.0,488.0,1,0,400.40000000000003
kpacha/yuicompressor-server,306.0,230.0,1,0,224.4
kpavlov/fixio,866.0,610.0,1,0,600.4000000000001
kpelykh/docker-java,348.0,256.0,1,0,251.60000000000002
krasa/GrepConsole,356.0,356.0,1,0,294.8
krasa/krasa-wicket-websocket-quickstart,64.0,64.0,1,0,61.2
krasserm/ipf,11656.0,11656.0,1,0,9334.800000000001
kreezxil/Compressed-Blocks-by-Kreezxil,2586.0,1906.0,1,0,1806.8000000000002
kreon/jnode,1744.0,1271.0,1,0,1216.0
krestenkrab/kilim-erjang,378.0,372.0,1,0,310.0
kreuzverweis/lucene-sail-3.0,118.0,107.0,1,0,100.0
krevelen/rivm-episim,690.0,690.0,1,0,562.0
krikelin/JSONSerializer,10.0,10.0,0,0,8.0
krinsdeath/RankSuite,68.0,68.0,1,0,64.4
krinsdeath/TeleportSuite,234.0,172.0,1,0,172.4
krishnagopinath/PhoneGap-ZipTools-Plugin,16.0,16.0,0,0,12.8
krishneo/IntelIiTaskMgmt,680.0,483.0,1,0,475.20000000000005
krisjey/netty.book.kor,586.0,586.0,1,0,478.8
krisjin/bscl,866.0,627.0,1,0,607.2
kristianmandrup/emberjs-plugin,194.0,194.0,1,0,165.20000000000002
kristophjunge/vortex-editor,50.0,50.0,0,0,40.0
kritzikratzi/fullscreen-p5,258.0,202.0,1,0,194.0
krs-world/bridges,1576.0,1512.0,1,0,1245.2000000000003
ksaua/remock,404.0,280.0,1,0,283.6
ksteuern/optm,260.0,260.0,1,0,218.0
ksuse/FileFinder,66.0,47.0,1,0,55.2
ktgit/ktdocumentindexer,130.0,130.0,1,0,114.0
ktllo/inviteBot,206.0,150.0,1,0,152.4
ktoso/kanbanery-for-intellij,60.0,60.0,1,0,58.0
ktoso/maven-git-commit-id-plugin,5308.0,5214.0,1,0,4218.8
kuali/kc-api,1070.0,804.0,1,0,759.6
kuali/kfs,111718.0,65538.0,1,0,70912.40000000001
kumai/kt4j,224.0,165.0,1,0,165.60000000000002
kunerd/jpaillier,124.0,88.0,1,0,94.80000000000001
kurbatov/firmata4j,242.0,176.0,1,0,177.20000000000002
kurthuwig/rados-java,324.0,222.0,1,0,228.4
kurtisthompson/MinMax-Chess-App,62.0,62.0,1,0,59.6
kvpbase/kvpbase-sdk-java,168.0,168.0,1,0,144.4
kwanggithub/umfloodlight,2966.0,2142.0,1,0,2053.2000000000003
kwart/ldap-server,98.0,76.0,1,0,79.60000000000001
kwf2030/overtime-statistics,150.0,107.0,1,0,112.80000000000001
kwon37xi/freemarker-template-inheritance,284.0,227.0,1,0,214.40000000000003
kwwette/pdftasks,18.0,18.0,0,0,14.4
kxyfyh/Fourinone,352.0,352.0,1,0,291.6
kyleconroy/dropwizard-helloworld,86.0,62.0,1,0,69.2
kylinsoong/teiid-sizing-application,84.0,84.0,1,0,77.2
kyoken74/gwt-angular,600.0,600.0,1,0,490.0
kyriog/rftd,152.0,107.0,1,0,113.60000000000001
kytkemo/portti,202.0,127.0,1,0,141.60000000000002
kzwang/elasticsearch-river-dynamodb,208.0,135.0,1,0,147.2
l0rdn1kk0n/wicket-clientside-logging,266.0,186.0,1,0,190.8
la-team/light-admin,7648.0,5575.0,1,0,5299.200000000001
la3lma/dropwizpoc,46.0,46.0,0,0,36.800000000000004
lacic/solr-resource-recommender,772.0,772.0,1,0,627.6
lagodiuk/decision-tree,140.0,102.0,1,0,106.80000000000001
lagom/activator-lagom-cargotracker,160.0,160.0,1,0,138.0
laidig/siri-20-java,9626.0,9622.0,1,0,7709.200000000001
lambdamatic/lambdamatic-analyzer,526.0,382.0,1,0,373.20000000000005
lamfire/chimaera,1124.0,830.0,1,0,791.6
lancelothk/BSPAT,716.0,716.0,1,0,582.8000000000001
landro/jtcl-irule,44.0,44.0,0,0,35.2
lankavitharana/JarAnalyser,78.0,57.0,1,0,64.0
lanxuezaipiao/IT-Interviews-Sharing,50.0,50.0,0,0,40.0
laozhaokun/huntinfo,100.0,100.0,1,0,90.0
lare96/luna,898.0,667.0,1,0,636.0
larrytin/realtime-server-appengine,356.0,356.0,1,0,294.8
larseriksson/markdown2html-maven-plugin,34.0,34.0,0,0,27.200000000000003
larsga/Duke,1746.0,1281.0,1,0,1220.8000000000002
larsgeorge/hbase-schema-manager,34.0,34.0,0,0,27.200000000000003
larsmans/libsvm,154.0,154.0,1,0,133.2
larubbio/platform-campaigns,992.0,992.0,1,0,803.6
larusba/neo4j-jdbc,1446.0,911.0,1,0,952.8
lasercar/SpectateTP,30.0,30.0,0,0,24.0
lassana/webometrics-parser,34.0,34.0,0,0,27.200000000000003
lastaflute/lasta-di,6248.0,3823.0,1,0,4038.4000000000005
lastaflute/lasta-taglib,566.0,354.0,1,0,378.0
lastfm/lastcommons-kyoto,366.0,263.0,1,0,261.6
lastfm/lastcommons-lang,314.0,224.0,1,0,225.20000000000002
lastfm/lastcommons-test,274.0,221.0,1,0,208.0
lastfm/musicbrainz-data,362.0,275.0,1,0,264.8
lastpass/confluence-saml,120.0,81.0,1,0,90.4
lastpass/saml-sdk-java,110.0,89.0,1,0,89.6
laugues/it-mircroservices-springcloud,1602.0,945.0,1,0,1028.8000000000002
laurentvdl/example-dynamic-extension,210.0,157.0,1,0,156.8
lavenderx/spring-boot-examples,376.0,244.0,1,0,258.0
lawrancej/logisim,12622.0,9284.0,1,0,8772.400000000001
lawremi/CustomOreGen,450.0,447.0,1,0,368.8
lawremi/PerFabricaAdAstra,794.0,791.0,1,0,644.0
lbehnke/hierarchical-clustering-java,196.0,142.0,1,0,145.20000000000002
lbroman/MSRP-API,304.0,304.0,1,0,253.20000000000002
lbtc-xxx/jberetweb,316.0,210.0,1,0,220.4
lburgazzoli/lb-chronicle,262.0,255.0,1,0,216.8
lburgazzoli/lb-hazelcast,390.0,389.0,1,0,321.6
lburgazzoli/lb-karaf,226.0,168.0,1,0,167.60000000000002
ldbc/ldbc_driver,3234.0,2233.0,1,0,2196.8
ldilley/minestat,58.0,58.0,1,0,56.400000000000006
ldp4j/ldp4j,4312.0,3671.0,1,0,3203.2000000000003
leancloud/diamond,924.0,637.0,1,0,634.4000000000001
leapcode/bitmask_thunderbird,60.0,60.0,1,0,58.0
leapset/Java-Client-for-Forecast.io,152.0,116.0,1,0,117.20000000000002
learning-spring-boot/learning-spring-boot-code-1.2,1080.0,1080.0,1,0,874.0
ledyba/Banshee,48.0,48.0,0,0,38.400000000000006
leeadkins/elasticsearch-redis-river,174.0,117.0,1,0,126.4
leebyron/streamgraph,72.0,72.0,1,0,67.6
leelance/spring-boot-all,174.0,174.0,1,0,149.20000000000002
lefloh/jax-rs-performance,146.0,110.0,1,0,112.4
leimingshan/MongoDB-ImportXMLProfile,210.0,176.0,1,0,164.4
lekonna/arduino-car-logger,120.0,120.0,1,0,106.0
lemire/JavaFastPFOR,646.0,422.0,1,0,437.20000000000005
lemire/javaewah,808.0,510.0,1,0,537.2
lemire/sparsebitmap,168.0,101.0,1,0,117.60000000000001
lemmingapex/EightPuzzle,176.0,165.0,1,0,146.4
lenskit/lenskit,2830.0,2794.0,1,0,2259.6000000000004
leoandresm/PORTAFOLIO_933997,206.0,206.0,1,0,174.8
leoandresm/PORTAFOLIO_934096,206.0,206.0,1,0,174.8
leofavio-ar/query-lib,32.0,32.0,0,0,25.6
leogomes/http2-netty,452.0,452.0,1,0,371.6
leohahn/DeveloperTCP,120.0,120.0,1,0,106.0
leonardoanalista/java2word,490.0,490.0,1,0,402.0
leonarduk/unison,892.0,691.0,1,0,643.2
leondart/FRaMED,1434.0,1434.0,1,0,1157.2
leonlee/flume-ng-mongodb-sink,62.0,54.0,1,0,56.400000000000006
leonmaybe/eLong-OpenAPI-JAVA-demo,552.0,552.0,1,0,451.6
leosegretain/Cara,166.0,166.0,1,0,142.8
leotizzei/CosmosChecker,58.0,58.0,1,0,56.400000000000006
leoukos/HAD,26.0,26.0,0,0,20.8
lepakko683/CelestialWizardry,976.0,971.0,1,0,788.8000000000001
lerks/Billiard,22.0,22.0,0,0,17.6
lessthanoptimal/ejml,3866.0,2686.0,1,0,2630.8
lestard/SnakeFX,172.0,172.0,1,0,147.6
leszko/benchmark-ioc,180.0,127.0,1,0,132.8
letsdeveloper/letsdeveloper,208.0,208.0,1,0,176.4
levisjani/java,214.0,214.0,1,0,181.20000000000002
levohuutri/quanlytruonghoc-trituanly,800.0,800.0,1,0,650.0
lexwebb/GoldRushMC,200.0,194.0,1,0,167.60000000000002
lgnlgn/ansj4solr,78.0,57.0,1,0,64.0
lgrignon/jsweet-gradle-plugin,110.0,85.0,1,0,88.0
lgrignon/jsweet-maven-plugin,100.0,67.0,1,0,76.8
lgrote/orderly,364.0,272.0,1,0,264.4
lhanson/checkstyle,3886.0,3132.0,1,0,2817.2000000000003
lhein/EclipseToMavenTooling,68.0,46.0,1,0,55.60000000000001
lhfei/stock-thinker,460.0,281.0,1,0,306.4
lhfei/vdn-log-thinker,866.0,727.0,1,0,647.2
lhw/duckduckgo,92.0,72.0,1,0,75.60000000000001
liamgomez75/Chatblind,44.0,38.0,0,0,32.800000000000004
liblouis/liblouis-java,128.0,98.0,1,0,100.4
libofeng/JspGrid,926.0,685.0,1,0,654.4000000000001
librato/disco-java,386.0,245.0,1,0,262.4
librato/watchconf,474.0,291.0,1,0,316.0
libreoss/lucene-moduli,38.0,38.0,0,0,30.400000000000002
liferay/liferay-blade-cli,3910.0,3877.0,1,0,3124.8
lightoze/gwt-i18n-server,310.0,232.0,1,0,226.8
lightstorm/lightstorm-server,456.0,456.0,1,0,374.8
line/armeria,6810.0,3997.0,1,0,4332.8
lingxiaoxuan/liquidtrack,208.0,208.0,1,0,176.4
link-intersystems/GitDirStat,1182.0,833.0,1,0,816.0
linkedin/Cubert,1806.0,1267.0,1,0,1239.2
linkedin/MTBT,1064.0,898.0,1,0,794.8000000000001
linkedin/PalDB,260.0,209.0,1,0,197.60000000000002
linkedin/bowser,1200.0,743.0,1,0,787.2
linkedin/gobblin,4316.0,4316.0,1,0,3462.8
linkshare/cdh-storm,396.0,393.0,1,0,325.6
linqs/psl,2934.0,2129.0,1,0,2035.2000000000003
linux-china/ali-oss-java-cli,404.0,267.0,1,0,278.40000000000003
linux-china/google-totp-java,90.0,62.0,1,0,70.8
linuxras/jtwitz,2756.0,2621.0,1,0,2160.8
linzi-zero/billiards,320.0,320.0,1,0,266.0
liosha2007/dotcms-groupdocs-comparison-source,30.0,30.0,0,0,24.0
lipengyu/tm_weibo,42.0,42.0,0,0,33.6
lipisha/lipisha-java-sdk,436.0,286.0,1,0,298.8
liquibase/BACKUP_FROM_SVN,7606.0,5192.0,1,0,5129.200000000001
lisaglendenning/zookeeper-clients,174.0,174.0,1,0,149.20000000000002
lisosia/c2v,308.0,226.0,1,0,223.60000000000002
litecoin-extras/nxt-public-key-client,872.0,872.0,1,0,707.6
literacyapp-org/literacyapp-web,1594.0,1083.0,1,0,1080.8000000000002
litesoft/LiteSoftServerUtils,146.0,146.0,1,0,126.80000000000001
litesolutions/sonar-dummylanguage,368.0,254.0,1,0,258.8
lithiumtech/mineraloil-waiters,146.0,97.0,1,0,107.20000000000002
littcai/littcore-codegen,214.0,214.0,1,0,181.20000000000002
liufeiit/scheduler,258.0,212.0,1,0,198.0
liuling07/QiQuYingServer,590.0,590.0,1,0,482.0
liuxiaolsdx/SimpleWeibo,566.0,390.0,1,0,392.4
liuxinglanyue/hot2hot,80.0,80.0,1,0,74.0
liuyangming/ByteJTA,470.0,347.0,1,0,336.8
livetribe/livetribe-jmx-json,110.0,110.0,1,0,98.0
livetribe/livetribe-jsr223,100.0,76.0,1,0,80.4
livingsocial/HiveSwarm,246.0,181.0,1,0,180.8
lizhuoli1126/e-lexer,166.0,166.0,1,0,142.8
ljljlj/jareau,574.0,429.0,1,0,411.20000000000005
ljo/exist-ocular-ocr,340.0,333.0,1,0,279.20000000000005
lkoskela/beaninject,354.0,246.0,1,0,250.0
lkrnac/patere,136.0,99.0,1,0,104.0
lkumarjain/jain-I18n,444.0,304.0,1,0,309.20000000000005
llv22/baidu_push_sdk_java,808.0,589.0,1,0,568.8000000000001
lmarchesoti/2015-2-IP2-online-chat,330.0,203.0,1,0,223.2
lo9key/ASCII_Art,56.0,56.0,1,0,54.800000000000004
lobobeebe/PL0Parser,182.0,182.0,1,0,155.6
localmatters/lesscss4j,508.0,492.0,1,0,410.0
lockss/lockss-daemon,16860.0,14540.0,1,0,12570.0
locurasoft/osxmidi4j,418.0,268.0,1,0,284.40000000000003
lodms/lodms-plugins,374.0,374.0,1,0,309.2
logentries/le_java,108.0,106.0,1,0,95.60000000000001
logicalexpert/spring-mongo-vaadin-geo,384.0,287.0,1,0,278.40000000000003
logicchains/MagicForest,24.0,24.0,0,0,19.200000000000003
logiclinegmbh/swapp,278.0,184.0,1,0,194.8
login-box/dropwizard-mybatis,172.0,172.0,1,0,147.6
loicminghetti/touchpdf,30.0,30.0,0,0,24.0
lomadurov/netbeans-jslint,78.0,78.0,1,0,72.4
lomin/despot,812.0,507.0,1,0,537.6
london-escience/tempss,760.0,510.0,1,0,518.0
longkerdandy/mithqtt,1300.0,974.0,1,0,919.6
longluo/Java-Interview-Questions,268.0,268.0,1,0,224.4
longluo/JavaDemo,200.0,200.0,1,0,170.0
lonnyj/liquibase-spatial,224.0,224.0,1,0,189.20000000000002
lookout/whoas,172.0,172.0,1,0,147.6
looly/hulu,298.0,225.0,1,0,219.2
loopingz/hue-api,140.0,100.0,1,0,106.0
lord-ralf-adolf/Lordroid_One_Deodexer_To_Rule_Them_ALL,364.0,354.0,1,0,297.2
lorebiga/CheckboxTree,212.0,212.0,1,0,179.60000000000002
lorenzosaino/gae-webmonitor,60.0,60.0,1,0,58.0
lorisdanto/symbolicautomata,830.0,587.0,1,0,576.8
lorthos/incubator-zeppelin-druid,45430.0,23801.0,1,0,27702.4
lossurdo/CacheFilter,22.0,22.0,0,0,17.6
lostdragon/cobar,4226.0,3040.0,1,0,2916.4
lotaris/jee-validation,704.0,434.0,1,0,465.20000000000005
lotaris/junitee-data-utils,634.0,398.0,1,0,422.80000000000007
lotaris/lotaris-glassfish-maven-plugin,590.0,356.0,1,0,388.4
loviworld/puppy-io,434.0,317.0,1,0,310.40000000000003
lovromazgon/activiti-hashed-passwords,80.0,59.0,1,0,65.6
loxal/Epvin,642.0,466.0,1,0,453.20000000000005
loxal/iOS-app-template,254.0,193.0,1,0,188.8
lozga/rocketcalc,77.0,74.0,1,0,70.4
lpandzic/junit-bdd,270.0,169.0,1,0,185.60000000000002
lpxz/grail-lucene358684,2476.0,2476.0,1,0,1990.8000000000002
lrlucena/While,64.0,64.0,1,0,61.2
lrscp/ControlAndroidDeviceFromPC,434.0,434.0,1,0,357.20000000000005
lrtdc/light_drtc,148.0,139.0,1,0,124.80000000000001
lrytz/sclasslib,1266.0,985.0,1,0,910.4000000000001
ls1intum/jReto,334.0,334.0,1,0,277.2
lsiu/vaadin-mongo-container,90.0,90.0,1,0,82.0
lsu-ub-uu/cora-systemone,52.0,52.0,1,0,51.6
ltasks/ltasks4j,168.0,122.0,1,0,126.0
ltettoni/logic2j,702.0,609.0,1,0,534.4000000000001
luc4sdreyer/topcoder,4272.0,4272.0,1,0,3427.6000000000004
lucascs/minicurso-completo,292.0,291.0,1,0,243.20000000000002
lucasponce/minicmsportlet,136.0,131.0,1,0,116.80000000000001
lucaswalter/Staley-Robotics-2014,138.0,138.0,1,0,120.4
lucene-ws/lucene-ws,810.0,537.0,1,0,548.8
lucidfrontier45/ElasticsearchSink2,152.0,115.0,1,0,116.80000000000001
lucidworks/hadoop-solr,364.0,364.0,1,0,301.2
lucidworks/hive-solr,94.0,94.0,1,0,85.2
lucidworks/mlockall-agent,14.0,14.0,0,0,11.200000000000001
lucidworks/pig-solr,90.0,90.0,1,0,82.0
lucidworks/sidecar_index,66.0,65.0,1,0,62.400000000000006
lucidworks/solr-scale-tk,298.0,238.0,1,0,224.4
ludal360/Perdido,160.0,160.0,1,0,138.0
ludo1026/telosys-tools-saas-mongodb2,164.0,118.0,1,0,122.80000000000001
ludokx/jelp,188.0,147.0,1,0,144.0
ludovicianul/selenium-on-steroids,398.0,250.0,1,0,269.20000000000005
ludovicianul/vassal,106.0,77.0,1,0,83.2
luhuiguo/chinese-utils,154.0,112.0,1,0,116.4
luhuiguo/speech,184.0,134.0,1,0,137.20000000000002
luiscubal/jasmin,378.0,378.0,1,0,312.40000000000003
luisibanez/ICY-ITK-Plugins,6.0,6.0,0,0,4.800000000000001
luisibanez/running-with-zebras-101,70.0,70.0,1,0,66.0
luismg9415/jhonatan-luis,42.0,42.0,0,0,33.6
luizvarela/grafos_java,2192.0,2192.0,1,0,1763.6000000000001
luizventurote/agenda-eletronica,128.0,128.0,1,0,112.4
lukacsd/kh-annex,94.0,84.0,1,0,81.2
lukacu/gridland,116.0,116.0,1,0,102.80000000000001
lukas-krecan/hamcrest-logger,82.0,62.0,1,0,67.60000000000001
lukas-krecan/smock,1992.0,1646.0,1,0,1465.2000000000003
lukas-krecan/spring-ws-test,926.0,703.0,1,0,661.6
lukashinsch/spring-boot-extended-logging-properties,72.0,72.0,1,0,67.6
lukashinsch/spring-properties-decrypter,68.0,68.0,1,0,64.4
lukaszbudnik/cxf-jax-rs-example,88.0,62.0,1,0,70.0
lukaszbudnik/eclipselink-multitenant,162.0,125.0,1,0,124.8
lukaszbudnik/gugis-rx,220.0,174.0,1,0,167.60000000000002
lukaszbudnik/qualitas,1518.0,1518.0,1,0,1224.4
luke-jr/ZtexBTCMiner,44.0,44.0,0,0,35.2
lukiano/scalaspring,82.0,69.0,1,0,70.4
lukmaz/BitcoinLottery,200.0,137.0,1,0,144.8
luksab/MultiTTT,826.0,826.0,1,0,670.8000000000001
lumifyio/miniweb,324.0,205.0,1,0,221.6
lunatech-labs/play-module-resteasycrud,106.0,104.0,1,0,94.0
lunifera/lunifera-dsl,4792.0,4792.0,1,0,3843.6000000000004
lunifera/lunifera-runtime,608.0,608.0,1,0,496.40000000000003
lunifera/lunifera-sharky-m2m,2940.0,2940.0,1,0,2362.0
luowenqiang/s2s3m3,269.0,195.0,1,0,195.60000000000002
luozy/fqueue,386.0,283.0,1,0,277.6
lusis/zmq-appender,106.0,83.0,1,0,85.60000000000001
luukdehaas/jotify,460.0,460.0,1,0,378.0
luwrain/doctree,176.0,174.0,1,0,150.0
luwrain/luwrain,532.0,530.0,1,0,434.8
lviggiano/WakeOnLanJava,14.0,14.0,0,0,11.200000000000001
lviggiano/owner,3042.0,1925.0,1,0,1996.8
lysu/mybatis-shard,2158.0,1579.0,1,0,1504.8000000000002
m039/Excel-to-Anki,74.0,72.0,1,0,68.4
m09/aho-corasick,110.0,76.0,1,0,84.4
m0pt0pmatt/MenuService,46.0,46.0,0,0,36.800000000000004
m2ci-msp/artk,210.0,162.0,1,0,158.8
m3rcuriel/controve,466.0,351.0,1,0,336.8
ma-ha/Jenkins-WSO2AS-Deployer,696.0,452.0,1,0,469.20000000000005
maayanktyagi/Project_Gravity,16.0,16.0,0,0,12.8
mabe02/lanterna,2102.0,1438.0,1,0,1426.0
mabrowning/minecraft-vr-base,162.0,107.0,1,0,117.6
mabrowning/minecrift,718.0,718.0,1,0,584.4
macajind/WebChecker,286.0,276.0,1,0,234.8
machine-learning-scala/mls,200.0,200.0,1,0,170.0
maciekmm/AntiAura,104.0,78.0,1,0,82.80000000000001
mackoy/play12cay-example,208.0,208.0,1,0,176.4
madeye-matt/skype-notify-my-android,34.0,34.0,0,0,27.200000000000003
madhephaestus/bowler-script-kernel,328.0,318.0,1,0,268.40000000000003
madriska/etherpad,2556.0,2556.0,1,0,2054.8
madusankap/dss-api,498.0,325.0,1,0,339.20000000000005
maginatics/jdbclint,144.0,99.0,1,0,107.2
maginatics/urlshortener,160.0,108.0,1,0,117.2
magnetsystems/message-common,612.0,406.0,1,0,417.20000000000005
magnetsystems/r2m-plugin-android,338.0,338.0,1,0,280.40000000000003
magnusvk/FlickrFaves,74.0,74.0,1,0,69.2
mago1chi/cTPR,792.0,792.0,1,0,643.6
maguero/hootsuite-coupon-plugin,782.0,555.0,1,0,544.8
maguro/lua4j,112.0,101.0,1,0,95.20000000000002
maidsafe-archive/CI-Jenkins-Plugin,502.0,319.0,1,0,338.40000000000003
mailosaurapp/mailosaur-java,132.0,98.0,1,0,102.0
mainini/stiam-sender,698.0,431.0,1,0,461.6
majkilde/LogFileReader,476.0,476.0,1,0,390.8
majutsushi/dungeonmapper,172.0,168.0,1,0,146.0
makeoo/Gadomancy,1496.0,1160.0,1,0,1072.4
makersoft/makereap,2218.0,1613.0,1,0,1542.4
makersoft/mybatis-shards,978.0,716.0,1,0,687.6000000000001
makgyver/MKtmdb,806.0,806.0,1,0,654.8000000000001
makotan/cfngraph,152.0,116.0,1,0,117.20000000000002
makotan/ninja-pac4j,116.0,84.0,1,0,90.0
malapert/JHIPS,160.0,154.0,1,0,135.6
malensek/jbsdiff,138.0,100.0,1,0,105.2
malerisch/burp-csj,28.0,28.0,0,0,22.400000000000002
malkusch/validation,892.0,616.0,1,0,613.2
mallocator/Elasticsearch-HBase-River,170.0,119.0,1,0,125.6
malo-denielou/humannetwork,68.0,68.0,1,0,64.4
malteseduck/sonar-xquery-plugin,298.0,282.0,1,0,242.0
manabreak/libclicker,152.0,116.0,1,0,117.20000000000002
manahl/jenkins-blueprint-plugin,178.0,113.0,1,0,126.4
manheim/aws-request-signer,94.0,65.0,1,0,73.6
manojrana114/springboot,84.0,84.0,1,0,77.2
manolo/gwtupload,428.0,428.0,1,0,352.40000000000003
manouti/jar-timestamp-normalize-maven-plugin,112.0,71.0,1,0,83.2
mantacode/play-akismet,144.0,105.0,1,0,109.6
manthanhd/youtube-mychatappp,76.0,57.0,1,0,63.2
mantra/compiler,582.0,388.0,1,0,398.0
manuelbernhardt/play-idea,86.0,86.0,1,0,78.8
manuelbua/libgdx-contribs,526.0,401.0,1,0,380.8
manuelgentile/MAP,2390.0,2390.0,1,0,1922.0
manueljordan/manolowebjspboot,374.0,246.0,1,0,258.0
manuzhang/storm-benchmark,656.0,486.0,1,0,466.80000000000007
manywho/service-twilio,776.0,578.0,1,0,551.6
maofw/netty_push_server,2598.0,2598.0,1,0,2088.4
map-reduce-ka-tadka/slim-map-reduce,534.0,467.0,1,0,410.40000000000003
mapfish/mapfish-print,6064.0,4819.0,1,0,4363.2
mapio/tartaruga,78.0,62.0,1,0,66.0
mapr-demos/mapr-streams-sample-programs,84.0,60.0,1,0,67.6
mapr-demos/maprdb-ojai-101,68.0,50.0,1,0,57.2
mapr-emea/apache-drill-jdbc-plugin,74.0,74.0,1,0,69.2
mar9000/salt9000,730.0,419.0,1,0,469.6
maradine/reprobot,24.0,24.0,0,0,19.200000000000003
marcelbirkner/selenium2-maven-project,56.0,39.0,1,0,48.0
marcelomorales-name/crypto-explorer,218.0,144.0,1,0,154.8
marceloverdijk/togglz-spring-boot,448.0,323.0,1,0,318.40000000000003
marcin212/LodeLoader,106.0,73.0,1,0,81.60000000000001
marciojrtorres/aps-2014-2,204.0,204.0,1,0,173.20000000000002
marciojrtorres/dbo-2015,366.0,366.0,1,0,302.8
marcjansen/geoserver-wps-archetype,104.0,104.0,1,0,93.2
marcoandreini/demo-querydsl,74.0,50.0,1,0,59.6
marcobehler/marcobehler-blog,40.0,40.0,0,0,32.0
marcocor/bat-framework,4482.0,3346.0,1,0,3141.2000000000003
marcofernandezheras/AcademiaV1,34.0,34.0,0,0,27.200000000000003
marcojakob/javafx-ui-sandbox,100.0,100.0,1,0,90.0
marcust/ttbin-java,172.0,129.0,1,0,130.4
mariofusco/lambdaj,2912.0,2355.0,1,0,2116.8
mariosotil/river-framework-demo,170.0,170.0,1,0,146.0
marissazhou/ImageUploader,92.0,92.0,1,0,83.60000000000001
mariusae/cassandra,3564.0,2507.0,1,0,2438.4
markenwerk/java-utils-data-fetcher,272.0,174.0,1,0,188.40000000000003
markhobson/hamcrest-compose,242.0,170.0,1,0,174.8
markiewb/nb-copy-fqn,214.0,151.0,1,0,156.0
markito/GemFire-WAN-REST-example,92.0,92.0,1,0,83.60000000000001
markkent/serial-executor-service,124.0,79.0,1,0,91.2
markkerzner/FreeEedUI,772.0,524.0,1,0,528.4000000000001
markmc/rhevm-api,2324.0,1916.0,1,0,1706.0
markoradinovic/Vaadin4Spring-MVP,42.0,42.0,0,0,33.6
markoradinovic/Vaadin4Spring-MVP-Sample,90.0,90.0,1,0,82.0
markormesher/stack-program-visualiser,48.0,48.0,0,0,38.400000000000006
markovandooren/jlo,560.0,503.0,1,0,435.20000000000005
markus1978/clickwatch,5414.0,5414.0,1,0,4341.2
markusheiden/c64dt,400.0,392.0,1,0,326.8
markusra/fellesprosjekt,234.0,234.0,1,0,197.20000000000002
markusstocker/emrooz,560.0,549.0,1,0,453.6
marloncarvalho/javamagazine-googleplus,44.0,31.0,0,0,30.0
marnix/mytime,72.0,72.0,1,0,67.6
marom17/Teaching-HEIGVD-RES-2015-Labo-06,30.0,30.0,0,0,24.0
marook/eclipse-remote-control,244.0,244.0,1,0,205.20000000000002
marooou/git-param,212.0,135.0,1,0,148.8
marouni/pcap2seq,62.0,48.0,1,0,54.0
marschall/svn-diffstat,286.0,189.0,1,0,200.0
marssa/footprint,402.0,401.0,1,0,331.20000000000005
marthie/SSLReport,356.0,263.0,1,0,257.6
martian-a/cards-against-humanity,352.0,264.0,1,0,256.40000000000003
martin-helmich/jenkins-typo3surf-plugin,176.0,112.0,1,0,125.20000000000002
martinbigio/chatterbot,728.0,728.0,1,0,592.4
martinbigio/gluck-compiler,1400.0,1399.0,1,0,1129.6
martindisch/Networking,70.0,70.0,1,0,66.0
martindow/dropwizard-hazelcast-session,372.0,254.0,1,0,260.40000000000003
martinjmares/javaone2015-cloudone,1140.0,800.0,1,0,786.0
martinpaljak/apdu4j,94.0,94.0,1,0,85.2
martinpaljak/esteid-applets,70.0,70.0,1,0,66.0
martinpaljak/jcManager,86.0,86.0,1,0,78.8
martinsson/no-type-checking,78.0,58.0,1,0,64.4
martylamb/nailgun,568.0,356.0,1,0,379.6
marunjar/kusssLibrary,222.0,222.0,1,0,187.60000000000002
marviq/log4j-appender-jira,98.0,73.0,1,0,78.4
maryvogt/Hello-Spiffy-PHP,1228.0,636.0,1,0,755.6
masahitojp/botan-core,134.0,134.0,1,0,117.2
masalinas/glukose-service,96.0,68.0,1,0,75.60000000000001
masayukig/jpegtoavi,40.0,40.0,0,0,32.0
mash1t/Battleships,104.0,104.0,1,0,93.2
masmangan/bearded-tyrion,40.0,40.0,0,0,32.0
masmangan/super-duper-guide,72.0,72.0,1,0,67.6
masmangan/turbo-octo-lana,28.0,28.0,0,0,22.400000000000002
masneyb/flickrdownload,160.0,148.0,1,0,133.2
massdosage/citrine-scheduler,400.0,400.0,1,0,330.0
massfords/i18njson-maven-plugin,176.0,123.0,1,0,129.60000000000002
mast-group/codemining-core,318.0,318.0,1,0,264.4
mast-group/commitmining-tools,72.0,72.0,1,0,67.6
mast-group/naturalize,154.0,154.0,1,0,133.2
master-atul/ImShow-Java-OpenCV,46.0,46.0,0,0,36.800000000000004
masterhard/jenkins-rusalad-plugin,422.0,288.0,1,0,294.0
masternerdguy/Open-Skies,962.0,800.0,1,0,714.8
masterodie/JabBukkit,50.0,50.0,0,0,40.0
masters-info-nantes/commit-or-not-commit,174.0,174.0,1,0,149.20000000000002
masters-info-nantes/myLazyClock,586.0,586.0,1,0,478.8
matejkramny/Pong,90.0,90.0,1,0,82.0
mateusz-matela/djvu-html5,198.0,198.0,1,0,168.4
mateuszdyminski/rocks,106.0,81.0,1,0,84.80000000000001
matey-jack/grouping-tests,80.0,60.0,1,0,66.0
matf/org.concordion.ide.eclipse,150.0,150.0,1,0,130.0
matheus23/RuinsOfRevenge,486.0,486.0,1,0,398.8
matheusclaudino/sistemavenda,50.0,50.0,0,0,40.0
matiasf/workberch-tolopogy,468.0,308.0,1,0,320.40000000000003
matiasiglesias/db4o,158.0,158.0,1,0,136.4
matlai17/Zillow-Classification-599,94.0,88.0,1,0,82.80000000000001
matsufan/tales-core,786.0,786.0,1,0,638.8000000000001
mattb/flickrgeocoder-java,124.0,124.0,1,0,109.2
mattbroussard/polydrop-game,220.0,219.0,1,0,185.60000000000002
mattcasters/pentaho-kettle-compare-fields-plugin,174.0,122.0,1,0,128.4
matthewepler/ComputerGraphicsAndArt,24.0,24.0,0,0,19.200000000000003
matthewhorridge/telemetry,94.0,84.0,1,0,81.2
matthewlmcclure/jira-rankof-jql-function,54.0,54.0,1,0,53.2
matthewmccullough/cascading-course,58.0,58.0,1,0,56.400000000000006
matthewmccullough/encryption-jvm-bootcamp,1088.0,1014.0,1,0,850.8000000000001
matthieu/simpel,134.0,134.0,1,0,117.2
mattiamascia/tmgusers-app,254.0,254.0,1,0,213.20000000000002
mattiasbpersson/radiatorpanel,244.0,148.0,1,0,166.8
mattinsler/com.lowereast.guiceymongo,580.0,426.0,1,0,412.4
mattkimmel/zax,48.0,48.0,0,0,38.400000000000006
mattsta/etherpad,2536.0,2536.0,1,0,2038.8000000000002
matyix/flumeng-logback,182.0,141.0,1,0,139.2
matyix/yarn-queue-tests,96.0,69.0,1,0,76.0
mauricio/java-sockets-threads-example,34.0,34.0,0,0,27.200000000000003
maurya/openmrs-module-ohdsi,424.0,274.0,1,0,289.20000000000005
maurya/openmrs-module-patientportaltoolkit,1498.0,961.0,1,0,993.6000000000001
mavek87/Java-MyCopies,186.0,178.0,1,0,155.60000000000002
maxan/Testes_Automatizados,292.0,292.0,1,0,243.60000000000002
maxdemarzi/dense,76.0,76.0,1,0,70.80000000000001
maxdemarzi/neo_hpce,152.0,105.0,1,0,112.80000000000001
maxdemarzi/neo_warmup,90.0,60.0,1,0,70.0
maxdmayhew/happy-birthday-counter,30.0,30.0,0,0,24.0
maxeler/NetworkingCodeExamples,932.0,932.0,1,0,755.6
maxeler/maxpower,424.0,424.0,1,0,349.20000000000005
maxhille/panda-lib,112.0,80.0,1,0,86.80000000000001
maxifier/x-guice,1616.0,1093.0,1,0,1093.6000000000001
maxleiko/wsmsgbroker-java,202.0,141.0,1,0,147.20000000000002
maxmind/MaxMind-DB-Reader-java,76.0,76.0,1,0,70.80000000000001
maxmind/geoip-api-java,262.0,207.0,1,0,197.60000000000002
maxmind/minfraud-api-java,206.0,206.0,1,0,174.8
maxpowa/AdvancedHUD,178.0,175.0,1,0,151.2
maxschuster/Vaadin-LocalStorage,1274.0,707.0,1,0,802.4000000000001
mayaknife/Stopwatch,16.0,16.0,0,0,12.8
mayatnikov/eventSimulator2,40.0,40.0,0,0,32.0
mazhaoyong/api-server-seed,120.0,120.0,1,0,106.0
mback2k/jlibproxy,46.0,46.0,0,0,36.800000000000004
mbadran/yarc,35.0,35.0,0,0,28.0
mbalassi/streaming-performance,926.0,916.0,1,0,746.8000000000001
mballance/psstools,862.0,862.0,1,0,699.6
mbana/scalify,804.0,804.0,1,0,653.2
mbarbero/p2-admin,50.0,50.0,0,0,40.0
mbasa/dostSensor,72.0,72.0,1,0,67.6
mbats/mindstorms,1452.0,1452.0,1,0,1171.6000000000001
mbats/sirius-blog,1678.0,1678.0,1,0,1352.4
mbax/Portals,76.0,53.0,1,0,61.60000000000001
mbeddr/mbeddr.core,18191.0,18185.0,1,0,14560.400000000001
mbenson/privileged-method-weaver,604.0,432.0,1,0,424.40000000000003
mbhk/barcode4j,2864.0,2241.0,1,0,2052.0
mbien/jake2,836.0,833.0,1,0,677.6000000000001
mbolt35/coffee-graph,490.0,368.0,1,0,353.20000000000005
mbordas/qualify,900.0,900.0,1,0,730.0
mbreese/couchdb4j,256.0,213.0,1,0,197.60000000000002
mbst/glycerin,122.0,119.0,1,0,106.4
mcMMO-Dev/mcMMO-XPTracker,74.0,74.0,1,0,69.2
mcac0006/sift-java,214.0,210.0,1,0,179.60000000000002
mcclurej06/protocolBufferTools,388.0,297.0,1,0,284.0
mccraigmccraig/opennlp,862.0,862.0,1,0,699.6
mcfire/imagesearch-lire,636.0,636.0,1,0,518.8
mchugh19/jenkins-saltapi,208.0,130.0,1,0,145.2
mcolyer/fileify,64.0,63.0,1,0,60.800000000000004
mcprogram/LoreAttributes-reloaded,56.0,46.0,1,0,50.800000000000004
mcraken/delegationbyannotations,146.0,103.0,1,0,109.60000000000001
mcsnetworks/AssemblyLineFurnace,32.0,32.0,0,0,25.6
mdaconta/highland-java-course,892.0,892.0,1,0,723.6
mdadariy/Team_3_Project,72.0,72.0,1,0,67.6
mdaniel/javacc,908.0,908.0,1,0,736.4000000000001
mdejongh/ProteomeComparison,162.0,160.0,1,0,138.8
mdeverdelhan/java-samples,254.0,187.0,1,0,186.4
mdht/mdht,30516.0,27366.0,1,0,23162.800000000003
mdonoughe/jgit-describe,18.0,17.0,0,0,14.0
mdredze/carmen,102.0,86.0,1,0,85.2
mduft/rapfx,242.0,242.0,1,0,203.60000000000002
me4502/ModularFramework,114.0,87.0,1,0,90.4
mealingr/2048-Java-Port,68.0,68.0,1,0,64.4
medallia/Word2VecJava,356.0,249.0,1,0,252.0
medcl/elasticsearch-analysis-pinyin,400.0,262.0,1,0,274.8
mediascience/java-functional,252.0,185.0,1,0,184.8
mediascience/swf-horserace,66.0,66.0,1,0,62.800000000000004
medinakrivic/ibu.sis,56.0,56.0,1,0,54.800000000000004
medinamanuel/PageRank,128.0,95.0,1,0,99.2
meefik/jcut,50.0,39.0,0,0,35.6
meefik/keystorebreaker,66.0,52.0,1,0,57.2
meeh420/anoncoinj,508.0,474.0,1,0,402.80000000000007
megablue/Hearthtracker,698.0,698.0,1,0,568.4
megadix/jfcm,330.0,243.0,1,0,239.2
megadix/orientdb-spring,148.0,101.0,1,0,109.60000000000001
megallo/markoverator,130.0,103.0,1,0,103.2
meibaorui/AndroidLreaningHomework,280.0,280.0,1,0,234.0
meier/opensm-client-server,366.0,366.0,1,0,302.8
melina-delgado/findr112,82.0,82.0,1,0,75.60000000000001
melink14/6.867-Final-Project,569.0,569.0,1,0,465.20000000000005
melish/icecat,1454.0,937.0,1,0,966.4000000000001
melistik/vaadin-jcrop,398.0,250.0,1,0,269.20000000000005
melix/openbeans,262.0,261.0,1,0,219.20000000000002
mellowonpsx/cloudera-homework,406.0,406.0,1,0,334.8
melofred/FraudDetection-DataMicroservices,370.0,370.0,1,0,306.0
melotyan/bookstore,576.0,576.0,1,0,470.8
meltingice/CamanJ,354.0,354.0,1,0,293.2
meltmedia/cadmium,12750.0,7332.0,1,0,8042.8
mendix/CommunityCommons,330.0,330.0,1,0,274.0
mendix/RestServices,582.0,582.0,1,0,475.6
mendix/UnitTesting,322.0,322.0,1,0,267.6
meonkeys/learnspringftl,264.0,180.0,1,0,187.60000000000002
mepcotterell/SuggestionEngine,314.0,308.0,1,0,258.8
meraki-analytics/Orianna,3136.0,1854.0,1,0,2006.0
merkkp/crapgame,34.0,34.0,0,0,27.200000000000003
meruvian/yama-labs,1706.0,1706.0,1,0,1374.8000000000002
mesos/docker-compose-executor,256.0,185.0,1,0,186.4
mesos/elasticsearch,560.0,560.0,1,0,458.0
mesos/storm,480.0,336.0,1,0,336.4
mestevens/unity-maven-plugin,152.0,109.0,1,0,114.4
metaborg/stratego,392.0,392.0,1,0,323.6
metacoder/edward-tl,512.0,346.0,1,0,353.20000000000005
metacoder/jarlotte,496.0,323.0,1,0,337.6
metamx/emitter,236.0,164.0,1,0,170.0
metamx/incubator-storm,9718.0,5692.0,1,0,6174.0
metamx/server-metrics,76.0,76.0,1,0,70.80000000000001
metasfresh/metasfresh-admin,34.0,34.0,0,0,27.200000000000003
metasfresh/metasfresh-procurement-webui,376.0,376.0,1,0,310.8
metaxy/openBibleViewer,1752.0,1752.0,1,0,1411.6000000000001
metteo/jts,3242.0,3242.0,1,0,2603.6000000000004
mezzoblue/Elevation,226.0,226.0,1,0,190.8
mfilippov/multicast-stream-analyzer,130.0,99.0,1,0,101.6
mflash/jogovelha,22.0,22.0,0,0,17.6
mflash/sequencia,22.0,22.0,0,0,17.6
mgodave/AsyncUtils,180.0,115.0,1,0,128.0
mgodave/esl-client,240.0,185.0,1,0,180.0
mgodave/fluent-futures,150.0,103.0,1,0,111.2
mgone2010/BossbarAPI,30.0,30.0,0,0,24.0
mgp/iron-cushion,110.0,110.0,1,0,98.0
mgraciano/tdc-2014,90.0,90.0,1,0,82.0
mgrecol/JasperViewerFx,52.0,52.0,1,0,51.6
mguetlein/CheS-Mapper,188.0,188.0,1,0,160.4
mguymon/model-citizen,740.0,494.0,1,0,503.6
mh-dev/blog_springBoot-commandLine,112.0,84.0,1,0,88.4
mhassanpur/cmpe207,246.0,246.0,1,0,206.8
mheath/adbcj,1440.0,1021.0,1,0,994.4000000000001
mheath/spring-boot-nats-example,16.0,16.0,0,0,12.8
mherrmann/java-generator-functions,98.0,65.0,1,0,75.2
mhgrove/Empire,1290.0,931.0,1,0,898.4000000000001
mhjabreel/twiQuery,108.0,102.0,1,0,94.0
miaochuanhai/atguigu_1223,6.0,6.0,0,0,4.800000000000001
miaonot/Gobang-419,14.0,14.0,0,0,11.200000000000001
mibrahim/jbug,252.0,177.0,1,0,181.60000000000002
micaelgallego/simpleconcurrent,64.0,44.0,1,0,53.2
micdoodle8/Crossbow_Mod_2,3724.0,2755.0,1,0,2601.6000000000004
michael-borkowski/tripping-octo-dubstep,42.0,42.0,0,0,33.6
michael-simons/enerko-reports2,144.0,144.0,1,0,125.2
michael-simons/java-oembed,316.0,212.0,1,0,221.20000000000002
michaelaw320/ThriftIRC,106.0,106.0,1,0,94.80000000000001
michaelbrooks/music-visualization,608.0,453.0,1,0,434.40000000000003
michaelchan0427/rkgen,202.0,202.0,1,0,171.60000000000002
michaellavelle/spring-data-dynamodb-demo,320.0,196.0,1,0,216.4
michaelliao/warpdb,370.0,232.0,1,0,250.8
michaellperry/tuple,260.0,168.0,1,0,181.2
michaelmarconi/oncue,13302.0,7036.0,1,0,8145.200000000001
michaelquigley/zabbixj,762.0,476.0,1,0,505.20000000000005
michaelsembwever/Sesat,3074.0,3074.0,1,0,2469.2000000000003
michaeltandy/log4j-json,102.0,73.0,1,0,80.0
michalrus/agh-tunev,224.0,224.0,1,0,189.20000000000002
michalsvec/astyanax-datastax-benchmark,48.0,48.0,0,0,38.400000000000006
michel-kraemer/citeproc-java,510.0,503.0,1,0,415.20000000000005
micmiu/bigdata-tutorial,580.0,427.0,1,0,412.8
micromagic/eterna,1742.0,1742.0,1,0,1403.6000000000001
micromata/jiraRestClient,718.0,511.0,1,0,501.6
micw/php-java-bridge,1724.0,1722.0,1,0,1388.4
migdb/mwe-components,78.0,78.0,1,0,72.4
miguelantonio/storm-esper-bolt,54.0,54.0,1,0,53.2
migulorama/AutoAnalyze,778.0,778.0,1,0,632.4000000000001
mihaip/push-bot,140.0,140.0,1,0,122.0
mihin/haar-image-compression,96.0,96.0,1,0,86.80000000000001
miho/PiOnWheels,374.0,374.0,1,0,309.2
miho/VFXWindows,94.0,94.0,1,0,85.2
miiCard/api-wrappers-java,376.0,376.0,1,0,310.8
mikaelhg/openblocks,866.0,611.0,1,0,600.8000000000001
mikakoivisto/liferay-https-filter-hook,86.0,60.0,1,0,68.4
mikakoivisto/social-comments-portlet,88.0,88.0,1,0,80.4
mikand/Dirigino,66.0,66.0,1,0,62.800000000000004
mike-brown/voronoi,138.0,102.0,1,0,106.0
mike-plummer/graylog-springboot,242.0,167.0,1,0,173.60000000000002
mikee805/elasticsearch-query-plugin,242.0,159.0,1,0,170.4
mikegashler/manic,136.0,136.0,1,0,118.80000000000001
mikejr83/TLMReaderLib,454.0,336.0,1,0,326.0
mikemag/snoCAD-X,154.0,154.0,1,0,133.2
mikepigott/avro,8246.0,6338.0,1,0,5843.6
mikesname/blueprints-sql-graph,210.0,140.0,1,0,150.0
mikhail-aksenov/sigrun,278.0,201.0,1,0,201.60000000000002
mikkoi/io.iron.ironworker.sendgrid.simple,144.0,105.0,1,0,109.6
mikma/jlightify,24.0,24.0,0,0,19.200000000000003
mikokitty/iMed,1254.0,1254.0,1,0,1013.2
mikosik/smooth-build,2452.0,1794.0,1,0,1708.4
milaboratory/milib,878.0,878.0,1,0,712.4000000000001
milanaleksic/baobab,358.0,348.0,1,0,292.40000000000003
milg0/onvif-java-lib,2456.0,2456.0,1,0,1974.8000000000002
millecker/storm-apps,614.0,614.0,1,0,501.20000000000005
mimno/Mallet,10650.0,6247.0,1,0,6768.8
mimno/anchor,72.0,72.0,1,0,67.6
minborg/javapot,394.0,394.0,1,0,325.20000000000005
mindhaq/restapi-versioning-spring,140.0,99.0,1,0,105.6
mindnuts/proventeq-test-repo,260.0,260.0,1,0,218.0
mindwind/craft-armor,262.0,199.0,1,0,194.40000000000003
minnal/autopojo,520.0,338.0,1,0,353.20000000000005
minnymin3/Zephyrus,490.0,490.0,1,0,402.0
mintDS/mintds,264.0,197.0,1,0,194.40000000000003
miraclelinux/HistoryGluon,190.0,190.0,1,0,162.0
mirador/mirador,894.0,894.0,1,0,725.2
mirador/miralib,122.0,122.0,1,0,107.60000000000001
mirah/maven-mirah-plugin,60.0,44.0,1,0,51.6
mirkonasato/maven-dependency-sanity-plugin,140.0,104.0,1,0,107.6
mirthcorp/hpd-client,192.0,140.0,1,0,142.8
misakuo/JsonModelGenerator,96.0,96.0,1,0,86.80000000000001
misberner/automatalib,4212.0,3000.0,1,0,2894.8
mischat/shareNice,220.0,220.0,1,0,186.0
mishari/josm-mapillary,24.0,24.0,0,0,19.200000000000003
mission-peace/interview,2522.0,1883.0,1,0,1772.0
mistraltechnologies/smog-javassist,268.0,196.0,1,0,195.60000000000002
mitallast/netty-queue,2918.0,1999.0,1,0,1976.8000000000002
mitchellsundt/wink-jackson2,2066.0,1451.0,1,0,1416.8000000000002
mitola/BroadWebCrawlerIndexer,26.0,26.0,0,0,20.8
mitoma/kashiki,462.0,351.0,1,0,335.20000000000005
mitoma/ponto,270.0,180.0,1,0,190.0
mitre/HTTP-Proxy-Servlet,134.0,93.0,1,0,100.80000000000001
mitrisdev/d54,664.0,662.0,1,0,540.4000000000001
mixpanel/mixpanel-java,204.0,132.0,1,0,144.4
miyurud/Acacia,506.0,504.0,1,0,414.0
mizdebsk/java-deptools,80.0,58.0,1,0,65.2
mizdebsk/xmvn,1672.0,1393.0,1,0,1236.0
mizukyf/jp1ajs2.unitdef,396.0,273.0,1,0,277.6
mizukyf/springboot-mybatis-mysample,506.0,323.0,1,0,341.6
mjiderhamn/classloader-leak-prevention,352.0,352.0,1,0,291.6
mkalten/TUIO11_JAVA,78.0,78.0,1,0,72.4
mkeller0815/MEEPROMMER,92.0,92.0,1,0,83.60000000000001
mklemm/jaxb-plugin-lib,280.0,216.0,1,0,208.4
mklemm/jaxb2-rich-contract-plugin,876.0,647.0,1,0,619.2
mkolodziejski/webapps-security,388.0,264.0,1,0,270.8
mkovatsc/Actinium,310.0,232.0,1,0,226.8
mkovatsc/Scandium-inf.ethz.ch,442.0,325.0,1,0,316.8
mkovatsc/element-connector,92.0,67.0,1,0,73.60000000000001
mkremins/fanciful-plugin,24.0,24.0,0,0,19.200000000000003
mkris/xsd2xml,214.0,159.0,1,0,159.20000000000002
mkyong/spring-embedded-database,324.0,210.0,1,0,223.6
mkyong/spring3-mvc-maven-xml-hello-world,154.0,103.0,1,0,112.80000000000001
ml-distribution/HanLP,2002.0,1449.0,1,0,1390.4
ml4j/dronez-demo,100.0,100.0,1,0,90.0
ml4j/dronez-models,118.0,100.0,1,0,97.2
mlaccetti/vserv-tcpip,164.0,101.0,1,0,116.00000000000001
mlang/freedots,1406.0,1067.0,1,0,999.2
mleoking/JavaGnuplotHybrid,62.0,62.0,1,0,59.6
mlhartme/maven-application-plugin,124.0,86.0,1,0,94.0
mlhartme/stool,674.0,634.0,1,0,533.2
mlively/idea-php-phake,22.0,22.0,0,0,17.6
mloobo/Dolphin-Streaming-Server,104.0,104.0,1,0,93.2
mlpadilla/automata,66.0,66.0,1,0,62.800000000000004
mmallett/coms572,648.0,648.0,1,0,528.4
mmarmol/uap-java,150.0,111.0,1,0,114.4
mmazi/rescu,502.0,365.0,1,0,356.8
mmberg/nadia,612.0,603.0,1,0,496.0
mmeany/spring-boot-web-mvc-tiles3,272.0,173.0,1,0,188.0
mmerrell/patentmojo,172.0,172.0,1,0,147.6
mmiglia/IS2014,230.0,230.0,1,0,194.0
mmiklavc/scalable-ocr,866.0,587.0,1,0,591.2
mmnaseri/spring-data-mock,1216.0,1216.0,1,0,982.8000000000001
mmoMinecraftDev/mmoChat,36.0,36.0,0,0,28.8
mmoMinecraftDev/mmoCore,90.0,90.0,1,0,82.0
mmoMinecraftDev/mmoInfoGold,28.0,28.0,0,0,22.400000000000002
mmoMinecraftDev/mmoParty,34.0,34.0,0,0,27.200000000000003
mmornati/epomodoro,500.0,340.0,1,0,346.0
mmx900/ManalithBot,566.0,566.0,1,0,462.8
mnahabedian/ProgWebContato,476.0,476.0,1,0,390.8
mnmlist/blogBackup,158.0,158.0,1,0,136.4
mnott/PDFOCRWrapper,48.0,48.0,0,0,38.400000000000006
mo-getter/knoesis-lucene-indexer,44.0,44.0,0,0,35.2
mo8la/hbaseexample,24.0,24.0,0,0,19.200000000000003
moacyrricardo/dfs-nfse,396.0,396.0,1,0,326.8
moacyrricardo/maven-slack,40.0,40.0,0,0,32.0
mobilesec/secure-channel-srp6a-applet,26.0,26.0,0,0,20.8
mobilesystems/box-java-sdk-v2,1218.0,1218.0,1,0,984.4000000000001
mobilipia/Deskera-Accounting,4454.0,4454.0,1,0,3573.2000000000003
mobiweb/java-sms-http-api,24.0,24.0,0,0,19.200000000000003
mockito/mockito,6072.0,4172.0,1,0,4107.6
moddavid/Ancud_ShortURL-portlet,216.0,216.0,1,0,182.8
modymapp/modym-client-java,266.0,190.0,1,0,192.4
mogupta/todo-angular,126.0,107.0,1,0,103.20000000000002
mohamed-taman/JavaSE8-Features,258.0,206.0,1,0,195.60000000000002
mohamnag/javafx_webview_debugger,54.0,46.0,1,0,50.0
mohitsoni/marathon-client,190.0,141.0,1,0,142.4
moilioncircle/cool-lang,684.0,507.0,1,0,486.40000000000003
mojodelicious/review-creator,68.0,68.0,1,0,64.4
mojohaus/appassembler,3826.0,3140.0,1,0,2796.4
mojohaus/exec-maven-plugin,806.0,735.0,1,0,626.4000000000001
mojohaus/flatten-maven-plugin,528.0,447.0,1,0,400.0
mojohaus/jdepend-maven-plugin,482.0,411.0,1,0,367.20000000000005
mojohaus/scmchangelog-maven-plugin,1806.0,1034.0,1,0,1146.0
mojtaba-khallash/JHazm,162.0,162.0,1,0,139.6
molgenis/molgenis,284364.0,146074.0,1,0,172185.2
molyusq/LabsJava,364.0,364.0,1,0,301.2
momolinus/tutorials,76.0,68.0,1,0,67.60000000000001
mondain/h264app,64.0,64.0,1,0,61.2
mondo-project/mondo-integration,1802.0,1802.0,1,0,1451.6000000000001
moneypower7/T2Project,20.0,20.0,0,0,16.0
mongodb-labs/socialite,668.0,506.0,1,0,479.6
monitorjbl/excel-streaming-reader,360.0,229.0,1,0,245.60000000000002
monkeyk/spring-oauth-server,242.0,242.0,1,0,203.60000000000002
monkeylearn/monkeylearn-java,218.0,137.0,1,0,152.0
monnetproject/coal,806.0,806.0,1,0,654.8000000000001
monofuel/MonoMods,216.0,213.0,1,0,181.60000000000002
monowii/mwParkour2,76.0,76.0,1,0,70.80000000000001
monowii/mwQuakeCraft,14.0,14.0,0,0,11.200000000000001
monrealantonio/Illinois-Payroll,100.0,100.0,1,0,90.0
monroj/FindExtend,6402.0,6402.0,1,0,5131.6
montyz/antlr4-method-extractor,30.0,30.0,0,0,24.0
mookins/j2mod,666.0,495.0,1,0,474.40000000000003
moonkev/spring-integration-zmq,126.0,126.0,1,0,110.80000000000001
moorkop/mccy-engine,1162.0,843.0,1,0,812.0
moovida/STAGE,744.0,744.0,1,0,605.2
moovida/jgrasstools,20180.0,12614.0,1,0,13127.6
moreus/NettyInAction,360.0,360.0,1,0,298.0
morficus/Parameterized-Remote-Trigger-Plugin,330.0,217.0,1,0,228.8
morinpa/limecoinj,2924.0,2008.0,1,0,1982.8000000000002
moriyoshi/quercus-gae,1722.0,1722.0,1,0,1387.6000000000001
mortardata/pig-dynamodb,88.0,65.0,1,0,71.2
mortezaadi/ninja-activiti-module,158.0,114.0,1,0,118.80000000000001
mosscode/ach,264.0,264.0,1,0,221.20000000000002
mosscode/object-diff,68.0,49.0,1,0,56.800000000000004
motazsaad/khoja-stemmer-command-line,24.0,24.0,0,0,19.200000000000003
motech/MOTECH-Ghana,1882.0,1629.0,1,0,1414.4
motech/MOTECH-Mobile,3004.0,2144.0,1,0,2069.2000000000003
motech/UITestFramework,408.0,266.0,1,0,279.6
motech/motech-server-pillreminder,15240.0,11891.0,1,0,10862.400000000001
mothsoft/stanford-nlp-war,332.0,206.0,1,0,225.20000000000002
moumar/jotify,478.0,478.0,1,0,392.40000000000003
moviepilot/sheldon_compactor,138.0,138.0,1,0,120.4
moxious/neoprofiler,100.0,100.0,1,0,90.0
mozilla/testdroid-marionette-plugin,260.0,171.0,1,0,182.4
mozilla/vtt.js,1450.0,1450.0,1,0,1170.0
mozvip/dynamo,2740.0,2740.0,1,0,2202.0
mp911de/lettuce,5452.0,3527.0,1,0,3601.6000000000004
mpgerstl/tEFMA,2172.0,2172.0,1,0,1747.6000000000001
mpilone/hazelcastmq,2280.0,1397.0,1,0,1480.8000000000002
mplacona/java-junit-template-project,52.0,44.0,1,0,48.400000000000006
mplushnikov/lombok-intellij-plugin,2756.0,2687.0,1,0,2187.2
mpollmeier/orientdb-gremlin,156.0,156.0,1,0,134.8
mpostelnicu/wicket-spring-jpa-bootstrap-boilerplate,914.0,579.0,1,0,607.2
mqprichard/gasp-gcm-server,52.0,52.0,1,0,51.6
mqprichard/gasp-push-server,216.0,136.0,1,0,150.8
mqprichard/gasp-server,222.0,140.0,1,0,154.8
mrThe/Game-of-Life,14.0,14.0,0,0,11.200000000000001
mraad/AISTools,86.0,86.0,1,0,78.8
mraad/FlumeWebApp,32.0,32.0,0,0,25.6
mraad/HBaseToolbox,116.0,116.0,1,0,102.80000000000001
mraible/java-webapp-security-examples,864.0,518.0,1,0,562.8000000000001
mrcritical/ironcache,254.0,185.0,1,0,185.60000000000002
mrcsparker/ceeql,210.0,171.0,1,0,162.4
mrgroen/qzIndustryPrinting,422.0,422.0,1,0,347.6
mrihm2/Interns,28.0,24.0,0,0,20.800000000000004
mrjabba/mybatis,2852.0,2852.0,1,0,2291.6
mrjones2014/FixedIt,452.0,452.0,1,0,371.6
mrkirby153/MscHouses,202.0,202.0,1,0,171.60000000000002
mrmonday/j2d,24.0,24.0,0,0,19.200000000000003
mrniko/netty-socketio,672.0,478.0,1,0,470.0
mrniko/redisson,2476.0,1763.0,1,0,1705.6000000000001
mrtheb/flume-forgives,110.0,75.0,1,0,84.0
mruffalo/sequence-alignment,58.0,55.0,1,0,55.2
mrunde/DirectionMaps-Backend,84.0,76.0,1,0,74.0
mrwilson/jenever,174.0,132.0,1,0,132.4
mryndzionek/java_mediator,158.0,116.0,1,0,119.60000000000001
msarhan/ummalqura-calendar,118.0,96.0,1,0,95.60000000000001
msathis/SQLToNoSQLImporter,136.0,98.0,1,0,103.60000000000001
mscharhag/ET,342.0,220.0,1,0,234.8
mscharhag/java-ee-8-mvc,204.0,204.0,1,0,173.20000000000002
mschn/wissl,2486.0,1424.0,1,0,1574.0
mschorn/net.mschorn.sandbox,442.0,442.0,1,0,363.6
msgpack-rpc/msgpack-rpc-java,392.0,294.0,1,0,284.40000000000003
msjackso/DesperateHousePi,744.0,744.0,1,0,605.2
mslosarz/nextrtc-signaling-server,770.0,472.0,1,0,506.8
msmiteu/java-uuid-v1-generator,178.0,123.0,1,0,130.4
msoeima/java-resources,584.0,419.0,1,0,411.20000000000005
msokolov/lux,3084.0,2088.0,1,0,2078.8
mspnp/azure-guidance,256.0,256.0,1,0,214.8
msrb/fedmsg-trigger-plugin,178.0,115.0,1,0,127.2
mss/java-netstat,138.0,95.0,1,0,103.2
mstahv/vaadinized-tomee-jee6-app-stub,196.0,125.0,1,0,138.4
mstane/algorithms-in-java,350.0,250.0,1,0,250.0
msteiger/play-mpc,200.0,200.0,1,0,170.0
msteindorfer/oopsla15-artifact,1532.0,1532.0,1,0,1235.6000000000001
mstojcevich/IridiumEventBus-NG,158.0,120.0,1,0,121.2
msvens/mellowtech-core,1776.0,1138.0,1,0,1175.6000000000001
msvisser/Lapidary-Mod,292.0,292.0,1,0,243.60000000000002
mswiderski/process-migration-bpms,654.0,654.0,1,0,533.2
mtomis/jurlmap,96.0,94.0,1,0,86.0
mtorrisi/code-rade-portlet,116.0,116.0,1,0,102.80000000000001
mua/jshooter,420.0,420.0,1,0,346.0
muatik/my-coding-challenges,228.0,228.0,1,0,192.4
muga/msgpack-java-0.7,2230.0,1564.0,1,0,1527.6
muhammadtarek/bank-system,467.0,463.0,1,0,382.0
muhd7rosli/Tracking,38.0,31.0,0,0,27.6
mukatee/osmo,1630.0,1630.0,1,0,1314.0
mulesoft-consulting/mule-module-disruptor,82.0,82.0,1,0,75.60000000000001
mulesoft-labs/mule-auditing-module,342.0,208.0,1,0,230.0
mulesoft-labs/mule-module-selenium,50.0,50.0,0,0,40.0
mulesoft/anypoint-examples,5898.0,4816.0,1,0,4295.6
mulesoft/mule-module-publish-subscribe,62.0,62.0,1,0,59.6
mulima/ArduinoDB,38.0,32.0,0,0,28.0
mung3r/ecoCreature,802.0,588.0,1,0,566.0
munificent/bantam,74.0,74.0,1,0,69.2
muraken720/springboot-vertx,116.0,84.0,1,0,90.0
musabhusaini/sare,1632.0,1632.0,1,0,1315.6000000000001
mushroomhostage/RealisticChat,16.0,16.0,0,0,12.8
mushroomhostage/SilkSpawners,16.0,16.0,0,0,12.8
musiKk/dns,222.0,163.0,1,0,164.0
muthdra/Ill,32.0,32.0,0,0,25.6
mvalleavila/storm-kafka-0.8-example,70.0,68.0,1,0,65.2
mvb-online/jmeter-analyzer,188.0,137.0,1,0,140.0
mvel/mvel,3262.0,2261.0,1,0,2219.2000000000003
mvogiatzis/probabilistic-counting,120.0,85.0,1,0,92.0
mvp4g/mvp4g,1506.0,1040.0,1,0,1028.4
mvp4g/mvp4g-examples,1732.0,1732.0,1,0,1395.6000000000001
mwanji/humpty,522.0,386.0,1,0,373.20000000000005
mwanji/webjars-locator-core,298.0,216.0,1,0,215.60000000000002
mwanji/webjars-maven-plugin,342.0,191.0,1,0,223.20000000000002
mwarman/spring-boot-fundamentals,232.0,184.0,1,0,176.40000000000003
mwarman/spring-security-fundamentals,282.0,205.0,1,0,204.8
mwenz/graphitiFX,78.0,78.0,1,0,72.4
mwilliamson/java-mammoth,868.0,633.0,1,0,610.4000000000001
mwitkow/java-flagz,184.0,184.0,1,0,157.20000000000002
mwmahlberg/maven-mail-plugin,140.0,114.0,1,0,111.6
mwmahlberg/spark-template-thymeleaf,182.0,119.0,1,0,130.4
mwtidd/Bob2016,36.0,36.0,0,0,28.8
mxabierto/avisos,1930.0,1565.0,1,0,1408.0
mxdubois/tictactoe-ai,32.0,32.0,0,0,25.6
mybatis/cdi,166.0,166.0,1,0,142.8
mybatis/ehcache-cache,74.0,74.0,1,0,69.2
mybatis/migrations-maven-plugin,656.0,564.0,1,0,498.00000000000006
mybatis/mybatis-3,7616.0,5596.0,1,0,5294.8
mycontroller-org/mycontroller,3560.0,2876.0,1,0,2584.4
mycsoft/CodeToTxt,58.0,47.0,1,0,52.0
myfear/WildFlySwarmDockerSample,158.0,98.0,1,0,112.4
myhnuhai/MongoDB,452.0,280.0,1,0,302.8
myleott/JGibbLabeledLDA,34.0,34.0,0,0,27.200000000000003
myliferepo/hbase-object-mapper,126.0,126.0,1,0,110.80000000000001
myothet/rsaencryptor,20.0,20.0,0,0,16.0
mypsycho/SwingAppFramework,662.0,662.0,1,0,539.6
mysql/mysql-connector-j,860.0,860.0,1,0,698.0
myth9499/3des_tools,24.0,24.0,0,0,19.200000000000003
mzdu/AdSearch_Endpoints,164.0,152.0,1,0,136.4
mzipay/CharacterEncodingTranslator,212.0,155.0,1,0,156.8
n-zeplo/twu-biblioteca-nathan-david,108.0,108.0,1,0,96.4
n0rette/catplusplus,184.0,184.0,1,0,157.20000000000002
n9Mtq4/ADBFileTransfer,86.0,86.0,1,0,78.8
nVisium/MoneyX,462.0,361.0,1,0,339.20000000000005
nViso/3dfi-api-java,46.0,46.0,0,0,36.800000000000004
nabedge/mixer2,2460.0,1660.0,1,0,1658.0
nabedge/spring-mixer2-handson201504,142.0,108.0,1,0,110.0
nachivpn/sitemapper,48.0,48.0,0,0,38.400000000000006
nadam/userinfobot,34.0,34.0,0,0,27.200000000000003
nadiajolanda/fx2048-trudu-fulgheri,50.0,50.0,0,0,40.0
nagaseyasuhito/mallow,218.0,149.0,1,0,156.8
najashark/oop,326.0,326.0,1,0,270.8
nakag/ddlutils,1708.0,1346.0,1,0,1231.6
nallar/TickProfiler,360.0,233.0,1,0,247.2
nallar/nTweaks,82.0,79.0,1,0,74.4
namingthings/wob,270.0,199.0,1,0,197.60000000000002
nanase/BurnOwen,28.0,28.0,0,0,22.400000000000002
nanawel/jduplicatefinder,814.0,814.0,1,0,661.2
nano-projects/nano-framework,5046.0,3768.0,1,0,3535.6000000000004
nanzheng/rpc_demo,78.0,78.0,1,0,72.4
naomi-/brain-beats,42.0,42.0,0,0,33.6
naphaso/cbor-java,268.0,190.0,1,0,193.2
narphorium/freebase-java-api,78.0,78.0,1,0,72.4
narrowtux/TooManyBuckets,46.0,46.0,0,0,36.800000000000004
nashjain/rounding_logic,38.0,38.0,0,0,30.400000000000002
nasonfish/RandomPlacer,28.0,28.0,0,0,22.400000000000002
nateguo/Algorithm-tutorials,84.0,84.0,1,0,77.2
nateyolles/publick-sling-blog,11926.0,6271.0,1,0,7288.800000000001
nathankerr/hadoopGIS,41.0,40.0,0,0,32.400000000000006
nathanmarz/cascalog-contrib,230.0,230.0,1,0,194.0
nathanmarz/elephantdb-cascading,38.0,38.0,0,0,30.400000000000002
nathanmarz/storm-contrib,136.0,136.0,1,0,118.80000000000001
nathanmarz/storm-mesos,74.0,74.0,1,0,69.2
nats-io/jnats,232.0,232.0,1,0,195.60000000000002
naturwerk/bmml2dot,16.0,16.0,0,0,12.8
navaneeth/calabash-ios-java,120.0,120.0,1,0,106.0
navaneeth/orchestrion-java,118.0,118.0,1,0,104.4
navbhu/noidea,46.0,31.0,0,0,30.800000000000004
naveenmadhire/json-wikipedia-dbspotlight,584.0,455.0,1,0,425.6
naver/arcus-misc,710.0,710.0,1,0,578.0
naver/ngrinder-siteminder-sso,74.0,50.0,1,0,59.6
naver/pinpoint,12242.0,12242.0,1,0,9803.6
naver/yobi,2834.0,2834.0,1,0,2277.2000000000003
naviens/HBrowser,162.0,116.0,1,0,121.2
navnorth/LRJavaLib,62.0,62.0,1,0,59.6
navssurtani/query-demo,246.0,167.0,1,0,175.2
nawns/ctci_v6,414.0,414.0,1,0,341.20000000000005
naz911/reviewed,308.0,212.0,1,0,218.0
nazotoko/MapPINon_OSM,154.0,152.0,1,0,132.4
nballmann/RadialMenuFX,38.0,38.0,0,0,30.400000000000002
nbarrientos/parrot-eclipse,60.0,60.0,1,0,58.0
nbouteme/projet-java,439.0,352.0,1,0,326.40000000000003
nccgroup/BurpSuiteLoggerPlusPlus,322.0,322.0,1,0,267.6
nccgroup/WCFDSer-ngng,142.0,142.0,1,0,123.60000000000001
ncjones/editorconfig-eclipse,358.0,324.0,1,0,282.8
ndimiduk/hbase-1.0-api-examples,44.0,33.0,0,0,30.800000000000004
neb45/oStoryBook-SE-410,2506.0,2506.0,1,0,2014.8000000000002
nebhale/build-monitor,466.0,346.0,1,0,334.8
nebhale/devoxx-2013,366.0,303.0,1,0,277.6
nebhale/new-relic-service-broker,278.0,206.0,1,0,203.60000000000002
necula01/bond,822.0,822.0,1,0,667.6
neeph/OpenGTSFull,1756.0,1756.0,1,0,1414.8000000000002
neilbeveridge/zuul-netty,1180.0,976.0,1,0,872.4000000000001
neiljbrown/brighttalk-channel-reporting-api-client,512.0,421.0,1,0,383.20000000000005
neketka/flappy-bird-remake,1268.0,1268.0,1,0,1024.4
nelasoft/OpenCmsMobile-OpenCmsModule,78.0,78.0,1,0,72.4
neo4j-contrib/gremlin-plugin,146.0,146.0,1,0,126.80000000000001
neo4j-contrib/neo4j-apoc-procedures,1152.0,905.0,1,0,832.8
neo4j-contrib/neo4j-mazerunner,236.0,236.0,1,0,198.8
neo4j-contrib/neo4j-tinkerpop-api-impl,228.0,144.0,1,0,158.8
neomatrix369/RESTAPIUnifier,438.0,337.0,1,0,320.0
neovera/jdiablo,646.0,413.0,1,0,433.6
neowu/core-ng-project,3344.0,2512.0,1,0,2352.4
nerd/Discord4J,272.0,196.0,1,0,197.20000000000002
nerdinand/jeopardy-javafx,202.0,202.0,1,0,171.60000000000002
nessieisreal/nessie-android-sdk,330.0,219.0,1,0,229.60000000000002
nesterione/JavaTrainings,2924.0,2924.0,1,0,2349.2000000000003
netceteragroup/trema-core,400.0,298.0,1,0,289.2
netflix-spring-one/spring-cloud-netflix-contrib,126.0,126.0,1,0,110.80000000000001
netoFlores/javaWorkSpace,1474.0,1474.0,1,0,1189.2
netpi/historytoday-java,10.0,10.0,0,0,8.0
netplex/json-smart-v1,236.0,236.0,1,0,198.8
nettm/aop,132.0,95.0,1,0,100.80000000000001
nettree/EC,186.0,186.0,1,0,158.8
netty/netty,15850.0,10830.0,1,0,10682.0
newdark/adv_java_class,62.0,62.0,1,0,59.6
newrelic-platform/newrelic_java_wikipedia_plugin,70.0,59.0,1,0,61.6
newrelic-platform/newrelic_memcached_java_plugin,72.0,61.0,1,0,63.2
nexr/hive-udf,184.0,140.0,1,0,139.60000000000002
nextalk/webim-server-java,54.0,54.0,1,0,53.2
nextras/orm-intellij,86.0,86.0,1,0,78.8
nfell2009/Skript,1344.0,1311.0,1,0,1072.0
nfergu/Java-Time-Zone-List,16.0,16.0,0,0,12.8
ngageoint/elasticgeo,1500.0,900.0,1,0,970.0
ngasull/well-auction,130.0,130.0,1,0,114.0
ngot/java-event,58.0,47.0,1,0,52.0
ngs-doo/dsl-client-java,1274.0,1274.0,1,0,1029.2
ngs-doo/json-benchmark,262.0,262.0,1,0,219.60000000000002
ngsru/atlassian-external-hooks,60.0,60.0,1,0,58.0
nguyenphucdev/BookManagementSample,62.0,62.0,1,0,59.6
nguyenq/lept4j,728.0,478.0,1,0,492.4
nguyenq/tess4j,396.0,280.0,1,0,280.4
nguyenti/csc207-hw2,32.0,32.0,0,0,25.6
nguyentruonggiang/share-content,168.0,168.0,1,0,144.4
ngyewch/aws-detailed-billing-report,104.0,73.0,1,0,80.80000000000001
nhl/bootique,980.0,693.0,1,0,679.2
nhl/bootique-cayenne,186.0,137.0,1,0,139.20000000000002
nhs-ciao/ciao-core,308.0,214.0,1,0,218.8
nhs-ciao/ciao-docs-transformer,248.0,248.0,1,0,208.4
nhs-ciao/ciao-pds-fhir,104.0,104.0,1,0,93.2
nhurion/vaadin-for-heroku,164.0,120.0,1,0,123.60000000000001
niaoge/spring-dynamic,414.0,414.0,1,0,341.20000000000005
nicatronica/Java-Swing-Maven,264.0,264.0,1,0,221.20000000000002
nicegraham/selenium-grid2-api,58.0,50.0,1,0,53.2
nick-parker/Bread,160.0,160.0,1,0,138.0
nick11roberts/java-geozip,63.0,60.0,1,0,59.2
nick130589/PFTEST18-Zakapko,64.0,64.0,1,0,61.2
nickbattle/vdmj,1728.0,1728.0,1,0,1392.4
nickevin/Qihua,2272.0,2252.0,1,0,1819.6000000000001
nicknux/onedrive4j,126.0,95.0,1,0,98.4
nickpascucci/Render,62.0,62.0,1,0,59.6
nickpascucci/RobotCamera,756.0,756.0,1,0,614.8000000000001
nickrussler/eml-to-pdf-converter,144.0,144.0,1,0,125.2
nickzeeb/LmaxTeachingCollections,230.0,177.0,1,0,172.8
niclupien/grails-spring-security-bcrypt,72.0,72.0,1,0,67.6
nicolas-raoul/kakasi-java,130.0,94.0,1,0,99.6
nicolasbaer/flume-ng-elasticsearch-serializer-num,68.0,48.0,1,0,56.400000000000006
nicolaschriste/docdown,440.0,336.0,1,0,320.4
nicolassatragno/zombieland,2004.0,1600.0,1,0,1451.6
nicoulaj/compile-command-annotations,500.0,399.0,1,0,369.6
nicoulaj/jcrfs,364.0,329.0,1,0,287.2
nidi3/simple-remote-atlassian,284.0,277.0,1,0,234.40000000000003
nielsutrecht/jfall-sentiment,194.0,141.0,1,0,144.0
nigelb/jlibudev,58.0,58.0,1,0,56.400000000000006
nightpool/VoxelUpdate,62.0,46.0,1,0,53.2
nightpool/jOryx,1746.0,1444.0,1,0,1286.0
nikhaldi/inieditor-java,96.0,64.0,1,0,74.0
nikhilw/Algos,60.0,60.0,1,0,58.0
nikkiii/Alertify4J,120.0,84.0,1,0,91.6
nikkiii/hyperion,994.0,744.0,1,0,705.2
nikkiii/omegle-api-java,48.0,48.0,0,0,38.400000000000006
ning/maven-dependency-versions-check-plugin,152.0,108.0,1,0,114.0
ning/tr13,318.0,222.0,1,0,226.0
ningg/flume-ng-extends-source,114.0,80.0,1,0,87.6
ninjaframework/ninja-rythm,1198.0,793.0,1,0,806.4000000000001
ninjin/corbit,274.0,267.0,1,0,226.40000000000003
nishihatapalmer/byteseek,1298.0,935.0,1,0,903.2
nishio-dens/bitbucket-pullrequest-builder-plugin,374.0,224.0,1,0,249.2
nishtahir/MektoryJava2,388.0,388.0,1,0,320.40000000000003
nisovin/Shopkeepers,704.0,537.0,1,0,506.40000000000003
nitinmotgi/hydrator-plugins,210.0,210.0,1,0,178.0
nivance/spring-data-cassandra-branch,827.0,638.0,1,0,596.0
nixtabyte/JTeleBot-Core,544.0,339.0,1,0,363.20000000000005
nka11/jintn3270,312.0,238.0,1,0,230.0
nla/yaz4j,138.0,138.0,1,0,120.4
nlpie/biomedicus,4146.0,2857.0,1,0,2811.2
nlplab-bsnyder/ocr,210.0,210.0,1,0,178.0
nls-oskari/oskari-server,16626.0,11900.0,1,0,11420.400000000001
nmdp-bioinformatics/MiringValidator,644.0,454.0,1,0,449.20000000000005
nmdp-bioinformatics/service-hml,434.0,434.0,1,0,357.20000000000005
nmorel/gwt-jackson-rest,634.0,396.0,1,0,422.0
nningego/TrailBlazers,276.0,237.0,1,0,215.20000000000002
nnjeremy/l3-miage-2011-framework,376.0,272.0,1,0,269.20000000000005
no-hope/java-toolkit,5376.0,3587.0,1,0,3595.2000000000003
noSoulApophis/PCG-Java,128.0,108.0,1,0,104.4
noahprince22/class-sniper,42.0,42.0,0,0,33.6
noctarius/hazelcast-mapreduce-presentation,328.0,231.0,1,0,233.60000000000002
nodebox/nodebox,5034.0,3495.0,1,0,3421.6000000000004
noirbizarre/description-column,46.0,46.0,0,0,36.800000000000004
nollbit/jotify,464.0,464.0,1,0,381.20000000000005
noobieteam/Fallacia,130.0,130.0,1,0,114.0
noophq/java-charset,214.0,136.0,1,0,150.0
nophinity/openxchange,70.0,70.0,1,0,66.0
nordpos-mobi/nordpos-dao,454.0,334.0,1,0,325.20000000000005
normanmaurer/niosmtp,932.0,664.0,1,0,648.4000000000001
nortal/araneaframework,6316.0,6313.0,1,0,5061.6
norvigaward/warcutils,80.0,61.0,1,0,66.4
noskovd/spring-data-orient-examples,40.0,40.0,0,0,32.0
nosys/pgconfiguration,110.0,110.0,1,0,98.0
not001praween001/bluesky-client-libjava,172.0,113.0,1,0,124.0
notabadminer/UniversalCoinsVaultPlugin,26.0,26.0,0,0,20.8
notcomment/UFMGame,4184.0,3193.0,1,0,2960.8
notnoop/java-apns,956.0,590.0,1,0,628.4000000000001
notnoop/java-c2dm,282.0,176.0,1,0,193.20000000000002
npaulus/Daily-Email-WebApp,318.0,318.0,1,0,264.4
npgall/mobility-rpc,1178.0,1178.0,1,0,952.4000000000001
nporiord/config-framework,208.0,159.0,1,0,156.8
nsidc/libre-nutch-raw-xml-plugin,536.0,371.0,1,0,372.8
nsp/OpenSettlers,2412.0,1657.0,1,0,1637.6000000000001
nsqio/TrendrrNSQClient,112.0,104.0,1,0,96.4
nsstrunks/pockyloaf-discord,160.0,116.0,1,0,120.4
ntj/ComplexRapidMiner,8688.0,8685.0,1,0,6959.200000000001
ntmcminn/alfresco-pdf-toolkit,414.0,414.0,1,0,341.20000000000005
nuaalida/lab_3,397.0,331.0,1,0,301.20000000000005
nubomedia/nubomedia-magic-mirror,148.0,111.0,1,0,113.60000000000001
nullquery/BYONDclipse,226.0,226.0,1,0,190.8
nullsub/spring-template,322.0,196.0,1,0,217.20000000000002
nuodb/pdi-nuodb-plugin,50.0,50.0,0,0,40.0
nurkiewicz/LazySeq,350.0,243.0,1,0,247.2
nurkiewicz/benchmarks,152.0,116.0,1,0,117.20000000000002
nurkiewicz/monkeys-grooming,88.0,88.0,1,0,80.4
nutzam/ssdb4j,378.0,233.0,1,0,254.40000000000003
nuxeo/gatling-report,278.0,202.0,1,0,202.0
nvdk/ods-lodms-plugins,638.0,638.0,1,0,520.4000000000001
nvenky/excel-parser,246.0,170.0,1,0,176.4
nverwer/cocooncomponents,202.0,202.0,1,0,171.60000000000002
nvijayap/hadoop-yarn,66.0,46.0,1,0,54.800000000000004
nvoxland/testmd,598.0,367.0,1,0,396.0
nwcaldwell/chokinghazard,214.0,214.0,1,0,181.20000000000002
nwiechmann/scm-changes-maven-extension,124.0,88.0,1,0,94.80000000000001
nzjess/statsd-over-slf4j,152.0,106.0,1,0,113.20000000000002
o19s/lucene-query-example,104.0,74.0,1,0,81.2
o3project/mlo-net,2268.0,2268.0,1,0,1824.4
oVirt/ovirt-engine-extension-aaa-ldap,290.0,288.0,1,0,241.2
oaeproject/SAMLParser,60.0,42.0,1,0,50.8
oanc/org.anc.lapps.masc,118.0,118.0,1,0,104.4
oanc/org.anc.lapps.stanford,124.0,124.0,1,0,109.2
oandreazza/musicBar,248.0,248.0,1,0,208.4
oaqa/baseqa,374.0,374.0,1,0,309.2
obale/soap_security_framework,308.0,196.0,1,0,211.60000000000002
obazoud/elasticsearch-river-git,228.0,211.0,1,0,185.60000000000002
obiba/magma,2150.0,2150.0,1,0,1730.0
objectos/way,14262.0,13658.0,1,0,11178.0
objectpartners/rancher-java-sdk,1152.0,867.0,1,0,817.6
objetos15161/Devorador,360.0,360.0,1,0,298.0
oblac/jodd,16518.0,11136.0,1,0,11071.600000000002
ocafebabe/guava-jcache,238.0,160.0,1,0,169.2
occi4java/occi4java,532.0,422.0,1,0,391.6
oci-pronghorn/NettyStages,106.0,106.0,1,0,94.80000000000001
oci-pronghorn/PronghornGateway,146.0,146.0,1,0,126.80000000000001
oci-pronghorn/PronghornPipes,824.0,590.0,1,0,575.6
oci-pronghorn/PronghornSQL,188.0,136.0,1,0,139.60000000000002
ocpsoft/common,218.0,167.0,1,0,164.0
ocpsoft/prettytime,910.0,654.0,1,0,635.6
ocpsoft/rewrite,11474.0,8036.0,1,0,7814.0
octarine-noise/CartLivery,272.0,223.0,1,0,208.0
octopus-platform/octopus,202.0,202.0,1,0,171.60000000000002
odinsbane/least-squares-in-java,292.0,178.0,1,0,198.0
odpi-attic/deploy-cluster,256.0,256.0,1,0,214.8
oeg-upm/MIRROR,1184.0,1066.0,1,0,910.0
oeg-upm/geo.linkeddata.es-TripleGeoKettle,486.0,486.0,1,0,398.8
oehf/ipf-oht-atna,1350.0,916.0,1,0,916.4000000000001
offbynull/peernetic,1182.0,960.0,1,0,866.8
ogcs/Okra,876.0,628.0,1,0,611.6
ogidogi/kafka-spark-hive,56.0,39.0,1,0,48.0
oharaandrew314/TinkerTime,392.0,384.0,1,0,320.40000000000003
ohheckyeah/ohheckyeah-games-java,2452.0,2452.0,1,0,1971.6000000000001
ohnosequences/ivy-s3-resolver,70.0,70.0,1,0,66.0
ohnx/checkVPN,92.0,84.0,1,0,80.4
oiavorskyi/sharded-spring-data-redis,66.0,58.0,1,0,59.60000000000001
oith/ws_hcm,852.0,852.0,1,0,691.6
oitsjustjose/YetAnotherBiomeMod,52.0,52.0,1,0,51.6
ojacquemart/spring-boot-rxjava,152.0,109.0,1,0,114.4
okbqa/templator,186.0,166.0,1,0,150.8
okean/alm-rest-api,120.0,84.0,1,0,91.6
okiwi/kata-diamond,68.0,55.0,1,0,59.2
okohll/RunJasperReports,112.0,112.0,1,0,99.60000000000001
olabini/yecht,278.0,273.0,1,0,230.4
oldmud0/Disparity-RHE,436.0,436.0,1,0,358.8
oldratlee/classloader-playground,532.0,392.0,1,0,379.6
olegts/LambdasHacking,20.0,20.0,0,0,16.0
oleksandr-shynkariuk/Algorithms,90.0,90.0,1,0,82.0
olivergondza/jenkins-config-cloner,260.0,181.0,1,0,186.4
olmo/DDSBox,218.0,218.0,1,0,184.4
olovm/cora-basicstorage,162.0,162.0,1,0,139.6
oltruong/teamag,1358.0,965.0,1,0,939.2
omajid/xdg-java,126.0,89.0,1,0,96.0
omartinak/evo3D,34.0,34.0,0,0,27.200000000000003
omerg/spring-mvc-base,192.0,183.0,1,0,160.0
omerio/raspberrypi-appengine-portal,284.0,206.0,1,0,206.0
omgware/ropes-world,74.0,74.0,1,0,69.2
omidp/axon,352.0,273.0,1,0,260.0
omnifaces/omnipersistence,58.0,58.0,1,0,56.400000000000006
omtinez/multithreaded_quicksort,14.0,14.0,0,0,11.200000000000001
one4me/VanillaExtract,52.0,52.0,1,0,51.6
oneam/pirec,220.0,171.0,1,0,166.4
onelogin/atlassian,200.0,200.0,1,0,170.0
onelogin/java-saml,232.0,174.0,1,0,172.40000000000003
onesocialweb/osw-lib-gwt,240.0,240.0,1,0,202.0
onesocialweb/osw-openfire-plugin,272.0,272.0,1,0,227.60000000000002
onhate/schemorger,1762.0,1473.0,1,0,1304.0
onlychoice/ganger,214.0,214.0,1,0,181.20000000000002
ontometrics/integration-agents,256.0,186.0,1,0,186.8
ontopia/ontopia,33802.0,23286.0,1,0,22845.2
onyxbits/FileCast,226.0,172.0,1,0,169.2
onyxbits/Raccoon,1812.0,1055.0,1,0,1156.8000000000002
onyxbits/dummydroid,1450.0,785.0,1,0,904.0
oobj/jpa-learning,214.0,139.0,1,0,151.20000000000002
oopschen/sdk-weixin,596.0,438.0,1,0,423.6
ooyala/Ooyala-AdobeCQ,1930.0,1930.0,1,0,1554.0
op4j/op4j,3596.0,2118.0,1,0,2295.6000000000004
opcoach/Conferences,338.0,338.0,1,0,280.40000000000003
open-adk/OpenADK-java,1742.0,1742.0,1,0,1403.6000000000001
open-code/hiron,106.0,77.0,1,0,83.2
open-power/serverwiz,126.0,125.0,1,0,110.4
openMF/mifosx-admin,144.0,98.0,1,0,106.80000000000001
openMF/ppi-uploader,102.0,102.0,1,0,91.60000000000001
openMF/stellar-connector,270.0,262.0,1,0,222.8
openaire/iis,14692.0,10793.0,1,0,10204.0
openanalytics/RSB,1866.0,1232.0,1,0,1249.2
openapp/binder,48.0,48.0,0,0,38.400000000000006
openapp/store,236.0,236.0,1,0,198.8
openbaton/openbaton-libs,2940.0,1859.0,1,0,1929.6
openbaton/zabbix-plugin,264.0,201.0,1,0,196.0
opencadc/ac,576.0,576.0,1,0,470.8
opencog/relex,368.0,368.0,1,0,304.40000000000003
opencredo/concursus,5568.0,3456.0,1,0,3619.6000000000004
opencredo/opencredo-couchdb,332.0,248.0,1,0,242.0
opendatatrentino/s-match,1464.0,1088.0,1,0,1030.8000000000002
opendaylight/ovsdb,1448.0,1448.0,1,0,1168.4
opendaylight/yangtools,6026.0,6026.0,1,0,4830.8
opendk/opendatakraken,2750.0,1944.0,1,0,1887.6
openelisglobal/openelisglobal-core,8472.0,8472.0,1,0,6787.6
openelisglobal/openelisglobal-plugins,128.0,128.0,1,0,112.4
openengsb-attic/openengsb-maven-plugin,1088.0,701.0,1,0,725.6000000000001
openengsb-attic/openengsb-workflow-api,100.0,100.0,1,0,90.0
openengsb-domcon/openengsb-connector-maven,140.0,140.0,1,0,122.0
openengsb-domcon/openengsb-connector-promreport,160.0,160.0,1,0,138.0
openengsb-domcon/openengsb-connector-trac,116.0,116.0,1,0,102.80000000000001
openengsb-domcon/openengsb-domain-build,68.0,68.0,1,0,64.4
openengsb-domcon/openengsb-domain-contact,70.0,70.0,1,0,66.0
openengsb-domcon/openengsb-domain-notification,70.0,70.0,1,0,66.0
openengsb-domcon/openengsb-domain-test,82.0,82.0,1,0,75.60000000000001
openengsb/loom-java,212.0,156.0,1,0,157.20000000000002
openfigis/sharks,1454.0,1454.0,1,0,1173.2
openfin/java-example,168.0,168.0,1,0,144.4
openfurther/further-open-core,6926.0,6926.0,1,0,5550.8
openhab/openhab,34743.0,26237.0,1,0,24402.0
openjdk-mirror/jdk7u-jaxp,9574.0,6993.0,1,0,6636.800000000001
openmandragora/xeneo-db-impl,130.0,130.0,1,0,114.0
openmapsoftware/mappingtools,990.0,990.0,1,0,802.0
openmhealth/omh-dsu-ri,504.0,399.0,1,0,371.20000000000005
openmrs/openmrs-module-databasebackup,242.0,166.0,1,0,173.20000000000002
openmrs/openmrs-module-datacomparison,240.0,196.0,1,0,184.4
openmrs/openmrs-module-dhisreport,490.0,453.0,1,0,387.20000000000005
openmrs/openmrs-module-legacyui,8078.0,5407.0,1,0,5404.0
openmrs/openmrs-module-owa,634.0,417.0,1,0,430.40000000000003
openmrs/openmrs-module-referenceapplication,526.0,406.0,1,0,382.8
openmrs/openmrs-module-uiframework-patientsummary-support,82.0,82.0,1,0,75.60000000000001
openpreserve/jhove,4180.0,3477.0,1,0,3072.8
openpreserve/report-api,594.0,327.0,1,0,378.40000000000003
openpreserve/scout,3646.0,2510.0,1,0,2472.4
opensensorhub/osh-services,1062.0,1062.0,1,0,859.6
openstack-infra/gerrit,2866.0,2839.0,1,0,2292.0
openstack/monasca-persister,218.0,218.0,1,0,184.4
openstack/monasca-thresh,240.0,240.0,1,0,202.0
openstreetmap/mkgmap,5184.0,3955.0,1,0,3665.6
opentable/otj-logging,180.0,180.0,1,0,154.0
opentaps/opentaps-crm2,144.0,144.0,1,0,125.2
opentelecoms-org/jsmpp,606.0,606.0,1,0,494.8
openwide-java/artifact-listener,1652.0,1477.0,1,0,1261.6000000000001
openwide-java/owsi-core-parent,9240.0,8679.0,1,0,7177.6
openx/OX3-Java-API-Client,154.0,115.0,1,0,117.6
openx/SSRTBPriceCrypter,92.0,68.0,1,0,74.0
operasoftware/operaprestodriver,2920.0,1904.0,1,0,1939.6
opereto/opereto_examples,10.0,10.0,0,0,8.0
operutka/jlibav,692.0,692.0,1,0,563.6
opf-attic/OAIHarvester2,92.0,73.0,1,0,76.0
opf-labs/AQuA,566.0,566.0,1,0,462.8
opf-labs/jhove2,5544.0,4325.0,1,0,3957.6
opitzconsulting/orcas,2370.0,2370.0,1,0,1906.0
opower/jackson-module-unitsofmeasure,72.0,72.0,1,0,67.6
opower/jpile,192.0,182.0,1,0,159.60000000000002
opower/kiji-table-layout-updater,192.0,192.0,1,0,163.60000000000002
ops4j/org.ops4j.pax.exam1,1450.0,1197.0,1,0,1068.8
optimaize/language-detector,832.0,621.0,1,0,591.2
or-drop-tables-team/sup,288.0,208.0,1,0,208.4
oracle/atg-maven-plugin,118.0,92.0,1,0,94.0
oracle/oracle-cloud,22742.0,22742.0,1,0,18203.600000000002
oraj-360/person-service,520.0,384.0,1,0,371.6
oranoceallaigh/smppapi,1662.0,1371.0,1,0,1223.2
orbekk/linoquotes,80.0,80.0,1,0,74.0
orbisgis/orbisgis-samples,62.0,62.0,1,0,59.6
orbisgis/poly2tri.java,2336.0,1433.0,1,0,1517.6000000000001
orbit/orbit-hk2,174.0,127.0,1,0,130.4
orbit/orbit-jetty,164.0,117.0,1,0,122.4
ordinary-developer/book_pragmatic_unit_testing_in_java_8_with_junit_j_langr,46.0,46.0,0,0,36.800000000000004
orfjackal/jumi-actors,406.0,406.0,1,0,334.8
orfjackal/specsy,384.0,384.0,1,0,317.20000000000005
org-wave/Old-Populator,164.0,164.0,1,0,141.20000000000002
org-wave/Scanner,302.0,301.0,1,0,251.20000000000002
orgin/hothgenerator,370.0,370.0,1,0,306.0
orgisuper/isuper.geometry,106.0,74.0,1,0,82.0
orionhealth/XBDD,18732.0,9686.0,1,0,11377.2
orionhealth/xbdd-bamboo-plugin,70.0,70.0,1,0,66.0
orwell-int/lejos-mf-pc,44.0,44.0,0,0,35.2
os72/protoc-jar-maven-plugin,168.0,107.0,1,0,120.0
osPlanning/omx,310.0,310.0,1,0,258.0
osbitools/OsBiToolsWs,3186.0,2352.0,1,0,2225.2000000000003
osebelin/verdandi,464.0,464.0,1,0,381.20000000000005
osgi/osgi.enroute.examples.jdbc,298.0,274.0,1,0,238.8
osgi/osgi.enroute.examples.vaadin,280.0,257.0,1,0,224.8
osiam/auth-server,810.0,543.0,1,0,551.2
osiam/resource-server,2108.0,1322.0,1,0,1382.0
osiam/shell,178.0,178.0,1,0,152.4
osiegmar/japt-proxy,418.0,317.0,1,0,304.0
osintegrators/storm-samples,58.0,58.0,1,0,56.400000000000006
oskopek/carcv,1170.0,867.0,1,0,824.8
osrgroup/web-service-example-project,110.0,89.0,1,0,89.6
osuWorks/osu-api-Java-Client,988.0,609.0,1,0,648.8000000000001
ot4i/iib-app-connect-trigger-pattern,208.0,208.0,1,0,176.4
otaviojava/money-api-book-samples,138.0,138.0,1,0,120.4
otokunaga2/BeaconStormAnalyzer,372.0,272.0,1,0,267.6
otto-de/enhanced-wickettester,212.0,136.0,1,0,149.20000000000002
otto-de/hmac-auth,428.0,395.0,1,0,339.20000000000005
ottogroup/flink-spector,1696.0,1064.0,1,0,1114.0
ouertani/trampoline,80.0,59.0,1,0,65.6
outstudio/easywechat,86.0,86.0,1,0,78.8
ova2/easy-pool,76.0,52.0,1,0,61.2
overheadhunter/daggerfx,72.0,55.0,1,0,60.8
overnight/Distributed-System-Project,174.0,174.0,1,0,149.20000000000002
ovgu-ccd/jchess,514.0,374.0,1,0,365.20000000000005
ow2-proactive/cloud-automation-old,2656.0,2200.0,1,0,1952.4
ow2-proactive/yamt,158.0,130.0,1,0,125.2
owagner/hmcompanion,98.0,98.0,1,0,88.4
owagner/logic4mqtt,250.0,181.0,1,0,182.4
owenobyrne/aib-internet-banking-api,570.0,356.0,1,0,380.4
ox-it/gaboto,714.0,560.0,1,0,519.6
ox-lang/ox,150.0,150.0,1,0,130.0
oxo42/stateless4j,384.0,261.0,1,0,268.0
oyachai/HearthSim,4146.0,3195.0,1,0,2946.4
oyvindberg/PDFExtract,582.0,582.0,1,0,475.6
ozwolf-software/dropwizard-raml-view,324.0,226.0,1,0,230.0
pH-7/Simple-Java-Calculator,72.0,58.0,1,0,62.0
pH-7/Simple-Java-Text-Editor,124.0,102.0,1,0,100.4
paawak/blog,3906.0,3906.0,1,0,3134.8
pabiagioli/jersey-guice-bootstrap,200.0,127.0,1,0,140.8
pac4j/pac4j,7990.0,4862.0,1,0,5150.8
pac4j/spring-security-pac4j,280.0,179.0,1,0,193.60000000000002
pac4j/spring-webmvc-pac4j,152.0,95.0,1,0,108.80000000000001
pac4j/undertow-pac4j-demo,110.0,77.0,1,0,84.8
pac4j/vertx-pac4j,296.0,217.0,1,0,215.20000000000002
packruler/Mocs-Arcade,158.0,158.0,1,0,136.4
paddatrapper/CaseTracker,576.0,564.0,1,0,466.0
paddyez/Stockmarket,136.0,130.0,1,0,116.4
padraic-edwards/AD208,176.0,176.0,1,0,150.8
padrig64/MultitouchFramework,278.0,274.0,1,0,230.8
page1/honeybadger-java,52.0,37.0,1,0,45.6
paginationspring/pagination-example-spring1,128.0,128.0,1,0,112.4
paissad/jcamstream,290.0,221.0,1,0,214.4
pakudayo/cassandra-connector-java,826.0,511.0,1,0,544.8000000000001
palantir/auth-tokens,136.0,136.0,1,0,118.80000000000001
palantir/dropwizard-version-info,108.0,108.0,1,0,96.4
palantir/encrypted-config-value,166.0,166.0,1,0,142.8
palantir/giraffe,872.0,824.0,1,0,688.4000000000001
palantir/stash-codesearch-plugin,150.0,150.0,1,0,130.0
palantir/streams,58.0,58.0,1,0,56.400000000000006
palantir/typescript-service-generator,170.0,170.0,1,0,146.0
palominolabs/benchpress,1016.0,933.0,1,0,789.6000000000001
palominolabs/jersey-guice-dispatch-wrapper,180.0,124.0,1,0,131.6
palominolabs/jersey-metrics-filter,210.0,145.0,1,0,152.0
panelion/incubator-stratos,8066.0,8066.0,1,0,6462.8
panga/jboss-security-extended,196.0,118.0,1,0,135.60000000000002
paniko0/jassinaturas,248.0,248.0,1,0,208.4
pankeshlinux/IoTSuite,536.0,536.0,1,0,438.8
panrufio/TwitterProcessing,40.0,40.0,0,0,32.0
pantor-engineering/jblink,1114.0,687.0,1,0,730.4000000000001
pantsbuild/intellij-pants-plugin,960.0,960.0,1,0,778.0
pantsbuild/ivy,10000.0,8084.0,1,0,7243.6
paoding-code/jade-plugin-sql,730.0,453.0,1,0,483.20000000000005
paolopavan/circosFX,172.0,152.0,1,0,139.6
papoose/papoose-core,1778.0,1327.0,1,0,1252.0
pareeje/WorkWithOthers,22.0,22.0,0,0,17.6
parisbutterfield/alexa-stocks,110.0,110.0,1,0,98.0
parkghost/TOTP-authentication-demo,144.0,144.0,1,0,125.2
parthatalukdar/junto,200.0,200.0,1,0,170.0
pascalleclercq/aether-fitnesse-widget,166.0,120.0,1,0,124.4
patdaman/CharityPledge,12.0,12.0,0,0,9.600000000000001
pate/chessmate,56.0,56.0,1,0,54.800000000000004
patric-r/jvmtop,180.0,132.0,1,0,134.8
patrickzib/SFA,108.0,108.0,1,0,96.4
patrikbeno/org.objectweb.asm,906.0,906.0,1,0,734.8000000000001
patroytall/loadx,344.0,269.0,1,0,255.2
patsancu/app-fdi,1384.0,912.0,1,0,928.4000000000001
paul-hammant/ngWebDriver,272.0,228.0,1,0,210.0
paulfjacobs/campbx-java,66.0,47.0,1,0,55.2
paulkrause88/mybatis-jsr354,312.0,232.0,1,0,227.60000000000002
paulnguyen/design,2356.0,2356.0,1,0,1894.8000000000002
paulobichara/BulkMailer,56.0,56.0,1,0,54.800000000000004
paulormm/controleatletas,62.0,62.0,1,0,59.6
paulovictorv/exprtobytecode,44.0,44.0,0,0,35.2
paultuckey/urlrewritefilter,624.0,624.0,1,0,509.20000000000005
paulwellnerbou/git-changelog-jenkins-plugin,226.0,151.0,1,0,160.8
pavelfatin/ninety-nine,220.0,220.0,1,0,186.0
pavelsher/agentTasks,26.0,26.0,0,0,20.8
pavelsher/build-chain-export,198.0,144.0,1,0,146.8
paveyry/LyreLand,206.0,154.0,1,0,154.0
pavikumbhar/Struts2LoginApp,44.0,44.0,0,0,35.2
pavloff-de/spark4knime,476.0,476.0,1,0,390.8
pavlonator/SwishSwishHeroku,549.0,372.0,1,0,378.40000000000003
pavlospt/Random_Schedule_Generator,252.0,252.0,1,0,211.60000000000002
pavlovmedia/osgi-gelf,216.0,142.0,1,0,153.20000000000002
pawc/ExRates,106.0,106.0,1,0,94.80000000000001
pawelprazak/jeff,378.0,267.0,1,0,268.0
payeezy/payeezy_java_sdk,704.0,443.0,1,0,468.80000000000007
paykroyd/springdoclet,266.0,219.0,1,0,204.0
paylogic/java-fogbugz,238.0,153.0,1,0,166.4
paymentwall/paymentwall-java,432.0,266.0,1,0,289.20000000000005
paypal/couchbasekafka,140.0,131.0,1,0,118.4
payzen/payzen-soapwebservice-java-example,250.0,173.0,1,0,179.2
pazfernando/apache-camel-multi-ws_externalWSTwo,96.0,66.0,1,0,74.80000000000001
pbespechnyi/IntelliConsole,48.0,48.0,0,0,38.400000000000006
pbuda/intellij-pony,396.0,396.0,1,0,326.8
pc-magas/guma,92.0,92.0,1,0,83.60000000000001
pcan/feign-client-test,112.0,80.0,1,0,86.80000000000001
pcbje/autopsy-ahbm,140.0,140.0,1,0,122.0
pcgamers123/FakeQuit,32.0,32.0,0,0,25.6
pcgomes/javaparser2jctree,304.0,222.0,1,0,220.40000000000003
pchretien/quiz,6.0,6.0,0,0,4.800000000000001
pchudzik/gae-test,326.0,224.0,1,0,230.0
pcorliss/AbuseJet,92.0,78.0,1,0,78.0
pcristo/mjc62311,508.0,406.0,1,0,375.6
pdffiller/pdffiller-java-api-client,320.0,234.0,1,0,231.60000000000002
pearson-enabling-technologies/elasticsearch-approx-plugin,560.0,399.0,1,0,393.6
pebbleblog/pebble,6428.0,4779.0,1,0,4492.8
pedrocavalero/JugValeSpringDataDemo,334.0,207.0,1,0,226.4
pedrodonte/modulo-base,476.0,476.0,1,0,390.8
pedromateo/tug_qt_unit_testing_fw,1294.0,1294.0,1,0,1045.2
pedrovgs/AndroidWiFiADB,352.0,247.0,1,0,249.60000000000002
pedrovgs/StringCalculator-Kata,138.0,99.0,1,0,104.80000000000001
peerfactsim-kom/peerfactsim.kom,4026.0,3966.0,1,0,3206.8
peichhorn/tinyaudioplayer,438.0,438.0,1,0,360.40000000000003
peidevs/Scooter-User-Generator,188.0,147.0,1,0,144.0
peiliping/excalibur,538.0,538.0,1,0,440.40000000000003
pengqinglan/Thunder,128.0,128.0,1,0,112.4
pensandoodireito/sislegis-app,734.0,734.0,1,0,597.2
pentaho/big-data-plugin,4170.0,4170.0,1,0,3346.0
pentaho/pdi-agile-bi-plugin,2474.0,1512.0,1,0,1604.4
pentaho/pdi-weka-arff-output-plugin,123.0,117.0,1,0,106.0
pentaho/pentaho-cassandra-plugin,614.0,411.0,1,0,420.0
pentaho/pentaho-data-profiling,1394.0,1394.0,1,0,1125.2
pentaho/pentaho-osgi-bundles,2308.0,2308.0,1,0,1856.4
peoplemerge/deploymentobjects,370.0,362.0,1,0,302.8
pepperdata/opentsdb-deprecated,646.0,646.0,1,0,526.8000000000001
perSEVERE-5962/FRC-2016,114.0,114.0,1,0,101.2
percenuage/eseo-spyware,36.0,36.0,0,0,28.8
perdisci/fluxbuster,158.0,141.0,1,0,129.60000000000002
permeance/liferay-sample-verify-ext,116.0,116.0,1,0,102.80000000000001
persapiens/conta,426.0,303.0,1,0,301.6
perses-games/jogl-triangle-color,62.0,62.0,1,0,59.6
perwendel/spark-template-engines,920.0,651.0,1,0,638.4000000000001
pescuma/buildhealth,1534.0,1534.0,1,0,1237.2
pescuma/merge-jar-services,36.0,36.0,0,0,28.8
petabyte-research/redflags,912.0,912.0,1,0,739.6
petalslink/petals-se-activiti,908.0,908.0,1,0,736.4000000000001
peter-edge/cannon-java,108.0,108.0,1,0,96.4
peter-lawrey/TransFIX,102.0,102.0,1,0,91.60000000000001
petercipov/traces,414.0,287.0,1,0,290.40000000000003
peterkir/klib.io,398.0,385.0,1,0,323.20000000000005
peternixon/opennms-mirror,33132.0,33129.0,1,0,26514.4
petersalomonsen/frinika,3686.0,3680.0,1,0,2956.4
petkivim/xrd4j,982.0,982.0,1,0,795.6
petosorus/dotalys-cli,304.0,303.0,1,0,252.8
petuum/jbosen,862.0,625.0,1,0,604.8
pfgray/basiclti-util-java,280.0,206.0,1,0,204.4
pfolta/WebView,724.0,724.0,1,0,589.2
pfparsons/drools-threading-example,280.0,207.0,1,0,204.8
pfrommerd/insteon-terminal,506.0,381.0,1,0,364.8
pgaref/ACaZoo,4002.0,3897.0,1,0,3169.6000000000004
pgentile/zucchini-ui,668.0,667.0,1,0,544.0
pgiacome/Apache-Mahout-cookbook,44.0,44.0,0,0,35.2
pgkaila/WebApp,222.0,194.0,1,0,176.40000000000003
pgmemk/bitkeeper,46.0,46.0,0,0,36.800000000000004
pgrm/DS_Practical,144.0,144.0,1,0,125.2
ph4r05/AndroidStudioDbModelGenerator,124.0,124.0,1,0,109.2
phWGinfo/FundIdeen05-Netzwerk,20.0,20.0,0,0,16.0
phcri/imagej-combined-grids-plugin,72.0,51.0,1,0,59.2
phedny/Mammon,486.0,486.0,1,0,398.8
phenoscape/Phenex,1440.0,1056.0,1,0,1008.4000000000001
phenotips/phenomecentral.org,1860.0,1036.0,1,0,1168.4
phenotips/phenotips,29768.0,17259.0,1,0,18820.800000000003
phicode/philib,874.0,632.0,1,0,612.4000000000001
philborlin/CSSBox,204.0,204.0,1,0,173.20000000000002
philihp/weblabora,1582.0,1368.0,1,0,1190.0
philipgloyne/svn-diff-export,56.0,56.0,1,0,54.800000000000004
philipsorst/angular-rest-springsecurity,430.0,277.0,1,0,292.8
philjord/ElderScrollsExplorer,176.0,176.0,1,0,150.8
philjord/tools,256.0,256.0,1,0,214.8
philmagno/newtonpaiva-ecommerce,1304.0,1304.0,1,0,1053.2
phishman3579/project-euler-in-java,50.0,50.0,0,0,40.0
phoenix303/chat-share-location,24.0,24.0,0,0,19.200000000000003
pholser/property-binder,738.0,539.0,1,0,520.8
php-maven/phpexec-java,224.0,224.0,1,0,189.20000000000002
php-maven/phpmaven-var-parent,250.0,250.0,1,0,210.0
phpmetrics/PhpMetrics-jetbrains,48.0,48.0,0,0,38.400000000000006
phrack/ShootOFF,902.0,902.0,1,0,731.6
phstudy/SpringMVC-SpringDataElasticsearch,276.0,178.0,1,0,191.60000000000002
phuihock/birtconn,426.0,275.0,1,0,290.4
phunt/avro-maven-plugin,116.0,81.0,1,0,88.80000000000001
phuong-anh/library,142.0,142.0,1,0,123.60000000000001
phuonghuynh/yml2prop,154.0,91.0,1,0,108.0
physalix-enrollment/physalix,6070.0,4052.0,1,0,4058.8
physikerwelt/MathMLQueryGenerator,386.0,264.0,1,0,270.0
piergiaj/loan-manager,1120.0,1120.0,1,0,906.0
pierre-muth/polapi,92.0,92.0,1,0,83.60000000000001
pierre/hfind,234.0,174.0,1,0,173.20000000000002
pierre/ning-service-skeleton,564.0,442.0,1,0,412.40000000000003
pierre/sweeper,106.0,73.0,1,0,81.60000000000001
pillfill/rxnorm-client,756.0,450.0,1,0,492.40000000000003
pilotso11/SaveMeBackup,36.0,36.0,0,0,28.8
piluke/GameMaker-HTML5-Player,1802.0,1802.0,1,0,1451.6000000000001
pinaraf/ebics,11016.0,5642.0,1,0,6673.200000000001
pinchhitter/GATE-result-processing,60.0,60.0,1,0,58.0
pingles/cascading.cassandra,148.0,107.0,1,0,112.0
pingzing/dota2-sound-editor,890.0,890.0,1,0,722.0
pinkal-vansia/Spring4RestAPI,180.0,122.0,1,0,130.8
piotr-skotnicki/choice-from-file-parameter-plugin,84.0,70.0,1,0,71.6
piotr-skotnicki/random-string-parameter-plugin,198.0,125.0,1,0,139.2
pip8786/rest-service-bootstrap,80.0,71.0,1,0,70.4
pippokill/JIGSAW,226.0,222.0,1,0,189.20000000000002
pippokill/lesk-wsd-dsm,212.0,212.0,1,0,179.60000000000002
pires/fabric8-persistence-hibernate,382.0,280.0,1,0,274.8
pires/hazelcast-kubernetes-bootstrapper,136.0,82.0,1,0,97.20000000000002
pitchert17/Assignment7,14.0,14.0,0,0,11.200000000000001
pivotal-bank/accounts-service,152.0,125.0,1,0,120.80000000000001
pivotal-bank/portfolio-service,148.0,123.0,1,0,118.4
pivotal-cf/cloudfoundry-certificate-truster,248.0,165.0,1,0,175.2
pivotal/spring-social-strava,1564.0,984.0,1,0,1029.2
pivotalsoftware/session-managers,406.0,276.0,1,0,282.8
piyushshekhar/service-client,122.0,122.0,1,0,107.60000000000001
pja35/IceBox,696.0,688.0,1,0,563.6
pja35/ReggaeMail,58.0,58.0,1,0,56.400000000000006
pjagielski/jersey2-starter,304.0,187.0,1,0,206.4
pjesudhas/DTAEngine,886.0,658.0,1,0,627.6
pjohansson77/Remote-Lock,88.0,88.0,1,0,80.4
pjuanzamora/calculadora,28.0,28.0,0,0,22.400000000000002
pjwigan/Url2Text,188.0,188.0,1,0,160.4
pkainz/cell-counter-x,58.0,54.0,1,0,54.800000000000004
pkaq/smart-framework,264.0,256.0,1,0,218.0
pkonyves/activiti-enhancements,120.0,92.0,1,0,94.80000000000001
pkriens/play,168.0,168.0,1,0,144.4
plan3/sns-to-orchestrate,120.0,88.0,1,0,93.2
planetguy32/Gizmos,902.0,715.0,1,0,656.8
planetguy32/Utils,568.0,370.0,1,0,385.20000000000005
platformlayer/platformlayer,5332.0,5332.0,1,0,4275.6
platypusllc/core,184.0,184.0,1,0,157.20000000000002
plausiblelabs/metrics-cloudwatch,122.0,84.0,1,0,92.4
playframework/modules.playframework.org,284.0,284.0,1,0,237.20000000000002
playframework/netty-reactive-streams,474.0,310.0,1,0,323.6
pleku/resizablecsslayout,1316.0,750.0,1,0,836.4
plexiti/the-job-announcement,1162.0,1162.0,1,0,939.6
plexiti/the-job-announcement-fox,2550.0,1859.0,1,0,1773.6
plgucm/practica4,542.0,542.0,1,0,443.6
plorenz/sarasvati,3872.0,3863.0,1,0,3104.0
plucena/lojamvn,1055.0,798.0,1,0,751.2
pluradj/titan-tp3-java-example,66.0,47.0,1,0,55.2
plutext/docx-html-editor,132.0,132.0,1,0,115.60000000000001
plutext/docx4j-cloud-GoogleDrive,28.0,28.0,0,0,22.400000000000002
pluto-build/build-java,302.0,236.0,1,0,225.20000000000002
pmanousis/Hecataeus,2730.0,2730.0,1,0,2194.0
pmarques/SocketIO-Server,380.0,315.0,1,0,288.0
pnhung177/einstein-five-houses-puzzle,144.0,104.0,1,0,109.2
podd/podd-redesign,3778.0,2752.0,1,0,2622.0
poetix/ambivalence,164.0,118.0,1,0,122.80000000000001
poetix/protonpack,286.0,208.0,1,0,207.60000000000002
poli-libras/poli-libras,554.0,554.0,1,0,453.20000000000005
poli-libras/sign-model,322.0,314.0,1,0,264.40000000000003
poli-libras/virtual-jonah,848.0,847.0,1,0,688.0
politie/breeze,196.0,162.0,1,0,153.2
pollseed/Industrial-waste,116.0,116.0,1,0,102.80000000000001
polopoly/maven-lesscss-plugin,78.0,55.0,1,0,63.2
polydawn/mdm,298.0,298.0,1,0,248.4
polyglotted/xpath-stax,382.0,243.0,1,0,260.0
pommedeterresautee/spmf,1408.0,1408.0,1,0,1136.4
poolik/classfinder,548.0,346.0,1,0,367.6
pordonj/frc1675-2012,668.0,668.0,1,0,544.4
porst17/NameSurfer,130.0,130.0,1,0,114.0
portablejim/PlanterHelper,354.0,256.0,1,0,254.0
possatti/bsi-poo1-xadrez,474.0,345.0,1,0,337.6
potigol/EditorPotigol,58.0,58.0,1,0,56.400000000000006
powercoders/PCBot,878.0,878.0,1,0,712.4000000000001
powerjava/commons-parent,192.0,185.0,1,0,160.8
powertac/balancing-market,150.0,102.0,1,0,110.80000000000001
ppasupat/web-entity-extractor-ACL2014,278.0,278.0,1,0,232.4
ppelleti/host-vfy,36.0,36.0,0,0,28.8
ppetr/jLens,354.0,250.0,1,0,251.6
ppm10103/MySQLJavaBinlogReplicater,570.0,570.0,1,0,466.0
pranayairan/Dexterapps-Translation-Util,154.0,151.0,1,0,132.0
prash-mi/simple-redis-cluster-client,96.0,75.0,1,0,78.4
prashantchhabra89/Audio-Video-Player,8.0,8.0,0,0,6.4
prashcr/UCSDUnfoldingMaps,174.0,174.0,1,0,149.20000000000002
precog/precog_java_client,260.0,183.0,1,0,187.2
prefuse/Prefuse,1288.0,1288.0,1,0,1040.4
prelert/engine-java,1272.0,761.0,1,0,823.2
prem-sharma/tsp-final-report,52.0,52.0,1,0,51.6
premium-minds/billy,3512.0,2485.0,1,0,2408.8
premium-minds/pm-persistence-utils,276.0,176.0,1,0,190.8
premium-minds/pm-webapp-utils,300.0,197.0,1,0,208.8
premscis/ReferenceProjects,96.0,96.0,1,0,86.80000000000001
presidentbeef/brakeman-jenkins-plugin,124.0,124.0,1,0,109.2
presidentio/test-data-generator,860.0,588.0,1,0,589.2
pressgang-ccms/PressGangCCMSBuilder,500.0,323.0,1,0,339.20000000000005
pressgang-ccms/PressGangCCMSCSPClient,496.0,496.0,1,0,406.8
pressgang-ccms/PressGangCCMSContentSpec,1024.0,639.0,1,0,675.2
pressgang-ccms/PressGangCCMSREST,682.0,682.0,1,0,555.6
pressgang-ccms/PressGangCCMSRESTv1Common,3206.0,1926.0,1,0,2062.8
pressgang-ccms/PressGangCCMSServices,244.0,244.0,1,0,205.20000000000002
pressgang-ccms/PressGangCCMSUI,16610.0,9379.0,1,0,10405.6
pressgang-ccms/jcommander-pressgang,480.0,296.0,1,0,320.4
prestodb/presto,10382.0,10374.0,1,0,8312.400000000001
prestodb/presto-hive-apache,104.0,73.0,1,0,80.80000000000001
prestodb/presto-jdbc-java6,148.0,148.0,1,0,128.4
pridkett/github-language-miner,152.0,103.0,1,0,112.0
pridkett/hackernews-miner,316.0,221.0,1,0,224.8
priiduneemre/bitplexus,2560.0,1587.0,1,0,1668.8000000000002
prime-framework/prime-mvc,1296.0,1296.0,1,0,1046.8
prime-optimus/cricinfo-unofficial,394.0,260.0,1,0,271.6
primecloud-controller-org/pcc-java-sdk,844.0,618.0,1,0,594.8000000000001
princeuchendu/javaemvreader,896.0,651.0,1,0,628.8000000000001
prism/Prism,246.0,246.0,1,0,206.8
prism/SafeGuard,106.0,106.0,1,0,94.80000000000001
prmr/JetUML,464.0,464.0,1,0,381.20000000000005
proarc/proarc,4288.0,3593.0,1,0,3162.4
probedock/jee-validation,700.0,432.0,1,0,462.8
profesorfalken/jPowerShell,112.0,81.0,1,0,87.2
profitbricks/profitbricks-sdk-java,446.0,320.0,1,0,316.4
programming-academy/quiz,134.0,95.0,1,0,101.6
project-recoin/PybossaTwitterController,390.0,280.0,1,0,278.0
projectdanube/xdi2-connector-personal,134.0,134.0,1,0,117.2
projectodd/wunderboss-release,2170.0,1573.0,1,0,1507.2
prometheus-ar/vot.ar-protocol,182.0,130.0,1,0,134.8
prondzyn/fifa-drawer,412.0,346.0,1,0,313.20000000000005
proofpoint/cloud-management,362.0,255.0,1,0,256.8
proofpoint/platform,6634.0,4335.0,1,0,4397.6
prossaro/Nouvola-DiveCloud-Jenkins-Plugin,152.0,100.0,1,0,110.80000000000001
provezano/SapiensCHECK,28.0,28.0,0,0,22.400000000000002
proxytoys/proxytoys,2330.0,1354.0,1,0,1483.6
proyectoFarmaco/org.ifes.FarmacoProyect,342.0,335.0,1,0,280.8
pryzach/midao,1208.0,1208.0,1,0,976.4000000000001
pschirmacher/webster,384.0,271.0,1,0,272.0
pseppecher/jamel,1414.0,1026.0,1,0,986.0
pshields/futility,84.0,84.0,1,0,77.2
psibre/artimate,310.0,310.0,1,0,258.0
psiegman/ehcachetag,376.0,280.0,1,0,272.4
psiotwo/sdlnot-rules,270.0,192.0,1,0,194.8
pslusarz/gnubridge,982.0,764.0,1,0,708.4000000000001
psobiech/gwtc3,876.0,524.0,1,0,570.0
pstegma/project-creator,146.0,99.0,1,0,108.0
psvehla/liferay-unit-test-example,140.0,140.0,1,0,122.0
psychicnovamc/minecraft-mods,1468.0,812.0,1,0,922.0
ptgoetz/storm-jms,222.0,168.0,1,0,166.0
ptgoetz/whirr-kafka,106.0,79.0,1,0,84.0
pubmed2ensembl/MartScript,4976.0,4976.0,1,0,3990.8
puckpuck/idapi-wrapper,482.0,482.0,1,0,395.6
pughlab/tracker,45778.0,23366.0,1,0,27667.6
pulkitkumar190/Java_training,88.0,88.0,1,0,80.4
pulsarIO/druid-kafka-ext,150.0,150.0,1,0,130.0
pulse00/Symfony-2-Eclipse-Plugin,2166.0,1623.0,1,0,1525.6000000000001
pulse00/digitalocean-plugin,92.0,92.0,1,0,83.60000000000001
pulyaevskiy/phpstorm-phpdi,26.0,26.0,0,0,20.8
punit-naik/MLHadoop,316.0,316.0,1,0,262.8
puniverse/galaxy,2122.0,1542.0,1,0,1475.6000000000001
puniverse/quasar,4092.0,3027.0,1,0,2857.6000000000004
purpleposeidon/Factorization,2842.0,2841.0,1,0,2283.2
purval/VMWareJavaApplications,180.0,180.0,1,0,154.0
pushbit/sprockets,474.0,303.0,1,0,320.8
pushq/soccero,522.0,337.0,1,0,353.6
pushtorefresh/javac-warning-annotation,170.0,113.0,1,0,123.2
puzzle/flyway-cdi-integration,88.0,62.0,1,0,70.0
pvahhi/tomcat-redis-session-manager,166.0,110.0,1,0,120.4
pvanassen/ns-api,718.0,461.0,1,0,481.6
pvanhouten/thatconference-baconmod,118.0,118.0,1,0,104.4
pwall567/xmlutil,146.0,100.0,1,0,108.4
pwheimann/s2-geometry-library-java,340.0,234.0,1,0,239.60000000000002
pwm-project/pwm,11216.0,6691.0,1,0,7172.800000000001
pwnall/battlecode-server,386.0,383.0,1,0,317.6
pxb1988/dex2jar,2902.0,2042.0,1,0,1987.6
pxtang/twu-biblioteca-petertang,94.0,78.0,1,0,78.80000000000001
pykenny/NTUESOE_2014SpringProject_GitHubEditor,156.0,156.0,1,0,134.8
qa/pv243-javaee-7,506.0,506.0,1,0,414.8
qafedev/qafe-platform,29470.0,17691.0,1,0,18874.4
qalingo/qalingo-engine,3438.0,3438.0,1,0,2760.4
qaware/cloud-native-zwitscher,810.0,641.0,1,0,590.4000000000001
qfs/qftest-plugin,168.0,111.0,1,0,121.60000000000001
qinyong2000/annuus-media-server,288.0,286.0,1,0,239.60000000000002
qjafcunuas/jbromo,6284.0,4552.0,1,0,4344.400000000001
qmx/jitescript,168.0,114.0,1,0,122.80000000000001
qqTYXn7/browserprint,248.0,248.0,1,0,208.4
qrman/vertx-guice,76.0,54.0,1,0,62.0
qspin/qtaste,5512.0,4874.0,1,0,4164.400000000001
quaddy-services/projekt-task-capturing,522.0,365.0,1,0,364.8
quanla/classreloading,484.0,373.0,1,0,352.80000000000007
quantiply/rico,588.0,588.0,1,0,480.40000000000003
quantumdb/quantumdb,1094.0,777.0,1,0,758.4000000000001
quartz-powered/server,832.0,832.0,1,0,675.6
quartz55/COMP,134.0,85.0,1,0,97.6
qubell/contrib-jenkins-qubell-plugin,1796.0,1262.0,1,0,1233.2
qubole/presto-kinesis,200.0,195.0,1,0,168.0
qubole/quark,2278.0,1539.0,1,0,1536.8000000000002
qucosa/qucosa-fcrepo-migration,1118.0,705.0,1,0,739.2
quelltextlich/jacoco-toolbox,188.0,188.0,1,0,160.4
querydsl/querydsl-contrib,1074.0,667.0,1,0,706.4000000000001
quincy/tejris,120.0,120.0,1,0,106.0
qwasli/PMTable,714.0,426.0,1,0,466.0
qxo/ddlutils,1606.0,1259.0,1,0,1156.0
rSmart/kuali_rice,42742.0,37109.0,1,0,31950.4
ra4king/GameUtils,98.0,98.0,1,0,88.4
rabbitmq/hop,364.0,248.0,1,0,254.8
rabitarochan/jgit-proxy-clone,70.0,50.0,1,0,58.0
rabix/bunny,2798.0,2042.0,1,0,1946.0
rabun/oanda-rest-java,348.0,344.0,1,0,286.8
racc/typesafeconfig-guice,230.0,150.0,1,0,162.0
radamuspl/loadBalancerKataMto,120.0,87.0,1,0,92.80000000000001
radcortez/batch-real-world,402.0,269.0,1,0,278.40000000000003
raddle60/dlna-client,194.0,194.0,1,0,165.20000000000002
radkoff/RiskArena,182.0,182.0,1,0,155.6
radkovo/CSSBox,244.0,244.0,1,0,205.20000000000002
radkovo/CSSBoxPdf,40.0,40.0,0,0,32.0
radkovo/SwingBox,538.0,330.0,1,0,357.20000000000005
radkovo/jStyleParser,2844.0,1687.0,1,0,1822.4
radsaggi/JPicReveal,12.0,12.0,0,0,9.600000000000001
rafaelaznar/openausiasted,1364.0,980.0,1,0,947.6
rafaeldff/Iogi,688.0,477.0,1,0,476.0
rafaelsteil/jforum2,4380.0,3968.0,1,0,3349.2
rafaelsteil/jforum3,2794.0,2461.0,1,0,2112.0
rafamaiaale/exercicio01,72.0,51.0,1,0,59.2
ragb/speechd-java,62.0,58.0,1,0,58.0
ragerri/ixa-pipe-convert,60.0,60.0,1,0,58.0
raguilera82/send-mail-cordova-plugin,30.0,30.0,0,0,24.0
rah003/neat-jsonfn,76.0,76.0,1,0,70.80000000000001
rahular/TicTacToe,156.0,156.0,1,0,134.8
rahulbot/boxmaker,1091.0,575.0,1,0,676.4000000000001
raidancampbell/swiggityspeare,48.0,48.0,0,0,38.400000000000006
rainmanwy/robotframework-SikuliLibrary,204.0,164.0,1,0,157.20000000000002
rajmahendra/CoderetreatBoard,84.0,77.0,1,0,74.4
ralscha/downloadchart,102.0,77.0,1,0,81.60000000000001
ralscha/edsutil,250.0,184.0,1,0,183.60000000000002
ralscha/springsecuritytotp,418.0,254.0,1,0,278.8
ramananandh/MyPublicRepo,20458.0,20458.0,1,0,16376.400000000001
rancher/gdapi-java-server,1550.0,951.0,1,0,1010.4000000000001
randerzander/servlet-view-example,58.0,58.0,1,0,56.400000000000006
randi2/randi2,2656.0,2579.0,1,0,2104.0
randomsync/excel-testng-demo2,42.0,42.0,0,0,33.6
randomtestfive/SerialArmController,62.0,42.0,1,0,51.6
randyp/trochee,344.0,252.0,1,0,248.4
rango3526/MinecraftModding,4982.0,4833.0,1,0,3936.0
raoulDoc/WiggleIndexer,124.0,93.0,1,0,96.80000000000001
raoulvdberge/refinedstorage,1886.0,1433.0,1,0,1337.6000000000001
raphaelbgr/SocketServer,280.0,211.0,1,0,206.4
raphaeljolivet/java2typescript,898.0,662.0,1,0,634.0
raphaelmenges/schaugenau,546.0,546.0,1,0,446.8
rapid7/nexpose_java_api,558.0,558.0,1,0,456.40000000000003
rapidan/droolsjbpm,30428.0,27975.0,1,0,23371.2
rapidpro/expressions,214.0,214.0,1,0,181.20000000000002
rapidpro/mage,762.0,549.0,1,0,534.4000000000001
rareddy/ws-security-examples,338.0,338.0,1,0,280.40000000000003
rasea/demoiselle-agent,208.0,208.0,1,0,176.4
rasea/server,672.0,672.0,1,0,547.6
raskasa/metrics-okhttp,172.0,119.0,1,0,126.4
rasto/lcmc,11630.0,7953.0,1,0,7843.200000000001
raydelto/itla_racer,38.0,38.0,0,0,30.400000000000002
rayedchan/OIMDecryptedPasswordInProfile,138.0,135.0,1,0,119.2
rayedchan/OIMFlatFileICFConnector,132.0,129.0,1,0,114.4
raygun321/mapcraft,206.0,187.0,1,0,167.2
rayo/rayo-server,1630.0,1630.0,1,0,1314.0
rayryeng/RTSPTest,10.0,10.0,0,0,8.0
razafinr/ABMS,76.0,76.0,1,0,70.80000000000001
rbacarin/thinkfast,138.0,95.0,1,0,103.2
rcardin/pcd-actors,174.0,142.0,1,0,136.4
rcgallagher/example-spring-boot-jsf-primefaces,66.0,47.0,1,0,55.2
rchapin/simple-multi-threaded-calculator,206.0,148.0,1,0,151.60000000000002
rchodava/datamill,956.0,679.0,1,0,664.0
rck109d/atl-pd-data,134.0,87.0,1,0,98.4
rcsb/QuickStructureSearch,1180.0,871.0,1,0,830.4000000000001
rcuprak/actionbazaar,2496.0,2496.0,1,0,2006.8000000000002
rdaum/jmemcache-daemon,468.0,336.0,1,0,331.6
rdbeach/JsonQuery,52.0,52.0,1,0,51.6
rdblue/crash,114.0,114.0,1,0,101.2
rdebusscher/jsf-renderer-extensions,1328.0,979.0,1,0,932.8000000000001
rdelbru/SIREn,2932.0,2047.0,1,0,2001.6
rder93/proyectosoftware,242.0,242.0,1,0,203.60000000000002
rdio/rdio-simple,176.0,176.0,1,0,150.8
rdok/online-classes,158.0,158.0,1,0,136.4
rdowner/brooklyn-temperature-device,142.0,95.0,1,0,104.80000000000001
rdpstaff/Framebot,176.0,165.0,1,0,146.4
rdpstaff/ReadSeq,560.0,424.0,1,0,403.6
rdpstaff/Xander-HMMgs,252.0,238.0,1,0,206.0
reachkrishnaraj/kafka-elasticsearch-standalone-consumer,268.0,188.0,1,0,192.4
reactor/reactive-streams-commons,2434.0,1633.0,1,0,1636.8000000000002
real-logic/benchmarks,74.0,67.0,1,0,66.4
realestate-com-au/sshephalopod,6256.0,6256.0,1,0,5014.8
realityforge/gwt-appcache-example,76.0,76.0,1,0,70.80000000000001
realityforge/gwt-cache-filter,48.0,48.0,0,0,38.400000000000006
realityforge/gwt-ga,64.0,64.0,1,0,61.2
realityforge/gwt-websockets,100.0,100.0,1,0,90.0
realityforge/sqlshell,56.0,56.0,1,0,54.800000000000004
realmagician/MahoutTest,180.0,180.0,1,0,154.0
rean/rain-workload-toolkit,2062.0,1947.0,1,0,1613.6000000000001
reatkin2/karyotyper,210.0,210.0,1,0,178.0
reckart/tt4j,206.0,149.0,1,0,152.0
redfish4ktc/maven-soapui-extension-plugin,1126.0,1126.0,1,0,910.8000000000001
redhat-helloworld-msa/ola,106.0,77.0,1,0,83.2
redhat-italy/fuse-playground,174.0,174.0,1,0,149.20000000000002
redhataccess/redhat-support-lib-java,888.0,525.0,1,0,575.2
redkale/redkale-demo,112.0,112.0,1,0,99.60000000000001
rednaxelafx/hotspot_evil,48.0,48.0,0,0,38.400000000000006
redpois0n/oslib,214.0,214.0,1,0,181.20000000000002
redsgreens/Appleseed,42.0,42.0,0,0,33.6
redsgreens/SupplySign,38.0,38.0,0,0,30.400000000000002
reflexworks/reflexcore,790.0,593.0,1,0,563.2
reima/Cindy3D,278.0,278.0,1,0,232.4
reinert/requestor,2848.0,1915.0,1,0,1915.2
reines/httptunnel,558.0,380.0,1,0,385.20000000000005
reines/rxtx,256.0,193.0,1,0,189.60000000000002
reinra/dynaform,1656.0,1087.0,1,0,1107.2
remibantos/jeeshop,2604.0,1849.0,1,0,1791.2000000000003
renatocf/IEDB,296.0,296.0,1,0,246.8
renatodelgaudio/awsroute53,284.0,193.0,1,0,200.8
renekrie/querqy,1346.0,940.0,1,0,924.4
renepickhardt/metalcon,380.0,380.0,1,0,314.0
reneweb/cqrs_example_app,148.0,148.0,1,0,128.4
renzon/evento-python-para-javeiros,58.0,58.0,1,0,56.400000000000006
reo7sp/SBF-Bukkit-Plugin,944.0,672.0,1,0,656.4000000000001
researchgate/gradle-release-examples,300.0,300.0,1,0,250.0
resios/jacoco-coverage,80.0,80.0,1,0,74.0
resource4j/resource4j,1362.0,995.0,1,0,952.8000000000001
restfb/restfb-benchmark,174.0,104.0,1,0,121.20000000000002
restfb/restfb-examples,96.0,65.0,1,0,74.4
restsql/restsql,2086.0,1251.0,1,0,1344.8000000000002
restsql/restsql-test,624.0,624.0,1,0,509.20000000000005
retoo/bodesuri,2654.0,2067.0,1,0,1898.4
retuxx/sig4j,186.0,127.0,1,0,135.20000000000002
revelc/zookeeper-maven-plugin,178.0,131.0,1,0,133.60000000000002
rgrimmer/ACID,946.0,648.0,1,0,647.6
rguderlei/osgi-demo,548.0,391.0,1,0,385.6
rh-messaging/artemis-wildfly-integration,104.0,104.0,1,0,93.2
rhinoceroshead/UNNAMED-SOFTWARE-WEB,196.0,196.0,1,0,166.8
rhinoforms/rhinoforms,1084.0,755.0,1,0,745.6
rhlabs/louie,1424.0,1306.0,1,0,1102.0
rholder/gradle-view,150.0,150.0,1,0,130.0
riccardobl/JMEOpenCL,56.0,56.0,1,0,54.800000000000004
ricepanda/rice-git3,42306.0,36884.0,1,0,31686.0
richkadel/jsfunction-gwt,380.0,246.0,1,0,260.4
rickardsundin/storycards,160.0,116.0,1,0,120.4
rickbw/crud-api,712.0,496.0,1,0,493.20000000000005
rickbw/crud-jdbc,28.0,28.0,0,0,22.400000000000002
rickbw/crud-voldemort,36.0,36.0,0,0,28.8
rickbw/incubator,496.0,326.0,1,0,338.8
rickmcgeer/GENI_SAVI,318.0,318.0,1,0,264.4
ridernator/folly,798.0,595.0,1,0,567.2
ridgelab/SelecT,182.0,182.0,1,0,155.6
ridwanbejo/movielist,4430.0,4430.0,1,0,3554.0
riemann/riemann-java-client,214.0,212.0,1,0,180.40000000000003
rieske/aop-logging,202.0,163.0,1,0,156.0
rii-mango/GIFTI-IO,110.0,87.0,1,0,88.80000000000001
riktothepast/ProyectoClaseBases2,186.0,141.0,1,0,140.8
rinfield/java8-commons,576.0,351.0,1,0,380.8
ringerc/as7-eclipselink-integration,218.0,162.0,1,0,162.0
rinoto/spring-auto-mock,274.0,183.0,1,0,192.8
rinrinne/gerrit-rabbitmq-plugin,132.0,132.0,1,0,115.60000000000001
rinrinne/rabbitmq-consumer-plugin,200.0,200.0,1,0,170.0
ripla/vaadin-spring-push-example,124.0,90.0,1,0,95.6
riselabs-ufba/alumni-projects,676.0,676.0,1,0,550.8000000000001
rishuatgithub/Special-Character-Remover,118.0,118.0,1,0,104.4
ritesh-spring/spring-learning,346.0,346.0,1,0,286.8
rivetlogic/hr-portal,2400.0,2370.0,1,0,1918.0
rivetlogic/liferay-content-translator,516.0,487.0,1,0,411.20000000000005
rivetlogic/liferay-document-and-media-treeview,642.0,613.0,1,0,512.0
rivetlogic/liferay-form-saver,478.0,448.0,1,0,380.40000000000003
rivetlogic/liferay-google-drive-quick-links,686.0,657.0,1,0,547.2
rivetlogic/liferay-google-hangouts,664.0,635.0,1,0,529.6
rivetlogic/liferay-hovercard,508.0,478.0,1,0,404.40000000000003
rivetlogic/liferay-mail-notification,456.0,426.0,1,0,362.8
rivetlogic/liferay-shared-resources-manager,854.0,825.0,1,0,681.6
rivetlogic/liferay-skype,662.0,633.0,1,0,528.0
rivetlogic/liferay-whiteboard,584.0,555.0,1,0,465.6
rivetlogic/mobile-people-directory,722.0,692.0,1,0,575.6
rizard/fast-failover-demo,4584.0,3193.0,1,0,3120.8
rjdkolb/vmbenchmarks,400.0,220.0,1,0,258.0
rjmarsan/GestureSound,1416.0,1416.0,1,0,1142.8
rjmunro/fpff,64.0,51.0,1,0,56.0
rjoberon/web-attribute-exploration,136.0,136.0,1,0,118.80000000000001
rkaippully/play-webdrive,38.0,38.0,0,0,30.400000000000002
rkapsi/ardverk-commons,258.0,257.0,1,0,216.0
rkapsi/ardverk-concurrent,136.0,129.0,1,0,116.0
rkapsi/gibson,346.0,294.0,1,0,266.0
rkfg/jbot,376.0,265.0,1,0,266.4
rkfg/ns2gather,318.0,258.0,1,0,240.4
rlespinasse/slf4j-over-spring,226.0,154.0,1,0,162.0
rlichtenwalter/LPmade,3884.0,3884.0,1,0,3117.2000000000003
rlsutton1/VaadinUtils,872.0,872.0,1,0,707.6
rmanders/kbdb,364.0,272.0,1,0,264.4
rmannibucau/diagram-generator-parent,730.0,532.0,1,0,514.8
rmetzger/stratosphere-sql,216.0,216.0,1,0,182.8
rmichela/BeanShellDebugger,38.0,38.0,0,0,30.400000000000002
rmichela/Command-iConomy,32.0,32.0,0,0,25.6
rmichela/CowPaths,44.0,44.0,0,0,35.2
rmohr/chroot-plugin,504.0,327.0,1,0,342.40000000000003
rmpestano/cukedoctor,2230.0,1472.0,1,0,1490.8000000000002
rmsy/Flair,30.0,30.0,0,0,24.0
rmuller/infomas-asl,216.0,168.0,1,0,163.60000000000002
rnewson/couchdb-lucene,414.0,303.0,1,0,296.8
robeio/robe,2112.0,1541.0,1,0,1471.2000000000003
robelsharma/VideoConference,222.0,222.0,1,0,187.60000000000002
robertbachmann/tcpmon,136.0,90.0,1,0,100.4
robertomarin/redis-de-cache-a-nosql,196.0,146.0,1,0,146.8
robertoramsis/FunLearn,898.0,890.0,1,0,725.2
robertovormittag/algorithms,506.0,372.0,1,0,361.20000000000005
robertquitt/iaroc2015-option16b,148.0,148.0,1,0,128.4
robinst/autolink-java,162.0,116.0,1,0,121.2
robmayhew/snappy-components,900.0,814.0,1,0,695.6
robolectric/robolectric-velocity-plugin,74.0,50.0,1,0,59.6
robosphinx/QuartzPlus,390.0,260.0,1,0,270.0
robotman3000/Tic-Tac-Toe-v1,34.0,34.0,0,0,27.200000000000003
robrua/easy-java,1042.0,625.0,1,0,676.8
robshep/JavaFPE,86.0,60.0,1,0,68.4
robsonbittencourt/mokona,148.0,110.0,1,0,113.2
robusta-code/classify,110.0,110.0,1,0,98.0
robusta-code/rra,490.0,359.0,1,0,349.6
roddet/formation-dta,770.0,639.0,1,0,573.6
rodolphito/Rival-Rebels-Mod,1930.0,1930.0,1,0,1554.0
rodrigocatalan/blank,378.0,378.0,1,0,312.40000000000003
rodrigovilar/resTest,56.0,44.0,1,0,50.0
rogerxaic/battleship,104.0,88.0,1,0,86.80000000000001
rohitsinha54/Coursera-Introduction-to-Recommender-Systems-Programming-Assignment-5,194.0,135.0,1,0,141.60000000000002
roid1973/spinner,148.0,148.0,1,0,128.4
rokhmanov/repo-graph-maven,224.0,161.0,1,0,164.0
rokups/intelli-nim,116.0,116.0,1,0,102.80000000000001
rolandkrueger/vaadin-by-example,780.0,780.0,1,0,634.0
rolmovel/XMLWinEvent,150.0,109.0,1,0,113.6
roman-voropaev/yCache,30.0,30.0,0,0,24.0
romank0/selenium-stale-element,118.0,99.0,1,0,96.80000000000001
romanseidl/mason-tools,356.0,250.0,1,0,252.4
romelo333/notenoughwands1.8.8,756.0,511.0,1,0,516.8000000000001
rometools/rome-utils,68.0,68.0,1,0,64.4
ronammar/pharmacogenomics,96.0,96.0,1,0,86.80000000000001
rongzhu8888/magic-dao,454.0,335.0,1,0,325.6
ronz94/Steadfast,10.0,10.0,0,0,8.0
ropalka/msc-benchmarks,148.0,127.0,1,0,120.0
rorchard/FuzzyJ,1364.0,1364.0,1,0,1101.2
rosatolen/campr-csrf-workshop,244.0,184.0,1,0,181.20000000000002
roshanp/blur-hdfs-lucene-indexes,350.0,321.0,1,0,278.4
roskart/dropwizard-jaxws,494.0,331.0,1,0,340.0
roskenet/simple-cms,170.0,124.0,1,0,127.6
roskens/opennms-pre-github,38412.0,38412.0,1,0,30739.600000000002
rossjones/JFluidDB,76.0,76.0,1,0,70.80000000000001
roukaour/spectrogram,54.0,54.0,1,0,53.2
roukaour/votingsim,86.0,86.0,1,0,78.8
routing4you/gps-tracker,102.0,73.0,1,0,80.0
rovemonteux/silvertunnel-monteux,3012.0,1853.0,1,0,1956.0
roylaurie/subcomm-web-client-applet,70.0,70.0,1,0,66.0
royrusso/spring-mvc-rest-mockito,200.0,136.0,1,0,144.4
rozpuszczalny/delta,58.0,47.0,1,0,52.0
rpablos/FlowControl,194.0,138.0,1,0,142.8
rpaskin/lp2java,280.0,280.0,1,0,234.0
rpau/javalang-compiler,964.0,606.0,1,0,638.0
rpelisse/rhq-sync-tool,630.0,467.0,1,0,448.8
rpereira-dev/VoxelEngine,1740.0,1313.0,1,0,1231.2
rponte/jsf-issuetracker-project,524.0,472.0,1,0,408.40000000000003
rponte/spring-camel,584.0,378.0,1,0,394.80000000000007
rrocharoberto/GraphPartitionFramework,1486.0,1094.0,1,0,1042.0
rs-services/jenkins_selfservice,44.0,44.0,0,0,35.2
rsandor/Solace,434.0,434.0,1,0,357.20000000000005
rschreijer/s2-geometry-library-java,244.0,186.0,1,0,182.0
rssowl/RSSOwl,6358.0,6358.0,1,0,5096.400000000001
rstudio/rstudio,10052.0,10052.0,1,0,8051.6
rsutphin/johaml,134.0,134.0,1,0,117.2
rterp/GMapsFX,268.0,268.0,1,0,224.4
rterp/SumZeroTrading,2784.0,1948.0,1,0,1902.8000000000002
rticommunity/dds-rpc-java,105.0,105.0,1,0,94.0
rtslab/EnergyBox,232.0,232.0,1,0,195.60000000000002
rubenlagus/TelegramBots,574.0,426.0,1,0,410.0
rubrica/rubrica,424.0,311.0,1,0,304.0
rudaoshi/mate,394.0,394.0,1,0,325.20000000000005
ruediste/jabsaw,530.0,360.0,1,0,366.0
rulien/categorize-test,84.0,84.0,1,0,77.2
rundeck-plugins/salt-step,182.0,182.0,1,0,155.6
rungemar/cmake4cdt,240.0,240.0,1,0,202.0
runmyprocess/sec-ldap,32.0,32.0,0,0,25.6
rusher81572/cloudExplorer,768.0,490.0,1,0,513.2
rvalyi/terminatooor,430.0,430.0,1,0,354.0
rvanderwerf/grails-struts1,82.0,82.0,1,0,75.60000000000001
rvbiljouw/aurorabot,762.0,762.0,1,0,619.6
rvs-fluid-it/microservice-bundle,316.0,316.0,1,0,262.8
rvt/cnctools,466.0,466.0,1,0,382.8
rwl/JKLU,240.0,180.0,1,0,178.0
rwtema/SideChecker,106.0,76.0,1,0,82.80000000000001
rwth-acis/las2peer-Query-Visualization-Service,482.0,355.0,1,0,344.8
ryanbrainard/richsobjects,844.0,613.0,1,0,592.8000000000001
ryanbriones/spring-mvc-persistence-example,180.0,116.0,1,0,128.4
ryanj/targetlocations,192.0,138.0,1,0,142.0
ryansgot/forsuredbcompiler,858.0,571.0,1,0,581.6
ryantenney/passkit4j,142.0,142.0,1,0,123.60000000000001
ryantenney/zookeeper-spring,270.0,175.0,1,0,188.0
ryanwli/guzz,964.0,964.0,1,0,781.2
rychkov/ru.subscribe-api,354.0,258.0,1,0,254.8
rythmengine/rythmengine,2326.0,1632.0,1,0,1593.2000000000003
rythmengine/spring-rythm,146.0,146.0,1,0,126.80000000000001
rzaffari/projectInside,82.0,82.0,1,0,75.60000000000001
rzwitserloot/ivyplusplus,270.0,198.0,1,0,197.2
rzwitserloot/totp-example,258.0,190.0,1,0,189.2
rzymek/watcher-maven-plugin,152.0,88.0,1,0,106.0
s-case/s-case-core,864.0,637.0,1,0,610.4000000000001
s-hosoai/astahm2t,226.0,226.0,1,0,190.8
s-match/s-match-nlp-opennlp,32.0,32.0,0,0,25.6
s-match/s-match-spsm,58.0,58.0,1,0,56.400000000000006
s12v/newrelic-elasticsearch,336.0,238.0,1,0,239.60000000000002
s1ck/gdl,206.0,138.0,1,0,147.60000000000002
s4/zeno,558.0,399.0,1,0,392.80000000000007
saalfeldlab/bigcat,1856.0,1126.0,1,0,1202.8000000000002
saalfeldlab/bigwarp,994.0,595.0,1,0,645.6
saalfeldlab/render,1582.0,1309.0,1,0,1166.4
sabersamus/Bytecraft,852.0,656.0,1,0,613.2
sabina-jung/JSON-Schema-Validation-Eclipse,40.0,40.0,0,0,32.0
sabram/MyMoney,438.0,438.0,1,0,360.40000000000003
sachin-handiekar/jInstagram-examples,188.0,131.0,1,0,137.60000000000002
sachin-handiekar/jMusixMatch,216.0,161.0,1,0,160.8
sachin-handiekar/spring-social-live,186.0,186.0,1,0,158.8
saden1/eCards,694.0,509.0,1,0,491.20000000000005
saem/dropwizard-hikaricp,46.0,46.0,0,0,36.800000000000004
saffron-technology/vertx-eventbusbridge,134.0,94.0,1,0,101.2
sagara-gunathunga/carbon-p2-plugin,198.0,142.0,1,0,146.0
sagara-gunathunga/jaxrs-java-colombo,84.0,84.0,1,0,77.2
sahajamit/cucumber-jvm-testng-integration,146.0,109.0,1,0,112.0
saikocat/parquet-mr-contrib,110.0,78.0,1,0,85.2
saikrishna321/JBehave-Selendroid-Android-Automation,514.0,362.0,1,0,360.40000000000003
sakaicontrib/sakora-csv,262.0,262.0,1,0,219.60000000000002
sakaiproject/sakai,148828.0,102510.0,1,0,100545.20000000001
sakserv/storm-topology-examples,304.0,225.0,1,0,221.60000000000002
sakuraloku/MineTheWorld,110.0,110.0,1,0,98.0
salyh/jsr353-benchmark,1804.0,1035.0,1,0,1145.6
sam6-de/RestfulProtobuf,76.0,76.0,1,0,70.80000000000001
samarth-math/project-connect,126.0,126.0,1,0,110.80000000000001
samaxes/minify-maven-plugin,236.0,185.0,1,0,178.4
sambalmueslie/LoanCalculator,576.0,576.0,1,0,470.8
samie/vaadin-facebook-api,226.0,140.0,1,0,156.4
sammonsjl/liferay-toolbox,748.0,748.0,1,0,608.4
sammyyx/ACAMPController,1952.0,1940.0,1,0,1566.8000000000002
samoa-moa/samoa-moa,36.0,36.0,0,0,28.8
samskivert/depot-maven-plugin,68.0,45.0,1,0,55.2
samskivert/monotouch-maven-plugin,102.0,70.0,1,0,78.80000000000001
samsungsamiio/sami-android,312.0,225.0,1,0,224.8
samsungsamiio/samitrials-java,224.0,161.0,1,0,164.0
samtingleff/jchronic,914.0,566.0,1,0,602.0
samuelskanberg/wigglemouse,48.0,36.0,0,0,33.6
samuelsmal/gp_connect_four_java,156.0,156.0,1,0,134.8
samuil-yanovski/master-thesis-web,132.0,132.0,1,0,115.60000000000001
samwhite/sapt-compiler,36.0,36.0,0,0,28.8
samytiemi/dac,118.0,118.0,1,0,104.4
sandflow/regxmllib,314.0,314.0,1,0,261.20000000000005
sandin/fanfou4j,678.0,677.0,1,0,552.0
sandstorm/FlowStorm,28.0,28.0,0,0,22.400000000000002
sanger-pathogens/QUASR,354.0,295.0,1,0,269.6
sanjeevir/reporter,254.0,254.0,1,0,213.20000000000002
santiihoyos/Ubuntu-Mac-Changer,48.0,48.0,0,0,38.400000000000006
santo74/vertx-arangodb,542.0,330.0,1,0,358.8
sap-production/resolve-pom-maven-plugin,252.0,159.0,1,0,174.4
sapirgolan/MFIBlocking,2246.0,2246.0,1,0,1806.8000000000002
sarl/sarl,6256.0,4300.0,1,0,4232.4
sarnowski/eve-interfaces,304.0,304.0,1,0,253.20000000000002
sarxos/webcam-capture,2624.0,2118.0,1,0,1906.8000000000002
sarxos/win-registry,202.0,132.0,1,0,143.60000000000002
sashank/jsse,44.0,44.0,0,0,35.2
sassoftware/enlighten-integration,100.0,100.0,1,0,90.0
sat3/digitalcurrency,84.0,84.0,1,0,77.2
satago/tapestry-jpa-transactions,110.0,110.0,1,0,98.0
sathipal/lwm2m_over_mqtt,140.0,139.0,1,0,121.6
satiros12/RobotVigilanteMecatronica2014,46.0,46.0,0,0,36.800000000000004
satsukitv/SimpleServer,324.0,324.0,1,0,269.2
satyapavan/vdsi_cab_pooling,356.0,283.0,1,0,265.6
saury07/Technomap,1306.0,1306.0,1,0,1054.8
saurzcode/saurzcode-swagger-spring,52.0,38.0,1,0,46.0
savior67/StickyTracker,60.0,60.0,1,0,58.0
savoirtech/hecate,1886.0,1355.0,1,0,1306.4
sawano/alphanumeric-comparator,142.0,102.0,1,0,107.60000000000001
sayems/java.api.test,344.0,344.0,1,0,285.2
sbcoba/spring-camp-spring-security-session,84.0,84.0,1,0,77.2
sbeltramini/webex-connector,4304.0,4304.0,1,0,3453.2000000000003
sbrannen/spring-events,248.0,195.0,1,0,187.2
sbrosinski/RegexTester,122.0,122.0,1,0,107.60000000000001
sbuettner/spring-boot-autoconfigure-wro4j,86.0,86.0,1,0,78.8
sbunciak/jbpm-drive-integration,241.0,176.0,1,0,176.8
scalatra/netty-extension,484.0,360.0,1,0,347.6
scalecube/scalecube,976.0,650.0,1,0,660.4000000000001
scalecube/socketio,382.0,278.0,1,0,274.0
scaled/pacman,258.0,175.0,1,0,183.2
scaperoth/CarMachineLearning,54.0,54.0,1,0,53.2
scbickle/maryspeak,42.0,42.0,0,0,33.6
scbizu/customservice,284.0,284.0,1,0,237.20000000000002
scd4j/gradle-plugins,1080.0,1080.0,1,0,874.0
scela/EclipseCon2014,452.0,452.0,1,0,371.6
scenarioo/scenarioo,2036.0,2036.0,1,0,1638.8000000000002
schafer14/Machine-Learning-Wine-DataSets,126.0,126.0,1,0,110.80000000000001
schaloner/deadbolt,630.0,628.0,1,0,513.2
scharf/generic-java-rules,84.0,84.0,1,0,77.2
scharron/elasticsearch-river-mysql,130.0,96.0,1,0,100.4
schaubie12/Justins-Plugin,36.0,36.0,0,0,28.8
scherziglu/log4j,120.0,120.0,1,0,106.0
schibsted/eureka-jersey2,720.0,720.0,1,0,586.0
schmolli/my-todos,100.0,68.0,1,0,77.2
schogini/jVoiD,1064.0,1064.0,1,0,861.2
schuchert/fitnesse-tutorials,90.0,90.0,1,0,82.0
schwa-lab/libschwa-java,460.0,280.0,1,0,306.0
schweerelos/The-Digital-Parrot,228.0,228.0,1,0,192.4
sci-gaia/template-special-job-portlet,136.0,136.0,1,0,118.80000000000001
scijava/native-lib-loader,126.0,89.0,1,0,96.0
scijava/scijava-maven-plugin,222.0,151.0,1,0,159.20000000000002
scijava/scijava-ui-pivot,158.0,113.0,1,0,118.4
scijava/scripting-java,152.0,106.0,1,0,113.20000000000002
scitran/sdm,502.0,502.0,1,0,411.6
scoffey/chatterbot,728.0,728.0,1,0,592.4
scoffey/jz80sim,576.0,576.0,1,0,470.8
scott181182/NeoCraft,634.0,634.0,1,0,517.2
scottcotton/matrix,24.0,24.0,0,0,19.200000000000003
scottfrederick/spring-music,336.0,258.0,1,0,247.60000000000002
scottritchie/ByteByByte,378.0,378.0,1,0,312.40000000000003
scouter-project/scouter-plugin-server-alert-telegram,62.0,61.0,1,0,59.2
scouter-project/scouter-plugin-server-influxdb,30.0,30.0,0,0,24.0
scranton/servicemix4-example-payment-service-jbi,218.0,152.0,1,0,158.0
scribble/scribble-che,174.0,154.0,1,0,141.20000000000002
scribejava/scribejava,1834.0,1150.0,1,0,1203.6
scriptella/scriptella-etl,1460.0,1460.0,1,0,1178.0
scrosby/OSM-binary,130.0,127.0,1,0,112.80000000000001
sct/HexxitGear,196.0,191.0,1,0,164.8
sct/SGStats,106.0,106.0,1,0,94.80000000000001
sct/SGTitles,114.0,114.0,1,0,101.2
sct/SimplePowerStorage,130.0,125.0,1,0,112.0
scylladb/scylla-jmx,572.0,417.0,1,0,405.6
scylladb/scylla-tools-java,12938.0,8507.0,1,0,8588.0
sdcuike/Netty5-2015,260.0,173.0,1,0,183.2
sdeleuze/rxweb,378.0,273.0,1,0,270.40000000000003
sdeleuze/spring-boot-sample-web-handlebars,118.0,83.0,1,0,90.4
sdeleuze/spring-reactive-playground,166.0,125.0,1,0,126.4
sdeo/protobuf-socket-rpc,206.0,206.0,1,0,174.8
sdl/dxa-modules,1538.0,1538.0,1,0,1240.4
sdl/ecommerce-framework,1022.0,961.0,1,0,803.2
sdl/odata,7338.0,4571.0,1,0,4773.6
sdmoralesma/javalab,3262.0,3262.0,1,0,2619.6000000000004
sdorra/buildfrontend-maven-plugin,210.0,127.0,1,0,144.8
sdouglass/spring-social-tumblr,232.0,218.0,1,0,190.0
sdstoehr/image-optimizer-maven-plugin,270.0,189.0,1,0,193.60000000000002
se450/LogisticsApplication,150.0,150.0,1,0,130.0
seam/faces,896.0,896.0,1,0,726.8000000000001
seana7a7/springmvc-mongodb-example,144.0,134.0,1,0,121.2
seanchenxi/gwt-rtc,700.0,469.0,1,0,477.6
seanrowens/oObjLoader,54.0,54.0,1,0,53.2
searchbox/framework,2442.0,1602.0,1,0,1627.6000000000001
searchisko/elasticsearch-river-sysinfo,546.0,411.0,1,0,392.8
searsia/searsiaserver,190.0,136.0,1,0,140.4
seasarorg/sa-struts,968.0,704.0,1,0,678.8000000000001
seava/seava.lib.j4e,1154.0,1154.0,1,0,933.2
sebas86/TileCutter,24.0,24.0,0,0,19.200000000000003
sebasjm/checker-framework,7154.0,7154.0,1,0,5733.200000000001
sebastian1118/tinyspring,318.0,232.0,1,0,230.0
sebastiangoetz/slr-toolkit,1000.0,1000.0,1,0,810.0
sebastiangraf/perfidix,1306.0,808.0,1,0,855.6
sebastien-roch/retrofit2-jsonobject-converter,18.0,18.0,0,0,14.4
sebhoerl/Twig-netbeans,100.0,100.0,1,0,90.0
sebhoss/junit-testdata-rule,1208.0,749.0,1,0,792.8000000000001
sebhoss/memoization.java,580.0,417.0,1,0,408.8
sebspas/parking,114.0,114.0,1,0,101.2
secondshadow/gvsmsarch,80.0,56.0,1,0,64.4
secretdataz/StrictWGUseFlag,58.0,44.0,1,0,50.800000000000004
sedesdev/seam3-jboss7-archetype,406.0,307.0,1,0,295.20000000000005
seedstack/business,2744.0,1987.0,1,0,1902.4
seedstack/coffig,400.0,289.0,1,0,285.6
seedstack/jpa-addon,498.0,372.0,1,0,358.0
seedstack/ldap-addon,192.0,141.0,1,0,143.20000000000002
seedstack/smoke-tests,506.0,310.0,1,0,336.4
seedstack/spring-bridge-addon,728.0,536.0,1,0,515.6
seedstack/validation-addon,326.0,244.0,1,0,238.0
segator/PlexRemoteTranscoderOrchestrator,202.0,153.0,1,0,152.0
seize-the-dave/forgery,432.0,296.0,1,0,301.20000000000005
selenium-pageobject/pageobject,120.0,88.0,1,0,93.2
selig/qea,1110.0,901.0,1,0,814.4000000000001
selvinsource/spark-pmml-exporter-validator,140.0,102.0,1,0,106.80000000000001
senacor/DDT,962.0,785.0,1,0,708.8
sendgrid/sendgrid-java,218.0,218.0,1,0,184.4
sendgrid/smtpapi-java,66.0,66.0,1,0,62.800000000000004
sendgridlabs/vertx-scheduler,342.0,241.0,1,0,243.20000000000002
senseidb/bobo,574.0,574.0,1,0,469.20000000000005
sensepost/JBaah,223.0,222.0,1,0,188.0
sensepost/yeti,1487.0,1068.0,1,0,1032.0
sensiasoft/lib-ows,1364.0,1364.0,1,0,1101.2
sensorstorm/StormCV,482.0,482.0,1,0,395.6
sequenceiq/ambari-shell,204.0,204.0,1,0,173.20000000000002
sequenceiq/hbase-client,118.0,118.0,1,0,104.4
serac/shibboleth-idp-ext-cas,424.0,415.0,1,0,345.6
sercxtyf/onboard,4954.0,4954.0,1,0,3973.2000000000003
service-business-framework/Marketplace-RI,420.0,420.0,1,0,346.0
service-business-framework/Repository-RI,422.0,272.0,1,0,287.6
service-enabled/dropwizard-request-tracker,238.0,154.0,1,0,166.8
servioticy/servioticy-api-commons,164.0,120.0,1,0,123.60000000000001
seryl/flume-couchdb-plugin,54.0,52.0,1,0,52.400000000000006
setial/intellij-javadocs,176.0,176.0,1,0,150.8
seunghee2/team14_week6,112.0,78.0,1,0,86.0
sf105/hamcrest-java-extras,62.0,62.0,1,0,59.6
sfleiter/cdi-interceptors,172.0,126.0,1,0,129.2
sgelb/sldownloader,72.0,72.0,1,0,67.6
sghr/iGeo,716.0,716.0,1,0,582.8000000000001
sgodbillon/BetterLogs,42.0,40.0,0,0,32.8
sgoeschl/pdf-image-compare,265.0,227.0,1,0,206.8
sgringoire/formation-spring-voteapp,360.0,253.0,1,0,255.2
sgrotz/myopentrader,1272.0,1028.0,1,0,930.0
sgsinclair/trombone,1922.0,1345.0,1,0,1316.8000000000002
shaform/coprogramming,36.0,36.0,0,0,28.8
shagstrom/spring-mvc-hibernate-skeleton,446.0,303.0,1,0,309.6
shahabhameed/TeamCity_TargetProcessIntegration,118.0,91.0,1,0,93.6
shahramk/newrelic_ping_plugin,62.0,54.0,1,0,56.400000000000006
shahrivari/marmof,66.0,58.0,1,0,59.60000000000001
shaie/lucenelab,384.0,384.0,1,0,317.20000000000005
shaisxx/snaker-demo,730.0,730.0,1,0,594.0
shamrath/Axis2-Samples,3060.0,2318.0,1,0,2161.2
shaneagibson/primer,276.0,201.0,1,0,200.8
shaneagibson/watcher,70.0,70.0,1,0,66.0
shannah/CN1ML-NetbeansModule,718.0,718.0,1,0,584.4
shannah/mirah-nbm,376.0,376.0,1,0,310.8
shantanusarkar/photo_gallery,236.0,236.0,1,0,198.8
shao-you/ID-Based,38.0,38.0,0,0,30.400000000000002
sharpie7/circuitjs1,840.0,840.0,1,0,682.0
shashaanktulsyan/spyfs,94.0,94.0,1,0,85.2
shaungeorge/Download_It,42.0,42.0,0,0,33.6
shawnmckinney/apache-fortress-demo,1170.0,763.0,1,0,783.2
shearer12345/testDrivenDevelopment,38.0,38.0,0,0,30.400000000000002
shekhargulati/java8-the-missing-tutorial,200.0,200.0,1,0,170.0
shekhargulati/rx-okhttp,298.0,198.0,1,0,208.4
shelajev/ziprebel,82.0,65.0,1,0,68.80000000000001
sherreria/EponSimulator,58.0,58.0,1,0,56.400000000000006
shevek/jcpp,504.0,350.0,1,0,351.6
shiba58/project-euler,22.0,22.0,0,0,17.6
shifenghdu/iss,418.0,418.0,1,0,344.40000000000003
shilion/xueqiu4j,80.0,80.0,1,0,74.0
shiruba/WeatherStation,160.0,115.0,1,0,120.0
shivann/jqurantree,1038.0,878.0,1,0,776.4000000000001
shohan4556/Data-Structures-and-Algorithoms-With-Java,36.0,36.0,0,0,28.8
shokora/Prometheus,270.0,270.0,1,0,226.0
shopping24/wikitionary-solr-synonyms,282.0,204.0,1,0,204.40000000000003
shopzilla/hadoop-workflow-archetype,114.0,114.0,1,0,101.2
shotgunsoftware/java-api,146.0,126.0,1,0,118.80000000000001
shred/feinrip,1044.0,774.0,1,0,737.2
shred/shariff-backend-java,270.0,191.0,1,0,194.4
shrinkwrap/shrinkwrap-osgi,92.0,66.0,1,0,73.2
shuliangtao/struts-1.3.10,4292.0,4292.0,1,0,3443.6000000000004
shunjikonishi/flectSoap,192.0,192.0,1,0,163.60000000000002
shurun19851206/mybaties,3208.0,3208.0,1,0,2576.4
siasur/simple-essentials,42.0,42.0,0,0,33.6
sidben/CartoCraft,62.0,62.0,1,0,59.6
sidben/RedstoneJukebox,574.0,395.0,1,0,397.6
siddharth-sahoo/EmbeddedRedisServer,82.0,82.0,1,0,75.60000000000001
sidoh/song_recognition,794.0,585.0,1,0,561.6
siggouroglou/ergasia_programmatismos_sto_diadiktuo,600.0,420.0,1,0,418.0
sigmaxz/whatsappclone,60.0,60.0,1,0,58.0
sigmoidanalytics/spork,10426.0,7757.0,1,0,7283.200000000001
signed/in-memory-infrastructure,1370.0,885.0,1,0,912.0
sigram/pcl-parser,290.0,290.0,1,0,242.0
sigsim/videorepo,118.0,118.0,1,0,104.4
sih4sing5hong5/han3_ji7_tsoo1_kian3,558.0,558.0,1,0,456.40000000000003
sijuv/protobuf-codec,464.0,439.0,1,0,371.20000000000005
silb/dropwizard-shiro,58.0,58.0,1,0,56.400000000000006
silence4395/CPU-Design,1426.0,1426.0,1,0,1150.8
silentsignal/burp-requests,16.0,15.0,0,0,12.4
silentwu/GuzzMavenEmptyProject,86.0,86.0,1,0,78.8
silicon-valley-data-science/stratany-2014,190.0,190.0,1,0,162.0
silverweed/pokepon,1856.0,1856.0,1,0,1494.8000000000002
simo415/spc,270.0,270.0,1,0,226.0
simonbrowndotje/presentations,994.0,958.0,1,0,790.8000000000001
simonellistonball/hive-azuretables,52.0,52.0,1,0,51.6
simonhoo/design-patterns,458.0,329.0,1,0,324.8
simplegeo/cobertura,610.0,607.0,1,0,496.8
simplyianm/hottrade,198.0,198.0,1,0,168.4
simplyianm/voxelscript,72.0,72.0,1,0,67.6
simplyintricate/lib-bitcoinj,240.0,183.0,1,0,179.2
simplymeasured/hive-udf,80.0,60.0,1,0,66.0
sindicetech/fusepool-linker,198.0,198.0,1,0,168.4
sinetja/jauter,54.0,54.0,1,0,53.2
sing1ee/jieba-solr,66.0,65.0,1,0,62.400000000000006
singh-manish/trading-singleleg,180.0,180.0,1,0,154.0
sinnerschrader/aem-react,408.0,359.0,1,0,316.8
sintrb/JavaPlot,72.0,72.0,1,0,67.6
siom79/html5-sikuli,88.0,88.0,1,0,80.4
siom79/kata-bank-ocr,116.0,84.0,1,0,90.0
sirikid/Cuckoo-Stuffing,178.0,113.0,1,0,126.4
sisinflab/lodreclib,562.0,417.0,1,0,401.6
siteadmin/codevalidator,328.0,246.0,1,0,239.60000000000002
sitespeedio/jenkins.sitespeed.io,396.0,254.0,1,0,270.0
sivasamyk/graylog2-plugin-input-httpmonitor,118.0,83.0,1,0,90.4
six2six/fixture-factory,734.0,518.0,1,0,510.80000000000007
sk-y/big-xlsx-reporter,228.0,166.0,1,0,167.60000000000002
sk-y/cv,238.0,151.0,1,0,165.60000000000002
sk89q/ReIC,126.0,123.0,1,0,109.60000000000001
skadistats/clarity,944.0,665.0,1,0,653.6
skadistats/clarity-examples,288.0,206.0,1,0,207.60000000000002
skayablars/Quizzy,36.0,36.0,0,0,28.8
skeeto/GameOfLife,66.0,49.0,1,0,56.0
skeeto/Halftone,32.0,24.0,0,0,22.400000000000002
skeeto/Hypernova,296.0,223.0,1,0,217.60000000000002
skeeto/fun-liquid,78.0,72.0,1,0,70.0
skeeto/october-chess-engine,388.0,303.0,1,0,286.40000000000003
skeeto/rumor-sim,38.0,35.0,0,0,29.200000000000003
skela/linkedin-java,994.0,751.0,1,0,708.0
skeleton-software-community/skeleton-generator,1192.0,1192.0,1,0,963.6
skidlucas/software-factory,470.0,470.0,1,0,386.0
sklaxel/inera-axel,14402.0,9289.0,1,0,9486.400000000001
sklenkar/java-helloword,242.0,242.0,1,0,203.60000000000002
sknitelius/example-JEE6LongPolling,140.0,95.0,1,0,104.0
skomarica/alfresco-share-create-link,210.0,210.0,1,0,178.0
skoohgoli/ECAJava201Spring2016,38.0,38.0,0,0,30.400000000000002
skpabba/SparkDemo,154.0,113.0,1,0,116.80000000000001
skriteksiska/lekce-5,10.0,10.0,0,0,8.0
sksamuel/camel-rabbitmq,186.0,135.0,1,0,138.4
sksharan/Parthenon,254.0,254.0,1,0,213.20000000000002
skully250/FullmetalAlchemy-Dev,232.0,232.0,1,0,195.60000000000002
skuro/spring-webscripts-addon-clojure,256.0,184.0,1,0,186.0
skuzzle/TinyPlugz,1110.0,725.0,1,0,744.0
skwakman/nodejs-maven-plugin,160.0,103.0,1,0,115.2
skwidge/OdbResource,188.0,118.0,1,0,132.4
skyforce77/PoorRSSNotifier,60.0,60.0,1,0,58.0
skyscreamer/JSONassert,204.0,155.0,1,0,153.60000000000002
sl4mmy/hippie,486.0,338.0,1,0,339.6
sladeware/groningen,620.0,608.0,1,0,501.20000000000005
slagyr/limelight,2676.0,2676.0,1,0,2150.8
slide/mailmap-resolver-plugin,198.0,131.0,1,0,141.60000000000002
slimsuite/SLiMScape,72.0,72.0,1,0,67.6
slimsymphony/testgrid,1164.0,1164.0,1,0,941.2
slintes/Webracer,424.0,407.0,1,0,342.40000000000003
slipstream/SlipStreamServer,1602.0,1602.0,1,0,1291.6000000000001
slub/urnlib,192.0,121.0,1,0,135.20000000000002
slycoder/hive-udfs,84.0,63.0,1,0,68.80000000000001
smallnest/ArticleCodes,58.0,58.0,1,0,56.400000000000006
smallnest/ZKRecipesByExample,312.0,214.0,1,0,220.40000000000003
smallnest/kafka-example-in-scala,106.0,75.0,1,0,82.4
smallnest/mahout-douban-recommender,70.0,48.0,1,0,57.2
smarr/SOMns,636.0,636.0,1,0,518.8
smarthall/ArduinoCMS2000DataLogger,24.0,24.0,0,0,19.200000000000003
smartrics/RestFixtureLiveDoc,1618.0,1159.0,1,0,1120.8000000000002
smartsheet-platform/smartsheet-java-sdk,2992.0,1965.0,1,0,1992.8
smartwiimote/smartwiimote,28.0,28.0,0,0,22.400000000000002
smclab/caldav-sync,662.0,661.0,1,0,539.2
smetzlaff/openDLX,690.0,689.0,1,0,561.6
smidget/openshapa-lib,200.0,149.0,1,0,149.6
smkniazi/hammer-bench,372.0,372.0,1,0,307.6
smoketurner/dropwizard-consul,676.0,419.0,1,0,448.00000000000006
smscode/smscode-java,112.0,82.0,1,0,87.60000000000001
smsiebe/joda-jpa-converters,142.0,104.0,1,0,108.4
smsiebe/keyhole,720.0,715.0,1,0,584.0
smysnk/dockyard-controller,366.0,366.0,1,0,302.8
snac-pilot/eac-graph-load,416.0,416.0,1,0,342.8
snakerflow/snaker-designer,514.0,514.0,1,0,421.20000000000005
snap-backup/snapbackup,368.0,368.0,1,0,304.40000000000003
snazy/ohc,1082.0,714.0,1,0,728.4000000000001
sneek0r/Sugarscape,332.0,332.0,1,0,275.6
snoozesoftware/snoozeclient,310.0,310.0,1,0,258.0
snoozesoftware/snoozeec2,210.0,210.0,1,0,178.0
snowleo/BleedingMobs,212.0,212.0,1,0,179.60000000000002
sobkowiak/smx-order-service-demo,6080.0,3223.0,1,0,3731.2
socialite-lang/socialite,1338.0,1337.0,1,0,1080.0
socialsensor/diverse-image-search,72.0,72.0,1,0,67.6
socialsensor/graphdb-benchmarks,320.0,231.0,1,0,230.4
socialsensor/social-event-detection,126.0,122.0,1,0,109.20000000000002
socialsensor/socialsensor-framework-client,1984.0,1365.0,1,0,1349.6
socialsensor/socialsensor-query-builder,60.0,60.0,1,0,58.0
socialsensor/storm-focused-crawler,880.0,531.0,1,0,574.4
socketio/socket.io-client-java,282.0,202.0,1,0,203.60000000000002
socrata/datasync,822.0,578.0,1,0,570.0
socrata/socrata-kettle,138.0,111.0,1,0,109.60000000000001
soemirno/xmlvalidator,162.0,114.0,1,0,120.4
softlayer/softlayer-message-queue-java,82.0,82.0,1,0,75.60000000000001
software-engineering-amsterdam/poly-ql,6676.0,6676.0,1,0,5350.8
software-handbook/projects,124.0,124.0,1,0,109.2
softwaremill/softwaremill-common,3438.0,2507.0,1,0,2388.0
softwareonpurpose/softwaregauntlet,68.0,60.0,1,0,61.2
sogeti-java-nl/Assignments,1482.0,1482.0,1,0,1195.6000000000001
sogyf/sparta-helper,288.0,209.0,1,0,208.8
soiaf/Java-Apple-Lossless-decoder,46.0,46.0,0,0,36.800000000000004
soimort/sfntwari,632.0,630.0,1,0,514.8
sojamo/controlp5,580.0,580.0,1,0,474.0
sola92/Instagram-Java,726.0,639.0,1,0,556.0
solidfire/solidfire-sdk-java,528.0,528.0,1,0,432.40000000000003
solita/clamav-java,80.0,62.0,1,0,66.8
solita/datatree,224.0,176.0,1,0,170.0
solita/demo-forum-backend,168.0,129.0,1,0,128.8
solita/json-migraine,380.0,260.0,1,0,266.0
solita/phantom-runner,336.0,247.0,1,0,243.20000000000002
soma-arc/K-Visions,142.0,142.0,1,0,123.60000000000001
somedevelopment/CardDAVSyncOutlook,588.0,588.0,1,0,480.40000000000003
somethingnew2-0/CS540-HW4,36.0,36.0,0,0,28.8
somethingnew2-0/CS577-Splay,40.0,40.0,0,0,32.0
somethingodd/odditem,66.0,66.0,1,0,62.800000000000004
somi92/battleship-client,118.0,118.0,1,0,104.4
somi92/battleship-main-server,28.0,28.0,0,0,22.400000000000002
sonalgoyal/hiho,850.0,652.0,1,0,610.8
sonatype/emma-maven-plugin,310.0,277.0,1,0,244.8
sonatype/plexus-cipher,116.0,88.0,1,0,91.60000000000001
sonian/elasticsearch-equilibrium,94.0,94.0,1,0,85.2
sonian/elasticsearch-jetty,356.0,270.0,1,0,260.4
sonots/embulk-filter-column,140.0,117.0,1,0,112.80000000000001
sopeco/DynamicSpotter,852.0,852.0,1,0,691.6
sopeco/DynamicSpotter-Benchmarks,200.0,200.0,1,0,170.0
sorcio46/SDR_Java_uniroma3,48.0,48.0,0,0,38.400000000000006
sormuras/listing,204.0,151.0,1,0,152.0
sosandstrom/appengine-mapreduce,442.0,442.0,1,0,363.6
sosandstrom/mardao,650.0,514.0,1,0,475.6
sosna/pinetrail,546.0,546.0,1,0,446.8
sothawo/mapjfx,208.0,177.0,1,0,164.0
soulgalore/image-resize-servlet,196.0,141.0,1,0,144.8
source4code/repo,1018.0,1018.0,1,0,824.4000000000001
sourcepit/maven-bootstrap,472.0,365.0,1,0,344.8
sourcepole/jasperreports-wms-component,414.0,332.0,1,0,308.40000000000003
spapas/SpringLdapCustomAuthorities,206.0,130.0,1,0,144.4
sparcedge/tuesday-night-hack,174.0,126.0,1,0,130.0
speaking-fish/java-sf-builder-simple-example,52.0,52.0,1,0,51.6
spearal/spearal-java,1404.0,863.0,1,0,916.8000000000001
spearal/spearal-spring,120.0,119.0,1,0,105.6
spebbe/cryson,396.0,396.0,1,0,326.8
speedith/speedith,3992.0,2725.0,1,0,2696.8
speedment/speedment,2348.0,2282.0,1,0,1862.0
spfrommer/JCommunique,504.0,320.0,1,0,339.6
spheenik/clarity-analyzer,92.0,73.0,1,0,76.0
spideruci/Tarantula,64.0,64.0,1,0,61.2
spinscale/dropwizard-jobs,470.0,337.0,1,0,332.8
spinscale/elasticsearch-ingest-opennlp,66.0,66.0,1,0,62.800000000000004
splunk/hunk-demo-image-reader,72.0,72.0,1,0,67.6
splunkalbanian/SplunkLucidDb,134.0,104.0,1,0,105.2
spockNinja/GhostGrader,262.0,180.0,1,0,186.8
spoenemann/eclipse-toc-gen,22.0,22.0,0,0,17.6
spoofzu/DeepViolet,596.0,515.0,1,0,454.4
spotify/annoy-java,164.0,120.0,1,0,123.60000000000001
spotify/apollo,3034.0,2125.0,1,0,2073.6000000000004
spotify/async-datastore-client,286.0,201.0,1,0,204.8
spotify/crtauth-java,512.0,322.0,1,0,343.6
spotify/dns-java,296.0,206.0,1,0,210.8
spotify/docker-maven-plugin,622.0,460.0,1,0,442.8
spotify/elasticsearch-index-window,94.0,68.0,1,0,74.80000000000001
spotify/helios-skydns,196.0,140.0,1,0,144.4
spotify/heroic,7900.0,5414.0,1,0,5335.6
spotify/spire-nodeset-example,70.0,70.0,1,0,66.0
spratt/PrioritySearchTree,84.0,84.0,1,0,77.2
spratt/SkipList,14.0,14.0,0,0,11.200000000000001
spriet2000/vertx-http-api,468.0,336.0,1,0,331.6
sprigyig/DCPUAlpha,264.0,264.0,1,0,221.20000000000002
spring-cloud-incubator/spring-cloud-config-server-mongodb,254.0,160.0,1,0,175.60000000000002
spring-cloud-samples/aws-refapp,162.0,162.0,1,0,139.6
spring-cloud/spring-cloud-cli,576.0,389.0,1,0,396.0
spring-cloud/spring-cloud-cloudfoundry-service-broker,834.0,525.0,1,0,553.6
spring-cloud/spring-cloud-commons,2258.0,1413.0,1,0,1478.4
spring-cloud/spring-cloud-deployer,1618.0,991.0,1,0,1053.6000000000001
spring-cloud/spring-cloud-deployer-kubernetes,262.0,170.0,1,0,182.8
spring-cloud/spring-cloud-security,442.0,303.0,1,0,308.0
spring-cloud/spring-cloud-stream-app-starters,14814.0,9430.0,1,0,9707.6
spring-cloud/spring-cloud-stream-binder-redis,362.0,235.0,1,0,248.8
spring-labs/tenancy-sample,74.0,74.0,1,0,69.2
spring-projects/aws-ant,312.0,312.0,1,0,259.6
spring-projects/eclipse-integration-commons,4682.0,3488.0,1,0,3278.0
spring-projects/spring-boot,28138.0,20923.0,1,0,19634.4
spring-projects/spring-data-dev-tools,420.0,420.0,1,0,346.0
spring-projects/spring-data-examples,4698.0,3305.0,1,0,3211.2
spring-projects/spring-flex-roo,498.0,498.0,1,0,408.40000000000003
spring-projects/spring-ldap,6686.0,4598.0,1,0,4523.6
spring-projects/spring-loaded,5718.0,4232.0,1,0,3990.0000000000005
spring-projects/spring-mobile-urbanairship,552.0,552.0,1,0,451.6
spring-projects/spring-social-github,1608.0,1025.0,1,0,1063.2
spring-projects/spring-xd-samples,2736.0,2248.0,1,0,2003.6000000000001
spring-projects/toolsuite-distribution,2680.0,2680.0,1,0,2154.0
springrichclient/springrcp,5590.0,5590.0,1,0,4482.0
springside/springside4,358.0,358.0,1,0,296.40000000000003
springvelocity/xbpm5,5190.0,4953.0,1,0,4067.2
sps/metrics-opentsdb,234.0,143.0,1,0,160.8
spullabhotla/jftp,2060.0,1659.0,1,0,1497.6
spullara/mqtt,42.0,34.0,0,0,30.400000000000002
sqe-team/sqe,2584.0,2583.0,1,0,2076.8
sqlparser/isf_eclipse,120.0,120.0,1,0,106.0
sqshq/PiggyMetrics,1494.0,1084.0,1,0,1041.2
square/burst,356.0,243.0,1,0,249.60000000000002
square/dagger-intellij-plugin,72.0,72.0,1,0,67.6
square/mimecraft,158.0,110.0,1,0,117.2
square/okio,578.0,369.0,1,0,388.8
squeek502/ASMHelper,88.0,60.0,1,0,69.2
squidicuzz/mcMMO,916.0,916.0,1,0,742.8000000000001
sqzr/ccbbs,732.0,442.0,1,0,479.6
srctips/maven-course-content,118.0,118.0,1,0,104.4
srdc/semanticMDR,2848.0,2043.0,1,0,1966.4
sreejithpillai/HBaseBulkImportXML,36.0,36.0,0,0,28.8
sreguera/vpk,74.0,74.0,1,0,69.2
srikalyc/Sql4D,796.0,577.0,1,0,559.2
sripathikrishnan/noregress,224.0,171.0,1,0,168.0
srirang/numbrcrunchr,1200.0,822.0,1,0,818.8
sriratan/tools,16.0,16.0,0,0,12.8
sritchie/kryo,144.0,144.0,1,0,125.2
sritchie/kryonet,122.0,122.0,1,0,107.60000000000001
srome/sdeJ,132.0,96.0,1,0,101.20000000000002
srotya/cef,108.0,76.0,1,0,83.60000000000001
srp33/ML-Flex,370.0,370.0,1,0,306.0
sscarduzio/elasticsearch-readonlyrest-plugin,416.0,343.0,1,0,313.6
sscdotopen/aim3,184.0,142.0,1,0,140.4
sschwartzman/newrelic-hadoop-plugin,46.0,46.0,0,0,36.800000000000004
sshumake/redhat-support-lib-java,610.0,351.0,1,0,394.4
ssilvert/uberfire-poc,256.0,206.0,1,0,194.8
sskorol/selenium-camp-samples,642.0,492.0,1,0,463.6
sstepashka/OOP_Lab1,26.0,26.0,0,0,20.8
sstrickx/yahoofinance-api,310.0,184.0,1,0,207.60000000000002
ssyyddnneeyy/ChokingHazard-Iteration2,462.0,462.0,1,0,379.6
sszzwwl/stan,272.0,212.0,1,0,203.60000000000002
st-andrew/Hockey-Stats,44.0,44.0,0,0,35.2
stackmagic/bitly-api-client,572.0,426.0,1,0,409.20000000000005
stackmob/stackmob-java-client-sdk,704.0,463.0,1,0,476.80000000000007
stain/profilechecker,88.0,67.0,1,0,72.0
staircase27/Tower-Defence,13690.0,13690.0,1,0,10962.0
stalcup/random-risk-map-generator,30.0,30.0,0,0,24.0
staleks/cqrs-axon,356.0,268.0,1,0,259.6
stalin18/Text-Extraction-using-GATE-Embedded-and-JAPE-rules,42.0,42.0,0,0,33.6
stalk-io/stalk-server,248.0,232.0,1,0,202.0
stanzhai/fourinone,386.0,386.0,1,0,318.8
starksm64/jclasslib,616.0,616.0,1,0,502.8
starpos/vmbkp,458.0,458.0,1,0,376.40000000000003
starqiu/RDMP1,1144.0,1138.0,1,0,922.8000000000001
staslev/storm-metrics-reporter,176.0,127.0,1,0,131.20000000000002
statsbiblioteket/doms-ingesters,118.0,118.0,1,0,104.4
stealthly/punxsutawney,114.0,84.0,1,0,89.2
steeleforge/ironsites,1724.0,1285.0,1,0,1213.6
steelkiwi/libGDX-Path-Editor,402.0,319.0,1,0,298.40000000000003
stefan0722/gs-mvt,96.0,96.0,1,0,86.80000000000001
stefanhendriks/Dune-II---The-Maker,1036.0,1036.0,1,0,838.8000000000001
stefanhoth/geeklist-sdk-java,196.0,144.0,1,0,146.0
stefano-bragaglia/XHAIL,436.0,313.0,1,0,309.6
stefanofornari/ejp,382.0,263.0,1,0,268.0
steffimueller/google-gin,1522.0,1520.0,1,0,1226.8000000000002
steilerDev/TheNetwork,342.0,342.0,1,0,283.6
steilerDev/TheNetworkClient,54.0,48.0,1,0,50.800000000000004
stellar/java-stellar-base,900.0,656.0,1,0,632.4000000000001
stendec/Abyss,130.0,130.0,1,0,114.0
stephan-hartmann/opencms-rfs-driver,76.0,75.0,1,0,70.4
stephanenicolas/afterburner,278.0,224.0,1,0,210.8
stephanenicolas/javassist-build-plugin-api,116.0,69.0,1,0,84.0
stephanenicolas/mimic,296.0,222.0,1,0,217.20000000000002
stephanme/cloud-helloworld,132.0,95.0,1,0,100.80000000000001
stephanrauh/JSF-on-Spring-Boot,258.0,258.0,1,0,216.4
stephenc/jcip-annotations,62.0,45.0,1,0,52.8
steppenwells/guardian-management,678.0,482.0,1,0,474.0
steria/extreme_startup_servers,296.0,292.0,1,0,245.20000000000002
steve-taylor/libgdx-action-pack,62.0,47.0,1,0,53.6
steveblackmon/streams-persist-neo4j,48.0,48.0,0,0,38.400000000000006
stevedoe/nxt-client,710.0,710.0,1,0,578.0
steveloughran/hadoop-mapreduce,4610.0,4604.0,1,0,3695.6000000000004
stevengalarza/aurous-app,626.0,626.0,1,0,510.8
stevenpcc/ArrowHitBlockEvent,30.0,30.0,0,0,24.0
stevensouza/automon,856.0,607.0,1,0,595.2
stevestech/ChunkPurge,74.0,60.0,1,0,63.6
stevewedig/blog,1832.0,1107.0,1,0,1185.6000000000001
stewartcavanaugh/newsj,1546.0,1316.0,1,0,1154.8000000000002
stickfigure/trivet,86.0,62.0,1,0,69.2
stickycode/bounds-maven-plugin,134.0,101.0,1,0,104.0
stickywes/NiagaraST-GUI-Query-Assembler,60.0,60.0,1,0,58.0
stoicflame/enunciate,4492.0,4424.0,1,0,3576.4000000000005
stokesdrift/stokesdrift,154.0,154.0,1,0,133.2
stormtrooper28/UnCrafter,60.0,60.0,1,0,58.0
stoyanr/Todor,150.0,150.0,1,0,130.0
str4d/ed25519-java,352.0,259.0,1,0,254.40000000000003
strator-dev/greenpepper,10482.0,8315.0,1,0,7528.8
strburst/MinesweeperX,78.0,78.0,1,0,72.4
streamreasoning/rsp-services,342.0,305.0,1,0,268.8
streamsets/datacollector-api,1820.0,1080.0,1,0,1170.0
stripe/stripe-java,1472.0,925.0,1,0,968.8000000000001
stropa/datapipes,112.0,111.0,1,0,99.20000000000002
struberg/cdi-performance,50.0,50.0,0,0,40.0
structr/structr,14996.0,10135.0,1,0,10062.400000000001
structurizr/java-starter,90.0,68.0,1,0,73.2
stuart-warren/logit,378.0,289.0,1,0,276.8
stuart-warren/metrics-opentsdb,180.0,112.0,1,0,126.80000000000001
stuartmscott/Match,158.0,154.0,1,0,134.8
stuartmscott/OpenFlame,590.0,590.0,1,0,482.0
stucchio/Hobo,108.0,106.0,1,0,95.60000000000001
stucco/relation-extractor,90.0,90.0,1,0,82.0
stuntguy3000/GameCore,212.0,152.0,1,0,155.60000000000002
stupidsing/suite,1546.0,1538.0,1,0,1243.6000000000001
sturesy/client,1942.0,1520.0,1,0,1394.8000000000002
stykiaz/we3c_tracker,1052.0,1052.0,1,0,851.6
sualeh/java8-timeapi-examples,156.0,117.0,1,0,119.20000000000002
sualeh/magnetictrackparser,256.0,164.0,1,0,178.0
subchen/jetbrick-template-1x,1520.0,1086.0,1,0,1052.4
subes/invesdwin-util,506.0,506.0,1,0,414.8
subgraph/Orchid,1336.0,981.0,1,0,936.8
subutai-io/base,8842.0,8842.0,1,0,7083.6
suchcto/balloonatic,446.0,446.0,1,0,366.8
sudev/sparkMongo,64.0,43.0,1,0,52.8
sudheerj/primefaces-blueprints,3966.0,2754.0,1,0,2698.0
sue0917/sue4j,136.0,98.0,1,0,103.60000000000001
sueastside/BEIDSign,106040.0,53301.0,1,0,63746.4
sugar-lang/common,158.0,111.0,1,0,117.60000000000001
suguru/cassandra-webconsole,588.0,393.0,1,0,402.40000000000003
suhyunjeon/ankus,678.0,678.0,1,0,552.4
sujee81/SparkApps,234.0,162.0,1,0,168.4
sulir/edigen,326.0,230.0,1,0,232.4
sulir/edigen-maven-plugin,40.0,32.0,0,0,28.8
sully6768/devnation2014,506.0,377.0,1,0,363.20000000000005
sultanskyman/WildSex,412.0,299.0,1,0,294.40000000000003
sumansaurabh/SphinxModelProvider,54.0,54.0,1,0,53.2
sumaq/cfdi-files-ws,116.0,116.0,1,0,102.80000000000001
summerDp/dpCms,700.0,517.0,1,0,496.8
sunhyung/JCompareJava,12.0,12.0,0,0,9.600000000000001
sunilrebel/spann-chat,188.0,188.0,1,0,160.4
sunilrebel/test-repo,28.0,28.0,0,0,22.400000000000002
suninformation/ymate-platform-v2,2970.0,2176.0,1,0,2068.4
suninformation/ymateplatform,1612.0,1197.0,1,0,1133.6000000000001
sunsus/socket.io-java-emitter,76.0,55.0,1,0,62.400000000000006
suparngp/networksecurity,190.0,190.0,1,0,162.0
super-csv/super-csv,2718.0,1827.0,1,0,1828.0
superaxander/FoodGalore,472.0,403.0,1,0,360.0
supercargo/guice-persist-jooq,72.0,52.0,1,0,59.6
superhj1987/spring-mvc-model-attribute-alias,98.0,70.0,1,0,77.2
superlifebuoy/nautical-chart,840.0,577.0,1,0,576.8
superphil0/runtasticapi,26.0,26.0,0,0,20.8
sureleo/leetcode,860.0,860.0,1,0,698.0
surevine/RSS2Buddycloud,88.0,80.0,1,0,77.2
surevine/openfire-superuser-auth-provider,32.0,32.0,0,0,25.6
suryakiranl/hikaricp-test,79.0,73.0,1,0,70.80000000000001
susom/database,1054.0,655.0,1,0,693.6
sutoiku/elasticsearch-native-script-updater,120.0,92.0,1,0,94.80000000000001
svanimpe/fx-pong,96.0,80.0,1,0,80.4
svanoort/rest-compress,74.0,74.0,1,0,69.2
svenkubiak/embedded-mongodb,142.0,88.0,1,0,102.0
svenruppert/20150901_proxy_deep_dive,1062.0,729.0,1,0,726.4000000000001
sviperll/adt4j,254.0,254.0,1,0,213.20000000000002
svn2github/openid4java,1916.0,1371.0,1,0,1324.8000000000002
sw4j-org/tool-jpa-processor,268.0,205.0,1,0,199.2
swapnilnarkhede/dotiw,24.0,24.0,0,0,19.200000000000003
sweble/sweble-wikitext,7370.0,5249.0,1,0,5057.6
swimmesberger/WoWHead-Item-Parser,90.0,90.0,1,0,82.0
switchfly/targetprocess-intellij-plugin,236.0,169.0,1,0,172.0
sword-org/wechat4j,820.0,820.0,1,0,666.0
sworisbreathing/sfmf4j,726.0,550.0,1,0,520.4000000000001
swp-sebastian/zombiefu,684.0,682.0,1,0,556.4000000000001
swquinn/jackson-datatype-json-lib,164.0,120.0,1,0,123.60000000000001
sxyx2008/activiti-demo,226.0,226.0,1,0,190.8
sxyx2008/jersey2-restfull-examples,1768.0,1153.0,1,0,1178.4
sxyx2008/taobao-tfs-example,98.0,71.0,1,0,77.60000000000001
syamn/MotdManager,74.0,74.0,1,0,69.2
sylvainhalle/Jerrydog,74.0,65.0,1,0,65.6
sylvanaar/IDLua,1674.0,1674.0,1,0,1349.2
sylvermining/quickly,232.0,147.0,1,0,161.60000000000002
syncany/syncany-plugin-dropbox,3270.0,2613.0,1,0,2363.2
syncany/syncany-plugin-s3,3320.0,2653.0,1,0,2399.2
synchronoss/cpo-api,1724.0,1224.0,1,0,1189.2
synobsys/mendix-PivotTableWidget,448.0,448.0,1,0,368.40000000000003
synopsys-arc-oss/cygwin-process-killer-plugin,308.0,199.0,1,0,212.8
synopsys-arc-oss/ownership-plugin,1416.0,923.0,1,0,945.6
syntelos/jlac,112.0,112.0,1,0,99.60000000000001
synyx/springboot-reactjs-demo,170.0,135.0,1,0,132.0
syslog4j/syslog4j,464.0,464.0,1,0,381.20000000000005
systemincloud/sic-examples-ext-vip,1588.0,1588.0,1,0,1280.4
systemlink/junit_quiz,40.0,40.0,0,0,32.0
szarnekow/Java8Tutorial,58.0,58.0,1,0,56.400000000000006
szegedi/dynalink,260.0,260.0,1,0,218.0
szhem/camel-osgi,932.0,637.0,1,0,637.6
szhem/log4j-json-layout,102.0,71.0,1,0,79.2
szpak/code-examples-and-poc,730.0,730.0,1,0,594.0
sztupy/tumblr-neo4j,148.0,148.0,1,0,128.4
szxwqhps/jqf,32.0,32.0,0,0,25.6
t-animal/DocMatic,712.0,435.0,1,0,468.8
t3rmin4t0r/hive-hll-udf,38.0,38.0,0,0,30.400000000000002
t7seven7t/MidiRadio,44.0,44.0,0,0,35.2
tabulapdf/tabula-java,1900.0,1342.0,1,0,1306.8000000000002
tahseen/aws-java-sdk-awis,620.0,425.0,1,0,428.0
taichi/json-benchmarks,124.0,124.0,1,0,109.2
taion809/humans,140.0,101.0,1,0,106.4
tair/tairwebapp,4784.0,4771.0,1,0,3832.0
takari/jbdiff,62.0,47.0,1,0,53.6
takari/takari-local-repository,216.0,154.0,1,0,158.0
takawitter/trie4j,2112.0,1423.0,1,0,1424.0
takezoe/xlsbeans,614.0,466.0,1,0,442.0
takisd123/executequery,2946.0,2945.0,1,0,2366.4
taktik/mpegts-streamer,238.0,172.0,1,0,174.0
talkvip/Bitraac,230.0,171.0,1,0,170.4
tallshort/Simple-Jenkins-API-Client,122.0,87.0,1,0,93.60000000000001
tamingtext/book,1952.0,1583.0,1,0,1424.0
tangaiyun/Netty-Resteasy-Spring,92.0,92.0,1,0,83.60000000000001
tangfl/lodil,260.0,252.0,1,0,214.8
tanhaichao/leopard-freemarker,220.0,162.0,1,0,162.8
taoneill/war,354.0,354.0,1,0,293.2
tarehart/alter,48.0,48.0,0,0,38.400000000000006
tascape/testharness,364.0,271.0,1,0,264.0
taskcluster/taskcluster-client-java,650.0,478.0,1,0,461.20000000000005
tastybento/GoldDigger,22.0,22.0,0,0,17.6
tastybento/multiworldmoney,40.0,40.0,0,0,32.0
tatanpoker09/TCMinigames,196.0,188.0,1,0,163.60000000000002
tatsu011/MCThermalDynamics,82.0,82.0,1,0,75.60000000000001
taweili/ardublock,2042.0,2042.0,1,0,1643.6000000000001
taykey/twitter-location-parser,328.0,207.0,1,0,224.00000000000003
taylorkelly/BigBrother,332.0,332.0,1,0,275.6
taylorleese/google-app-engine-jappstart,496.0,341.0,1,0,344.8
taywils/java_spark_tutorial,104.0,73.0,1,0,80.80000000000001
tberg12/murphy,406.0,406.0,1,0,334.8
tberg12/ocular,444.0,444.0,1,0,365.20000000000005
tbh1/robocode-gp,22.0,22.0,0,0,17.6
tblair/easydto,286.0,200.0,1,0,204.4
tbroyer/sheath,432.0,272.0,1,0,291.6
tc/java-aws-mturk,718.0,718.0,1,0,584.4
tcdl/msb-java,2680.0,1711.0,1,0,1766.4
tcslab/Syndesi,134.0,134.0,1,0,117.2
tcurdt/jdependency,700.0,385.0,1,0,444.0
tdanford/obroker,248.0,248.0,1,0,208.4
tdduy/primefaces_component-portlet,220.0,220.0,1,0,186.0
tdebatty/java-string-similarity,454.0,290.0,1,0,307.6
tdelenikas/smslib,1968.0,1312.0,1,0,1322.0
tdomzal/junit-docker-rule,630.0,424.0,1,0,431.6
tdumitrescu/cmme-editor,1242.0,917.0,1,0,873.6
tdunning/practice-project,42.0,30.0,0,0,28.8
tdunning/t-digest-benchmark,38.0,38.0,0,0,30.400000000000002
team-2172/aerial_assist,54.0,54.0,1,0,53.2
team-grit/grit,652.0,527.0,1,0,481.6
team-orca/easyMath,36.0,29.0,0,0,26.0
team-up/gs-teamup-bot,226.0,167.0,1,0,167.2
team-worthwhile/worthwhile,2658.0,2658.0,1,0,2136.4
team484/fluffy,114.0,114.0,1,0,101.2
tearsofaunicorn/concordion-example,88.0,64.0,1,0,70.80000000000001
techdev-solutions/trackr-backend,1118.0,901.0,1,0,817.6000000000001
technopolis/role-access-lists,392.0,392.0,1,0,323.6
techwiz24/EECS2500,604.0,490.0,1,0,447.6
tedvals/mywms,8890.0,8890.0,1,0,7122.0
teerjk/VarSifter,120.0,120.0,1,0,106.0
tehapo/Switch,1072.0,605.0,1,0,680.8
teiid-marketplace/oracle-vpd,58.0,58.0,1,0,56.400000000000006
teiid-marketplace/pi,106.0,106.0,1,0,94.80000000000001
tekul/spring-security,6260.0,6185.0,1,0,4988.0
telecombretagne/osv,702.0,702.0,1,0,571.6
telefonicaid/fiware-rss,2720.0,1959.0,1,0,1881.6
telic/exist-jwt,40.0,38.0,0,0,31.200000000000003
tempredirect/flume-async,486.0,407.0,1,0,367.20000000000005
tenjavacontest/daboross,92.0,66.0,1,0,73.2
tenode/baleen-extras,418.0,418.0,1,0,344.40000000000003
teranos/FYS,122.0,122.0,1,0,107.60000000000001
termd/termd,1614.0,1086.0,1,0,1090.0
terrancesnyder/solr-groupby-component,360.0,238.0,1,0,249.2
terrestris/momo3-backend,156.0,156.0,1,0,134.8
terrymanu/miracle-framework,2766.0,1994.0,1,0,1914.0
tesis-dynaware/graph-editor,514.0,514.0,1,0,421.20000000000005
tesseract2048/imgbow,64.0,64.0,1,0,61.2
tesseract4java/jleptonica,136.0,136.0,1,0,118.80000000000001
tesseract4java/tesseract-gui,278.0,270.0,1,0,229.2
testIT-LivingDoc/livingdoc-core,5136.0,3761.0,1,0,3568.8
testfairy/testfairy-jenkins-plugin,316.0,213.0,1,0,221.60000000000002
testify/Actions,290.0,290.0,1,0,242.0
testify/JerseyTestProcessor,28.0,28.0,0,0,22.400000000000002
testingbot/testingbot_junit,36.0,36.0,0,0,28.8
testmycode/tmc-netbeans,830.0,830.0,1,0,674.0
testobject/testobject-gradle-plugin,76.0,61.0,1,0,64.80000000000001
textocat/textocat-java-sdk,198.0,138.0,1,0,144.4
tfactory/t-factory-server,132.0,132.0,1,0,115.60000000000001
tfeng/play-mods,310.0,310.0,1,0,258.0
tferega/selenate,522.0,522.0,1,0,427.6
tferega/tlctc,84.0,64.0,1,0,69.2
tfmorris/Places,298.0,203.0,1,0,210.4
tfmorris/simile-butterfly,452.0,403.0,1,0,352.0
tfreier/desktop-crm,620.0,406.0,1,0,420.4
tgame14/CoFHLib,806.0,541.0,1,0,548.8000000000001
tgkprog/java-quick-Log4j2Slf4j,118.0,92.0,1,0,94.0
tguzik/m2u,246.0,179.0,1,0,180.0
tgvaughan/Mandelscape,30.0,30.0,0,0,24.0
tgvaughan/bacter,608.0,491.0,1,0,449.6
tgxn/BackupLite,62.0,62.0,1,0,59.6
th-koeln/amcgala,474.0,474.0,1,0,389.20000000000005
thaggie/jwalk,56.0,39.0,1,0,48.0
thanos/jinfinigon,44.0,44.0,0,0,35.2
theAgileFactory/maf-desktop-app,1986.0,1986.0,1,0,1598.8000000000002
theaigames/conquest-engine,56.0,56.0,1,0,54.800000000000004
theaigames/poker-engine,76.0,76.0,1,0,70.80000000000001
theaigames/warlight2-engine,72.0,72.0,1,0,67.6
thebombzen/EnchantView,74.0,60.0,1,0,63.6
thecarlhall/hazelcast-app,104.0,73.0,1,0,80.80000000000001
thedathoudarya/WAGU-data-in-table-view,116.0,116.0,1,0,102.80000000000001
thedonvaughn/Live-Queue,194.0,149.0,1,0,147.20000000000002
thedudeguy/JukeIt,436.0,436.0,1,0,358.8
thefourtheye/thefourtheyeEditor,96.0,84.0,1,0,82.0
thegrandpoobah/painterly,468.0,468.0,1,0,384.40000000000003
thejasonyung/logletlab2,184.0,184.0,1,0,157.20000000000002
thekeenant/bukkit-tabbed,150.0,103.0,1,0,111.2
thelinmichael/spotify-web-api-java,1334.0,837.0,1,0,878.4000000000001
themaddoctor1/QuantumVirtualMachine,34.0,34.0,0,0,27.200000000000003
themanwhosold/notenrechner,548.0,468.0,1,0,416.40000000000003
thenewcircle/selenium-bootcamp,72.0,54.0,1,0,60.400000000000006
thensgens/yagi-vm,122.0,122.0,1,0,107.60000000000001
theoriginalbit/MoarPeripherals,2288.0,1570.0,1,0,1553.2
thereisnospoon/webm-haus,186.0,178.0,1,0,155.60000000000002
theskumar-archive/libautocaptcha,52.0,52.0,1,0,51.6
thesmartenergy/CNR-SmartChargingProvider,124.0,124.0,1,0,109.2
thesmythgroup/SiftXml,112.0,90.0,1,0,90.80000000000001
theuninvited01/CS317-project,52.0,52.0,1,0,51.6
thiagohp/generic-dao-hibernate,64.0,64.0,1,0,61.2
thibalte/Presto,64.0,64.0,1,0,61.2
thierrymonney/datanucleus-null-param-query,38.0,38.0,0,0,30.400000000000002
thilina27/pptgen,72.0,58.0,1,0,62.0
thm-projects/arsnova-backend,524.0,524.0,1,0,429.20000000000005
thmarx/wiquery-jquery-ui-timepicker,316.0,216.0,1,0,222.8
thomas15v/CrossEvents,136.0,128.0,1,0,115.60000000000001
thomas15v/TurtleFix,1100.0,577.0,1,0,680.8
thomasbecker/jetty-spdy,19212.0,12486.0,1,0,12689.2
thomasdarimont/javaland-dojo-data-munging-java,108.0,76.0,1,0,83.60000000000001
thomasdarimont/spring-labs,128.0,128.0,1,0,112.4
thomasgalvin/JavaBlogChallenge,462.0,335.0,1,0,328.8
thomasjungblut/glove,302.0,184.0,1,0,204.40000000000003
thomasjungblut/mapreduce-kmeans,138.0,93.0,1,0,102.4
thomasjungblut/tjungblut-graph,394.0,272.0,1,0,276.40000000000003
thomaskelder/cytoscape-scripts,44.0,44.0,0,0,35.2
thombergs/diffparser,80.0,80.0,1,0,74.0
thopit/Creatures,222.0,167.0,1,0,165.60000000000002
thorstenwagner/ij-ellipsesplit,74.0,74.0,1,0,69.2
thorstenwagner/ij-ridgedetection,182.0,130.0,1,0,134.8
thpeng/spring-time,1012.0,655.0,1,0,676.8
threadly/litesockets-http,268.0,268.0,1,0,224.4
threerings/java-signals,190.0,134.0,1,0,139.6
threerings/mono-maven-plugin,82.0,56.0,1,0,65.2
threerings/narya,1954.0,1954.0,1,0,1573.2
threerings/ooo-util,162.0,112.0,1,0,119.6
threerings/react,700.0,417.0,1,0,456.8
thshdw/lixia-javardp,346.0,318.0,1,0,275.6
thymeleaf/thymeleaf-testing,1190.0,725.0,1,0,776.0
thymeleaf/thymeleafexamples-gtvg,412.0,284.0,1,0,288.40000000000003
thymeleaf/thymeleafexamples-petclinic,866.0,594.0,1,0,594.0
thymeleaf/thymeleafexamples-springmail,394.0,264.0,1,0,273.20000000000005
thymeleaf/thymeleafsandbox-springjsp,312.0,209.0,1,0,218.40000000000003
tiagox/untref-aydoo-tp-final-srojo,214.0,211.0,1,0,180.0
tiborsimon/java-shooter-game,412.0,412.0,1,0,339.6
tiensonqin/clj-social,40.0,40.0,0,0,32.0
tiffit/TODOList,120.0,120.0,1,0,106.0
tiffit/TaleCraft,4382.0,3635.0,1,0,3216.8
tigeorgia/electionsms,1108.0,773.0,1,0,762.4000000000001
tijs14tijs/ROAD,1542.0,1531.0,1,0,1239.2
tillnagel/timerangeslider,174.0,174.0,1,0,149.20000000000002
tim-group/High-Speed-Dirt,352.0,233.0,1,0,244.0
tim-group/Tucker,618.0,429.0,1,0,428.80000000000007
tim-group/findbugs-jmock,48.0,40.0,0,0,35.2
tim-group/test-driven-detectors4findbugs,156.0,114.0,1,0,118.0
tim-group/variance,84.0,84.0,1,0,77.2
tim-hong/kmeans,70.0,70.0,1,0,66.0
timabell/sqlHawk,860.0,663.0,1,0,619.2
timernsberger/sepia,576.0,576.0,1,0,470.8
timmolter/HelloWebApp,56.0,44.0,1,0,50.0
timmolter/XChange,39930.0,24994.0,1,0,25979.6
timmolter/Yank,250.0,184.0,1,0,183.60000000000002
timmolter/dropwizard-sundial,212.0,130.0,1,0,146.8
timmyforchelsea/LearningModding,148.0,105.0,1,0,111.2
timothysc/hadoop-tests,34.0,34.0,0,0,27.200000000000003
timvisee/DungeonMaze,1010.0,743.0,1,0,711.2
tingletech/rexster-kibbles,258.0,258.0,1,0,216.4
tingletech/snac2,412.0,412.0,1,0,339.6
tingley/tm3,436.0,329.0,1,0,316.0
tinkerpop/blueprints,1290.0,1290.0,1,0,1042.0
tinkerpop/gremlin,698.0,698.0,1,0,568.4
tinkerpop/rexster,1420.0,1420.0,1,0,1146.0
tinyHui/POP3server,128.0,128.0,1,0,112.4
tinyMediaManager/api-scraper,392.0,282.0,1,0,279.6
tinyMediaManager/tinyMediaManager,6018.0,4133.0,1,0,4070.4000000000005
tinysou/tinysou-android,36.0,36.0,0,0,28.8
tipsy/spark-websocket,66.0,47.0,1,0,55.2
tiry/nuxeo-mule-connector,198.0,198.0,1,0,168.4
tis-innovation-park/tm-examples,166.0,166.0,1,0,142.8
tita/tita,1520.0,1397.0,1,0,1176.8000000000002
titokone/titokone,988.0,722.0,1,0,694.0
tjake/Solandra,800.0,573.0,1,0,559.2
tjkaal/ResetButtonForTextField,1266.0,685.0,1,0,790.4000000000001
tjsnell/camel-rest-temperature-converter,54.0,41.0,1,0,48.0
tjsnell/vdiff,358.0,244.0,1,0,250.8
tkaczmarzyk/specification-arg-resolver,882.0,572.0,1,0,591.6
tkaczmarzyk/th-db-view,112.0,81.0,1,0,87.2
tking/JSTUN,122.0,122.0,1,0,107.60000000000001
tkuhn/nanobrowser,756.0,486.0,1,0,506.80000000000007
tkurz/sesame-vocab-builder,602.0,370.0,1,0,398.8
tkurz/sparql-mm,274.0,261.0,1,0,224.0
tlantz/jlayer-android-decoder,86.0,84.0,1,0,78.0
tltv/gantt,2010.0,1109.0,1,0,1257.6
tmalaska/FileIngestor,234.0,170.0,1,0,171.60000000000002
tmalaska/Giraph.TreeRooter.Example,58.0,58.0,1,0,56.400000000000006
tmalaska/Hive.Generate.DDL,208.0,208.0,1,0,176.4
tmalaska/MapReducer.SleepJob,108.0,75.0,1,0,83.2
tmalaska/Spark..Unique.Seq.Generator,142.0,97.0,1,0,105.60000000000001
tmalaska/hadcom.utils,248.0,248.0,1,0,208.4
tmc-cli/tmc-cli,666.0,467.0,1,0,463.20000000000005
tmfev/IDRT-Import-and-Mapping-Tool,9556.0,7185.0,1,0,6706.4
tmforum/DSMAPICAT,232.0,232.0,1,0,195.60000000000002
tminglei/form-binder-java,452.0,285.0,1,0,304.8
tminglei/page-debugging,84.0,80.0,1,0,75.6
tmmcguire/ashurbanipal,138.0,138.0,1,0,120.4
tmontgomery/Amaethon,448.0,448.0,1,0,368.40000000000003
tmurakam/spring-session-mongodb,296.0,210.0,1,0,212.4
tobiasbaum/jsync,234.0,185.0,1,0,177.60000000000002
tobyweston/tempus-fugit,1140.0,717.0,1,0,752.8
toddfast/typeconverter,204.0,147.0,1,0,150.4
toddlipcon/mr-collector-benchmark,22.0,22.0,0,0,17.6
toddlipcon/nutch,5552.0,5106.0,1,0,4273.200000000001
toddtreece/Yarn-Monster,12.0,12.0,0,0,9.600000000000001
toefel18/patan,448.0,287.0,1,0,304.0
tofi86/Jarbundler,134.0,121.0,1,0,112.0
togglz/togglz,7992.0,4812.0,1,0,5131.6
tokyojava/hellokitty,12.0,12.0,0,0,9.600000000000001
tomasbjerre/git-changelog-lib,880.0,593.0,1,0,599.2
tomasbjerre/violations-lib,576.0,396.0,1,0,398.8
tomascejka/arch-mvn_servlet3-webapp-jetty,86.0,66.0,1,0,70.8
tomasdelvechio/YarnExamples,132.0,132.0,1,0,115.60000000000001
tomcz/jpasskeep,496.0,365.0,1,0,354.4
tomcz/spring-stringtemplate,276.0,206.0,1,0,202.8
tomdeman-bio/Sequence-Search-Tool-for-Antimicrobial-Resistance-SSTAR-,18.0,18.0,0,0,14.4
tomdev2008/NettyServer,406.0,406.0,1,0,334.8
tomitribe/community,414.0,301.0,1,0,296.0
tomitribe/tomee-jaxrs-starter-project,82.0,66.0,1,0,69.2
tomjorquera/agent-tooling,902.0,564.0,1,0,596.4000000000001
tomlurge/converTor,1007.0,701.0,1,0,693.2
tomlyscan/biblioteca,470.0,464.0,1,0,383.6
tommychen1228/cordova-plugin-umeng-feedback,126.0,126.0,1,0,110.80000000000001
tommychen1228/cordova-plugin-umeng-share,314.0,314.0,1,0,261.20000000000005
tommyettinger/GDXTexturePacker,60.0,53.0,1,0,55.2
tommyschnabel/SimpleJavaServer,116.0,91.0,1,0,92.80000000000001
tomor/netbeans-php-quickmethodjump,50.0,50.0,0,0,40.0
tomsteele/burpbuddy,158.0,158.0,1,0,136.4
tomwhite/hadoop-annotation-tools,50.0,40.0,0,0,36.0
tomwhite/jdiff,408.0,367.0,1,0,320.0
tonikelope/kissvideostreamer,114.0,90.0,1,0,91.6
tony19/named-regexp,90.0,69.0,1,0,73.6
tonyd3/bktree-spellcheck,112.0,83.0,1,0,88.0
tonysparks/leola,1210.0,844.0,1,0,831.6
tonyzampogna/XssSanitizer,112.0,112.0,1,0,99.60000000000001
toolable/namegen,126.0,118.0,1,0,107.60000000000001
topolik/jax-ws-osgi,254.0,211.0,1,0,196.0
torakiki/event-studio,150.0,150.0,1,0,130.0
torarnv/jotify,462.0,462.0,1,0,379.6
torgovtsev/SpaceT-Calendar,380.0,380.0,1,0,314.0
tornadoHunter/Tetris,34.0,34.0,0,0,27.200000000000003
torobotaki/justsemantics,36.0,36.0,0,0,28.8
tox4j/upsource-bot,544.0,359.0,1,0,371.20000000000005
toxeh/ExecuteQuery,5192.0,4092.0,1,0,3723.6000000000004
tpavels/Game-of-Life,80.0,80.0,1,0,74.0
tpkelly/scott-logic-hackathon,46.0,46.0,0,0,36.800000000000004
tracee/contextlogger,3230.0,2286.0,1,0,2216.4
tractionsoftware/gwt-traction,724.0,548.0,1,0,518.8000000000001
tradier/dropwizard-raven,230.0,146.0,1,0,160.4
trainboy2019/forge-1-4,14648.0,14492.0,1,0,11666.0
tranchis/xsd2thrift,224.0,193.0,1,0,176.8
tranek/ChivalryServerBrowser,826.0,826.0,1,0,670.8000000000001
trarck/unluac,450.0,450.0,1,0,370.0
travisspencer/stockholm-java-meetup-java-spark-demo,142.0,108.0,1,0,110.0
treasure-data/td-jdbc,410.0,286.0,1,0,288.4
treasure-data/td-logger-java,196.0,153.0,1,0,149.60000000000002
treelogic-swe/aws-mock,3004.0,1620.0,1,0,1859.6000000000001
trein/inmapper-ws,530.0,464.0,1,0,407.6
trevorah/Seasonal-Hex-Game-Java,188.0,139.0,1,0,140.8
trevorhreed/timeoff,240.0,227.0,1,0,196.8
trevorprater/serf,118.0,111.0,1,0,101.60000000000001
treygrainger/solr-in-action,1128.0,1079.0,1,0,892.8000000000001
trieu/netty-cookbook,1318.0,1318.0,1,0,1064.4
trifork/nsi-minlog,510.0,489.0,1,0,409.6
triplea-game/triplea,20090.0,12330.0,1,0,12978.0
trisberg/big-data-2015,194.0,194.0,1,0,165.20000000000002
troed/Courier,180.0,134.0,1,0,135.6
troggy/webfinger,244.0,181.0,1,0,180.0
troter/user-httpsession,2036.0,1357.0,1,0,1367.2000000000003
troywatson/Lawrence-Style-Checker,44.0,44.0,0,0,35.2
trsvax/tapestry-facebook,230.0,230.0,1,0,194.0
trulia/thoth-ml,160.0,160.0,1,0,138.0
truongduy134/levenberg-marquardt,100.0,100.0,1,0,90.0
trustedanalytics/broker-store,1230.0,776.0,1,0,812.4000000000001
trustedanalytics/hadoop-admin-tools,166.0,122.0,1,0,125.20000000000002
trustedanalytics/hbase-broker,324.0,213.0,1,0,224.8
trustedanalytics/hdfs-broker,584.0,378.0,1,0,394.80000000000007
trustedanalytics/space-shuttle-demo,400.0,305.0,1,0,292.0
trustedanalytics/yarn-broker,324.0,214.0,1,0,225.2
trustin/os-maven-plugin,126.0,82.0,1,0,93.20000000000002
truward/brikar,2186.0,1605.0,1,0,1526.4
trxsys/gluon,570.0,534.0,1,0,451.6
trykovyura/cordova-plugin-root-detection,18.0,18.0,0,0,14.4
trylimits/Eclipse-Postfix-Code-Completion,22251.0,22196.0,1,0,17788.8
tsegismont/simone,550.0,335.0,1,0,364.0
tsteinholz/concept,508.0,302.0,1,0,334.0
tsunday/dataset_analyzer,82.0,82.0,1,0,75.60000000000001
tsundberg/Selenium-and-the-Four-Rules-of-Simple-Design,48.0,34.0,0,0,32.800000000000004
tsvtkv/dbmsau,374.0,374.0,1,0,309.2
ttaomae/Chat,24.0,24.0,0,0,19.200000000000003
ttaylorr/tips,38.0,38.0,0,0,30.400000000000002
ttennebkram/dslr2drl,54.0,43.0,1,0,48.8
tterrag1098/EnderiumPowerArmor,1200.0,670.0,1,0,758.0
tterrag1098/SimpleTransmutations,414.0,414.0,1,0,341.20000000000005
ttsu/tictactoe-java,152.0,116.0,1,0,117.20000000000002
ttsugriy/File-System-Simulator,54.0,54.0,1,0,53.2
tuanhiep/mqtt-jmeter,158.0,130.0,1,0,125.2
tud-stg-lang/caesar-compiler,2238.0,2238.0,1,0,1800.4
tudarmstadt-lt/GermaNER,228.0,228.0,1,0,192.4
tudarmstadt-lt/sentiment,1132.0,1132.0,1,0,915.6
tudelft-atlarge/graphalytics,1140.0,890.0,1,0,822.0
tudelft-atlarge/graphalytics-platforms-graphmat,192.0,192.0,1,0,163.60000000000002
tuenti/ikusth,106.0,88.0,1,0,87.60000000000001
tuguangquan/mybatis,3192.0,3192.0,1,0,2563.6000000000004
tuiSSE/SWTSeminarBeispiel,66.0,66.0,1,0,62.800000000000004
tukusejssirs/Programy_v_Jave,36.0,36.0,0,0,28.8
tuliren/my_leetcode,308.0,308.0,1,0,256.4
tulskiy/jkeymaster,496.0,309.0,1,0,332.0
tulskiy/musique,7772.0,5536.0,1,0,5333.200000000001
tunecrew/apc40-mode,12.0,12.0,0,0,9.600000000000001
tunnelvisionlabs/java-immutable,576.0,354.0,1,0,382.0
tupilabs/tap4j,1862.0,1316.0,1,0,1281.2
turesheim/eclipse-timekeeper,226.0,226.0,1,0,190.8
turn/camino,706.0,488.0,1,0,487.6
turt2live-bukkit/DumbMail,118.0,74.0,1,0,86.80000000000001
turt2live-bukkit/DumbProtection,148.0,92.0,1,0,106.0
turtlehunter/UrielsalisBot,42.0,42.0,0,0,33.6
tusharm/go-artifactory-plugin,276.0,268.0,1,0,227.60000000000002
twitter/ambrose,1364.0,971.0,1,0,944.0
twitter/distributedlog,6824.0,4335.0,1,0,4473.6
twitter/elephant-twin,222.0,214.0,1,0,184.40000000000003
twitter/hpack,376.0,253.0,1,0,261.6
twitter/jsr166e,110.0,73.0,1,0,83.2
twitter/libcrunch,404.0,296.0,1,0,290.0
twizmwazin/CardinalPGM,1124.0,1124.0,1,0,909.2
twocPlantasQueHablan/Proyecto,254.0,172.0,1,0,180.4
twolfe18/vector,276.0,162.0,1,0,185.2
twothe/DaVincing,600.0,409.0,1,0,413.6
txazo/txazo,1990.0,1990.0,1,0,1602.0
txtData/socialradar,70.0,66.0,1,0,64.4
ty2u/ItemStacker,20.0,20.0,0,0,16.0
tyagihas/awsbigdata,106.0,106.0,1,0,94.80000000000001
tychobrailleur/biogenesis,168.0,168.0,1,0,144.4
tyouiifan/traceable-zip,1270.0,1270.0,1,0,1026.0
typesafehub/config,588.0,588.0,1,0,480.40000000000003
typetools/annotation-tools,2138.0,2136.0,1,0,1719.6000000000001
tyronx/vintagecraft,30916.0,22991.0,1,0,21572.800000000003
tzaeschke/distributed-phtree,758.0,758.0,1,0,616.4
tzmfreedom/embulk-output-salesforce,98.0,78.0,1,0,80.4
uPhyca/idobata4j,212.0,212.0,1,0,179.60000000000002
uaihebert/uaiMockServer,1880.0,1229.0,1,0,1253.6
uberamd/NGECore2,59878.0,59878.0,1,0,47912.4
uberity/uberity-lc-twilio,28.0,28.0,0,0,22.400000000000002
ubicity-devs/ubicity-core,34.0,34.0,0,0,27.200000000000003
ucchyocean/ConnectMessage,34.0,34.0,0,0,27.200000000000003
ucchyocean/WireRod,34.0,34.0,0,0,27.200000000000003
udevbe/westmalle,3708.0,2111.0,1,0,2337.6000000000004
udnay/json-simple,152.0,119.0,1,0,118.4
udoprog/tiny-async-java,756.0,546.0,1,0,530.8000000000001
ufrgs-hyman/oscars-bridge,40.0,40.0,0,0,32.0
ugol/camel-couchbase,86.0,86.0,1,0,78.8
ugurcan377/YazLabChart-,46.0,46.0,0,0,36.800000000000004
ui4j/ui4j,1028.0,761.0,1,0,725.6000000000001
uiguard/uiguard,718.0,718.0,1,0,584.4
ujhelyiz/Presentation-Theme,30.0,30.0,0,0,24.0
ujlayanankit/clg_website,1048.0,1048.0,1,0,848.4000000000001
ujmp/universal-java-matrix-package,4752.0,4752.0,1,0,3811.6000000000004
ukase/handlebars-petrovich4j,118.0,83.0,1,0,90.4
ukcrpb6/jaxen-wmb-extensions,1520.0,1165.0,1,0,1084.0
ukf/ua-attribute-idp-ext,116.0,92.0,1,0,93.20000000000002
ukiuni/call-remote-job-plugin,220.0,143.0,1,0,155.2
uklimaschewski/JMXWrapper,272.0,169.0,1,0,186.40000000000003
ukuehn/sslfp,234.0,179.0,1,0,175.20000000000002
ukwa/jruby-whois,6920.0,3506.0,1,0,4180.4
uli-heller/uli-java-prototypes,2832.0,2209.0,1,0,2026.4
ulymarins/chrome-native-messaging-java,66.0,66.0,1,0,62.800000000000004
umartin/psgbg-coffee,334.0,227.0,1,0,234.4
umbrew/stash-pullrequest-jenkins,128.0,128.0,1,0,112.4
umermansoor/TrafficDistributor,214.0,157.0,1,0,158.4
umple/dlproj,46.0,46.0,0,0,36.800000000000004
unbroken-dome/spring-integration-eventbus,396.0,268.0,1,0,275.6
unchartedsoftware/aperture-tiles,9048.0,5853.0,1,0,5970.400000000001
unchartedsoftware/ensemble-clustering,928.0,701.0,1,0,661.6000000000001
unclebob/fitnesse,9546.0,8171.0,1,0,7096.8
uncodecn/uncode-dal-all,1770.0,1093.0,1,0,1155.2
undertow-io/undertow,9222.0,6157.0,1,0,6161.6
unicesi/academ,1574.0,1574.0,1,0,1269.2
uniritter/liquid-democracy,310.0,310.0,1,0,258.0
unistra/avc-server,1714.0,1707.0,1,0,1378.4
unitsofmeasurement/si-units,564.0,400.0,1,0,395.6
unitsofmeasurement/unit-tck,700.0,407.0,1,0,452.8
unitsofmeasurement/uom-impl-enum,282.0,201.0,1,0,203.20000000000002
unitsofmeasurement/uom-lib,506.0,368.0,1,0,359.6
unitsofmeasurement/uom-systems,1048.0,732.0,1,0,722.0
universal-automata/liblevenshtein-java,776.0,631.0,1,0,572.8000000000001
unixunion/vertx-dockermod,520.0,361.0,1,0,362.4
unknownloner/HeroMod,252.0,252.0,1,0,211.60000000000002
unnikked/Wireworld,58.0,58.0,1,0,56.400000000000006
unnikkedga/BooleanExpressionEvaluator,48.0,48.0,0,0,38.400000000000006
unruly/java-8-matchers,292.0,169.0,1,0,194.40000000000003
unruly/junit-rules,216.0,134.0,1,0,150.0
uom-daris/daris,12440.0,8764.0,1,0,8491.6
urbanairship/datacube,678.0,469.0,1,0,468.8
urgrue/Java-Twitch-Api-Wrapper,228.0,228.0,1,0,192.4
urstory/java_edu,96.0,96.0,1,0,86.80000000000001
usb4java/usb4java-javax,300.0,300.0,1,0,250.0
usc-cloud/hadoop-louvain-community,126.0,90.0,1,0,96.4
usc-isi-i2/elasticsearch-image-features,408.0,248.0,1,0,272.40000000000003
uservices-hackathon/dojrzewatr.io,132.0,131.0,1,0,115.20000000000002
ushahidi/Chambua,300.0,194.0,1,0,207.60000000000002
usrz/java-libs-httpd,88.0,88.0,1,0,80.4
ustream/yolo,346.0,274.0,1,0,258.0
utapyngo/owl2vcs,212.0,212.0,1,0,179.60000000000002
utir/square-2.0,1750.0,1750.0,1,0,1410.0
utluiz/myq,144.0,134.0,1,0,121.2
utnfrrojava/java2016,148.0,148.0,1,0,128.4
uuverifiers/autosat,862.0,862.0,1,0,699.6
uwol/ComputationalEconomy,1688.0,1203.0,1,0,1166.4
uwolfer/gerrit-intellij-plugin,1692.0,1017.0,1,0,1093.6000000000001
v1v/jenkinslint-plugin,430.0,306.0,1,0,304.4
v1v/maintenance-jobs-scheduler-plugin,328.0,235.0,1,0,235.20000000000002
v4lproik/phishing-backend,284.0,182.0,1,0,196.4
v5analytics/vertexium,7306.0,4412.0,1,0,4697.200000000001
v5developer/maven-framework-project,12114.0,12114.0,1,0,9701.2
vaadin/cdi-tutorial,352.0,222.0,1,0,239.60000000000002
vaadin/gwt-api-generator,90.0,90.0,1,0,82.0
vaadin/netbeans-plugin,718.0,718.0,1,0,584.4
vaadin/osgi-bridge-and-fragmentedui-demo,60.0,60.0,1,0,58.0
vaadin/teleport,222.0,185.0,1,0,172.8
vaadin/testbench-tutorial,260.0,150.0,1,0,174.0
vadia/yandexdisk,210.0,154.0,1,0,155.6
vagabond1-1983/javaDemo,430.0,418.0,1,0,349.20000000000005
valdasraps/resthub,1718.0,1252.0,1,0,1198.0
valegrajales/recommendation_systems_lab1,1376.0,1376.0,1,0,1110.8
valery1707/java-locale-kazakh,192.0,142.0,1,0,143.60000000000002
valid4j/valid4j,396.0,292.0,1,0,285.20000000000005
valliman/savage-xr-master-server,190.0,136.0,1,0,140.4
vanderhallenf/eloyente,204.0,204.0,1,0,173.20000000000002
vanilla-ci/vanilla-ci-core-DEAD,76.0,75.0,1,0,70.4
vanting/course-java-example,292.0,292.0,1,0,243.60000000000002
varchev/go-generic-artifactory-poller,258.0,173.0,1,0,182.4
vase4kin/thucydides-teamcity-steplistener,156.0,101.0,1,0,112.80000000000001
vasia/gelly-streaming,472.0,307.0,1,0,321.6
vasiliygagin/junitrunner,590.0,435.0,1,0,420.0
vavio/compiler,288.0,288.0,1,0,240.4
vbauer/herald,418.0,306.0,1,0,299.6
vbauer/houdini,306.0,225.0,1,0,222.4
vbauer/yandex-metrica-plugin,148.0,102.0,1,0,110.0
vbehar/nexus-rundeck-plugin,38.0,34.0,0,0,28.800000000000004
vbelinic-tgm/ETL,94.0,94.0,1,0,85.2
vbossica/azurebox,136.0,136.0,1,0,118.80000000000001
vbossica/springbox,124.0,124.0,1,0,109.2
vcucek/WildPlot,577.0,474.0,1,0,430.40000000000003
vdenisov/mysql-connection-validator,52.0,40.0,1,0,46.8
vdenotaris/spring-boot-security-saml-sample,462.0,288.0,1,0,310.0
vdurmont/json-mockito-matchers,102.0,73.0,1,0,80.0
vdurmont/semver4j,144.0,99.0,1,0,107.2
vegidio/google-translate,86.0,69.0,1,0,72.0
vegidio/imdb-scraper,86.0,70.0,1,0,72.4
velna/jmongo,426.0,312.0,1,0,305.20000000000005
venkatesha/git-guide,114.0,89.0,1,0,91.2
verbit/orp,238.0,189.0,1,0,180.8
verhas/jdsl,382.0,278.0,1,0,274.0
verisign/storm-graphite,318.0,212.0,1,0,222.0
vert-x/vertx-junit-annotations,296.0,278.0,1,0,239.60000000000002
vert-x3/vertx-auth,3934.0,2406.0,1,0,2546.0
vert-x3/vertx-codegen,3078.0,2122.0,1,0,2090.0
vert-x3/vertx-embedded-mongo-db,114.0,79.0,1,0,87.2
vert-x3/vertx-jgroups,386.0,286.0,1,0,278.8
vert-x3/vertx-lang-ceylon,3684.0,2369.0,1,0,2431.2000000000003
vert-x3/vertx-lang-python,44.0,44.0,0,0,35.2
vert-x3/vertx-service-proxy,382.0,281.0,1,0,275.20000000000005
vert-x3/vertx-shell,1230.0,903.0,1,0,863.2
vert-x3/vertx-sql-common,266.0,196.0,1,0,194.8
vert-x3/vertx-stack,236.0,232.0,1,0,197.20000000000002
vert-x3/vertx-stomp,998.0,702.0,1,0,690.0
vert-x3/vertx-sync,304.0,201.0,1,0,212.0
vertica/Vertica-Hadoop-Connector,142.0,142.0,1,0,123.60000000000001
vertigo17/Cerberus,7702.0,5364.0,1,0,5236.4
verto/java-graphviz,174.0,128.0,1,0,130.8
vhakulinen/neovim-intellij-complete,38.0,38.0,0,0,30.400000000000002
vhyza/elasticsearch-analysis-lemmagen,84.0,84.0,1,0,77.2
viadeo/axon-kafka-terminal,134.0,134.0,1,0,117.2
viadeo/viadeo-avro-utils,112.0,112.0,1,0,99.60000000000001
viatra/EMF-IncQuery-Examples,4216.0,4216.0,1,0,3382.8
viatra/viatra-dse-swarm,3778.0,3778.0,1,0,3032.4
vibneiro/dispatching,894.0,547.0,1,0,586.4000000000001
vibur/vibur-object-pool,144.0,104.0,1,0,109.2
vic/ioke-outdated,3264.0,2270.0,1,0,2223.6000000000004
victims/victims-lib-java,296.0,221.0,1,0,216.8
victims/victims-plugin-ant,168.0,130.0,1,0,129.2
victims/victims-plugin-jenkins,302.0,201.0,1,0,211.20000000000002
victordmontero/JCE,738.0,600.0,1,0,545.2
victoriawt/csc207-hw5,52.0,52.0,1,0,51.6
vidplace7/BlockPhysics,1900.0,980.0,1,0,1162.0
vietansegan/sits,148.0,114.0,1,0,114.80000000000001
viglucci/app-jcef-example,1058.0,730.0,1,0,725.2
vigna/fastutil,484.0,480.0,1,0,395.6
vijayanandvk/cq-tech,298.0,298.0,1,0,248.4
viktorstrate/mcAssault,76.0,76.0,1,0,70.80000000000001
viktozhu/java-beginners,128.0,128.0,1,0,112.4
viktozhu/selenium-qc,262.0,194.0,1,0,192.40000000000003
villeteam/ville-standardutils,3168.0,2111.0,1,0,2121.6000000000004
vilmospapp/qrcode-display-portlet,122.0,122.0,1,0,107.60000000000001
viltgroup/minium,4200.0,2668.0,1,0,2757.2
vimsh/mafscaling,172.0,172.0,1,0,147.6
vimukthi-git/OpenGTS_2.4.9,1988.0,1988.0,1,0,1600.4
vincelasal/Spout,20.0,20.0,0,0,16.0
vincent-zurczak/time-sheet-generator,106.0,77.0,1,0,83.2
vincentsaluzzo/jTileDownloader,949.0,945.0,1,0,767.6
vinctzhang/LockManager,102.0,72.0,1,0,79.60000000000001
viniciusccarvalho/gnomes-demo,130.0,130.0,1,0,114.0
vinta/pangu.java,164.0,111.0,1,0,120.00000000000001
vinthuy/gadvice,274.0,274.0,1,0,229.20000000000002
vinumeris/lighthouse,398.0,398.0,1,0,328.40000000000003
vinyanalista/IA,84.0,84.0,1,0,77.2
virgo/selenium-framework,208.0,149.0,1,0,152.8
viritin/viritin,1880.0,1136.0,1,0,1216.4
virtworld/Java-Http-Server,298.0,298.0,1,0,248.4
virustotalop/FactionsReloaded,116.0,116.0,1,0,102.80000000000001
visage-lang/visage-compiler,9452.0,9452.0,1,0,7571.6
vishnubob/hdpov,10.0,10.0,0,0,8.0
vistaprint/octopus-jenkins-plugin,454.0,316.0,1,0,318.0
vistarmedia/metrics-datadog,120.0,89.0,1,0,93.6
vitallan/BasicSpringMVC,208.0,131.0,1,0,145.60000000000002
vitalliuss/PDF-java-printer,48.0,48.0,0,0,38.400000000000006
vitaly-chibrikov/homework_tester,478.0,478.0,1,0,392.40000000000003
vitzli/recipedumper,50.0,50.0,0,0,40.0
vivekmittal/javaq,182.0,136.0,1,0,137.2
vivganes/SalesforceHerokuExample,422.0,267.0,1,0,285.6
vivganes/what-is-mapreduce-blog-post,64.0,64.0,1,0,61.2
vivin/GenericTree,74.0,58.0,1,0,62.800000000000004
vjuranek/copy-project-link,138.0,90.0,1,0,101.2
vjuranek/radargun-plugin,536.0,374.0,1,0,374.0
vladimir-bukhtoyarov/metrics-core-hdr,228.0,162.0,1,0,166.0
vladimir-lu/grapple,412.0,293.0,1,0,292.0
vladimirvivien/clamshell-cli,770.0,567.0,1,0,544.8
vladmihalcea/high-performance-java-persistence,1054.0,1054.0,1,0,853.2
vlaushkin/program-ab,800.0,724.0,1,0,619.6
vlsi/optiq-mat-plugin,76.0,76.0,1,0,70.80000000000001
vmaudgalya/projects,16.0,16.0,0,0,12.8
vmk/rite,276.0,276.0,1,0,230.8
vmonaco/behavioral-biometrics-logger,42.0,42.0,0,0,33.6
vmware/upgrade-framework,2264.0,1420.0,1,0,1483.6
vmware/vchs,76.0,76.0,1,0,70.80000000000001
vmware/vco-powershel-plugin,332.0,332.0,1,0,275.6
vmware/workflowTools,1812.0,1335.0,1,0,1268.8000000000002
vnc-biz/vnc-history-zimlet,66.0,66.0,1,0,62.800000000000004
vnugent/rhqlab-ircbot,42.0,42.0,0,0,33.6
vogellacompany/examples-eclipse,760.0,760.0,1,0,618.0
voho/examples,470.0,412.0,1,0,362.8
voho/wiki-generator,68.0,68.0,1,0,64.4
vojtechhabarta/typescript-generator,974.0,651.0,1,0,660.0
voldemort/voldemort,3610.0,3610.0,1,0,2898.0
volkertb/autoproxy-maven-plugin,134.0,102.0,1,0,104.4
vonZeppelin/planning-poker,946.0,604.0,1,0,630.0
voodoodyne/subetha,3148.0,3148.0,1,0,2528.4
vorburger/LearningSirius,220.0,220.0,1,0,186.0
vorburger/eLang,1272.0,759.0,1,0,822.4000000000001
vorburger/mifos-head,12872.0,12872.0,1,0,10307.6
vorburger/mvnDeployGitHubTravisCI,102.0,73.0,1,0,80.0
voxeo/voxeo-regexp,180.0,180.0,1,0,154.0
voxeolabs/moho,3964.0,3191.0,1,0,2872.0
vrakoton/ATG11Extensions,114.0,114.0,1,0,101.2
vramdhanie/snake,136.0,99.0,1,0,104.0
vratsel/generic-jms-ra,224.0,168.0,1,0,166.8
vs49688/RAFTools,194.0,194.0,1,0,165.20000000000002
vtkio/vtk,10842.0,10842.0,1,0,8683.6
vvydier/ClaimAcademy,826.0,826.0,1,0,670.8000000000001
vxnick/abilitytrader,22.0,22.0,0,0,17.6
vy/quasar-maven-plugin,80.0,53.0,1,0,63.2
vzaliva/BikeDashboard,74.0,74.0,1,0,69.2
vzhovtyuk/georgy,188.0,138.0,1,0,140.4
w7cook/batch-java-runtime,276.0,276.0,1,0,230.8
wJsJwr/MAWalker,122.0,122.0,1,0,107.60000000000001
waarp/WaarpCommon,558.0,558.0,1,0,456.40000000000003
waarp/WaarpDigest,174.0,130.0,1,0,131.60000000000002
waarp/WaarpFtp,984.0,742.0,1,0,700.4000000000001
waarp/WaarpFtpClient,208.0,156.0,1,0,155.60000000000002
waarp/WaarpGatewayKernel,466.0,343.0,1,0,333.6
waarp/WaarpXmlEditor,138.0,138.0,1,0,120.4
waelawada/generic-reporter,246.0,160.0,1,0,172.4
waffles87/laststand,34.0,34.0,0,0,27.200000000000003
wainepereira/sistemadesaude,272.0,272.0,1,0,227.60000000000002
wakaleo/maven-schemaspy-plugin,752.0,559.0,1,0,534.4000000000001
wakizaka/spring-data-riak,76.0,55.0,1,0,62.400000000000006
waldheinz/fat32-lib,574.0,388.0,1,0,394.80000000000007
walkmod/walkmod-javalang-plugin,302.0,193.0,1,0,208.0
walkmod/walkmod-setter-getter-plugin,148.0,98.0,1,0,108.4
wallrat/labs-redis-clojure,46.0,46.0,0,0,36.800000000000004
walokra/markdown-page-generator-plugin,320.0,236.0,1,0,232.4
waltercrdz/tacs-tit4tat-GrupoXX,830.0,621.0,1,0,590.4
walterschell/jmrtd-noeac,118.0,118.0,1,0,104.4
walti/walti-plugin,208.0,145.0,1,0,151.2
wanasit/LiteSVM,186.0,118.0,1,0,131.60000000000002
wanasit/chrono-java,336.0,251.0,1,0,244.8
wandora-team/wandora,8486.0,8480.0,1,0,6796.4
wang159/CS541,2116.0,2116.0,1,0,1702.8000000000002
wang3/ISPRSODC,180.0,174.0,1,0,151.60000000000002
wanghao2020/FiveChess,56.0,56.0,1,0,54.800000000000004
wangjiegulu/AndroidParcelablePlugin,70.0,70.0,1,0,66.0
wangyangjun/StreamBench,4592.0,4592.0,1,0,3683.6000000000004
wangym/koubei-mongo,212.0,155.0,1,0,156.8
wangyong1991/pony,328.0,328.0,1,0,272.40000000000003
wangzijian777/snmpTool,104.0,104.0,1,0,93.2
waratek/spiracle,502.0,380.0,1,0,362.8
warmbreeze/sharded-jedis-sentinel-pool,98.0,69.0,1,0,76.80000000000001
warningrc/learn-spring,570.0,368.0,1,0,385.20000000000005
warriordog/Boxle-Game,498.0,498.0,1,0,408.40000000000003
wasadigi/Teaching-MSE-SEA-2016-Instruments,96.0,96.0,1,0,86.80000000000001
waseemh/lxc-java,130.0,105.0,1,0,104.0
washingtonpost/dropwizard-peer-authenticator,188.0,135.0,1,0,139.2
washingtonpost/wordpress-rest-api-java-client,76.0,76.0,1,0,70.80000000000001
wasiahmad/Mining-Stack-Overflow,164.0,158.0,1,0,138.8
wasiahmad/Privacy-Preserving-IR,138.0,132.0,1,0,118.0
watanuoli/CloudAtlas,476.0,476.0,1,0,390.8
watchFire/watchFire,194.0,194.0,1,0,165.20000000000002
watsonta/EcobeeAPIWrapper,310.0,213.0,1,0,219.2
wavefrontHQ/java,1546.0,960.0,1,0,1012.4000000000001
waynedyck/gwt-gantt,568.0,378.0,1,0,388.40000000000003
wazy/MHKC,202.0,202.0,1,0,171.60000000000002
wbinglee/maven-s3-repo,84.0,84.0,1,0,77.2
wbstr/liferay-newsletter,474.0,436.0,1,0,374.0
wbstr/vaadin-recaptcha,268.0,176.0,1,0,187.60000000000002
wcm-io/wcm-io-config,562.0,562.0,1,0,459.6
wcm-io/wcm-io-handler,1138.0,1138.0,1,0,920.4000000000001
wcm-io/wcm-io-sling,234.0,234.0,1,0,197.20000000000002
wcm-io/wcm-io-wcm,586.0,586.0,1,0,478.8
wcmatthysen/mx-native-loader,110.0,77.0,1,0,84.8
wdawson/dropwizard-auth-example,460.0,335.0,1,0,328.0
wdpressplus/Jenkins_Practical_Guide_2nd_Edition,220.0,148.0,1,0,157.2
wealthfront/kawala,564.0,520.0,1,0,443.6
wealthfront/thompson-sampling,150.0,104.0,1,0,111.6
weaondara/BungeePerms,728.0,535.0,1,0,515.2
web-education/mod-image-resizer,274.0,171.0,1,0,188.0
web-education/vertx-swift-client,236.0,136.0,1,0,158.8
web-innovate/java-automation-framework,142.0,104.0,1,0,108.4
web-traffic-simulator/web-traffic-simulator,460.0,343.0,1,0,331.20000000000005
webbit/webbit,990.0,714.0,1,0,691.6
webbukkit/DynmapCoreAPI,240.0,180.0,1,0,178.0
webbukkit/dynmap-api,50.0,38.0,0,0,35.2
webdetails/cfr,1244.0,866.0,1,0,854.0
webdizz/fault-tolerance-talk,502.0,375.0,1,0,360.8
webdizz/jobolizer,184.0,180.0,1,0,155.60000000000002
webmagic-io/jobhunter,216.0,181.0,1,0,168.8
webmotion-framework/webmotion,5360.0,3425.0,1,0,3524.0
wedabecha/wedabecha,214.0,214.0,1,0,181.20000000000002
wedeploy/api-java,772.0,605.0,1,0,560.8
weisong44/infra-mgmt-monitor,296.0,296.0,1,0,246.8
weisong44/infra-mgmt-websocket,1556.0,1082.0,1,0,1065.2
weld/api,1014.0,727.0,1,0,706.4000000000001
weld/core,28386.0,20756.0,1,0,19666.800000000003
wendal/whale,104.0,104.0,1,0,93.2
wendelfleming/USC-LunchNLearn-ElasticSearch,404.0,404.0,1,0,333.20000000000005
wendykierp/JTransforms,2022.0,1170.0,1,0,1286.8000000000002
wenerme/GTetris,472.0,336.0,1,0,333.20000000000005
wenqf11/major-recommendation,120.0,120.0,1,0,106.0
wensheng/JuicyRaspberryPie,74.0,74.0,1,0,69.2
westlinkin/AndroidLocalizationer,90.0,90.0,1,0,82.0
weswilliams/GivWenZen,4542.0,4327.0,1,0,3557.6000000000004
wfink/jboss-as-quickstart,5414.0,5414.0,1,0,4341.2
wg/lettuce,400.0,291.0,1,0,286.4
wgoossens/sopc2dts,292.0,292.0,1,0,243.60000000000002
wh007/wcp,84.0,84.0,1,0,77.2
wh81752/flaka,688.0,549.0,1,0,504.8
whale2/iow-hadoop-streaming,230.0,151.0,1,0,162.4
whamtet/BasicPlayer,62.0,62.0,1,0,59.6
whatugonnado/NetADS,202.0,148.0,1,0,150.0
whispir/whispir-java-sdk,346.0,216.0,1,0,234.8
whitelilis/kafka2hadoop,22.0,22.0,0,0,17.6
whitepages/white-elephant,78.0,78.0,1,0,72.4
whitesource/fs-agent,64.0,64.0,1,0,61.2
whitesource/whitesource-bamboo-agent,114.0,114.0,1,0,101.2
whizzosoftware/hobson-hub-core,484.0,484.0,1,0,397.20000000000005
whois-server-list/whois-server-list-api,210.0,153.0,1,0,155.2
wichmann/Schaltwerk,146.0,146.0,1,0,126.80000000000001
wichtounet/benchmark-utils,20.0,20.0,0,0,16.0
wicket-acc/wicket-autowire,270.0,191.0,1,0,194.4
wiflish/bulk-framework,646.0,497.0,1,0,467.20000000000005
wikimedia/cassandra-metrics-collector,270.0,191.0,1,0,194.4
wikimedia/search-repository-swift,218.0,137.0,1,0,152.0
wikipathways/wikipathways-api-client-java,186.0,186.0,1,0,158.8
wil3/lacus,244.0,177.0,1,0,178.4
wildfly-swarm/wildfly-swarm-logstash,334.0,231.0,1,0,236.0
wildfly-swarm/wildfly-swarm-servers,140.0,98.0,1,0,105.2
wildfly/jandex-maven-plugin,86.0,62.0,1,0,69.2
wildfly/wildfly-arquillian,6696.0,3747.0,1,0,4187.200000000001
wilds/GoogleMapWidgetV3,78.0,78.0,1,0,72.4
wilkeraziz/PET,1514.0,1167.0,1,0,1082.4
williamFalcon/TheStartupJavaServer,118.0,118.0,1,0,104.4
williamlucia/spark-dbscan,172.0,149.0,1,0,138.4
williammartin/illuminator,58.0,58.0,1,0,56.400000000000006
williballenthin/Autopsy-WindowsRegistryContentViewer,52.0,52.0,1,0,51.6
williballenthin/RejView,52.0,52.0,1,0,51.6
williewheeler/kite,304.0,228.0,1,0,222.8
willis7/enterprise-gradle,252.0,212.0,1,0,195.60000000000002
willmenn/biblioteca,138.0,130.0,1,0,117.2
willwangcn/gemini,86.0,86.0,1,0,78.8
winder/Universal-G-Code-Sender,5014.0,3170.0,1,0,3283.6000000000004
winder/simpleJavaGrblStreamer,64.0,43.0,1,0,52.8
windj007/uima-serialization,234.0,174.0,1,0,173.20000000000002
windsurfer/LaserSeaDestruction,202.0,202.0,1,0,171.60000000000002
windup/class-body-stripper,72.0,49.0,1,0,58.400000000000006
windup/windup,17494.0,11776.0,1,0,11718.0
windy1/google-places-api-java,208.0,150.0,1,0,153.2
winguse/NENULiveBoard,162.0,162.0,1,0,139.6
winklerm/phreak-examples,172.0,172.0,1,0,147.6
winterbe/java8-explorer,68.0,58.0,1,0,60.400000000000006
wipatrick/docker-kafka-storm,136.0,136.0,1,0,118.80000000000001
wiperdog/netty-servlet-bridge,202.0,148.0,1,0,150.0
wired-mind/usher,968.0,708.0,1,0,680.4000000000001
wisdom-framework/wisdom-orientdb,1218.0,727.0,1,0,788.0
witchpou/lirejarp,490.0,490.0,1,0,402.0
witoldsz/ultm,152.0,109.0,1,0,114.4
wjaskowski/2048-gecco-2015-competition,190.0,139.0,1,0,141.6
wjw465150/uncode-schedule,76.0,76.0,1,0,70.80000000000001
wlloyd/eiger,2626.0,2545.0,1,0,2078.4
wmira/nosql-jdbc,256.0,185.0,1,0,186.4
wmz7year/Redis-Synyed,620.0,449.0,1,0,437.6
wodzuu/JSONschema4-mapper,264.0,213.0,1,0,200.8
wokuti/bolinha,212.0,206.0,1,0,177.20000000000002
wolf-359/RedditStream,38.0,38.0,0,0,30.400000000000002
wolfmanstout/jene,208.0,207.0,1,0,176.0
wombling/mobilequiz,160.0,160.0,1,0,138.0
wonderalexandre/mmlib4j-imagej,168.0,168.0,1,0,144.4
wonnova-development/woost-gamification-java-sdk,108.0,85.0,1,0,87.2
woorea/openstack-java-sdk,3206.0,2168.0,1,0,2159.6000000000004
workshare/ms-nos,1244.0,863.0,1,0,852.8000000000001
worldcoinproject/worldcoin-wallet-java,2402.0,2402.0,1,0,1931.6000000000001
wotateam/wota,344.0,344.0,1,0,285.2
wotifgroup/circuitbreaker,142.0,102.0,1,0,107.60000000000001
wotifgroup/grails-lightweight-deploy,208.0,208.0,1,0,176.4
wouter-willems/watchdog,274.0,274.0,1,0,229.20000000000002
wowselim/jsocketchat,24.0,24.0,0,0,19.200000000000003
wparad/stash-http-request-trigger,114.0,86.0,1,0,90.0
wpilibsuite/EclipsePlugins,4314.0,2778.0,1,0,2846.8
wqc0712/DatabaseDesign,124.0,124.0,1,0,109.2
wqwu/NioClient,30.0,30.0,0,0,24.0
writtmeyer/gcm_server,38.0,38.0,0,0,30.400000000000002
wsky/pacman-dsl,278.0,278.0,1,0,232.4
wso2-attic/esb-connector-gmail,552.0,415.0,1,0,396.8
wso2-attic/product-cdm,1476.0,953.0,1,0,981.6
wso2-extensions/esb-connector-amazons3,930.0,699.0,1,0,661.6
wso2-extensions/esb-connector-basecrm,588.0,442.0,1,0,422.0
wso2-extensions/esb-connector-bigquery,542.0,392.0,1,0,383.6
wso2-extensions/esb-connector-callrail,480.0,361.0,1,0,346.4
wso2-extensions/esb-connector-campaignmonitor,464.0,349.0,1,0,335.20000000000005
wso2-extensions/esb-connector-cashboard,636.0,478.0,1,0,455.6
wso2-extensions/esb-connector-confluence,572.0,430.0,1,0,410.8
wso2-extensions/esb-connector-drupal,492.0,370.0,1,0,354.8
wso2-extensions/esb-connector-ebay,628.0,495.0,1,0,459.20000000000005
wso2-extensions/esb-connector-elasticsearch,556.0,418.0,1,0,399.6
wso2-extensions/esb-connector-eloquastandard,1156.0,868.0,1,0,819.6000000000001
wso2-extensions/esb-connector-facebook,1672.0,1255.0,1,0,1180.8000000000002
wso2-extensions/esb-connector-feed,124.0,94.0,1,0,97.2
wso2-extensions/esb-connector-flickr,706.0,531.0,1,0,504.80000000000007
wso2-extensions/esb-connector-freshbooks,1496.0,1123.0,1,0,1057.6
wso2-extensions/esb-connector-geonames,484.0,364.0,1,0,349.20000000000005
wso2-extensions/esb-connector-googleblogger,708.0,532.0,1,0,506.0
wso2-extensions/esb-connector-googlecalendar,1256.0,943.0,1,0,889.6000000000001
wso2-extensions/esb-connector-googlecustomsearch,474.0,356.0,1,0,342.0
wso2-extensions/esb-connector-googleplus,524.0,394.0,1,0,377.20000000000005
wso2-extensions/esb-connector-googlespreadsheet,808.0,607.0,1,0,576.0
wso2-extensions/esb-connector-googletasks,756.0,568.0,1,0,539.6
wso2-extensions/esb-connector-kafka,114.0,86.0,1,0,90.0
wso2-extensions/esb-connector-livechat,484.0,364.0,1,0,349.20000000000005
wso2-extensions/esb-connector-magento,1348.0,1012.0,1,0,954.0
wso2-extensions/esb-connector-netsuite,612.0,460.0,1,0,438.8
wso2-extensions/esb-connector-nexmo,456.0,343.0,1,0,329.6
wso2-extensions/esb-connector-pagerduty,772.0,598.0,1,0,558.0
wso2-extensions/esb-connector-paypal,708.0,532.0,1,0,506.0
wso2-extensions/esb-connector-peoplehr,800.0,619.0,1,0,577.6
wso2-extensions/esb-connector-printavo,730.0,571.0,1,0,530.4
wso2-extensions/esb-connector-proworkflow,452.0,340.0,1,0,326.8
wso2-extensions/esb-connector-recurly,606.0,477.0,1,0,443.20000000000005
wso2-extensions/esb-connector-reddit,524.0,394.0,1,0,377.20000000000005
wso2-extensions/esb-connector-salesbinder,476.0,358.0,1,0,343.6
wso2-extensions/esb-connector-servicenow,414.0,312.0,1,0,300.40000000000003
wso2-extensions/esb-connector-sharepoint,460.0,346.0,1,0,332.4
wso2-extensions/esb-connector-shippo,452.0,340.0,1,0,326.8
wso2-extensions/esb-connector-slideshare,666.0,501.0,1,0,476.80000000000007
wso2-extensions/esb-connector-spotify,760.0,571.0,1,0,542.4
wso2-extensions/esb-connector-sugarcrm,480.0,361.0,1,0,346.4
wso2-extensions/esb-connector-surveymonkey,472.0,355.0,1,0,340.8
wso2-extensions/esb-connector-teamwork,2276.0,1708.0,1,0,1603.6000000000001
wso2-extensions/esb-connector-twitter,1146.0,859.0,1,0,812.0
wso2-extensions/esb-connector-verticalresponse,468.0,352.0,1,0,338.0
wso2-extensions/esb-connector-yammer,850.0,638.0,1,0,605.2
wso2-extensions/esb-connector-zendesk,526.0,395.0,1,0,378.4
wso2-extensions/esb-inbound-feed,68.0,52.0,1,0,58.0
wso2-extensions/esb-inbound-localfile,56.0,43.0,1,0,49.6
wso2-extensions/esb-inbound-twitter,66.0,50.0,1,0,56.400000000000006
wso2-extensions/identity-carbon-auth-signedjwt,126.0,82.0,1,0,93.20000000000002
wso2-extensions/identity-event-handler-account-lock,166.0,109.0,1,0,120.0
wso2-extensions/identity-governance,1612.0,1017.0,1,0,1061.6000000000001
wso2-extensions/identity-inbound-auth-oauth,2854.0,1867.0,1,0,1898.4
wso2-extensions/identity-local-auth-basicauth,160.0,106.0,1,0,116.4
wso2-extensions/identity-local-auth-iwa,1088.0,582.0,1,0,678.0
wso2-extensions/identity-outbound-auth-office365,168.0,111.0,1,0,121.60000000000001
wso2-extensions/identity-outbound-auth-oidc,166.0,109.0,1,0,120.0
wso2-extensions/identity-outbound-auth-openid,192.0,130.0,1,0,138.8
wso2-extensions/identity-outbound-auth-passwordPolicy,170.0,113.0,1,0,123.2
wso2-extensions/identity-outbound-auth-requestpath-oauth,160.0,106.0,1,0,116.4
wso2-extensions/identity-outbound-auth-sms-otp,608.0,362.0,1,0,398.0
wso2-extensions/identity-user-ws,1518.0,844.0,1,0,954.8000000000001
wso2-extensions/identity-userstore-cassandra,140.0,92.0,1,0,102.80000000000001
wso2-extensions/identity-userstore-ldap,392.0,279.0,1,0,278.40000000000003
wso2-extensions/identity-userstore-remote,214.0,144.0,1,0,153.20000000000002
wso2-incubator/wum,78.0,78.0,1,0,72.4
wso2/carbon-apimgt-everywhere,208.0,208.0,1,0,176.4
wso2/carbon-business-messaging,4410.0,2832.0,1,0,2906.8
wso2/carbon-datasources,1628.0,951.0,1,0,1041.6000000000001
wso2/carbon-device-mgt,14248.0,10063.0,1,0,9734.400000000001
wso2/carbon-gateway-framework,3094.0,1991.0,1,0,2044.0000000000002
wso2/carbon-governance-extensions,354.0,229.0,1,0,243.2
wso2/carbon-identity-framework,20138.0,13064.0,1,0,13290.800000000001
wso2/carbon-ml,5202.0,3314.0,1,0,3416.4000000000005
wso2/carbon-multitenancy,3978.0,2653.0,1,0,2662.4
wso2/jaggery,2558.0,1652.0,1,0,1694.0
wso2/wso2-api-manager-plugins,76.0,76.0,1,0,70.80000000000001
wso2/wso2-cassandra,3218.0,3073.0,1,0,2526.4
wso2/wso2-commons-httpclient,1338.0,958.0,1,0,928.4000000000001
wssccc/popstar_solution,100.0,72.0,1,0,78.8
wstrange/GoogleAuth,168.0,125.0,1,0,127.2
wsyssantos/BettaServer,492.0,492.0,1,0,403.6
wtaon/abc,40.0,40.0,0,0,32.0
wtsi-npg/git-pom-version,90.0,68.0,1,0,73.2
wu-sheng/sky-walking,6022.0,5635.0,1,0,4672.8
wuchubuzai/randomUsers,72.0,53.0,1,0,60.0
wuman/JReadability,110.0,69.0,1,0,81.6
wurstmeister/storm-s3,130.0,130.0,1,0,114.0
wushujames/kafka-connector-skeleton,138.0,104.0,1,0,106.80000000000001
wuziliang18/source-code-learn-dubbo,10914.0,10914.0,1,0,8741.2
wvc/CODeS-MRAP,190.0,190.0,1,0,162.0
wvrossem/FIPS-Tool,44.0,44.0,0,0,35.2
wwadge/bonecp,742.0,579.0,1,0,538.4000000000001
wwpass/jenkins-wwpass-auth,338.0,227.0,1,0,236.00000000000003
wwrrss/SE,384.0,255.0,1,0,265.6
wxingyl/es-index-db,646.0,453.0,1,0,449.6
wxingyl/search-commons,704.0,704.0,1,0,573.2
wxyyxc1992/WXWeChatToolkits,212.0,212.0,1,0,179.60000000000002
wxyyxc1992/just-coder-handbook,900.0,900.0,1,0,730.0
wyndhamjade/newrelic-java-wicket,78.0,54.0,1,0,62.800000000000004
wyndwarrior/MineCraftMini,146.0,146.0,1,0,126.80000000000001
x-stream/xstream,10736.0,6188.0,1,0,6779.6
xCP23x/RestockIt,28.0,28.0,0,0,22.400000000000002
xLeitix/jcloudscale,4744.0,4373.0,1,0,3656.8
xSAVIKx/AndroidScreencast,440.0,309.0,1,0,309.6
xSAVIKx/AndroidScreencastClient,84.0,63.0,1,0,68.80000000000001
xVacuum/qEssentialsReloaded,346.0,346.0,1,0,286.8
xafero/dynkt,242.0,172.0,1,0,175.60000000000002
xai/jdime,284.0,284.0,1,0,237.20000000000002
xakus/SeaFight,70.0,70.0,1,0,66.0
xamarin/jar2xml,36.0,36.0,0,0,28.8
xandrucea/Testimonial,116.0,116.0,1,0,102.80000000000001
xapo/java-sdk,86.0,86.0,1,0,78.8
xasos/Data-Structures-and-Algorithms,26.0,26.0,0,0,20.8
xavierbourguignon/metrics-resteasy,68.0,49.0,1,0,56.800000000000004
xavierlu/Tactical-Snail,80.0,80.0,1,0,74.0
xbacinsk/White-box_cipher_java,140.0,132.0,1,0,118.80000000000001
xbony2/Bitm,448.0,448.0,1,0,368.40000000000003
xdamsorg/xDams-core,7232.0,5310.0,1,0,5026.8
xead/XeadModeler,150.0,150.0,1,0,130.0
xebia-france/xebia-management-extras,488.0,405.0,1,0,367.20000000000005
xebia/couch-docs-maven-plugin,118.0,118.0,1,0,104.4
xebia/jackson-lombok,172.0,106.0,1,0,121.2
xebialabs/nio-overthere,286.0,188.0,1,0,199.60000000000002
xebialabs/overcast,302.0,302.0,1,0,251.60000000000002
xedin/sasi,328.0,328.0,1,0,272.40000000000003
xeger/launssh,108.0,108.0,1,0,96.4
xenoterracide/school,8.0,8.0,0,0,6.4
xeraa/morphia-demo,164.0,129.0,1,0,127.20000000000002
xetorthio/rmq,104.0,73.0,1,0,80.80000000000001
xetorthio/seek,118.0,89.0,1,0,92.80000000000001
xfcjscn/sudoor-server-lib,734.0,546.0,1,0,522.0
xfl03/QuestionReg,248.0,248.0,1,0,208.4
xhanin/rtdm-srv,374.0,221.0,1,0,248.0
xhibit/Teletask-api,2532.0,1787.0,1,0,1737.6000000000001
xiafan68/weibostack,562.0,562.0,1,0,459.6
xiangxik/java-platform,10662.0,7823.0,1,0,7404.0
xianrendzw/easyframework-data,314.0,230.0,1,0,227.60000000000002
xiaoToni/Test,138.0,127.0,1,0,116.0
xiaoerge/File-UI,126.0,120.0,1,0,108.4
xiaolongzuo/OSP-sample,114.0,104.0,1,0,97.2
xiaolongzuo/niubi-job,3018.0,2133.0,1,0,2070.4
xiaolongzuo/zxl,960.0,960.0,1,0,778.0
xiaomogui/TestTeam,32.0,32.0,0,0,25.6
xilangyan/dasein-cloud-qingcloud,242.0,242.0,1,0,203.60000000000002
xing/java-beetle,270.0,193.0,1,0,195.2
xinjin/CoVisor,2744.0,2111.0,1,0,1952.0000000000002
xionghuiCoder/eslf4j,318.0,228.0,1,0,228.4
xirong/my-backend,52.0,52.0,1,0,51.6
xiruibing/DBDocTool,68.0,68.0,1,0,64.4
xitrum-framework/scalive,46.0,46.0,0,0,36.800000000000004
xjdr/xio2,656.0,474.0,1,0,462.00000000000006
xjodoin/feed4j,208.0,152.0,1,0,154.0
xkommando/free-choice.net,1750.0,1750.0,1,0,1410.0
xm0625/BaiduPanApi-Java,66.0,66.0,1,0,62.800000000000004
xmomen/dms-webapp,4910.0,3309.0,1,0,3297.6000000000004
xoba/mra-lib,358.0,277.0,1,0,264.0
xoriantcorporation/jmxpool,136.0,98.0,1,0,103.60000000000001
xose/gwt-persona,182.0,125.0,1,0,132.8
xpandit/pentaho-solution-builder,322.0,322.0,1,0,267.6
xplenty/xplenty.jar,460.0,335.0,1,0,328.0
xpsky202/tair-client,378.0,376.0,1,0,311.6
xsonorg/xson,1226.0,763.0,1,0,805.6
xstevens/tabaqui,88.0,70.0,1,0,73.2
xsve/Translations4Rails,64.0,64.0,1,0,61.2
xthexder/filament,76.0,76.0,1,0,70.80000000000001
xtivia/xsf,328.0,294.0,1,0,258.8
xtradesoft/pdf-download-print,412.0,295.0,1,0,292.8
xtuhcy/gecco-htmlunit,108.0,76.0,1,0,83.60000000000001
xtuhcy/gecco-spring,120.0,85.0,1,0,92.0
xuender/unidecode,832.0,620.0,1,0,590.8
xushaomin/apple-jms,732.0,578.0,1,0,534.0
xushaomin/appleframework,1236.0,882.0,1,0,857.2
xusun-CMU/Twitter-Analytics-Web-Service-Project,62.0,62.0,1,0,59.6
xuxueli/xxl-hex,398.0,273.0,1,0,278.40000000000003
xuxueli/xxl-mq,242.0,242.0,1,0,203.60000000000002
xvik/generics-resolver,322.0,284.0,1,0,252.40000000000003
xvik/guice-persist-orient,2298.0,1939.0,1,0,1704.8000000000002
xvpsource/xvp,294.0,294.0,1,0,245.20000000000002
xwiki-contrib/application-forum,186.0,186.0,1,0,158.8
xxyy/commandblockerultimate,352.0,262.0,1,0,255.60000000000002
xylo/JErgometer,824.0,603.0,1,0,580.8000000000001
xylo/vaadin-numberfield,214.0,142.0,1,0,152.4
y-omura/transprog,82.0,82.0,1,0,75.60000000000001
y0sh1/ipsen1-quarto,398.0,288.0,1,0,284.40000000000003
yageek/lambert-java,46.0,46.0,0,0,36.800000000000004
yahoo/anthelion,5394.0,5039.0,1,0,4183.2
yahoo/druid-extensions,102.0,102.0,1,0,91.60000000000001
yahoo/egads,470.0,347.0,1,0,336.8
yahoo/elide,5914.0,3757.0,1,0,3878.4
yahoo/hive-funnel-udf,160.0,114.0,1,0,119.6
yahoo/xpath_proto_builder,370.0,236.0,1,0,252.4
yahoo/yamall,504.0,363.0,1,0,356.80000000000007
yahoojp-marketing/sponsored-search-api-java-samples,12642.0,8453.0,1,0,8448.0
yahya09/edoocatia,438.0,438.0,1,0,360.40000000000003
yamcs/yamcs,3554.0,3554.0,1,0,2853.2000000000003
yammer/azure-table,856.0,539.0,1,0,568.0
yammer/dropwizard-testing-integration,254.0,166.0,1,0,178.0
yammer/yammer-collections,246.0,151.0,1,0,168.8
yanaga-demos/jack-javaone,236.0,167.0,1,0,171.2
yanaga-demos/jack-qconsp,212.0,151.0,1,0,155.20000000000002
yanaga/guava-stream,148.0,94.0,1,0,106.80000000000001
yanaga/winter-data-jpa,306.0,216.0,1,0,218.8
yancykim/support,2336.0,2336.0,1,0,1878.8000000000002
yandex-qatools/matchers-java,716.0,507.0,1,0,499.20000000000005
yangboz/JPATreeDAO,1194.0,1053.0,1,0,908.8000000000001
yangsiwei880813/CS644,4162.0,4162.0,1,0,3339.6000000000004
yangwn/BaseAuthFramework,1092.0,1092.0,1,0,883.6
yannickcr/jenkins-status-badges-plugin,352.0,222.0,1,0,239.60000000000002
yanwuv4yue/TGKS_TWMS,552.0,552.0,1,0,451.6
yasu-s/fxcop-runner-plugin,310.0,199.0,1,0,213.60000000000002
yasu-s/windows-exe-runner-plugin,268.0,171.0,1,0,185.60000000000002
yatechorg/jedis-utils,726.0,490.0,1,0,496.40000000000003
yavijava/yavijava-samples,282.0,271.0,1,0,231.20000000000002
ybayk/rxjava-recipes,198.0,137.0,1,0,144.0
ychartois/JavaByExample,208.0,156.0,1,0,155.60000000000002
yciabaud/checkstyle-xml-ext,284.0,214.0,1,0,209.20000000000002
ydanila/sharpen_imazen_config,22.0,21.0,0,0,17.200000000000003
yeahlol/wercker4j,292.0,212.0,1,0,211.60000000000002
yeahwhat-mc/Karma,120.0,86.0,1,0,92.4
yeahwhat-mc/VillagerNames,78.0,58.0,1,0,64.4
yeetrack/selenium-spoon-plugin,238.0,174.0,1,0,174.8
yegor256/java-frameworks-benchmark,66.0,46.0,1,0,54.800000000000004
yegor256/rultor,2540.0,1688.0,1,0,1701.2
yegor256/s3auth,1614.0,1044.0,1,0,1073.2
yegor256/takes,2382.0,1707.0,1,0,1645.6000000000001
yegor256/xembly,522.0,377.0,1,0,369.6
yeleaveszi/Play-Videos-In-HDFS,224.0,129.0,1,0,151.20000000000002
yetisno/ACD-JAPI,340.0,242.0,1,0,242.8
yetisno/HTTPCacheServer,132.0,94.0,1,0,100.4
yeungda/yet-another-validation-library,438.0,300.0,1,0,305.20000000000005
yevster/spdxtra,314.0,233.0,1,0,228.8
yevtsy/methods-of-cryptographic-mechanisms,64.0,64.0,1,0,61.2
yezooz/jforex,168.0,158.0,1,0,140.4
yg-apaza/tiendita,210.0,153.0,1,0,155.2
yhao2014/CkoocNLP,662.0,618.0,1,0,522.0
yhemanth/hadoop-training-samples,416.0,317.0,1,0,303.20000000000005
yichen0831/Bomberman_libGdx,490.0,385.0,1,0,360.0
yidumen/web-site,354.0,354.0,1,0,293.2
yiduwangkai/dubbox-solr,604.0,604.0,1,0,493.20000000000005
yifanz/Intellij-Dust,96.0,96.0,1,0,86.80000000000001
yifzhang/storm-miclog,355.0,348.0,1,0,291.20000000000005
yingzhuo/captcha4j,1164.0,860.0,1,0,819.6
yingzhuo/logback-ext,126.0,99.0,1,0,100.0
yinzara/jasperreports-fonts-maven-plugin,156.0,116.0,1,0,118.80000000000001
yipeipei/pp-rqs,260.0,260.0,1,0,218.0
yjwong/KwicKwacKwoc,66.0,66.0,1,0,62.800000000000004
ykiprov/pan2015,4012.0,2980.0,1,0,2806.8
ykulbak/ihbase,222.0,222.0,1,0,187.60000000000002
ymakino/echowand,816.0,760.0,1,0,640.4000000000001
ymasory/ShowTree,152.0,149.0,1,0,130.4
ynd/genetic-drawing,145.0,143.0,1,0,125.2
yohira0616/aloneTwitter,1040.0,680.0,1,0,698.0
yoichiro/oauth2-server,250.0,242.0,1,0,206.8
yonadev/yona-server,1850.0,1375.0,1,0,1300.0
yongtang/hadoop-xz,142.0,98.0,1,0,106.0
yongzhidai/GameServer,202.0,202.0,1,0,171.60000000000002
yongzhidai/ToolClass,102.0,70.0,1,0,78.80000000000001
yonik/noggit,156.0,105.0,1,0,114.4
yoshaul/connect,50.0,35.0,0,0,34.0
youribonnaffe/gradle-format-plugin,194.0,153.0,1,0,148.8
ysavary/WindMobile-Server,1144.0,767.0,1,0,774.4000000000001
ysc/QuestionAnsweringSystem,860.0,618.0,1,0,601.2
ysc/jsearch,1330.0,997.0,1,0,940.8
yschua/SudokuSolver,12.0,12.0,0,0,9.600000000000001
yshavit/antlr-denter,284.0,225.0,1,0,213.60000000000002
ysl3000/WorldBorderAPI1.8-,42.0,42.0,0,0,33.6
yuanguozheng/CoderyuanApiLib,188.0,135.0,1,0,139.2
yubinbai/javatemplates,382.0,382.0,1,0,315.6
yukinoraru/ToggleInventory,68.0,68.0,1,0,64.4
yukisov/web-sindan-crawler,164.0,124.0,1,0,125.20000000000002
yukoff/concourse-connect,8828.0,8828.0,1,0,7072.400000000001
yunspace/dropwizard-xml,156.0,156.0,1,0,134.8
yurishchev/aem-dependencies,72.0,53.0,1,0,60.0
yusuke/twitter4j,4872.0,3280.0,1,0,3270.8
yuvalpinter/LiveQAServerDemo,60.0,60.0,1,0,58.0
yuxiangping/mongodb-orm,674.0,457.0,1,0,462.40000000000003
yuyf10/opendaylight-controller,14210.0,12761.0,1,0,10798.400000000001
ywzl/moblima,380.0,319.0,1,0,289.6
yyenigun/scrum-developer,694.0,459.0,1,0,471.20000000000005
yyon/grapplemod,202.0,181.0,1,0,163.20000000000002
yyqian/imagine,484.0,363.0,1,0,348.80000000000007
zDevelopers/BelovedBlocks,130.0,119.0,1,0,109.6
zack6849/AlphabotV2,108.0,108.0,1,0,96.4
zack6849/SuperLogger,66.0,66.0,1,0,62.800000000000004
zackehh/dot-notes-java,166.0,112.0,1,0,121.20000000000002
zafarkhaja/jsemver,398.0,270.0,1,0,277.20000000000005
zaidsoft/webmail,358.0,252.0,1,0,254.00000000000003
zalando-incubator/cassandra-etcd-seed-provider,138.0,100.0,1,0,105.2
zalando-incubator/put-it-to-rest,286.0,208.0,1,0,207.60000000000002
zalando-incubator/tarbela,356.0,243.0,1,0,249.60000000000002
zalando-incubator/testing-microservices,140.0,140.0,1,0,122.0
zalando-stups/fullstop,5768.0,4187.0,1,0,3992.0000000000005
zalando-stups/spring-boot-zalando-stups-tokens,362.0,262.0,1,0,259.6
zalando/riptide,416.0,307.0,1,0,299.20000000000005
zalando/spring-cloud-config-aws-kms,228.0,173.0,1,0,170.4
zalando/switchboard,352.0,259.0,1,0,254.40000000000003
zalando/tracer,922.0,652.0,1,0,639.6
zanox/mod-kinesis,404.0,235.0,1,0,265.6
zanox/rabbitordering,292.0,210.0,1,0,210.8
zanox/simplegraphiteclient,166.0,103.0,1,0,117.60000000000001
zanox/viAutomator,66.0,66.0,1,0,62.800000000000004
zayass/image-maven-plugin,206.0,124.0,1,0,142.0
zbra-solutions/android-linq,254.0,179.0,1,0,183.20000000000002
zcai/Vardoop,32.0,32.0,0,0,25.6
zdata-inc/StormSampleProject,74.0,74.0,1,0,69.2
zdila/gpx-animator,102.0,102.0,1,0,91.60000000000001
zdl0804/ZombieLogin,24.0,24.0,0,0,19.200000000000003
zeldanerd/Pikmmin_Mo-Stuff,346.0,346.0,1,0,286.8
zendesk/zendesk-jira-plugin,266.0,266.0,1,0,222.8
zenoss/zenoss-utils,214.0,162.0,1,0,160.4
zenoss/zenoss-zapp,420.0,420.0,1,0,346.0
zenoss/zenoss-zep,658.0,658.0,1,0,536.4
zenoss/zenoss.metric.consumer,520.0,429.0,1,0,389.6
zepheira/painter,82.0,61.0,1,0,67.2
zephyr/img2pdf,24.0,23.0,0,0,18.800000000000004
zer0Black/zer0MQTTServer,186.0,186.0,1,0,158.8
zeroc-ice/ice-builder-eclipse,92.0,92.0,1,0,83.60000000000001
zeromq/filemq,528.0,528.0,1,0,432.40000000000003
zeroturnaround/cluster-stats,230.0,166.0,1,0,168.4
zeroturnaround/zt-process-killer,404.0,259.0,1,0,275.20000000000005
zesch/semeval,1512.0,1512.0,1,0,1219.6000000000001
zestyping/buendiaserver,146.0,146.0,1,0,126.80000000000001
zgrossbart/HelloSpiffyL10N,2572.0,1317.0,1,0,1565.6
zgrossbart/SpiffyNavigation,1420.0,744.0,1,0,875.6
zgrossbart/javasteg,54.0,40.0,1,0,47.6
zh32/TeleportSigns,388.0,276.0,1,0,275.6
zhangclong/pathlet,1190.0,864.0,1,0,831.6
zhanggh/mtools,886.0,886.0,1,0,718.8000000000001
zhangwenzhuo/Rapid,1966.0,1966.0,1,0,1582.8000000000002
zhangyuan/simla,182.0,146.0,1,0,141.2
zhaozhiming/ceph-s3-java-client,46.0,45.0,0,0,36.400000000000006
zhaozhiming/spring4-mybatis,140.0,104.0,1,0,107.6
zheng108/exit-web-framework,1452.0,1037.0,1,0,1005.6000000000001
zhenglu1989/web-sso,614.0,604.0,1,0,497.20000000000005
zhi1ong/bms-api,136.0,135.0,1,0,118.4
zhiquanyeo/bloomfirst,40.0,40.0,0,0,32.0
zhongl/iPage,560.0,377.0,1,0,384.8
zhongl/stompize,492.0,314.0,1,0,332.40000000000003
zhou-dong/probabilistic-graphical-models,174.0,174.0,1,0,149.20000000000002
zhoufenglokki/mappingrpc,374.0,374.0,1,0,309.2
zhouhaha/ColorMOTD,98.0,98.0,1,0,88.4
zhouwubai/textfilter,156.0,119.0,1,0,120.0
zhu410289616/RHSocketServerDemo-Netty,112.0,112.0,1,0,99.60000000000001
zhuravlik/java-uia-bridge,188.0,188.0,1,0,160.4
zielu/GitToolBox,180.0,180.0,1,0,154.0
zigorsalvador/phoenix,526.0,394.0,1,0,378.0
zitmen/thunderstorm,1822.0,1822.0,1,0,1467.6000000000001
zk1931/pulsefs,308.0,226.0,1,0,223.60000000000002
zk1931/zabbenchmark,54.0,54.0,1,0,53.2
zk1931/zabkv,132.0,102.0,1,0,103.60000000000001
zkkz/OrientalExpress,1140.0,1140.0,1,0,922.0
zkoss-demo/Biglistbox-Demo,284.0,201.0,1,0,204.0
zkoss/zssessentials,910.0,601.0,1,0,614.4
zkoss/zssthemes,98.0,98.0,1,0,88.4
zlamalp/perun-wui,4304.0,2747.0,1,0,2830.4
zmlcoder/ePowerMode,52.0,52.0,1,0,51.6
znerd/lessc2java,198.0,152.0,1,0,150.0
zogwei/zeus3,2178.0,1810.0,1,0,1605.2
zoomis/HMNToolSuite,1118.0,1118.0,1,0,904.4000000000001
zooniverse/mico-text-analysis,32.0,32.0,0,0,25.6
zoopaper/concurrent-programming,596.0,421.0,1,0,416.8
zoopaper/netty-study,532.0,379.0,1,0,374.4
zouheircadi/catalog,762.0,670.0,1,0,582.8
zouzhberk/es-docsearch,244.0,188.0,1,0,182.8
zouzhberk/weapp,342.0,250.0,1,0,246.8
zqq90/webit-script,2352.0,1748.0,1,0,1650.0
zregvart/xvfb-jenkins-plugin,66.0,66.0,1,0,62.800000000000004
zsawyer/Stereoscopic3D-for-Minecraft,90.0,90.0,1,0,82.0
zstackorg/zstack,34304.0,22931.0,1,0,22904.0
zsumore/angular-rest,196.0,196.0,1,0,166.8
zulily/dropship,172.0,123.0,1,0,128.0
zvoykish/jive-sdk-java,364.0,364.0,1,0,301.2
zwollner/SnowControl,114.0,84.0,1,0,89.2
zxfjd3g/git_1015,4.0,4.0,0,0,3.2
zyclonite/nassh-relay,246.0,193.0,1,0,185.60000000000002
zygon4/htm,436.0,312.0,1,0,309.20000000000005
zylc369/AndroidManifestFix,36.0,36.0,0,0,28.8
zyuiop/FastSurvival,130.0,130.0,1,0,114.0
zznate/cassandra-stress,160.0,113.0,1,0,119.2
